ISO-10303-21;
HEADER;
/* Generated by software containing ST-Developer
 * from STEP Tools, Inc. (www.steptools.com) 
 */

FILE_DESCRIPTION(
/* description */ (''),
/* implementation_level */ '2;1');

FILE_NAME(
/* name */ 'Body86.step',
/* time_stamp */ '2026-09-03T13:29:09+01:00',
/* author */ (''),
/* organization */ (''),
/* preprocessor_version */ 'ST-DEVELOPER v20.1',
/* originating_system */ 'Autodesk Translation Framework v15.8.0.0',
/* authorisation */ '');

FILE_SCHEMA (('AUTOMOTIVE_DESIGN { 1 0 10303 214 3 1 1 }'));
ENDSEC;

DATA;
#10=MECHANICAL_DESIGN_GEOMETRIC_PRESENTATION_REPRESENTATION('',(#13,#14,
#15,#16,#17,#18,#19,#20,#21,#22,#23,#24,#25,#26,#27),#3046);
#11=SHAPE_REPRESENTATION_RELATIONSHIP('SRR','None',#3053,#12);
#12=ADVANCED_BREP_SHAPE_REPRESENTATION('',(#28,#29,#30,#31,#32,#33,#34,
#35,#36,#37,#38,#39,#40,#41,#42),#3045);
#13=STYLED_ITEM('',(#3067),#28);
#14=STYLED_ITEM('',(#3067),#29);
#15=STYLED_ITEM('',(#3067),#30);
#16=STYLED_ITEM('',(#3067),#31);
#17=STYLED_ITEM('',(#3067),#32);
#18=STYLED_ITEM('',(#3067),#33);
#19=STYLED_ITEM('',(#3067),#34);
#20=STYLED_ITEM('',(#3067),#35);
#21=STYLED_ITEM('',(#3067),#36);
#22=STYLED_ITEM('',(#3067),#37);
#23=STYLED_ITEM('',(#3067),#38);
#24=STYLED_ITEM('',(#3067),#39);
#25=STYLED_ITEM('',(#3067),#40);
#26=STYLED_ITEM('',(#3067),#41);
#27=STYLED_ITEM('',(#3067),#42);
#28=MANIFOLD_SOLID_BREP('Body86',#1778);
#29=MANIFOLD_SOLID_BREP('Body86',#1779);
#30=MANIFOLD_SOLID_BREP('Body86',#1780);
#31=MANIFOLD_SOLID_BREP('Body86',#1781);
#32=MANIFOLD_SOLID_BREP('Body86',#1782);
#33=MANIFOLD_SOLID_BREP('Body86',#1783);
#34=MANIFOLD_SOLID_BREP('Body86',#1784);
#35=MANIFOLD_SOLID_BREP('Body86',#1785);
#36=MANIFOLD_SOLID_BREP('Body86',#1786);
#37=MANIFOLD_SOLID_BREP('Body86',#1787);
#38=MANIFOLD_SOLID_BREP('Body86',#1788);
#39=MANIFOLD_SOLID_BREP('Body86',#1789);
#40=MANIFOLD_SOLID_BREP('Body86',#1790);
#41=MANIFOLD_SOLID_BREP('Body86',#1791);
#42=MANIFOLD_SOLID_BREP('Body86',#1792);
#43=CYLINDRICAL_SURFACE('',#1818,0.300000004470348);
#44=CYLINDRICAL_SURFACE('',#1820,0.300000004470348);
#45=CYLINDRICAL_SURFACE('',#1822,0.300000004470348);
#46=CYLINDRICAL_SURFACE('',#1824,0.300000004470348);
#47=CYLINDRICAL_SURFACE('',#1832,0.300000004470348);
#48=CYLINDRICAL_SURFACE('',#1834,0.300000004470348);
#49=CYLINDRICAL_SURFACE('',#1836,0.300000004470348);
#50=CYLINDRICAL_SURFACE('',#1839,0.24999999999967);
#51=CYLINDRICAL_SURFACE('',#1842,0.500000007450581);
#52=CYLINDRICAL_SURFACE('',#1847,0.250000026077033);
#53=CYLINDRICAL_SURFACE('',#1850,0.300000004470348);
#54=CYLINDRICAL_SURFACE('',#1860,0.250000093132257);
#55=CYLINDRICAL_SURFACE('',#1863,0.250000093132257);
#56=CYLINDRICAL_SURFACE('',#1866,0.300000004470348);
#57=CYLINDRICAL_SURFACE('',#1868,0.300000004470348);
#58=CYLINDRICAL_SURFACE('',#1874,0.300000004470348);
#59=CYLINDRICAL_SURFACE('',#1876,0.300000004470348);
#60=CYLINDRICAL_SURFACE('',#1882,0.300000004470348);
#61=CYLINDRICAL_SURFACE('',#1884,0.300000004470348);
#62=CYLINDRICAL_SURFACE('',#1890,0.300000004470348);
#63=CYLINDRICAL_SURFACE('',#1892,0.300000004470348);
#64=CYLINDRICAL_SURFACE('',#1906,0.300000004470348);
#65=CYLINDRICAL_SURFACE('',#1908,0.250000055879354);
#66=CYLINDRICAL_SURFACE('',#1911,0.300000004470348);
#67=CYLINDRICAL_SURFACE('',#1920,0.250000093132257);
#68=CYLINDRICAL_SURFACE('',#1923,0.300000004470348);
#69=CYLINDRICAL_SURFACE('',#1926,0.300000004470348);
#70=CYLINDRICAL_SURFACE('',#1928,0.250000093132257);
#71=CYLINDRICAL_SURFACE('',#1936,0.300000004470348);
#72=CYLINDRICAL_SURFACE('',#1938,0.250000055879354);
#73=CYLINDRICAL_SURFACE('',#1941,0.300000004470348);
#74=CYLINDRICAL_SURFACE('',#1947,0.300000004470348);
#75=CYLINDRICAL_SURFACE('',#1949,0.300000004470348);
#76=CYLINDRICAL_SURFACE('',#1955,0.250000055879354);
#77=CYLINDRICAL_SURFACE('',#1958,0.250000055879354);
#78=CYLINDRICAL_SURFACE('',#1972,0.250000055879354);
#79=CYLINDRICAL_SURFACE('',#1974,0.250000055879354);
#80=FACE_OUTER_BOUND('',#191,.T.);
#81=FACE_OUTER_BOUND('',#192,.T.);
#82=FACE_OUTER_BOUND('',#193,.T.);
#83=FACE_OUTER_BOUND('',#194,.T.);
#84=FACE_OUTER_BOUND('',#195,.T.);
#85=FACE_OUTER_BOUND('',#196,.T.);
#86=FACE_OUTER_BOUND('',#197,.T.);
#87=FACE_OUTER_BOUND('',#198,.T.);
#88=FACE_OUTER_BOUND('',#199,.T.);
#89=FACE_OUTER_BOUND('',#200,.T.);
#90=FACE_OUTER_BOUND('',#201,.T.);
#91=FACE_OUTER_BOUND('',#202,.T.);
#92=FACE_OUTER_BOUND('',#203,.T.);
#93=FACE_OUTER_BOUND('',#204,.T.);
#94=FACE_OUTER_BOUND('',#205,.T.);
#95=FACE_OUTER_BOUND('',#206,.T.);
#96=FACE_OUTER_BOUND('',#207,.T.);
#97=FACE_OUTER_BOUND('',#208,.T.);
#98=FACE_OUTER_BOUND('',#209,.T.);
#99=FACE_OUTER_BOUND('',#210,.T.);
#100=FACE_OUTER_BOUND('',#211,.T.);
#101=FACE_OUTER_BOUND('',#212,.T.);
#102=FACE_OUTER_BOUND('',#213,.T.);
#103=FACE_OUTER_BOUND('',#214,.T.);
#104=FACE_OUTER_BOUND('',#215,.T.);
#105=FACE_OUTER_BOUND('',#216,.T.);
#106=FACE_OUTER_BOUND('',#217,.T.);
#107=FACE_OUTER_BOUND('',#218,.T.);
#108=FACE_OUTER_BOUND('',#219,.T.);
#109=FACE_OUTER_BOUND('',#220,.T.);
#110=FACE_OUTER_BOUND('',#221,.T.);
#111=FACE_OUTER_BOUND('',#222,.T.);
#112=FACE_OUTER_BOUND('',#223,.T.);
#113=FACE_OUTER_BOUND('',#224,.T.);
#114=FACE_OUTER_BOUND('',#225,.T.);
#115=FACE_OUTER_BOUND('',#226,.T.);
#116=FACE_OUTER_BOUND('',#227,.T.);
#117=FACE_OUTER_BOUND('',#228,.T.);
#118=FACE_OUTER_BOUND('',#229,.T.);
#119=FACE_OUTER_BOUND('',#230,.T.);
#120=FACE_OUTER_BOUND('',#231,.T.);
#121=FACE_OUTER_BOUND('',#232,.T.);
#122=FACE_OUTER_BOUND('',#233,.T.);
#123=FACE_OUTER_BOUND('',#234,.T.);
#124=FACE_OUTER_BOUND('',#235,.T.);
#125=FACE_OUTER_BOUND('',#236,.T.);
#126=FACE_OUTER_BOUND('',#237,.T.);
#127=FACE_OUTER_BOUND('',#238,.T.);
#128=FACE_OUTER_BOUND('',#239,.T.);
#129=FACE_OUTER_BOUND('',#240,.T.);
#130=FACE_OUTER_BOUND('',#241,.T.);
#131=FACE_OUTER_BOUND('',#242,.T.);
#132=FACE_OUTER_BOUND('',#243,.T.);
#133=FACE_OUTER_BOUND('',#244,.T.);
#134=FACE_OUTER_BOUND('',#245,.T.);
#135=FACE_OUTER_BOUND('',#246,.T.);
#136=FACE_OUTER_BOUND('',#247,.T.);
#137=FACE_OUTER_BOUND('',#248,.T.);
#138=FACE_OUTER_BOUND('',#249,.T.);
#139=FACE_OUTER_BOUND('',#250,.T.);
#140=FACE_OUTER_BOUND('',#251,.T.);
#141=FACE_OUTER_BOUND('',#252,.T.);
#142=FACE_OUTER_BOUND('',#253,.T.);
#143=FACE_OUTER_BOUND('',#254,.T.);
#144=FACE_OUTER_BOUND('',#255,.T.);
#145=FACE_OUTER_BOUND('',#256,.T.);
#146=FACE_OUTER_BOUND('',#257,.T.);
#147=FACE_OUTER_BOUND('',#258,.T.);
#148=FACE_OUTER_BOUND('',#259,.T.);
#149=FACE_OUTER_BOUND('',#260,.T.);
#150=FACE_OUTER_BOUND('',#261,.T.);
#151=FACE_OUTER_BOUND('',#262,.T.);
#152=FACE_OUTER_BOUND('',#263,.T.);
#153=FACE_OUTER_BOUND('',#264,.T.);
#154=FACE_OUTER_BOUND('',#265,.T.);
#155=FACE_OUTER_BOUND('',#266,.T.);
#156=FACE_OUTER_BOUND('',#267,.T.);
#157=FACE_OUTER_BOUND('',#268,.T.);
#158=FACE_OUTER_BOUND('',#269,.T.);
#159=FACE_OUTER_BOUND('',#270,.T.);
#160=FACE_OUTER_BOUND('',#271,.T.);
#161=FACE_OUTER_BOUND('',#272,.T.);
#162=FACE_OUTER_BOUND('',#273,.T.);
#163=FACE_OUTER_BOUND('',#274,.T.);
#164=FACE_OUTER_BOUND('',#275,.T.);
#165=FACE_OUTER_BOUND('',#276,.T.);
#166=FACE_OUTER_BOUND('',#277,.T.);
#167=FACE_OUTER_BOUND('',#278,.T.);
#168=FACE_OUTER_BOUND('',#279,.T.);
#169=FACE_OUTER_BOUND('',#280,.T.);
#170=FACE_OUTER_BOUND('',#281,.T.);
#171=FACE_OUTER_BOUND('',#282,.T.);
#172=FACE_OUTER_BOUND('',#283,.T.);
#173=FACE_OUTER_BOUND('',#284,.T.);
#174=FACE_OUTER_BOUND('',#285,.T.);
#175=FACE_OUTER_BOUND('',#286,.T.);
#176=FACE_OUTER_BOUND('',#287,.T.);
#177=FACE_OUTER_BOUND('',#288,.T.);
#178=FACE_OUTER_BOUND('',#289,.T.);
#179=FACE_OUTER_BOUND('',#290,.T.);
#180=FACE_OUTER_BOUND('',#291,.T.);
#181=FACE_OUTER_BOUND('',#292,.T.);
#182=FACE_OUTER_BOUND('',#293,.T.);
#183=FACE_OUTER_BOUND('',#294,.T.);
#184=FACE_OUTER_BOUND('',#295,.T.);
#185=FACE_OUTER_BOUND('',#296,.T.);
#186=FACE_OUTER_BOUND('',#297,.T.);
#187=FACE_OUTER_BOUND('',#298,.T.);
#188=FACE_OUTER_BOUND('',#299,.T.);
#189=FACE_OUTER_BOUND('',#300,.T.);
#190=FACE_OUTER_BOUND('',#301,.T.);
#191=EDGE_LOOP('',(#1111,#1112,#1113,#1114,#1115));
#192=EDGE_LOOP('',(#1116,#1117,#1118,#1119,#1120));
#193=EDGE_LOOP('',(#1121,#1122,#1123,#1124,#1125));
#194=EDGE_LOOP('',(#1126,#1127,#1128,#1129,#1130));
#195=EDGE_LOOP('',(#1131,#1132,#1133,#1134));
#196=EDGE_LOOP('',(#1135,#1136,#1137,#1138));
#197=EDGE_LOOP('',(#1139,#1140,#1141,#1142));
#198=EDGE_LOOP('',(#1143,#1144,#1145,#1146));
#199=EDGE_LOOP('',(#1147,#1148,#1149,#1150));
#200=EDGE_LOOP('',(#1151,#1152,#1153,#1154));
#201=EDGE_LOOP('',(#1155,#1156,#1157,#1158,#1159,#1160,#1161,#1162,#1163,
#1164,#1165,#1166));
#202=EDGE_LOOP('',(#1167,#1168,#1169,#1170));
#203=EDGE_LOOP('',(#1171,#1172,#1173,#1174));
#204=EDGE_LOOP('',(#1175,#1176,#1177,#1178));
#205=EDGE_LOOP('',(#1179,#1180,#1181,#1182));
#206=EDGE_LOOP('',(#1183,#1184,#1185,#1186));
#207=EDGE_LOOP('',(#1187,#1188,#1189,#1190));
#208=EDGE_LOOP('',(#1191,#1192,#1193,#1194,#1195,#1196,#1197,#1198));
#209=EDGE_LOOP('',(#1199,#1200,#1201,#1202));
#210=EDGE_LOOP('',(#1203,#1204,#1205,#1206));
#211=EDGE_LOOP('',(#1207,#1208,#1209,#1210));
#212=EDGE_LOOP('',(#1211,#1212,#1213,#1214));
#213=EDGE_LOOP('',(#1215,#1216,#1217,#1218,#1219,#1220));
#214=EDGE_LOOP('',(#1221,#1222,#1223,#1224));
#215=EDGE_LOOP('',(#1225,#1226,#1227,#1228));
#216=EDGE_LOOP('',(#1229,#1230,#1231,#1232,#1233,#1234,#1235,#1236,#1237,
#1238,#1239,#1240,#1241,#1242));
#217=EDGE_LOOP('',(#1243,#1244,#1245,#1246,#1247,#1248,#1249,#1250,#1251,
#1252,#1253,#1254,#1255,#1256));
#218=EDGE_LOOP('',(#1257,#1258,#1259,#1260,#1261,#1262));
#219=EDGE_LOOP('',(#1263,#1264,#1265,#1266));
#220=EDGE_LOOP('',(#1267,#1268,#1269,#1270));
#221=EDGE_LOOP('',(#1271,#1272,#1273,#1274));
#222=EDGE_LOOP('',(#1275,#1276,#1277,#1278));
#223=EDGE_LOOP('',(#1279,#1280,#1281,#1282));
#224=EDGE_LOOP('',(#1283,#1284,#1285,#1286));
#225=EDGE_LOOP('',(#1287,#1288,#1289,#1290,#1291,#1292));
#226=EDGE_LOOP('',(#1293,#1294));
#227=EDGE_LOOP('',(#1295,#1296,#1297,#1298));
#228=EDGE_LOOP('',(#1299,#1300,#1301,#1302));
#229=EDGE_LOOP('',(#1303,#1304));
#230=EDGE_LOOP('',(#1305,#1306));
#231=EDGE_LOOP('',(#1307,#1308,#1309,#1310));
#232=EDGE_LOOP('',(#1311,#1312,#1313,#1314));
#233=EDGE_LOOP('',(#1315,#1316));
#234=EDGE_LOOP('',(#1317,#1318));
#235=EDGE_LOOP('',(#1319,#1320,#1321,#1322));
#236=EDGE_LOOP('',(#1323,#1324,#1325,#1326));
#237=EDGE_LOOP('',(#1327,#1328));
#238=EDGE_LOOP('',(#1329,#1330,#1331,#1332,#1333));
#239=EDGE_LOOP('',(#1334,#1335,#1336,#1337));
#240=EDGE_LOOP('',(#1338,#1339,#1340,#1341));
#241=EDGE_LOOP('',(#1342,#1343,#1344,#1345));
#242=EDGE_LOOP('',(#1346,#1347,#1348,#1349));
#243=EDGE_LOOP('',(#1350,#1351,#1352,#1353));
#244=EDGE_LOOP('',(#1354,#1355,#1356,#1357,#1358));
#245=EDGE_LOOP('',(#1359,#1360,#1361,#1362,#1363));
#246=EDGE_LOOP('',(#1364,#1365,#1366,#1367));
#247=EDGE_LOOP('',(#1368,#1369,#1370,#1371));
#248=EDGE_LOOP('',(#1372,#1373,#1374,#1375));
#249=EDGE_LOOP('',(#1376,#1377,#1378,#1379));
#250=EDGE_LOOP('',(#1380,#1381,#1382,#1383));
#251=EDGE_LOOP('',(#1384,#1385,#1386,#1387,#1388));
#252=EDGE_LOOP('',(#1389,#1390,#1391,#1392,#1393,#1394));
#253=EDGE_LOOP('',(#1395,#1396,#1397,#1398));
#254=EDGE_LOOP('',(#1399,#1400,#1401,#1402));
#255=EDGE_LOOP('',(#1403,#1404,#1405,#1406));
#256=EDGE_LOOP('',(#1407,#1408,#1409,#1410));
#257=EDGE_LOOP('',(#1411,#1412,#1413,#1414));
#258=EDGE_LOOP('',(#1415,#1416,#1417,#1418));
#259=EDGE_LOOP('',(#1419,#1420,#1421,#1422,#1423,#1424));
#260=EDGE_LOOP('',(#1425,#1426,#1427,#1428,#1429));
#261=EDGE_LOOP('',(#1430,#1431,#1432,#1433));
#262=EDGE_LOOP('',(#1434,#1435,#1436,#1437));
#263=EDGE_LOOP('',(#1438,#1439,#1440,#1441));
#264=EDGE_LOOP('',(#1442,#1443,#1444,#1445));
#265=EDGE_LOOP('',(#1446,#1447,#1448,#1449));
#266=EDGE_LOOP('',(#1450,#1451,#1452,#1453,#1454));
#267=EDGE_LOOP('',(#1455,#1456));
#268=EDGE_LOOP('',(#1457,#1458,#1459,#1460));
#269=EDGE_LOOP('',(#1461,#1462,#1463,#1464));
#270=EDGE_LOOP('',(#1465,#1466));
#271=EDGE_LOOP('',(#1467,#1468,#1469));
#272=EDGE_LOOP('',(#1470,#1471,#1472,#1473));
#273=EDGE_LOOP('',(#1474,#1475,#1476,#1477));
#274=EDGE_LOOP('',(#1478,#1479,#1480,#1481));
#275=EDGE_LOOP('',(#1482,#1483,#1484));
#276=EDGE_LOOP('',(#1485,#1486,#1487,#1488,#1489));
#277=EDGE_LOOP('',(#1490,#1491,#1492,#1493));
#278=EDGE_LOOP('',(#1494,#1495,#1496,#1497));
#279=EDGE_LOOP('',(#1498,#1499,#1500,#1501));
#280=EDGE_LOOP('',(#1502,#1503,#1504,#1505));
#281=EDGE_LOOP('',(#1506,#1507,#1508,#1509));
#282=EDGE_LOOP('',(#1510,#1511,#1512,#1513,#1514));
#283=EDGE_LOOP('',(#1515,#1516,#1517));
#284=EDGE_LOOP('',(#1518,#1519,#1520,#1521));
#285=EDGE_LOOP('',(#1522,#1523,#1524,#1525));
#286=EDGE_LOOP('',(#1526,#1527,#1528,#1529));
#287=EDGE_LOOP('',(#1530,#1531,#1532));
#288=EDGE_LOOP('',(#1533,#1534,#1535,#1536,#1537));
#289=EDGE_LOOP('',(#1538,#1539,#1540,#1541));
#290=EDGE_LOOP('',(#1542,#1543,#1544,#1545));
#291=EDGE_LOOP('',(#1546,#1547,#1548,#1549));
#292=EDGE_LOOP('',(#1550,#1551,#1552,#1553));
#293=EDGE_LOOP('',(#1554,#1555,#1556,#1557));
#294=EDGE_LOOP('',(#1558,#1559,#1560,#1561,#1562));
#295=EDGE_LOOP('',(#1563,#1564,#1565,#1566,#1567));
#296=EDGE_LOOP('',(#1568,#1569,#1570,#1571));
#297=EDGE_LOOP('',(#1572,#1573,#1574,#1575));
#298=EDGE_LOOP('',(#1576,#1577,#1578,#1579));
#299=EDGE_LOOP('',(#1580,#1581,#1582,#1583));
#300=EDGE_LOOP('',(#1584,#1585,#1586,#1587));
#301=EDGE_LOOP('',(#1588,#1589,#1590,#1591,#1592));
#302=LINE('',#2536,#469);
#303=LINE('',#2538,#470);
#304=LINE('',#2540,#471);
#305=LINE('',#2545,#472);
#306=LINE('',#2551,#473);
#307=LINE('',#2552,#474);
#308=LINE('',#2560,#475);
#309=LINE('',#2562,#476);
#310=LINE('',#2563,#477);
#311=LINE('',#2567,#478);
#312=LINE('',#2569,#479);
#313=LINE('',#2571,#480);
#314=LINE('',#2577,#481);
#315=LINE('',#2580,#482);
#316=LINE('',#2583,#483);
#317=LINE('',#2586,#484);
#318=LINE('',#2590,#485);
#319=LINE('',#2593,#486);
#320=LINE('',#2597,#487);
#321=LINE('',#2598,#488);
#322=LINE('',#2601,#489);
#323=LINE('',#2602,#490);
#324=LINE('',#2605,#491);
#325=LINE('',#2606,#492);
#326=LINE('',#2607,#493);
#327=LINE('',#2609,#494);
#328=LINE('',#2610,#495);
#329=LINE('',#2611,#496);
#330=LINE('',#2614,#497);
#331=LINE('',#2616,#498);
#332=LINE('',#2617,#499);
#333=LINE('',#2620,#500);
#334=LINE('',#2622,#501);
#335=LINE('',#2623,#502);
#336=LINE('',#2626,#503);
#337=LINE('',#2627,#504);
#338=LINE('',#2630,#505);
#339=LINE('',#2635,#506);
#340=LINE('',#2640,#507);
#341=LINE('',#2642,#508);
#342=LINE('',#2643,#509);
#343=LINE('',#2649,#510);
#344=LINE('',#2655,#511);
#345=LINE('',#2658,#512);
#346=LINE('',#2660,#513);
#347=LINE('',#2661,#514);
#348=LINE('',#2664,#515);
#349=LINE('',#2666,#516);
#350=LINE('',#2667,#517);
#351=LINE('',#2674,#518);
#352=LINE('',#2676,#519);
#353=LINE('',#2686,#520);
#354=LINE('',#2691,#521);
#355=LINE('',#2694,#522);
#356=LINE('',#2697,#523);
#357=LINE('',#2700,#524);
#358=LINE('',#2701,#525);
#359=LINE('',#2704,#526);
#360=LINE('',#2708,#527);
#361=LINE('',#2709,#528);
#362=LINE('',#2713,#529);
#363=LINE('',#2726,#530);
#364=LINE('',#2727,#531);
#365=LINE('',#2738,#532);
#366=LINE('',#2741,#533);
#367=LINE('',#2754,#534);
#368=LINE('',#2755,#535);
#369=LINE('',#2762,#536);
#370=LINE('',#2764,#537);
#371=LINE('',#2766,#538);
#372=LINE('',#2768,#539);
#373=LINE('',#2769,#540);
#374=LINE('',#2772,#541);
#375=LINE('',#2774,#542);
#376=LINE('',#2775,#543);
#377=LINE('',#2778,#544);
#378=LINE('',#2779,#545);
#379=LINE('',#2782,#546);
#380=LINE('',#2783,#547);
#381=LINE('',#2786,#548);
#382=LINE('',#2787,#549);
#383=LINE('',#2789,#550);
#384=LINE('',#2798,#551);
#385=LINE('',#2801,#552);
#386=LINE('',#2806,#553);
#387=LINE('',#2807,#554);
#388=LINE('',#2812,#555);
#389=LINE('',#2813,#556);
#390=LINE('',#2816,#557);
#391=LINE('',#2817,#558);
#392=LINE('',#2821,#559);
#393=LINE('',#2828,#560);
#394=LINE('',#2834,#561);
#395=LINE('',#2838,#562);
#396=LINE('',#2841,#563);
#397=LINE('',#2844,#564);
#398=LINE('',#2845,#565);
#399=LINE('',#2848,#566);
#400=LINE('',#2852,#567);
#401=LINE('',#2854,#568);
#402=LINE('',#2855,#569);
#403=LINE('',#2866,#570);
#404=LINE('',#2870,#571);
#405=LINE('',#2875,#572);
#406=LINE('',#2876,#573);
#407=LINE('',#2877,#574);
#408=LINE('',#2881,#575);
#409=LINE('',#2885,#576);
#410=LINE('',#2888,#577);
#411=LINE('',#2889,#578);
#412=LINE('',#2900,#579);
#413=LINE('',#2903,#580);
#414=LINE('',#2913,#581);
#415=LINE('',#2918,#582);
#416=LINE('',#2919,#583);
#417=LINE('',#2922,#584);
#418=LINE('',#2923,#585);
#419=LINE('',#2930,#586);
#420=LINE('',#2932,#587);
#421=LINE('',#2934,#588);
#422=LINE('',#2936,#589);
#423=LINE('',#2937,#590);
#424=LINE('',#2940,#591);
#425=LINE('',#2942,#592);
#426=LINE('',#2943,#593);
#427=LINE('',#2946,#594);
#428=LINE('',#2947,#595);
#429=LINE('',#2950,#596);
#430=LINE('',#2951,#597);
#431=LINE('',#2954,#598);
#432=LINE('',#2955,#599);
#433=LINE('',#2957,#600);
#434=LINE('',#2964,#601);
#435=LINE('',#2969,#602);
#436=LINE('',#2970,#603);
#437=LINE('',#2971,#604);
#438=LINE('',#2975,#605);
#439=LINE('',#2982,#606);
#440=LINE('',#2984,#607);
#441=LINE('',#2986,#608);
#442=LINE('',#2988,#609);
#443=LINE('',#2989,#610);
#444=LINE('',#2992,#611);
#445=LINE('',#2994,#612);
#446=LINE('',#2995,#613);
#447=LINE('',#2998,#614);
#448=LINE('',#2999,#615);
#449=LINE('',#3002,#616);
#450=LINE('',#3004,#617);
#451=LINE('',#3005,#618);
#452=LINE('',#3007,#619);
#453=LINE('',#3009,#620);
#454=LINE('',#3014,#621);
#455=LINE('',#3016,#622);
#456=LINE('',#3018,#623);
#457=LINE('',#3020,#624);
#458=LINE('',#3021,#625);
#459=LINE('',#3025,#626);
#460=LINE('',#3026,#627);
#461=LINE('',#3027,#628);
#462=LINE('',#3030,#629);
#463=LINE('',#3031,#630);
#464=LINE('',#3034,#631);
#465=LINE('',#3035,#632);
#466=LINE('',#3038,#633);
#467=LINE('',#3039,#634);
#468=LINE('',#3041,#635);
#469=VECTOR('',#1997,1.);
#470=VECTOR('',#1998,1.);
#471=VECTOR('',#1999,1.);
#472=VECTOR('',#2004,1.);
#473=VECTOR('',#2009,1.);
#474=VECTOR('',#2010,1.);
#475=VECTOR('',#2017,1.);
#476=VECTOR('',#2018,1.);
#477=VECTOR('',#2019,1.);
#478=VECTOR('',#2022,1.);
#479=VECTOR('',#2023,1.);
#480=VECTOR('',#2024,1.);
#481=VECTOR('',#2031,1.);
#482=VECTOR('',#2034,1.);
#483=VECTOR('',#2037,1.);
#484=VECTOR('',#2040,1.);
#485=VECTOR('',#2045,1.);
#486=VECTOR('',#2048,1.);
#487=VECTOR('',#2053,1.);
#488=VECTOR('',#2054,1.);
#489=VECTOR('',#2057,1.);
#490=VECTOR('',#2058,1.);
#491=VECTOR('',#2061,1.);
#492=VECTOR('',#2062,1.);
#493=VECTOR('',#2063,1.);
#494=VECTOR('',#2064,1.);
#495=VECTOR('',#2065,1.);
#496=VECTOR('',#2066,1.);
#497=VECTOR('',#2069,1.);
#498=VECTOR('',#2070,1.);
#499=VECTOR('',#2071,1.);
#500=VECTOR('',#2074,1.);
#501=VECTOR('',#2075,1.);
#502=VECTOR('',#2076,1.);
#503=VECTOR('',#2079,1.);
#504=VECTOR('',#2080,1.);
#505=VECTOR('',#2083,1.);
#506=VECTOR('',#2090,1.);
#507=VECTOR('',#2097,1.);
#508=VECTOR('',#2098,1.);
#509=VECTOR('',#2099,1.);
#510=VECTOR('',#2106,1.);
#511=VECTOR('',#2113,1.);
#512=VECTOR('',#2116,1.);
#513=VECTOR('',#2117,1.);
#514=VECTOR('',#2118,1.);
#515=VECTOR('',#2121,1.);
#516=VECTOR('',#2122,1.);
#517=VECTOR('',#2123,1.);
#518=VECTOR('',#2134,1.);
#519=VECTOR('',#2137,1.);
#520=VECTOR('',#2148,1.);
#521=VECTOR('',#2153,1.);
#522=VECTOR('',#2156,1.);
#523=VECTOR('',#2159,1.);
#524=VECTOR('',#2162,1.);
#525=VECTOR('',#2163,1.);
#526=VECTOR('',#2166,1.);
#527=VECTOR('',#2171,1.);
#528=VECTOR('',#2172,1.);
#529=VECTOR('',#2177,1.);
#530=VECTOR('',#2194,1.);
#531=VECTOR('',#2195,1.);
#532=VECTOR('',#2210,1.);
#533=VECTOR('',#2213,1.);
#534=VECTOR('',#2230,1.);
#535=VECTOR('',#2231,1.);
#536=VECTOR('',#2240,1.);
#537=VECTOR('',#2241,1.);
#538=VECTOR('',#2242,1.);
#539=VECTOR('',#2243,1.);
#540=VECTOR('',#2244,1.);
#541=VECTOR('',#2247,1.);
#542=VECTOR('',#2248,1.);
#543=VECTOR('',#2249,1.);
#544=VECTOR('',#2252,1.);
#545=VECTOR('',#2253,1.);
#546=VECTOR('',#2256,1.);
#547=VECTOR('',#2257,1.);
#548=VECTOR('',#2260,1.);
#549=VECTOR('',#2261,1.);
#550=VECTOR('',#2264,1.);
#551=VECTOR('',#2273,1.);
#552=VECTOR('',#2276,1.);
#553=VECTOR('',#2281,1.);
#554=VECTOR('',#2282,1.);
#555=VECTOR('',#2287,1.);
#556=VECTOR('',#2288,1.);
#557=VECTOR('',#2291,1.);
#558=VECTOR('',#2292,1.);
#559=VECTOR('',#2299,1.);
#560=VECTOR('',#2306,1.);
#561=VECTOR('',#2311,1.);
#562=VECTOR('',#2316,1.);
#563=VECTOR('',#2319,1.);
#564=VECTOR('',#2322,1.);
#565=VECTOR('',#2323,1.);
#566=VECTOR('',#2326,1.);
#567=VECTOR('',#2331,1.);
#568=VECTOR('',#2332,1.);
#569=VECTOR('',#2333,1.);
#570=VECTOR('',#2348,1.);
#571=VECTOR('',#2351,1.);
#572=VECTOR('',#2356,1.);
#573=VECTOR('',#2357,1.);
#574=VECTOR('',#2358,1.);
#575=VECTOR('',#2363,1.);
#576=VECTOR('',#2368,1.);
#577=VECTOR('',#2371,1.);
#578=VECTOR('',#2372,1.);
#579=VECTOR('',#2387,1.);
#580=VECTOR('',#2390,1.);
#581=VECTOR('',#2403,1.);
#582=VECTOR('',#2408,1.);
#583=VECTOR('',#2409,1.);
#584=VECTOR('',#2412,1.);
#585=VECTOR('',#2413,1.);
#586=VECTOR('',#2422,1.);
#587=VECTOR('',#2423,1.);
#588=VECTOR('',#2424,1.);
#589=VECTOR('',#2425,1.);
#590=VECTOR('',#2426,1.);
#591=VECTOR('',#2429,1.);
#592=VECTOR('',#2430,1.);
#593=VECTOR('',#2431,1.);
#594=VECTOR('',#2434,1.);
#595=VECTOR('',#2435,1.);
#596=VECTOR('',#2438,1.);
#597=VECTOR('',#2439,1.);
#598=VECTOR('',#2442,1.);
#599=VECTOR('',#2443,1.);
#600=VECTOR('',#2446,1.);
#601=VECTOR('',#2453,1.);
#602=VECTOR('',#2458,1.);
#603=VECTOR('',#2459,1.);
#604=VECTOR('',#2460,1.);
#605=VECTOR('',#2465,1.);
#606=VECTOR('',#2474,1.);
#607=VECTOR('',#2475,1.);
#608=VECTOR('',#2476,1.);
#609=VECTOR('',#2477,1.);
#610=VECTOR('',#2478,1.);
#611=VECTOR('',#2481,1.);
#612=VECTOR('',#2482,1.);
#613=VECTOR('',#2483,1.);
#614=VECTOR('',#2486,1.);
#615=VECTOR('',#2487,1.);
#616=VECTOR('',#2490,1.);
#617=VECTOR('',#2491,1.);
#618=VECTOR('',#2492,1.);
#619=VECTOR('',#2495,1.);
#620=VECTOR('',#2498,1.);
#621=VECTOR('',#2503,1.);
#622=VECTOR('',#2504,1.);
#623=VECTOR('',#2505,1.);
#624=VECTOR('',#2506,1.);
#625=VECTOR('',#2507,1.);
#626=VECTOR('',#2510,1.);
#627=VECTOR('',#2511,1.);
#628=VECTOR('',#2512,1.);
#629=VECTOR('',#2515,1.);
#630=VECTOR('',#2516,1.);
#631=VECTOR('',#2519,1.);
#632=VECTOR('',#2520,1.);
#633=VECTOR('',#2523,1.);
#634=VECTOR('',#2524,1.);
#635=VECTOR('',#2527,1.);
#636=CIRCLE('',#1807,0.300000004470348);
#637=CIRCLE('',#1808,0.300000004470348);
#638=CIRCLE('',#1810,0.300000004470348);
#639=CIRCLE('',#1811,0.300000004470348);
#640=CIRCLE('',#1813,0.300000004470348);
#641=CIRCLE('',#1814,0.300000004470348);
#642=CIRCLE('',#1816,0.300000004470348);
#643=CIRCLE('',#1817,0.300000004470348);
#644=CIRCLE('',#1819,0.300000004470348);
#645=CIRCLE('',#1821,0.300000004470348);
#646=CIRCLE('',#1823,0.300000004470348);
#647=CIRCLE('',#1825,0.300000004470348);
#648=CIRCLE('',#1833,0.300000004470348);
#649=CIRCLE('',#1835,0.300000004470348);
#650=CIRCLE('',#1837,0.300000004470348);
#651=CIRCLE('',#1840,0.24999999999967);
#652=CIRCLE('',#1841,0.24999999999967);
#653=CIRCLE('',#1843,0.500000007450581);
#654=CIRCLE('',#1844,0.500000007450581);
#655=CIRCLE('',#1848,0.250000026077033);
#656=CIRCLE('',#1849,0.250000026077033);
#657=CIRCLE('',#1851,0.300000004470348);
#658=CIRCLE('',#1856,0.250000093132257);
#659=CIRCLE('',#1857,0.250000093132257);
#660=CIRCLE('',#1858,0.300000004470348);
#661=CIRCLE('',#1859,0.300000004470348);
#662=CIRCLE('',#1861,0.250000093132257);
#663=CIRCLE('',#1864,0.250000093132257);
#664=CIRCLE('',#1867,0.300000004470348);
#665=CIRCLE('',#1869,0.300000004470348);
#666=CIRCLE('',#1872,0.300000004470348);
#667=CIRCLE('',#1873,0.300000004470348);
#668=CIRCLE('',#1875,0.300000004470348);
#669=CIRCLE('',#1877,0.300000004470348);
#670=CIRCLE('',#1880,0.300000004470348);
#671=CIRCLE('',#1881,0.300000004470348);
#672=CIRCLE('',#1883,0.300000004470348);
#673=CIRCLE('',#1885,0.300000004470348);
#674=CIRCLE('',#1888,0.300000004470348);
#675=CIRCLE('',#1889,0.300000004470348);
#676=CIRCLE('',#1891,0.300000004470348);
#677=CIRCLE('',#1893,0.300000004470348);
#678=CIRCLE('',#1903,0.300000004470348);
#679=CIRCLE('',#1904,0.300000004470348);
#680=CIRCLE('',#1905,0.250000055879354);
#681=CIRCLE('',#1907,0.300000004470348);
#682=CIRCLE('',#1909,0.250000055879354);
#683=CIRCLE('',#1912,0.300000004470348);
#684=CIRCLE('',#1916,0.250000093132257);
#685=CIRCLE('',#1917,0.300000004470348);
#686=CIRCLE('',#1918,0.300000004470348);
#687=CIRCLE('',#1919,0.250000093132257);
#688=CIRCLE('',#1921,0.250000093132257);
#689=CIRCLE('',#1924,0.300000004470348);
#690=CIRCLE('',#1927,0.300000004470348);
#691=CIRCLE('',#1929,0.250000093132257);
#692=CIRCLE('',#1932,0.300000004470348);
#693=CIRCLE('',#1933,0.250000055879354);
#694=CIRCLE('',#1934,0.300000004470348);
#695=CIRCLE('',#1937,0.300000004470348);
#696=CIRCLE('',#1939,0.250000055879354);
#697=CIRCLE('',#1942,0.300000004470348);
#698=CIRCLE('',#1945,0.300000004470348);
#699=CIRCLE('',#1946,0.300000004470348);
#700=CIRCLE('',#1948,0.300000004470348);
#701=CIRCLE('',#1950,0.300000004470348);
#702=CIRCLE('',#1953,0.250000055879354);
#703=CIRCLE('',#1954,0.250000055879354);
#704=CIRCLE('',#1956,0.250000055879354);
#705=CIRCLE('',#1959,0.250000055879354);
#706=CIRCLE('',#1969,0.250000055879354);
#707=CIRCLE('',#1970,0.250000055879354);
#708=CIRCLE('',#1973,0.250000055879354);
#709=CIRCLE('',#1975,0.250000055879354);
#710=VERTEX_POINT('',#2532);
#711=VERTEX_POINT('',#2533);
#712=VERTEX_POINT('',#2535);
#713=VERTEX_POINT('',#2537);
#714=VERTEX_POINT('',#2539);
#715=VERTEX_POINT('',#2543);
#716=VERTEX_POINT('',#2544);
#717=VERTEX_POINT('',#2546);
#718=VERTEX_POINT('',#2548);
#719=VERTEX_POINT('',#2550);
#720=VERTEX_POINT('',#2554);
#721=VERTEX_POINT('',#2555);
#722=VERTEX_POINT('',#2557);
#723=VERTEX_POINT('',#2559);
#724=VERTEX_POINT('',#2561);
#725=VERTEX_POINT('',#2565);
#726=VERTEX_POINT('',#2566);
#727=VERTEX_POINT('',#2568);
#728=VERTEX_POINT('',#2570);
#729=VERTEX_POINT('',#2572);
#730=VERTEX_POINT('',#2576);
#731=VERTEX_POINT('',#2578);
#732=VERTEX_POINT('',#2582);
#733=VERTEX_POINT('',#2584);
#734=VERTEX_POINT('',#2588);
#735=VERTEX_POINT('',#2592);
#736=VERTEX_POINT('',#2596);
#737=VERTEX_POINT('',#2600);
#738=VERTEX_POINT('',#2604);
#739=VERTEX_POINT('',#2608);
#740=VERTEX_POINT('',#2613);
#741=VERTEX_POINT('',#2615);
#742=VERTEX_POINT('',#2619);
#743=VERTEX_POINT('',#2621);
#744=VERTEX_POINT('',#2625);
#745=VERTEX_POINT('',#2629);
#746=VERTEX_POINT('',#2633);
#747=VERTEX_POINT('',#2639);
#748=VERTEX_POINT('',#2641);
#749=VERTEX_POINT('',#2645);
#750=VERTEX_POINT('',#2647);
#751=VERTEX_POINT('',#2651);
#752=VERTEX_POINT('',#2653);
#753=VERTEX_POINT('',#2657);
#754=VERTEX_POINT('',#2659);
#755=VERTEX_POINT('',#2663);
#756=VERTEX_POINT('',#2665);
#757=VERTEX_POINT('',#2672);
#758=VERTEX_POINT('',#2680);
#759=VERTEX_POINT('',#2681);
#760=VERTEX_POINT('',#2683);
#761=VERTEX_POINT('',#2685);
#762=VERTEX_POINT('',#2687);
#763=VERTEX_POINT('',#2689);
#764=VERTEX_POINT('',#2693);
#765=VERTEX_POINT('',#2695);
#766=VERTEX_POINT('',#2699);
#767=VERTEX_POINT('',#2703);
#768=VERTEX_POINT('',#2707);
#769=VERTEX_POINT('',#2711);
#770=VERTEX_POINT('',#2718);
#771=VERTEX_POINT('',#2719);
#772=VERTEX_POINT('',#2723);
#773=VERTEX_POINT('',#2724);
#774=VERTEX_POINT('',#2732);
#775=VERTEX_POINT('',#2733);
#776=VERTEX_POINT('',#2737);
#777=VERTEX_POINT('',#2739);
#778=VERTEX_POINT('',#2746);
#779=VERTEX_POINT('',#2747);
#780=VERTEX_POINT('',#2751);
#781=VERTEX_POINT('',#2752);
#782=VERTEX_POINT('',#2760);
#783=VERTEX_POINT('',#2761);
#784=VERTEX_POINT('',#2763);
#785=VERTEX_POINT('',#2765);
#786=VERTEX_POINT('',#2767);
#787=VERTEX_POINT('',#2771);
#788=VERTEX_POINT('',#2773);
#789=VERTEX_POINT('',#2777);
#790=VERTEX_POINT('',#2781);
#791=VERTEX_POINT('',#2785);
#792=VERTEX_POINT('',#2792);
#793=VERTEX_POINT('',#2793);
#794=VERTEX_POINT('',#2795);
#795=VERTEX_POINT('',#2797);
#796=VERTEX_POINT('',#2799);
#797=VERTEX_POINT('',#2803);
#798=VERTEX_POINT('',#2804);
#799=VERTEX_POINT('',#2809);
#800=VERTEX_POINT('',#2810);
#801=VERTEX_POINT('',#2815);
#802=VERTEX_POINT('',#2824);
#803=VERTEX_POINT('',#2825);
#804=VERTEX_POINT('',#2827);
#805=VERTEX_POINT('',#2829);
#806=VERTEX_POINT('',#2831);
#807=VERTEX_POINT('',#2833);
#808=VERTEX_POINT('',#2837);
#809=VERTEX_POINT('',#2839);
#810=VERTEX_POINT('',#2843);
#811=VERTEX_POINT('',#2847);
#812=VERTEX_POINT('',#2851);
#813=VERTEX_POINT('',#2853);
#814=VERTEX_POINT('',#2862);
#815=VERTEX_POINT('',#2863);
#816=VERTEX_POINT('',#2865);
#817=VERTEX_POINT('',#2867);
#818=VERTEX_POINT('',#2869);
#819=VERTEX_POINT('',#2873);
#820=VERTEX_POINT('',#2874);
#821=VERTEX_POINT('',#2879);
#822=VERTEX_POINT('',#2883);
#823=VERTEX_POINT('',#2887);
#824=VERTEX_POINT('',#2894);
#825=VERTEX_POINT('',#2895);
#826=VERTEX_POINT('',#2899);
#827=VERTEX_POINT('',#2901);
#828=VERTEX_POINT('',#2908);
#829=VERTEX_POINT('',#2909);
#830=VERTEX_POINT('',#2911);
#831=VERTEX_POINT('',#2915);
#832=VERTEX_POINT('',#2916);
#833=VERTEX_POINT('',#2921);
#834=VERTEX_POINT('',#2928);
#835=VERTEX_POINT('',#2929);
#836=VERTEX_POINT('',#2931);
#837=VERTEX_POINT('',#2933);
#838=VERTEX_POINT('',#2935);
#839=VERTEX_POINT('',#2939);
#840=VERTEX_POINT('',#2941);
#841=VERTEX_POINT('',#2945);
#842=VERTEX_POINT('',#2949);
#843=VERTEX_POINT('',#2953);
#844=VERTEX_POINT('',#2960);
#845=VERTEX_POINT('',#2961);
#846=VERTEX_POINT('',#2963);
#847=VERTEX_POINT('',#2967);
#848=VERTEX_POINT('',#2968);
#849=VERTEX_POINT('',#2973);
#850=VERTEX_POINT('',#2980);
#851=VERTEX_POINT('',#2981);
#852=VERTEX_POINT('',#2983);
#853=VERTEX_POINT('',#2985);
#854=VERTEX_POINT('',#2987);
#855=VERTEX_POINT('',#2991);
#856=VERTEX_POINT('',#2993);
#857=VERTEX_POINT('',#2997);
#858=VERTEX_POINT('',#3001);
#859=VERTEX_POINT('',#3003);
#860=VERTEX_POINT('',#3012);
#861=VERTEX_POINT('',#3013);
#862=VERTEX_POINT('',#3015);
#863=VERTEX_POINT('',#3017);
#864=VERTEX_POINT('',#3019);
#865=VERTEX_POINT('',#3023);
#866=VERTEX_POINT('',#3024);
#867=VERTEX_POINT('',#3029);
#868=VERTEX_POINT('',#3033);
#869=VERTEX_POINT('',#3037);
#870=EDGE_CURVE('',#710,#711,#636,.T.);
#871=EDGE_CURVE('',#712,#710,#302,.T.);
#872=EDGE_CURVE('',#712,#713,#303,.T.);
#873=EDGE_CURVE('',#714,#713,#304,.T.);
#874=EDGE_CURVE('',#711,#714,#637,.T.);
#875=EDGE_CURVE('',#715,#716,#305,.T.);
#876=EDGE_CURVE('',#717,#715,#638,.T.);
#877=EDGE_CURVE('',#718,#717,#639,.T.);
#878=EDGE_CURVE('',#719,#718,#306,.T.);
#879=EDGE_CURVE('',#719,#716,#307,.T.);
#880=EDGE_CURVE('',#720,#721,#640,.T.);
#881=EDGE_CURVE('',#722,#720,#641,.T.);
#882=EDGE_CURVE('',#723,#722,#308,.T.);
#883=EDGE_CURVE('',#724,#723,#309,.T.);
#884=EDGE_CURVE('',#721,#724,#310,.T.);
#885=EDGE_CURVE('',#725,#726,#311,.T.);
#886=EDGE_CURVE('',#727,#725,#312,.T.);
#887=EDGE_CURVE('',#728,#727,#313,.T.);
#888=EDGE_CURVE('',#729,#728,#642,.T.);
#889=EDGE_CURVE('',#726,#729,#643,.T.);
#890=EDGE_CURVE('',#730,#721,#314,.T.);
#891=EDGE_CURVE('',#731,#730,#644,.T.);
#892=EDGE_CURVE('',#731,#720,#315,.T.);
#893=EDGE_CURVE('',#711,#732,#316,.T.);
#894=EDGE_CURVE('',#733,#732,#645,.T.);
#895=EDGE_CURVE('',#710,#733,#317,.T.);
#896=EDGE_CURVE('',#734,#731,#646,.T.);
#897=EDGE_CURVE('',#734,#722,#318,.T.);
#898=EDGE_CURVE('',#714,#735,#319,.T.);
#899=EDGE_CURVE('',#732,#735,#647,.T.);
#900=EDGE_CURVE('',#736,#734,#320,.T.);
#901=EDGE_CURVE('',#736,#723,#321,.T.);
#902=EDGE_CURVE('',#713,#737,#322,.T.);
#903=EDGE_CURVE('',#735,#737,#323,.T.);
#904=EDGE_CURVE('',#719,#738,#324,.T.);
#905=EDGE_CURVE('',#737,#738,#325,.T.);
#906=EDGE_CURVE('',#724,#712,#326,.T.);
#907=EDGE_CURVE('',#739,#736,#327,.T.);
#908=EDGE_CURVE('',#739,#727,#328,.T.);
#909=EDGE_CURVE('',#725,#716,#329,.T.);
#910=EDGE_CURVE('',#740,#726,#330,.T.);
#911=EDGE_CURVE('',#740,#741,#331,.T.);
#912=EDGE_CURVE('',#741,#725,#332,.T.);
#913=EDGE_CURVE('',#716,#742,#333,.T.);
#914=EDGE_CURVE('',#743,#742,#334,.T.);
#915=EDGE_CURVE('',#715,#743,#335,.T.);
#916=EDGE_CURVE('',#739,#744,#336,.T.);
#917=EDGE_CURVE('',#744,#728,#337,.T.);
#918=EDGE_CURVE('',#745,#729,#338,.T.);
#919=EDGE_CURVE('',#740,#745,#648,.T.);
#920=EDGE_CURVE('',#746,#743,#649,.T.);
#921=EDGE_CURVE('',#717,#746,#339,.T.);
#922=EDGE_CURVE('',#745,#744,#650,.T.);
#923=EDGE_CURVE('',#747,#733,#340,.T.);
#924=EDGE_CURVE('',#748,#747,#341,.T.);
#925=EDGE_CURVE('',#730,#748,#342,.T.);
#926=EDGE_CURVE('',#749,#748,#651,.T.);
#927=EDGE_CURVE('',#750,#747,#652,.T.);
#928=EDGE_CURVE('',#749,#750,#343,.T.);
#929=EDGE_CURVE('',#751,#749,#653,.T.);
#930=EDGE_CURVE('',#752,#750,#654,.T.);
#931=EDGE_CURVE('',#751,#752,#344,.T.);
#932=EDGE_CURVE('',#751,#753,#345,.T.);
#933=EDGE_CURVE('',#754,#752,#346,.T.);
#934=EDGE_CURVE('',#753,#754,#347,.T.);
#935=EDGE_CURVE('',#753,#755,#348,.T.);
#936=EDGE_CURVE('',#756,#754,#349,.T.);
#937=EDGE_CURVE('',#755,#756,#350,.T.);
#938=EDGE_CURVE('',#741,#755,#655,.T.);
#939=EDGE_CURVE('',#742,#756,#656,.T.);
#940=EDGE_CURVE('',#757,#746,#657,.T.);
#941=EDGE_CURVE('',#718,#757,#351,.T.);
#942=EDGE_CURVE('',#738,#757,#352,.T.);
#943=EDGE_CURVE('',#758,#759,#658,.T.);
#944=EDGE_CURVE('',#760,#758,#659,.T.);
#945=EDGE_CURVE('',#761,#760,#353,.T.);
#946=EDGE_CURVE('',#762,#761,#660,.T.);
#947=EDGE_CURVE('',#763,#762,#661,.T.);
#948=EDGE_CURVE('',#759,#763,#354,.T.);
#949=EDGE_CURVE('',#764,#758,#355,.T.);
#950=EDGE_CURVE('',#764,#765,#662,.T.);
#951=EDGE_CURVE('',#765,#760,#356,.T.);
#952=EDGE_CURVE('',#766,#765,#357,.T.);
#953=EDGE_CURVE('',#766,#761,#358,.T.);
#954=EDGE_CURVE('',#767,#759,#359,.T.);
#955=EDGE_CURVE('',#767,#764,#663,.T.);
#956=EDGE_CURVE('',#768,#763,#360,.T.);
#957=EDGE_CURVE('',#767,#768,#361,.T.);
#958=EDGE_CURVE('',#769,#766,#664,.T.);
#959=EDGE_CURVE('',#769,#762,#362,.T.);
#960=EDGE_CURVE('',#768,#769,#665,.T.);
#961=EDGE_CURVE('',#770,#771,#666,.T.);
#962=EDGE_CURVE('',#771,#770,#667,.T.);
#963=EDGE_CURVE('',#772,#773,#668,.T.);
#964=EDGE_CURVE('',#773,#770,#363,.T.);
#965=EDGE_CURVE('',#772,#771,#364,.T.);
#966=EDGE_CURVE('',#773,#772,#669,.T.);
#967=EDGE_CURVE('',#774,#775,#670,.T.);
#968=EDGE_CURVE('',#775,#774,#671,.T.);
#969=EDGE_CURVE('',#776,#774,#365,.T.);
#970=EDGE_CURVE('',#776,#777,#672,.T.);
#971=EDGE_CURVE('',#777,#775,#366,.T.);
#972=EDGE_CURVE('',#777,#776,#673,.T.);
#973=EDGE_CURVE('',#778,#779,#674,.T.);
#974=EDGE_CURVE('',#779,#778,#675,.T.);
#975=EDGE_CURVE('',#780,#781,#676,.T.);
#976=EDGE_CURVE('',#778,#781,#367,.T.);
#977=EDGE_CURVE('',#779,#780,#368,.T.);
#978=EDGE_CURVE('',#781,#780,#677,.T.);
#979=EDGE_CURVE('',#782,#783,#369,.T.);
#980=EDGE_CURVE('',#784,#782,#370,.T.);
#981=EDGE_CURVE('',#785,#784,#371,.T.);
#982=EDGE_CURVE('',#786,#785,#372,.T.);
#983=EDGE_CURVE('',#783,#786,#373,.T.);
#984=EDGE_CURVE('',#787,#785,#374,.T.);
#985=EDGE_CURVE('',#788,#787,#375,.T.);
#986=EDGE_CURVE('',#788,#786,#376,.T.);
#987=EDGE_CURVE('',#789,#788,#377,.T.);
#988=EDGE_CURVE('',#789,#783,#378,.T.);
#989=EDGE_CURVE('',#790,#789,#379,.T.);
#990=EDGE_CURVE('',#790,#782,#380,.T.);
#991=EDGE_CURVE('',#791,#784,#381,.T.);
#992=EDGE_CURVE('',#787,#791,#382,.T.);
#993=EDGE_CURVE('',#791,#790,#383,.T.);
#994=EDGE_CURVE('',#792,#793,#678,.T.);
#995=EDGE_CURVE('',#793,#794,#679,.T.);
#996=EDGE_CURVE('',#794,#795,#384,.T.);
#997=EDGE_CURVE('',#795,#796,#680,.T.);
#998=EDGE_CURVE('',#796,#792,#385,.T.);
#999=EDGE_CURVE('',#797,#798,#681,.T.);
#1000=EDGE_CURVE('',#798,#794,#386,.T.);
#1001=EDGE_CURVE('',#797,#793,#387,.T.);
#1002=EDGE_CURVE('',#799,#800,#682,.T.);
#1003=EDGE_CURVE('',#800,#796,#388,.T.);
#1004=EDGE_CURVE('',#799,#795,#389,.T.);
#1005=EDGE_CURVE('',#800,#801,#390,.T.);
#1006=EDGE_CURVE('',#801,#792,#391,.T.);
#1007=EDGE_CURVE('',#801,#797,#683,.T.);
#1008=EDGE_CURVE('',#798,#799,#392,.T.);
#1009=EDGE_CURVE('',#802,#803,#684,.T.);
#1010=EDGE_CURVE('',#804,#802,#393,.T.);
#1011=EDGE_CURVE('',#805,#804,#685,.T.);
#1012=EDGE_CURVE('',#806,#805,#686,.T.);
#1013=EDGE_CURVE('',#807,#806,#394,.T.);
#1014=EDGE_CURVE('',#803,#807,#687,.T.);
#1015=EDGE_CURVE('',#807,#808,#395,.T.);
#1016=EDGE_CURVE('',#809,#808,#688,.T.);
#1017=EDGE_CURVE('',#803,#809,#396,.T.);
#1018=EDGE_CURVE('',#806,#810,#397,.T.);
#1019=EDGE_CURVE('',#808,#810,#398,.T.);
#1020=EDGE_CURVE('',#805,#811,#399,.T.);
#1021=EDGE_CURVE('',#810,#811,#689,.T.);
#1022=EDGE_CURVE('',#802,#812,#400,.T.);
#1023=EDGE_CURVE('',#813,#812,#401,.T.);
#1024=EDGE_CURVE('',#804,#813,#402,.T.);
#1025=EDGE_CURVE('',#811,#813,#690,.T.);
#1026=EDGE_CURVE('',#812,#809,#691,.T.);
#1027=EDGE_CURVE('',#814,#815,#692,.T.);
#1028=EDGE_CURVE('',#815,#816,#403,.T.);
#1029=EDGE_CURVE('',#816,#817,#693,.T.);
#1030=EDGE_CURVE('',#817,#818,#404,.T.);
#1031=EDGE_CURVE('',#818,#814,#694,.T.);
#1032=EDGE_CURVE('',#819,#820,#405,.T.);
#1033=EDGE_CURVE('',#816,#820,#406,.T.);
#1034=EDGE_CURVE('',#815,#819,#407,.T.);
#1035=EDGE_CURVE('',#821,#819,#695,.T.);
#1036=EDGE_CURVE('',#814,#821,#408,.T.);
#1037=EDGE_CURVE('',#820,#822,#696,.T.);
#1038=EDGE_CURVE('',#817,#822,#409,.T.);
#1039=EDGE_CURVE('',#822,#823,#410,.T.);
#1040=EDGE_CURVE('',#818,#823,#411,.T.);
#1041=EDGE_CURVE('',#823,#821,#697,.T.);
#1042=EDGE_CURVE('',#824,#825,#698,.T.);
#1043=EDGE_CURVE('',#825,#824,#699,.T.);
#1044=EDGE_CURVE('',#825,#826,#412,.T.);
#1045=EDGE_CURVE('',#827,#826,#700,.T.);
#1046=EDGE_CURVE('',#824,#827,#413,.T.);
#1047=EDGE_CURVE('',#826,#827,#701,.T.);
#1048=EDGE_CURVE('',#828,#829,#702,.T.);
#1049=EDGE_CURVE('',#829,#830,#703,.T.);
#1050=EDGE_CURVE('',#830,#828,#414,.T.);
#1051=EDGE_CURVE('',#831,#832,#704,.T.);
#1052=EDGE_CURVE('',#832,#830,#415,.T.);
#1053=EDGE_CURVE('',#831,#829,#416,.T.);
#1054=EDGE_CURVE('',#832,#833,#417,.T.);
#1055=EDGE_CURVE('',#833,#828,#418,.T.);
#1056=EDGE_CURVE('',#833,#831,#705,.T.);
#1057=EDGE_CURVE('',#834,#835,#419,.T.);
#1058=EDGE_CURVE('',#836,#834,#420,.T.);
#1059=EDGE_CURVE('',#837,#836,#421,.T.);
#1060=EDGE_CURVE('',#838,#837,#422,.T.);
#1061=EDGE_CURVE('',#835,#838,#423,.T.);
#1062=EDGE_CURVE('',#834,#839,#424,.T.);
#1063=EDGE_CURVE('',#840,#839,#425,.T.);
#1064=EDGE_CURVE('',#836,#840,#426,.T.);
#1065=EDGE_CURVE('',#835,#841,#427,.T.);
#1066=EDGE_CURVE('',#839,#841,#428,.T.);
#1067=EDGE_CURVE('',#838,#842,#429,.T.);
#1068=EDGE_CURVE('',#841,#842,#430,.T.);
#1069=EDGE_CURVE('',#837,#843,#431,.T.);
#1070=EDGE_CURVE('',#842,#843,#432,.T.);
#1071=EDGE_CURVE('',#843,#840,#433,.T.);
#1072=EDGE_CURVE('',#844,#845,#706,.T.);
#1073=EDGE_CURVE('',#846,#844,#434,.T.);
#1074=EDGE_CURVE('',#845,#846,#707,.T.);
#1075=EDGE_CURVE('',#847,#848,#435,.T.);
#1076=EDGE_CURVE('',#846,#848,#436,.T.);
#1077=EDGE_CURVE('',#844,#847,#437,.T.);
#1078=EDGE_CURVE('',#848,#849,#708,.T.);
#1079=EDGE_CURVE('',#845,#849,#438,.T.);
#1080=EDGE_CURVE('',#849,#847,#709,.T.);
#1081=EDGE_CURVE('',#850,#851,#439,.T.);
#1082=EDGE_CURVE('',#852,#850,#440,.T.);
#1083=EDGE_CURVE('',#853,#852,#441,.T.);
#1084=EDGE_CURVE('',#854,#853,#442,.T.);
#1085=EDGE_CURVE('',#851,#854,#443,.T.);
#1086=EDGE_CURVE('',#852,#855,#444,.T.);
#1087=EDGE_CURVE('',#856,#855,#445,.T.);
#1088=EDGE_CURVE('',#853,#856,#446,.T.);
#1089=EDGE_CURVE('',#857,#856,#447,.T.);
#1090=EDGE_CURVE('',#854,#857,#448,.T.);
#1091=EDGE_CURVE('',#851,#858,#449,.T.);
#1092=EDGE_CURVE('',#859,#858,#450,.T.);
#1093=EDGE_CURVE('',#850,#859,#451,.T.);
#1094=EDGE_CURVE('',#855,#859,#452,.T.);
#1095=EDGE_CURVE('',#858,#857,#453,.T.);
#1096=EDGE_CURVE('',#860,#861,#454,.T.);
#1097=EDGE_CURVE('',#861,#862,#455,.T.);
#1098=EDGE_CURVE('',#863,#862,#456,.T.);
#1099=EDGE_CURVE('',#863,#864,#457,.T.);
#1100=EDGE_CURVE('',#860,#864,#458,.T.);
#1101=EDGE_CURVE('',#865,#866,#459,.T.);
#1102=EDGE_CURVE('',#861,#866,#460,.T.);
#1103=EDGE_CURVE('',#860,#865,#461,.T.);
#1104=EDGE_CURVE('',#866,#867,#462,.T.);
#1105=EDGE_CURVE('',#862,#867,#463,.T.);
#1106=EDGE_CURVE('',#868,#865,#464,.T.);
#1107=EDGE_CURVE('',#864,#868,#465,.T.);
#1108=EDGE_CURVE('',#869,#868,#466,.T.);
#1109=EDGE_CURVE('',#863,#869,#467,.T.);
#1110=EDGE_CURVE('',#867,#869,#468,.T.);
#1111=ORIENTED_EDGE('',*,*,#870,.F.);
#1112=ORIENTED_EDGE('',*,*,#871,.F.);
#1113=ORIENTED_EDGE('',*,*,#872,.T.);
#1114=ORIENTED_EDGE('',*,*,#873,.F.);
#1115=ORIENTED_EDGE('',*,*,#874,.F.);
#1116=ORIENTED_EDGE('',*,*,#875,.F.);
#1117=ORIENTED_EDGE('',*,*,#876,.F.);
#1118=ORIENTED_EDGE('',*,*,#877,.F.);
#1119=ORIENTED_EDGE('',*,*,#878,.F.);
#1120=ORIENTED_EDGE('',*,*,#879,.T.);
#1121=ORIENTED_EDGE('',*,*,#880,.F.);
#1122=ORIENTED_EDGE('',*,*,#881,.F.);
#1123=ORIENTED_EDGE('',*,*,#882,.F.);
#1124=ORIENTED_EDGE('',*,*,#883,.F.);
#1125=ORIENTED_EDGE('',*,*,#884,.F.);
#1126=ORIENTED_EDGE('',*,*,#885,.F.);
#1127=ORIENTED_EDGE('',*,*,#886,.F.);
#1128=ORIENTED_EDGE('',*,*,#887,.F.);
#1129=ORIENTED_EDGE('',*,*,#888,.F.);
#1130=ORIENTED_EDGE('',*,*,#889,.F.);
#1131=ORIENTED_EDGE('',*,*,#880,.T.);
#1132=ORIENTED_EDGE('',*,*,#890,.F.);
#1133=ORIENTED_EDGE('',*,*,#891,.F.);
#1134=ORIENTED_EDGE('',*,*,#892,.T.);
#1135=ORIENTED_EDGE('',*,*,#870,.T.);
#1136=ORIENTED_EDGE('',*,*,#893,.T.);
#1137=ORIENTED_EDGE('',*,*,#894,.F.);
#1138=ORIENTED_EDGE('',*,*,#895,.F.);
#1139=ORIENTED_EDGE('',*,*,#881,.T.);
#1140=ORIENTED_EDGE('',*,*,#892,.F.);
#1141=ORIENTED_EDGE('',*,*,#896,.F.);
#1142=ORIENTED_EDGE('',*,*,#897,.T.);
#1143=ORIENTED_EDGE('',*,*,#874,.T.);
#1144=ORIENTED_EDGE('',*,*,#898,.T.);
#1145=ORIENTED_EDGE('',*,*,#899,.F.);
#1146=ORIENTED_EDGE('',*,*,#893,.F.);
#1147=ORIENTED_EDGE('',*,*,#882,.T.);
#1148=ORIENTED_EDGE('',*,*,#897,.F.);
#1149=ORIENTED_EDGE('',*,*,#900,.F.);
#1150=ORIENTED_EDGE('',*,*,#901,.T.);
#1151=ORIENTED_EDGE('',*,*,#873,.T.);
#1152=ORIENTED_EDGE('',*,*,#902,.T.);
#1153=ORIENTED_EDGE('',*,*,#903,.F.);
#1154=ORIENTED_EDGE('',*,*,#898,.F.);
#1155=ORIENTED_EDGE('',*,*,#904,.T.);
#1156=ORIENTED_EDGE('',*,*,#905,.F.);
#1157=ORIENTED_EDGE('',*,*,#902,.F.);
#1158=ORIENTED_EDGE('',*,*,#872,.F.);
#1159=ORIENTED_EDGE('',*,*,#906,.F.);
#1160=ORIENTED_EDGE('',*,*,#883,.T.);
#1161=ORIENTED_EDGE('',*,*,#901,.F.);
#1162=ORIENTED_EDGE('',*,*,#907,.F.);
#1163=ORIENTED_EDGE('',*,*,#908,.T.);
#1164=ORIENTED_EDGE('',*,*,#886,.T.);
#1165=ORIENTED_EDGE('',*,*,#909,.T.);
#1166=ORIENTED_EDGE('',*,*,#879,.F.);
#1167=ORIENTED_EDGE('',*,*,#885,.T.);
#1168=ORIENTED_EDGE('',*,*,#910,.F.);
#1169=ORIENTED_EDGE('',*,*,#911,.T.);
#1170=ORIENTED_EDGE('',*,*,#912,.T.);
#1171=ORIENTED_EDGE('',*,*,#875,.T.);
#1172=ORIENTED_EDGE('',*,*,#913,.T.);
#1173=ORIENTED_EDGE('',*,*,#914,.F.);
#1174=ORIENTED_EDGE('',*,*,#915,.F.);
#1175=ORIENTED_EDGE('',*,*,#887,.T.);
#1176=ORIENTED_EDGE('',*,*,#908,.F.);
#1177=ORIENTED_EDGE('',*,*,#916,.T.);
#1178=ORIENTED_EDGE('',*,*,#917,.T.);
#1179=ORIENTED_EDGE('',*,*,#889,.T.);
#1180=ORIENTED_EDGE('',*,*,#918,.F.);
#1181=ORIENTED_EDGE('',*,*,#919,.F.);
#1182=ORIENTED_EDGE('',*,*,#910,.T.);
#1183=ORIENTED_EDGE('',*,*,#876,.T.);
#1184=ORIENTED_EDGE('',*,*,#915,.T.);
#1185=ORIENTED_EDGE('',*,*,#920,.F.);
#1186=ORIENTED_EDGE('',*,*,#921,.F.);
#1187=ORIENTED_EDGE('',*,*,#888,.T.);
#1188=ORIENTED_EDGE('',*,*,#917,.F.);
#1189=ORIENTED_EDGE('',*,*,#922,.F.);
#1190=ORIENTED_EDGE('',*,*,#918,.T.);
#1191=ORIENTED_EDGE('',*,*,#871,.T.);
#1192=ORIENTED_EDGE('',*,*,#895,.T.);
#1193=ORIENTED_EDGE('',*,*,#923,.F.);
#1194=ORIENTED_EDGE('',*,*,#924,.F.);
#1195=ORIENTED_EDGE('',*,*,#925,.F.);
#1196=ORIENTED_EDGE('',*,*,#890,.T.);
#1197=ORIENTED_EDGE('',*,*,#884,.T.);
#1198=ORIENTED_EDGE('',*,*,#906,.T.);
#1199=ORIENTED_EDGE('',*,*,#926,.T.);
#1200=ORIENTED_EDGE('',*,*,#924,.T.);
#1201=ORIENTED_EDGE('',*,*,#927,.F.);
#1202=ORIENTED_EDGE('',*,*,#928,.F.);
#1203=ORIENTED_EDGE('',*,*,#929,.T.);
#1204=ORIENTED_EDGE('',*,*,#928,.T.);
#1205=ORIENTED_EDGE('',*,*,#930,.F.);
#1206=ORIENTED_EDGE('',*,*,#931,.F.);
#1207=ORIENTED_EDGE('',*,*,#932,.F.);
#1208=ORIENTED_EDGE('',*,*,#931,.T.);
#1209=ORIENTED_EDGE('',*,*,#933,.F.);
#1210=ORIENTED_EDGE('',*,*,#934,.F.);
#1211=ORIENTED_EDGE('',*,*,#935,.F.);
#1212=ORIENTED_EDGE('',*,*,#934,.T.);
#1213=ORIENTED_EDGE('',*,*,#936,.F.);
#1214=ORIENTED_EDGE('',*,*,#937,.F.);
#1215=ORIENTED_EDGE('',*,*,#938,.T.);
#1216=ORIENTED_EDGE('',*,*,#937,.T.);
#1217=ORIENTED_EDGE('',*,*,#939,.F.);
#1218=ORIENTED_EDGE('',*,*,#913,.F.);
#1219=ORIENTED_EDGE('',*,*,#909,.F.);
#1220=ORIENTED_EDGE('',*,*,#912,.F.);
#1221=ORIENTED_EDGE('',*,*,#877,.T.);
#1222=ORIENTED_EDGE('',*,*,#921,.T.);
#1223=ORIENTED_EDGE('',*,*,#940,.F.);
#1224=ORIENTED_EDGE('',*,*,#941,.F.);
#1225=ORIENTED_EDGE('',*,*,#878,.T.);
#1226=ORIENTED_EDGE('',*,*,#941,.T.);
#1227=ORIENTED_EDGE('',*,*,#942,.F.);
#1228=ORIENTED_EDGE('',*,*,#904,.F.);
#1229=ORIENTED_EDGE('',*,*,#942,.T.);
#1230=ORIENTED_EDGE('',*,*,#940,.T.);
#1231=ORIENTED_EDGE('',*,*,#920,.T.);
#1232=ORIENTED_EDGE('',*,*,#914,.T.);
#1233=ORIENTED_EDGE('',*,*,#939,.T.);
#1234=ORIENTED_EDGE('',*,*,#936,.T.);
#1235=ORIENTED_EDGE('',*,*,#933,.T.);
#1236=ORIENTED_EDGE('',*,*,#930,.T.);
#1237=ORIENTED_EDGE('',*,*,#927,.T.);
#1238=ORIENTED_EDGE('',*,*,#923,.T.);
#1239=ORIENTED_EDGE('',*,*,#894,.T.);
#1240=ORIENTED_EDGE('',*,*,#899,.T.);
#1241=ORIENTED_EDGE('',*,*,#903,.T.);
#1242=ORIENTED_EDGE('',*,*,#905,.T.);
#1243=ORIENTED_EDGE('',*,*,#916,.F.);
#1244=ORIENTED_EDGE('',*,*,#907,.T.);
#1245=ORIENTED_EDGE('',*,*,#900,.T.);
#1246=ORIENTED_EDGE('',*,*,#896,.T.);
#1247=ORIENTED_EDGE('',*,*,#891,.T.);
#1248=ORIENTED_EDGE('',*,*,#925,.T.);
#1249=ORIENTED_EDGE('',*,*,#926,.F.);
#1250=ORIENTED_EDGE('',*,*,#929,.F.);
#1251=ORIENTED_EDGE('',*,*,#932,.T.);
#1252=ORIENTED_EDGE('',*,*,#935,.T.);
#1253=ORIENTED_EDGE('',*,*,#938,.F.);
#1254=ORIENTED_EDGE('',*,*,#911,.F.);
#1255=ORIENTED_EDGE('',*,*,#919,.T.);
#1256=ORIENTED_EDGE('',*,*,#922,.T.);
#1257=ORIENTED_EDGE('',*,*,#943,.F.);
#1258=ORIENTED_EDGE('',*,*,#944,.F.);
#1259=ORIENTED_EDGE('',*,*,#945,.F.);
#1260=ORIENTED_EDGE('',*,*,#946,.F.);
#1261=ORIENTED_EDGE('',*,*,#947,.F.);
#1262=ORIENTED_EDGE('',*,*,#948,.F.);
#1263=ORIENTED_EDGE('',*,*,#944,.T.);
#1264=ORIENTED_EDGE('',*,*,#949,.F.);
#1265=ORIENTED_EDGE('',*,*,#950,.T.);
#1266=ORIENTED_EDGE('',*,*,#951,.T.);
#1267=ORIENTED_EDGE('',*,*,#945,.T.);
#1268=ORIENTED_EDGE('',*,*,#951,.F.);
#1269=ORIENTED_EDGE('',*,*,#952,.F.);
#1270=ORIENTED_EDGE('',*,*,#953,.T.);
#1271=ORIENTED_EDGE('',*,*,#943,.T.);
#1272=ORIENTED_EDGE('',*,*,#954,.F.);
#1273=ORIENTED_EDGE('',*,*,#955,.T.);
#1274=ORIENTED_EDGE('',*,*,#949,.T.);
#1275=ORIENTED_EDGE('',*,*,#948,.T.);
#1276=ORIENTED_EDGE('',*,*,#956,.F.);
#1277=ORIENTED_EDGE('',*,*,#957,.F.);
#1278=ORIENTED_EDGE('',*,*,#954,.T.);
#1279=ORIENTED_EDGE('',*,*,#946,.T.);
#1280=ORIENTED_EDGE('',*,*,#953,.F.);
#1281=ORIENTED_EDGE('',*,*,#958,.F.);
#1282=ORIENTED_EDGE('',*,*,#959,.T.);
#1283=ORIENTED_EDGE('',*,*,#947,.T.);
#1284=ORIENTED_EDGE('',*,*,#959,.F.);
#1285=ORIENTED_EDGE('',*,*,#960,.F.);
#1286=ORIENTED_EDGE('',*,*,#956,.T.);
#1287=ORIENTED_EDGE('',*,*,#955,.F.);
#1288=ORIENTED_EDGE('',*,*,#957,.T.);
#1289=ORIENTED_EDGE('',*,*,#960,.T.);
#1290=ORIENTED_EDGE('',*,*,#958,.T.);
#1291=ORIENTED_EDGE('',*,*,#952,.T.);
#1292=ORIENTED_EDGE('',*,*,#950,.F.);
#1293=ORIENTED_EDGE('',*,*,#961,.T.);
#1294=ORIENTED_EDGE('',*,*,#962,.T.);
#1295=ORIENTED_EDGE('',*,*,#963,.T.);
#1296=ORIENTED_EDGE('',*,*,#964,.T.);
#1297=ORIENTED_EDGE('',*,*,#962,.F.);
#1298=ORIENTED_EDGE('',*,*,#965,.F.);
#1299=ORIENTED_EDGE('',*,*,#966,.T.);
#1300=ORIENTED_EDGE('',*,*,#965,.T.);
#1301=ORIENTED_EDGE('',*,*,#961,.F.);
#1302=ORIENTED_EDGE('',*,*,#964,.F.);
#1303=ORIENTED_EDGE('',*,*,#963,.F.);
#1304=ORIENTED_EDGE('',*,*,#966,.F.);
#1305=ORIENTED_EDGE('',*,*,#967,.F.);
#1306=ORIENTED_EDGE('',*,*,#968,.F.);
#1307=ORIENTED_EDGE('',*,*,#968,.T.);
#1308=ORIENTED_EDGE('',*,*,#969,.F.);
#1309=ORIENTED_EDGE('',*,*,#970,.T.);
#1310=ORIENTED_EDGE('',*,*,#971,.T.);
#1311=ORIENTED_EDGE('',*,*,#967,.T.);
#1312=ORIENTED_EDGE('',*,*,#971,.F.);
#1313=ORIENTED_EDGE('',*,*,#972,.T.);
#1314=ORIENTED_EDGE('',*,*,#969,.T.);
#1315=ORIENTED_EDGE('',*,*,#970,.F.);
#1316=ORIENTED_EDGE('',*,*,#972,.F.);
#1317=ORIENTED_EDGE('',*,*,#973,.F.);
#1318=ORIENTED_EDGE('',*,*,#974,.F.);
#1319=ORIENTED_EDGE('',*,*,#975,.T.);
#1320=ORIENTED_EDGE('',*,*,#976,.F.);
#1321=ORIENTED_EDGE('',*,*,#973,.T.);
#1322=ORIENTED_EDGE('',*,*,#977,.T.);
#1323=ORIENTED_EDGE('',*,*,#978,.T.);
#1324=ORIENTED_EDGE('',*,*,#977,.F.);
#1325=ORIENTED_EDGE('',*,*,#974,.T.);
#1326=ORIENTED_EDGE('',*,*,#976,.T.);
#1327=ORIENTED_EDGE('',*,*,#975,.F.);
#1328=ORIENTED_EDGE('',*,*,#978,.F.);
#1329=ORIENTED_EDGE('',*,*,#979,.F.);
#1330=ORIENTED_EDGE('',*,*,#980,.F.);
#1331=ORIENTED_EDGE('',*,*,#981,.F.);
#1332=ORIENTED_EDGE('',*,*,#982,.F.);
#1333=ORIENTED_EDGE('',*,*,#983,.F.);
#1334=ORIENTED_EDGE('',*,*,#982,.T.);
#1335=ORIENTED_EDGE('',*,*,#984,.F.);
#1336=ORIENTED_EDGE('',*,*,#985,.F.);
#1337=ORIENTED_EDGE('',*,*,#986,.T.);
#1338=ORIENTED_EDGE('',*,*,#983,.T.);
#1339=ORIENTED_EDGE('',*,*,#986,.F.);
#1340=ORIENTED_EDGE('',*,*,#987,.F.);
#1341=ORIENTED_EDGE('',*,*,#988,.T.);
#1342=ORIENTED_EDGE('',*,*,#979,.T.);
#1343=ORIENTED_EDGE('',*,*,#988,.F.);
#1344=ORIENTED_EDGE('',*,*,#989,.F.);
#1345=ORIENTED_EDGE('',*,*,#990,.T.);
#1346=ORIENTED_EDGE('',*,*,#981,.T.);
#1347=ORIENTED_EDGE('',*,*,#991,.F.);
#1348=ORIENTED_EDGE('',*,*,#992,.F.);
#1349=ORIENTED_EDGE('',*,*,#984,.T.);
#1350=ORIENTED_EDGE('',*,*,#980,.T.);
#1351=ORIENTED_EDGE('',*,*,#990,.F.);
#1352=ORIENTED_EDGE('',*,*,#993,.F.);
#1353=ORIENTED_EDGE('',*,*,#991,.T.);
#1354=ORIENTED_EDGE('',*,*,#987,.T.);
#1355=ORIENTED_EDGE('',*,*,#985,.T.);
#1356=ORIENTED_EDGE('',*,*,#992,.T.);
#1357=ORIENTED_EDGE('',*,*,#993,.T.);
#1358=ORIENTED_EDGE('',*,*,#989,.T.);
#1359=ORIENTED_EDGE('',*,*,#994,.T.);
#1360=ORIENTED_EDGE('',*,*,#995,.T.);
#1361=ORIENTED_EDGE('',*,*,#996,.T.);
#1362=ORIENTED_EDGE('',*,*,#997,.T.);
#1363=ORIENTED_EDGE('',*,*,#998,.T.);
#1364=ORIENTED_EDGE('',*,*,#999,.T.);
#1365=ORIENTED_EDGE('',*,*,#1000,.T.);
#1366=ORIENTED_EDGE('',*,*,#995,.F.);
#1367=ORIENTED_EDGE('',*,*,#1001,.F.);
#1368=ORIENTED_EDGE('',*,*,#1002,.T.);
#1369=ORIENTED_EDGE('',*,*,#1003,.T.);
#1370=ORIENTED_EDGE('',*,*,#997,.F.);
#1371=ORIENTED_EDGE('',*,*,#1004,.F.);
#1372=ORIENTED_EDGE('',*,*,#1005,.T.);
#1373=ORIENTED_EDGE('',*,*,#1006,.T.);
#1374=ORIENTED_EDGE('',*,*,#998,.F.);
#1375=ORIENTED_EDGE('',*,*,#1003,.F.);
#1376=ORIENTED_EDGE('',*,*,#1007,.T.);
#1377=ORIENTED_EDGE('',*,*,#1001,.T.);
#1378=ORIENTED_EDGE('',*,*,#994,.F.);
#1379=ORIENTED_EDGE('',*,*,#1006,.F.);
#1380=ORIENTED_EDGE('',*,*,#1008,.T.);
#1381=ORIENTED_EDGE('',*,*,#1004,.T.);
#1382=ORIENTED_EDGE('',*,*,#996,.F.);
#1383=ORIENTED_EDGE('',*,*,#1000,.F.);
#1384=ORIENTED_EDGE('',*,*,#999,.F.);
#1385=ORIENTED_EDGE('',*,*,#1007,.F.);
#1386=ORIENTED_EDGE('',*,*,#1005,.F.);
#1387=ORIENTED_EDGE('',*,*,#1002,.F.);
#1388=ORIENTED_EDGE('',*,*,#1008,.F.);
#1389=ORIENTED_EDGE('',*,*,#1009,.F.);
#1390=ORIENTED_EDGE('',*,*,#1010,.F.);
#1391=ORIENTED_EDGE('',*,*,#1011,.F.);
#1392=ORIENTED_EDGE('',*,*,#1012,.F.);
#1393=ORIENTED_EDGE('',*,*,#1013,.F.);
#1394=ORIENTED_EDGE('',*,*,#1014,.F.);
#1395=ORIENTED_EDGE('',*,*,#1014,.T.);
#1396=ORIENTED_EDGE('',*,*,#1015,.T.);
#1397=ORIENTED_EDGE('',*,*,#1016,.F.);
#1398=ORIENTED_EDGE('',*,*,#1017,.F.);
#1399=ORIENTED_EDGE('',*,*,#1013,.T.);
#1400=ORIENTED_EDGE('',*,*,#1018,.T.);
#1401=ORIENTED_EDGE('',*,*,#1019,.F.);
#1402=ORIENTED_EDGE('',*,*,#1015,.F.);
#1403=ORIENTED_EDGE('',*,*,#1012,.T.);
#1404=ORIENTED_EDGE('',*,*,#1020,.T.);
#1405=ORIENTED_EDGE('',*,*,#1021,.F.);
#1406=ORIENTED_EDGE('',*,*,#1018,.F.);
#1407=ORIENTED_EDGE('',*,*,#1010,.T.);
#1408=ORIENTED_EDGE('',*,*,#1022,.T.);
#1409=ORIENTED_EDGE('',*,*,#1023,.F.);
#1410=ORIENTED_EDGE('',*,*,#1024,.F.);
#1411=ORIENTED_EDGE('',*,*,#1011,.T.);
#1412=ORIENTED_EDGE('',*,*,#1024,.T.);
#1413=ORIENTED_EDGE('',*,*,#1025,.F.);
#1414=ORIENTED_EDGE('',*,*,#1020,.F.);
#1415=ORIENTED_EDGE('',*,*,#1009,.T.);
#1416=ORIENTED_EDGE('',*,*,#1017,.T.);
#1417=ORIENTED_EDGE('',*,*,#1026,.F.);
#1418=ORIENTED_EDGE('',*,*,#1022,.F.);
#1419=ORIENTED_EDGE('',*,*,#1026,.T.);
#1420=ORIENTED_EDGE('',*,*,#1016,.T.);
#1421=ORIENTED_EDGE('',*,*,#1019,.T.);
#1422=ORIENTED_EDGE('',*,*,#1021,.T.);
#1423=ORIENTED_EDGE('',*,*,#1025,.T.);
#1424=ORIENTED_EDGE('',*,*,#1023,.T.);
#1425=ORIENTED_EDGE('',*,*,#1027,.T.);
#1426=ORIENTED_EDGE('',*,*,#1028,.T.);
#1427=ORIENTED_EDGE('',*,*,#1029,.T.);
#1428=ORIENTED_EDGE('',*,*,#1030,.T.);
#1429=ORIENTED_EDGE('',*,*,#1031,.T.);
#1430=ORIENTED_EDGE('',*,*,#1032,.T.);
#1431=ORIENTED_EDGE('',*,*,#1033,.F.);
#1432=ORIENTED_EDGE('',*,*,#1028,.F.);
#1433=ORIENTED_EDGE('',*,*,#1034,.T.);
#1434=ORIENTED_EDGE('',*,*,#1035,.T.);
#1435=ORIENTED_EDGE('',*,*,#1034,.F.);
#1436=ORIENTED_EDGE('',*,*,#1027,.F.);
#1437=ORIENTED_EDGE('',*,*,#1036,.T.);
#1438=ORIENTED_EDGE('',*,*,#1037,.T.);
#1439=ORIENTED_EDGE('',*,*,#1038,.F.);
#1440=ORIENTED_EDGE('',*,*,#1029,.F.);
#1441=ORIENTED_EDGE('',*,*,#1033,.T.);
#1442=ORIENTED_EDGE('',*,*,#1039,.T.);
#1443=ORIENTED_EDGE('',*,*,#1040,.F.);
#1444=ORIENTED_EDGE('',*,*,#1030,.F.);
#1445=ORIENTED_EDGE('',*,*,#1038,.T.);
#1446=ORIENTED_EDGE('',*,*,#1041,.T.);
#1447=ORIENTED_EDGE('',*,*,#1036,.F.);
#1448=ORIENTED_EDGE('',*,*,#1031,.F.);
#1449=ORIENTED_EDGE('',*,*,#1040,.T.);
#1450=ORIENTED_EDGE('',*,*,#1035,.F.);
#1451=ORIENTED_EDGE('',*,*,#1041,.F.);
#1452=ORIENTED_EDGE('',*,*,#1039,.F.);
#1453=ORIENTED_EDGE('',*,*,#1037,.F.);
#1454=ORIENTED_EDGE('',*,*,#1032,.F.);
#1455=ORIENTED_EDGE('',*,*,#1042,.F.);
#1456=ORIENTED_EDGE('',*,*,#1043,.F.);
#1457=ORIENTED_EDGE('',*,*,#1042,.T.);
#1458=ORIENTED_EDGE('',*,*,#1044,.T.);
#1459=ORIENTED_EDGE('',*,*,#1045,.F.);
#1460=ORIENTED_EDGE('',*,*,#1046,.F.);
#1461=ORIENTED_EDGE('',*,*,#1043,.T.);
#1462=ORIENTED_EDGE('',*,*,#1046,.T.);
#1463=ORIENTED_EDGE('',*,*,#1047,.F.);
#1464=ORIENTED_EDGE('',*,*,#1044,.F.);
#1465=ORIENTED_EDGE('',*,*,#1045,.T.);
#1466=ORIENTED_EDGE('',*,*,#1047,.T.);
#1467=ORIENTED_EDGE('',*,*,#1048,.T.);
#1468=ORIENTED_EDGE('',*,*,#1049,.T.);
#1469=ORIENTED_EDGE('',*,*,#1050,.T.);
#1470=ORIENTED_EDGE('',*,*,#1051,.T.);
#1471=ORIENTED_EDGE('',*,*,#1052,.T.);
#1472=ORIENTED_EDGE('',*,*,#1049,.F.);
#1473=ORIENTED_EDGE('',*,*,#1053,.F.);
#1474=ORIENTED_EDGE('',*,*,#1054,.T.);
#1475=ORIENTED_EDGE('',*,*,#1055,.T.);
#1476=ORIENTED_EDGE('',*,*,#1050,.F.);
#1477=ORIENTED_EDGE('',*,*,#1052,.F.);
#1478=ORIENTED_EDGE('',*,*,#1056,.T.);
#1479=ORIENTED_EDGE('',*,*,#1053,.T.);
#1480=ORIENTED_EDGE('',*,*,#1048,.F.);
#1481=ORIENTED_EDGE('',*,*,#1055,.F.);
#1482=ORIENTED_EDGE('',*,*,#1056,.F.);
#1483=ORIENTED_EDGE('',*,*,#1054,.F.);
#1484=ORIENTED_EDGE('',*,*,#1051,.F.);
#1485=ORIENTED_EDGE('',*,*,#1057,.F.);
#1486=ORIENTED_EDGE('',*,*,#1058,.F.);
#1487=ORIENTED_EDGE('',*,*,#1059,.F.);
#1488=ORIENTED_EDGE('',*,*,#1060,.F.);
#1489=ORIENTED_EDGE('',*,*,#1061,.F.);
#1490=ORIENTED_EDGE('',*,*,#1058,.T.);
#1491=ORIENTED_EDGE('',*,*,#1062,.T.);
#1492=ORIENTED_EDGE('',*,*,#1063,.F.);
#1493=ORIENTED_EDGE('',*,*,#1064,.F.);
#1494=ORIENTED_EDGE('',*,*,#1057,.T.);
#1495=ORIENTED_EDGE('',*,*,#1065,.T.);
#1496=ORIENTED_EDGE('',*,*,#1066,.F.);
#1497=ORIENTED_EDGE('',*,*,#1062,.F.);
#1498=ORIENTED_EDGE('',*,*,#1061,.T.);
#1499=ORIENTED_EDGE('',*,*,#1067,.T.);
#1500=ORIENTED_EDGE('',*,*,#1068,.F.);
#1501=ORIENTED_EDGE('',*,*,#1065,.F.);
#1502=ORIENTED_EDGE('',*,*,#1060,.T.);
#1503=ORIENTED_EDGE('',*,*,#1069,.T.);
#1504=ORIENTED_EDGE('',*,*,#1070,.F.);
#1505=ORIENTED_EDGE('',*,*,#1067,.F.);
#1506=ORIENTED_EDGE('',*,*,#1059,.T.);
#1507=ORIENTED_EDGE('',*,*,#1064,.T.);
#1508=ORIENTED_EDGE('',*,*,#1071,.F.);
#1509=ORIENTED_EDGE('',*,*,#1069,.F.);
#1510=ORIENTED_EDGE('',*,*,#1063,.T.);
#1511=ORIENTED_EDGE('',*,*,#1066,.T.);
#1512=ORIENTED_EDGE('',*,*,#1068,.T.);
#1513=ORIENTED_EDGE('',*,*,#1070,.T.);
#1514=ORIENTED_EDGE('',*,*,#1071,.T.);
#1515=ORIENTED_EDGE('',*,*,#1072,.F.);
#1516=ORIENTED_EDGE('',*,*,#1073,.F.);
#1517=ORIENTED_EDGE('',*,*,#1074,.F.);
#1518=ORIENTED_EDGE('',*,*,#1075,.T.);
#1519=ORIENTED_EDGE('',*,*,#1076,.F.);
#1520=ORIENTED_EDGE('',*,*,#1073,.T.);
#1521=ORIENTED_EDGE('',*,*,#1077,.T.);
#1522=ORIENTED_EDGE('',*,*,#1078,.T.);
#1523=ORIENTED_EDGE('',*,*,#1079,.F.);
#1524=ORIENTED_EDGE('',*,*,#1074,.T.);
#1525=ORIENTED_EDGE('',*,*,#1076,.T.);
#1526=ORIENTED_EDGE('',*,*,#1080,.T.);
#1527=ORIENTED_EDGE('',*,*,#1077,.F.);
#1528=ORIENTED_EDGE('',*,*,#1072,.T.);
#1529=ORIENTED_EDGE('',*,*,#1079,.T.);
#1530=ORIENTED_EDGE('',*,*,#1078,.F.);
#1531=ORIENTED_EDGE('',*,*,#1075,.F.);
#1532=ORIENTED_EDGE('',*,*,#1080,.F.);
#1533=ORIENTED_EDGE('',*,*,#1081,.F.);
#1534=ORIENTED_EDGE('',*,*,#1082,.F.);
#1535=ORIENTED_EDGE('',*,*,#1083,.F.);
#1536=ORIENTED_EDGE('',*,*,#1084,.F.);
#1537=ORIENTED_EDGE('',*,*,#1085,.F.);
#1538=ORIENTED_EDGE('',*,*,#1083,.T.);
#1539=ORIENTED_EDGE('',*,*,#1086,.T.);
#1540=ORIENTED_EDGE('',*,*,#1087,.F.);
#1541=ORIENTED_EDGE('',*,*,#1088,.F.);
#1542=ORIENTED_EDGE('',*,*,#1084,.T.);
#1543=ORIENTED_EDGE('',*,*,#1088,.T.);
#1544=ORIENTED_EDGE('',*,*,#1089,.F.);
#1545=ORIENTED_EDGE('',*,*,#1090,.F.);
#1546=ORIENTED_EDGE('',*,*,#1081,.T.);
#1547=ORIENTED_EDGE('',*,*,#1091,.T.);
#1548=ORIENTED_EDGE('',*,*,#1092,.F.);
#1549=ORIENTED_EDGE('',*,*,#1093,.F.);
#1550=ORIENTED_EDGE('',*,*,#1082,.T.);
#1551=ORIENTED_EDGE('',*,*,#1093,.T.);
#1552=ORIENTED_EDGE('',*,*,#1094,.F.);
#1553=ORIENTED_EDGE('',*,*,#1086,.F.);
#1554=ORIENTED_EDGE('',*,*,#1085,.T.);
#1555=ORIENTED_EDGE('',*,*,#1090,.T.);
#1556=ORIENTED_EDGE('',*,*,#1095,.F.);
#1557=ORIENTED_EDGE('',*,*,#1091,.F.);
#1558=ORIENTED_EDGE('',*,*,#1095,.T.);
#1559=ORIENTED_EDGE('',*,*,#1089,.T.);
#1560=ORIENTED_EDGE('',*,*,#1087,.T.);
#1561=ORIENTED_EDGE('',*,*,#1094,.T.);
#1562=ORIENTED_EDGE('',*,*,#1092,.T.);
#1563=ORIENTED_EDGE('',*,*,#1096,.T.);
#1564=ORIENTED_EDGE('',*,*,#1097,.T.);
#1565=ORIENTED_EDGE('',*,*,#1098,.F.);
#1566=ORIENTED_EDGE('',*,*,#1099,.T.);
#1567=ORIENTED_EDGE('',*,*,#1100,.F.);
#1568=ORIENTED_EDGE('',*,*,#1101,.T.);
#1569=ORIENTED_EDGE('',*,*,#1102,.F.);
#1570=ORIENTED_EDGE('',*,*,#1096,.F.);
#1571=ORIENTED_EDGE('',*,*,#1103,.T.);
#1572=ORIENTED_EDGE('',*,*,#1104,.T.);
#1573=ORIENTED_EDGE('',*,*,#1105,.F.);
#1574=ORIENTED_EDGE('',*,*,#1097,.F.);
#1575=ORIENTED_EDGE('',*,*,#1102,.T.);
#1576=ORIENTED_EDGE('',*,*,#1106,.T.);
#1577=ORIENTED_EDGE('',*,*,#1103,.F.);
#1578=ORIENTED_EDGE('',*,*,#1100,.T.);
#1579=ORIENTED_EDGE('',*,*,#1107,.T.);
#1580=ORIENTED_EDGE('',*,*,#1108,.T.);
#1581=ORIENTED_EDGE('',*,*,#1107,.F.);
#1582=ORIENTED_EDGE('',*,*,#1099,.F.);
#1583=ORIENTED_EDGE('',*,*,#1109,.T.);
#1584=ORIENTED_EDGE('',*,*,#1110,.T.);
#1585=ORIENTED_EDGE('',*,*,#1109,.F.);
#1586=ORIENTED_EDGE('',*,*,#1098,.T.);
#1587=ORIENTED_EDGE('',*,*,#1105,.T.);
#1588=ORIENTED_EDGE('',*,*,#1110,.F.);
#1589=ORIENTED_EDGE('',*,*,#1104,.F.);
#1590=ORIENTED_EDGE('',*,*,#1101,.F.);
#1591=ORIENTED_EDGE('',*,*,#1106,.F.);
#1592=ORIENTED_EDGE('',*,*,#1108,.F.);
#1593=PLANE('',#1806);
#1594=PLANE('',#1809);
#1595=PLANE('',#1812);
#1596=PLANE('',#1815);
#1597=PLANE('',#1826);
#1598=PLANE('',#1827);
#1599=PLANE('',#1828);
#1600=PLANE('',#1829);
#1601=PLANE('',#1830);
#1602=PLANE('',#1831);
#1603=PLANE('',#1838);
#1604=PLANE('',#1845);
#1605=PLANE('',#1846);
#1606=PLANE('',#1852);
#1607=PLANE('',#1853);
#1608=PLANE('',#1854);
#1609=PLANE('',#1855);
#1610=PLANE('',#1862);
#1611=PLANE('',#1865);
#1612=PLANE('',#1870);
#1613=PLANE('',#1871);
#1614=PLANE('',#1878);
#1615=PLANE('',#1879);
#1616=PLANE('',#1886);
#1617=PLANE('',#1887);
#1618=PLANE('',#1894);
#1619=PLANE('',#1895);
#1620=PLANE('',#1896);
#1621=PLANE('',#1897);
#1622=PLANE('',#1898);
#1623=PLANE('',#1899);
#1624=PLANE('',#1900);
#1625=PLANE('',#1901);
#1626=PLANE('',#1902);
#1627=PLANE('',#1910);
#1628=PLANE('',#1913);
#1629=PLANE('',#1914);
#1630=PLANE('',#1915);
#1631=PLANE('',#1922);
#1632=PLANE('',#1925);
#1633=PLANE('',#1930);
#1634=PLANE('',#1931);
#1635=PLANE('',#1935);
#1636=PLANE('',#1940);
#1637=PLANE('',#1943);
#1638=PLANE('',#1944);
#1639=PLANE('',#1951);
#1640=PLANE('',#1952);
#1641=PLANE('',#1957);
#1642=PLANE('',#1960);
#1643=PLANE('',#1961);
#1644=PLANE('',#1962);
#1645=PLANE('',#1963);
#1646=PLANE('',#1964);
#1647=PLANE('',#1965);
#1648=PLANE('',#1966);
#1649=PLANE('',#1967);
#1650=PLANE('',#1968);
#1651=PLANE('',#1971);
#1652=PLANE('',#1976);
#1653=PLANE('',#1977);
#1654=PLANE('',#1978);
#1655=PLANE('',#1979);
#1656=PLANE('',#1980);
#1657=PLANE('',#1981);
#1658=PLANE('',#1982);
#1659=PLANE('',#1983);
#1660=PLANE('',#1984);
#1661=PLANE('',#1985);
#1662=PLANE('',#1986);
#1663=PLANE('',#1987);
#1664=PLANE('',#1988);
#1665=PLANE('',#1989);
#1666=PLANE('',#1990);
#1667=ADVANCED_FACE('',(#80),#1593,.F.);
#1668=ADVANCED_FACE('',(#81),#1594,.F.);
#1669=ADVANCED_FACE('',(#82),#1595,.F.);
#1670=ADVANCED_FACE('',(#83),#1596,.F.);
#1671=ADVANCED_FACE('',(#84),#43,.F.);
#1672=ADVANCED_FACE('',(#85),#44,.F.);
#1673=ADVANCED_FACE('',(#86),#45,.F.);
#1674=ADVANCED_FACE('',(#87),#46,.F.);
#1675=ADVANCED_FACE('',(#88),#1597,.T.);
#1676=ADVANCED_FACE('',(#89),#1598,.T.);
#1677=ADVANCED_FACE('',(#90),#1599,.T.);
#1678=ADVANCED_FACE('',(#91),#1600,.T.);
#1679=ADVANCED_FACE('',(#92),#1601,.T.);
#1680=ADVANCED_FACE('',(#93),#1602,.T.);
#1681=ADVANCED_FACE('',(#94),#47,.F.);
#1682=ADVANCED_FACE('',(#95),#48,.F.);
#1683=ADVANCED_FACE('',(#96),#49,.F.);
#1684=ADVANCED_FACE('',(#97),#1603,.T.);
#1685=ADVANCED_FACE('',(#98),#50,.T.);
#1686=ADVANCED_FACE('',(#99),#51,.T.);
#1687=ADVANCED_FACE('',(#100),#1604,.T.);
#1688=ADVANCED_FACE('',(#101),#1605,.T.);
#1689=ADVANCED_FACE('',(#102),#52,.T.);
#1690=ADVANCED_FACE('',(#103),#53,.F.);
#1691=ADVANCED_FACE('',(#104),#1606,.T.);
#1692=ADVANCED_FACE('',(#105),#1607,.T.);
#1693=ADVANCED_FACE('',(#106),#1608,.F.);
#1694=ADVANCED_FACE('',(#107),#1609,.F.);
#1695=ADVANCED_FACE('',(#108),#54,.T.);
#1696=ADVANCED_FACE('',(#109),#1610,.T.);
#1697=ADVANCED_FACE('',(#110),#55,.T.);
#1698=ADVANCED_FACE('',(#111),#1611,.T.);
#1699=ADVANCED_FACE('',(#112),#56,.F.);
#1700=ADVANCED_FACE('',(#113),#57,.F.);
#1701=ADVANCED_FACE('',(#114),#1612,.F.);
#1702=ADVANCED_FACE('',(#115),#1613,.T.);
#1703=ADVANCED_FACE('',(#116),#58,.T.);
#1704=ADVANCED_FACE('',(#117),#59,.T.);
#1705=ADVANCED_FACE('',(#118),#1614,.F.);
#1706=ADVANCED_FACE('',(#119),#1615,.F.);
#1707=ADVANCED_FACE('',(#120),#60,.T.);
#1708=ADVANCED_FACE('',(#121),#61,.T.);
#1709=ADVANCED_FACE('',(#122),#1616,.F.);
#1710=ADVANCED_FACE('',(#123),#1617,.F.);
#1711=ADVANCED_FACE('',(#124),#62,.T.);
#1712=ADVANCED_FACE('',(#125),#63,.T.);
#1713=ADVANCED_FACE('',(#126),#1618,.F.);
#1714=ADVANCED_FACE('',(#127),#1619,.F.);
#1715=ADVANCED_FACE('',(#128),#1620,.T.);
#1716=ADVANCED_FACE('',(#129),#1621,.T.);
#1717=ADVANCED_FACE('',(#130),#1622,.T.);
#1718=ADVANCED_FACE('',(#131),#1623,.T.);
#1719=ADVANCED_FACE('',(#132),#1624,.T.);
#1720=ADVANCED_FACE('',(#133),#1625,.F.);
#1721=ADVANCED_FACE('',(#134),#1626,.T.);
#1722=ADVANCED_FACE('',(#135),#64,.F.);
#1723=ADVANCED_FACE('',(#136),#65,.F.);
#1724=ADVANCED_FACE('',(#137),#1627,.T.);
#1725=ADVANCED_FACE('',(#138),#66,.F.);
#1726=ADVANCED_FACE('',(#139),#1628,.T.);
#1727=ADVANCED_FACE('',(#140),#1629,.F.);
#1728=ADVANCED_FACE('',(#141),#1630,.F.);
#1729=ADVANCED_FACE('',(#142),#67,.T.);
#1730=ADVANCED_FACE('',(#143),#1631,.T.);
#1731=ADVANCED_FACE('',(#144),#68,.F.);
#1732=ADVANCED_FACE('',(#145),#1632,.T.);
#1733=ADVANCED_FACE('',(#146),#69,.F.);
#1734=ADVANCED_FACE('',(#147),#70,.T.);
#1735=ADVANCED_FACE('',(#148),#1633,.T.);
#1736=ADVANCED_FACE('',(#149),#1634,.F.);
#1737=ADVANCED_FACE('',(#150),#1635,.T.);
#1738=ADVANCED_FACE('',(#151),#71,.F.);
#1739=ADVANCED_FACE('',(#152),#72,.F.);
#1740=ADVANCED_FACE('',(#153),#1636,.T.);
#1741=ADVANCED_FACE('',(#154),#73,.F.);
#1742=ADVANCED_FACE('',(#155),#1637,.F.);
#1743=ADVANCED_FACE('',(#156),#1638,.F.);
#1744=ADVANCED_FACE('',(#157),#74,.T.);
#1745=ADVANCED_FACE('',(#158),#75,.T.);
#1746=ADVANCED_FACE('',(#159),#1639,.T.);
#1747=ADVANCED_FACE('',(#160),#1640,.T.);
#1748=ADVANCED_FACE('',(#161),#76,.T.);
#1749=ADVANCED_FACE('',(#162),#1641,.T.);
#1750=ADVANCED_FACE('',(#163),#77,.T.);
#1751=ADVANCED_FACE('',(#164),#1642,.F.);
#1752=ADVANCED_FACE('',(#165),#1643,.F.);
#1753=ADVANCED_FACE('',(#166),#1644,.T.);
#1754=ADVANCED_FACE('',(#167),#1645,.T.);
#1755=ADVANCED_FACE('',(#168),#1646,.T.);
#1756=ADVANCED_FACE('',(#169),#1647,.T.);
#1757=ADVANCED_FACE('',(#170),#1648,.T.);
#1758=ADVANCED_FACE('',(#171),#1649,.T.);
#1759=ADVANCED_FACE('',(#172),#1650,.F.);
#1760=ADVANCED_FACE('',(#173),#1651,.T.);
#1761=ADVANCED_FACE('',(#174),#78,.T.);
#1762=ADVANCED_FACE('',(#175),#79,.T.);
#1763=ADVANCED_FACE('',(#176),#1652,.F.);
#1764=ADVANCED_FACE('',(#177),#1653,.F.);
#1765=ADVANCED_FACE('',(#178),#1654,.T.);
#1766=ADVANCED_FACE('',(#179),#1655,.T.);
#1767=ADVANCED_FACE('',(#180),#1656,.T.);
#1768=ADVANCED_FACE('',(#181),#1657,.T.);
#1769=ADVANCED_FACE('',(#182),#1658,.T.);
#1770=ADVANCED_FACE('',(#183),#1659,.T.);
#1771=ADVANCED_FACE('',(#184),#1660,.F.);
#1772=ADVANCED_FACE('',(#185),#1661,.T.);
#1773=ADVANCED_FACE('',(#186),#1662,.T.);
#1774=ADVANCED_FACE('',(#187),#1663,.T.);
#1775=ADVANCED_FACE('',(#188),#1664,.T.);
#1776=ADVANCED_FACE('',(#189),#1665,.T.);
#1777=ADVANCED_FACE('',(#190),#1666,.F.);
#1778=CLOSED_SHELL('',(#1667,#1668,#1669,#1670,#1671,#1672,#1673,#1674,
#1675,#1676,#1677,#1678,#1679,#1680,#1681,#1682,#1683,#1684,#1685,#1686,
#1687,#1688,#1689,#1690,#1691,#1692,#1693));
#1779=CLOSED_SHELL('',(#1694,#1695,#1696,#1697,#1698,#1699,#1700,#1701));
#1780=CLOSED_SHELL('',(#1702,#1703,#1704,#1705));
#1781=CLOSED_SHELL('',(#1706,#1707,#1708,#1709));
#1782=CLOSED_SHELL('',(#1710,#1711,#1712,#1713));
#1783=CLOSED_SHELL('',(#1714,#1715,#1716,#1717,#1718,#1719,#1720));
#1784=CLOSED_SHELL('',(#1721,#1722,#1723,#1724,#1725,#1726,#1727));
#1785=CLOSED_SHELL('',(#1728,#1729,#1730,#1731,#1732,#1733,#1734,#1735));
#1786=CLOSED_SHELL('',(#1736,#1737,#1738,#1739,#1740,#1741,#1742));
#1787=CLOSED_SHELL('',(#1743,#1744,#1745,#1746));
#1788=CLOSED_SHELL('',(#1747,#1748,#1749,#1750,#1751));
#1789=CLOSED_SHELL('',(#1752,#1753,#1754,#1755,#1756,#1757,#1758));
#1790=CLOSED_SHELL('',(#1759,#1760,#1761,#1762,#1763));
#1791=CLOSED_SHELL('',(#1764,#1765,#1766,#1767,#1768,#1769,#1770));
#1792=CLOSED_SHELL('',(#1771,#1772,#1773,#1774,#1775,#1776,#1777));
#1793=DERIVED_UNIT_ELEMENT(#1795,1.);
#1794=DERIVED_UNIT_ELEMENT(#3048,-3.);
#1795=(
MASS_UNIT()
NAMED_UNIT(*)
SI_UNIT(.KILO.,.GRAM.)
);
#1796=DERIVED_UNIT((#1793,#1794));
#1797=MEASURE_REPRESENTATION_ITEM('density measure',
POSITIVE_RATIO_MEASURE(7850.),#1796);
#1798=PROPERTY_DEFINITION_REPRESENTATION(#1803,#1800);
#1799=PROPERTY_DEFINITION_REPRESENTATION(#1804,#1801);
#1800=REPRESENTATION('material name',(#1802),#3045);
#1801=REPRESENTATION('density',(#1797),#3045);
#1802=DESCRIPTIVE_REPRESENTATION_ITEM('Steel','Steel');
#1803=PROPERTY_DEFINITION('material property','material name',#3055);
#1804=PROPERTY_DEFINITION('material property','density of part',#3055);
#1805=AXIS2_PLACEMENT_3D('',#2530,#1991,#1992);
#1806=AXIS2_PLACEMENT_3D('',#2531,#1993,#1994);
#1807=AXIS2_PLACEMENT_3D('',#2534,#1995,#1996);
#1808=AXIS2_PLACEMENT_3D('',#2541,#2000,#2001);
#1809=AXIS2_PLACEMENT_3D('',#2542,#2002,#2003);
#1810=AXIS2_PLACEMENT_3D('',#2547,#2005,#2006);
#1811=AXIS2_PLACEMENT_3D('',#2549,#2007,#2008);
#1812=AXIS2_PLACEMENT_3D('',#2553,#2011,#2012);
#1813=AXIS2_PLACEMENT_3D('',#2556,#2013,#2014);
#1814=AXIS2_PLACEMENT_3D('',#2558,#2015,#2016);
#1815=AXIS2_PLACEMENT_3D('',#2564,#2020,#2021);
#1816=AXIS2_PLACEMENT_3D('',#2573,#2025,#2026);
#1817=AXIS2_PLACEMENT_3D('',#2574,#2027,#2028);
#1818=AXIS2_PLACEMENT_3D('',#2575,#2029,#2030);
#1819=AXIS2_PLACEMENT_3D('',#2579,#2032,#2033);
#1820=AXIS2_PLACEMENT_3D('',#2581,#2035,#2036);
#1821=AXIS2_PLACEMENT_3D('',#2585,#2038,#2039);
#1822=AXIS2_PLACEMENT_3D('',#2587,#2041,#2042);
#1823=AXIS2_PLACEMENT_3D('',#2589,#2043,#2044);
#1824=AXIS2_PLACEMENT_3D('',#2591,#2046,#2047);
#1825=AXIS2_PLACEMENT_3D('',#2594,#2049,#2050);
#1826=AXIS2_PLACEMENT_3D('',#2595,#2051,#2052);
#1827=AXIS2_PLACEMENT_3D('',#2599,#2055,#2056);
#1828=AXIS2_PLACEMENT_3D('',#2603,#2059,#2060);
#1829=AXIS2_PLACEMENT_3D('',#2612,#2067,#2068);
#1830=AXIS2_PLACEMENT_3D('',#2618,#2072,#2073);
#1831=AXIS2_PLACEMENT_3D('',#2624,#2077,#2078);
#1832=AXIS2_PLACEMENT_3D('',#2628,#2081,#2082);
#1833=AXIS2_PLACEMENT_3D('',#2631,#2084,#2085);
#1834=AXIS2_PLACEMENT_3D('',#2632,#2086,#2087);
#1835=AXIS2_PLACEMENT_3D('',#2634,#2088,#2089);
#1836=AXIS2_PLACEMENT_3D('',#2636,#2091,#2092);
#1837=AXIS2_PLACEMENT_3D('',#2637,#2093,#2094);
#1838=AXIS2_PLACEMENT_3D('',#2638,#2095,#2096);
#1839=AXIS2_PLACEMENT_3D('',#2644,#2100,#2101);
#1840=AXIS2_PLACEMENT_3D('',#2646,#2102,#2103);
#1841=AXIS2_PLACEMENT_3D('',#2648,#2104,#2105);
#1842=AXIS2_PLACEMENT_3D('',#2650,#2107,#2108);
#1843=AXIS2_PLACEMENT_3D('',#2652,#2109,#2110);
#1844=AXIS2_PLACEMENT_3D('',#2654,#2111,#2112);
#1845=AXIS2_PLACEMENT_3D('',#2656,#2114,#2115);
#1846=AXIS2_PLACEMENT_3D('',#2662,#2119,#2120);
#1847=AXIS2_PLACEMENT_3D('',#2668,#2124,#2125);
#1848=AXIS2_PLACEMENT_3D('',#2669,#2126,#2127);
#1849=AXIS2_PLACEMENT_3D('',#2670,#2128,#2129);
#1850=AXIS2_PLACEMENT_3D('',#2671,#2130,#2131);
#1851=AXIS2_PLACEMENT_3D('',#2673,#2132,#2133);
#1852=AXIS2_PLACEMENT_3D('',#2675,#2135,#2136);
#1853=AXIS2_PLACEMENT_3D('',#2677,#2138,#2139);
#1854=AXIS2_PLACEMENT_3D('',#2678,#2140,#2141);
#1855=AXIS2_PLACEMENT_3D('',#2679,#2142,#2143);
#1856=AXIS2_PLACEMENT_3D('',#2682,#2144,#2145);
#1857=AXIS2_PLACEMENT_3D('',#2684,#2146,#2147);
#1858=AXIS2_PLACEMENT_3D('',#2688,#2149,#2150);
#1859=AXIS2_PLACEMENT_3D('',#2690,#2151,#2152);
#1860=AXIS2_PLACEMENT_3D('',#2692,#2154,#2155);
#1861=AXIS2_PLACEMENT_3D('',#2696,#2157,#2158);
#1862=AXIS2_PLACEMENT_3D('',#2698,#2160,#2161);
#1863=AXIS2_PLACEMENT_3D('',#2702,#2164,#2165);
#1864=AXIS2_PLACEMENT_3D('',#2705,#2167,#2168);
#1865=AXIS2_PLACEMENT_3D('',#2706,#2169,#2170);
#1866=AXIS2_PLACEMENT_3D('',#2710,#2173,#2174);
#1867=AXIS2_PLACEMENT_3D('',#2712,#2175,#2176);
#1868=AXIS2_PLACEMENT_3D('',#2714,#2178,#2179);
#1869=AXIS2_PLACEMENT_3D('',#2715,#2180,#2181);
#1870=AXIS2_PLACEMENT_3D('',#2716,#2182,#2183);
#1871=AXIS2_PLACEMENT_3D('',#2717,#2184,#2185);
#1872=AXIS2_PLACEMENT_3D('',#2720,#2186,#2187);
#1873=AXIS2_PLACEMENT_3D('',#2721,#2188,#2189);
#1874=AXIS2_PLACEMENT_3D('',#2722,#2190,#2191);
#1875=AXIS2_PLACEMENT_3D('',#2725,#2192,#2193);
#1876=AXIS2_PLACEMENT_3D('',#2728,#2196,#2197);
#1877=AXIS2_PLACEMENT_3D('',#2729,#2198,#2199);
#1878=AXIS2_PLACEMENT_3D('',#2730,#2200,#2201);
#1879=AXIS2_PLACEMENT_3D('',#2731,#2202,#2203);
#1880=AXIS2_PLACEMENT_3D('',#2734,#2204,#2205);
#1881=AXIS2_PLACEMENT_3D('',#2735,#2206,#2207);
#1882=AXIS2_PLACEMENT_3D('',#2736,#2208,#2209);
#1883=AXIS2_PLACEMENT_3D('',#2740,#2211,#2212);
#1884=AXIS2_PLACEMENT_3D('',#2742,#2214,#2215);
#1885=AXIS2_PLACEMENT_3D('',#2743,#2216,#2217);
#1886=AXIS2_PLACEMENT_3D('',#2744,#2218,#2219);
#1887=AXIS2_PLACEMENT_3D('',#2745,#2220,#2221);
#1888=AXIS2_PLACEMENT_3D('',#2748,#2222,#2223);
#1889=AXIS2_PLACEMENT_3D('',#2749,#2224,#2225);
#1890=AXIS2_PLACEMENT_3D('',#2750,#2226,#2227);
#1891=AXIS2_PLACEMENT_3D('',#2753,#2228,#2229);
#1892=AXIS2_PLACEMENT_3D('',#2756,#2232,#2233);
#1893=AXIS2_PLACEMENT_3D('',#2757,#2234,#2235);
#1894=AXIS2_PLACEMENT_3D('',#2758,#2236,#2237);
#1895=AXIS2_PLACEMENT_3D('',#2759,#2238,#2239);
#1896=AXIS2_PLACEMENT_3D('',#2770,#2245,#2246);
#1897=AXIS2_PLACEMENT_3D('',#2776,#2250,#2251);
#1898=AXIS2_PLACEMENT_3D('',#2780,#2254,#2255);
#1899=AXIS2_PLACEMENT_3D('',#2784,#2258,#2259);
#1900=AXIS2_PLACEMENT_3D('',#2788,#2262,#2263);
#1901=AXIS2_PLACEMENT_3D('',#2790,#2265,#2266);
#1902=AXIS2_PLACEMENT_3D('',#2791,#2267,#2268);
#1903=AXIS2_PLACEMENT_3D('',#2794,#2269,#2270);
#1904=AXIS2_PLACEMENT_3D('',#2796,#2271,#2272);
#1905=AXIS2_PLACEMENT_3D('',#2800,#2274,#2275);
#1906=AXIS2_PLACEMENT_3D('',#2802,#2277,#2278);
#1907=AXIS2_PLACEMENT_3D('',#2805,#2279,#2280);
#1908=AXIS2_PLACEMENT_3D('',#2808,#2283,#2284);
#1909=AXIS2_PLACEMENT_3D('',#2811,#2285,#2286);
#1910=AXIS2_PLACEMENT_3D('',#2814,#2289,#2290);
#1911=AXIS2_PLACEMENT_3D('',#2818,#2293,#2294);
#1912=AXIS2_PLACEMENT_3D('',#2819,#2295,#2296);
#1913=AXIS2_PLACEMENT_3D('',#2820,#2297,#2298);
#1914=AXIS2_PLACEMENT_3D('',#2822,#2300,#2301);
#1915=AXIS2_PLACEMENT_3D('',#2823,#2302,#2303);
#1916=AXIS2_PLACEMENT_3D('',#2826,#2304,#2305);
#1917=AXIS2_PLACEMENT_3D('',#2830,#2307,#2308);
#1918=AXIS2_PLACEMENT_3D('',#2832,#2309,#2310);
#1919=AXIS2_PLACEMENT_3D('',#2835,#2312,#2313);
#1920=AXIS2_PLACEMENT_3D('',#2836,#2314,#2315);
#1921=AXIS2_PLACEMENT_3D('',#2840,#2317,#2318);
#1922=AXIS2_PLACEMENT_3D('',#2842,#2320,#2321);
#1923=AXIS2_PLACEMENT_3D('',#2846,#2324,#2325);
#1924=AXIS2_PLACEMENT_3D('',#2849,#2327,#2328);
#1925=AXIS2_PLACEMENT_3D('',#2850,#2329,#2330);
#1926=AXIS2_PLACEMENT_3D('',#2856,#2334,#2335);
#1927=AXIS2_PLACEMENT_3D('',#2857,#2336,#2337);
#1928=AXIS2_PLACEMENT_3D('',#2858,#2338,#2339);
#1929=AXIS2_PLACEMENT_3D('',#2859,#2340,#2341);
#1930=AXIS2_PLACEMENT_3D('',#2860,#2342,#2343);
#1931=AXIS2_PLACEMENT_3D('',#2861,#2344,#2345);
#1932=AXIS2_PLACEMENT_3D('',#2864,#2346,#2347);
#1933=AXIS2_PLACEMENT_3D('',#2868,#2349,#2350);
#1934=AXIS2_PLACEMENT_3D('',#2871,#2352,#2353);
#1935=AXIS2_PLACEMENT_3D('',#2872,#2354,#2355);
#1936=AXIS2_PLACEMENT_3D('',#2878,#2359,#2360);
#1937=AXIS2_PLACEMENT_3D('',#2880,#2361,#2362);
#1938=AXIS2_PLACEMENT_3D('',#2882,#2364,#2365);
#1939=AXIS2_PLACEMENT_3D('',#2884,#2366,#2367);
#1940=AXIS2_PLACEMENT_3D('',#2886,#2369,#2370);
#1941=AXIS2_PLACEMENT_3D('',#2890,#2373,#2374);
#1942=AXIS2_PLACEMENT_3D('',#2891,#2375,#2376);
#1943=AXIS2_PLACEMENT_3D('',#2892,#2377,#2378);
#1944=AXIS2_PLACEMENT_3D('',#2893,#2379,#2380);
#1945=AXIS2_PLACEMENT_3D('',#2896,#2381,#2382);
#1946=AXIS2_PLACEMENT_3D('',#2897,#2383,#2384);
#1947=AXIS2_PLACEMENT_3D('',#2898,#2385,#2386);
#1948=AXIS2_PLACEMENT_3D('',#2902,#2388,#2389);
#1949=AXIS2_PLACEMENT_3D('',#2904,#2391,#2392);
#1950=AXIS2_PLACEMENT_3D('',#2905,#2393,#2394);
#1951=AXIS2_PLACEMENT_3D('',#2906,#2395,#2396);
#1952=AXIS2_PLACEMENT_3D('',#2907,#2397,#2398);
#1953=AXIS2_PLACEMENT_3D('',#2910,#2399,#2400);
#1954=AXIS2_PLACEMENT_3D('',#2912,#2401,#2402);
#1955=AXIS2_PLACEMENT_3D('',#2914,#2404,#2405);
#1956=AXIS2_PLACEMENT_3D('',#2917,#2406,#2407);
#1957=AXIS2_PLACEMENT_3D('',#2920,#2410,#2411);
#1958=AXIS2_PLACEMENT_3D('',#2924,#2414,#2415);
#1959=AXIS2_PLACEMENT_3D('',#2925,#2416,#2417);
#1960=AXIS2_PLACEMENT_3D('',#2926,#2418,#2419);
#1961=AXIS2_PLACEMENT_3D('',#2927,#2420,#2421);
#1962=AXIS2_PLACEMENT_3D('',#2938,#2427,#2428);
#1963=AXIS2_PLACEMENT_3D('',#2944,#2432,#2433);
#1964=AXIS2_PLACEMENT_3D('',#2948,#2436,#2437);
#1965=AXIS2_PLACEMENT_3D('',#2952,#2440,#2441);
#1966=AXIS2_PLACEMENT_3D('',#2956,#2444,#2445);
#1967=AXIS2_PLACEMENT_3D('',#2958,#2447,#2448);
#1968=AXIS2_PLACEMENT_3D('',#2959,#2449,#2450);
#1969=AXIS2_PLACEMENT_3D('',#2962,#2451,#2452);
#1970=AXIS2_PLACEMENT_3D('',#2965,#2454,#2455);
#1971=AXIS2_PLACEMENT_3D('',#2966,#2456,#2457);
#1972=AXIS2_PLACEMENT_3D('',#2972,#2461,#2462);
#1973=AXIS2_PLACEMENT_3D('',#2974,#2463,#2464);
#1974=AXIS2_PLACEMENT_3D('',#2976,#2466,#2467);
#1975=AXIS2_PLACEMENT_3D('',#2977,#2468,#2469);
#1976=AXIS2_PLACEMENT_3D('',#2978,#2470,#2471);
#1977=AXIS2_PLACEMENT_3D('',#2979,#2472,#2473);
#1978=AXIS2_PLACEMENT_3D('',#2990,#2479,#2480);
#1979=AXIS2_PLACEMENT_3D('',#2996,#2484,#2485);
#1980=AXIS2_PLACEMENT_3D('',#3000,#2488,#2489);
#1981=AXIS2_PLACEMENT_3D('',#3006,#2493,#2494);
#1982=AXIS2_PLACEMENT_3D('',#3008,#2496,#2497);
#1983=AXIS2_PLACEMENT_3D('',#3010,#2499,#2500);
#1984=AXIS2_PLACEMENT_3D('',#3011,#2501,#2502);
#1985=AXIS2_PLACEMENT_3D('',#3022,#2508,#2509);
#1986=AXIS2_PLACEMENT_3D('',#3028,#2513,#2514);
#1987=AXIS2_PLACEMENT_3D('',#3032,#2517,#2518);
#1988=AXIS2_PLACEMENT_3D('',#3036,#2521,#2522);
#1989=AXIS2_PLACEMENT_3D('',#3040,#2525,#2526);
#1990=AXIS2_PLACEMENT_3D('',#3042,#2528,#2529);
#1991=DIRECTION('axis',(0.,0.,1.));
#1992=DIRECTION('refdir',(1.,0.,0.));
#1993=DIRECTION('center_axis',(1.,0.,0.));
#1994=DIRECTION('ref_axis',(0.,0.,-1.));
#1995=DIRECTION('center_axis',(-1.,0.,0.));
#1996=DIRECTION('ref_axis',(0.,1.,0.));
#1997=DIRECTION('',(0.,0.,-1.));
#1998=DIRECTION('',(0.,1.,0.));
#1999=DIRECTION('',(0.,0.,1.));
#2000=DIRECTION('center_axis',(-1.,0.,0.));
#2001=DIRECTION('ref_axis',(0.,1.,0.));
#2002=DIRECTION('center_axis',(1.,0.,0.));
#2003=DIRECTION('ref_axis',(0.,0.,-1.));
#2004=DIRECTION('',(0.,0.,1.));
#2005=DIRECTION('center_axis',(-1.,0.,0.));
#2006=DIRECTION('ref_axis',(0.,1.,0.));
#2007=DIRECTION('center_axis',(-1.,0.,0.));
#2008=DIRECTION('ref_axis',(0.,1.,0.));
#2009=DIRECTION('',(0.,0.,-1.));
#2010=DIRECTION('',(0.,1.,0.));
#2011=DIRECTION('center_axis',(-1.,0.,0.));
#2012=DIRECTION('ref_axis',(0.,0.,1.));
#2013=DIRECTION('center_axis',(1.,0.,0.));
#2014=DIRECTION('ref_axis',(0.,1.,0.));
#2015=DIRECTION('center_axis',(1.,0.,0.));
#2016=DIRECTION('ref_axis',(0.,1.,0.));
#2017=DIRECTION('',(0.,0.,-1.));
#2018=DIRECTION('',(0.,1.,0.));
#2019=DIRECTION('',(0.,0.,1.));
#2020=DIRECTION('center_axis',(-1.,0.,0.));
#2021=DIRECTION('ref_axis',(0.,0.,1.));
#2022=DIRECTION('',(0.,0.,-1.));
#2023=DIRECTION('',(0.,1.,0.));
#2024=DIRECTION('',(0.,0.,1.));
#2025=DIRECTION('center_axis',(1.,0.,0.));
#2026=DIRECTION('ref_axis',(0.,1.,0.));
#2027=DIRECTION('center_axis',(1.,0.,0.));
#2028=DIRECTION('ref_axis',(0.,1.,0.));
#2029=DIRECTION('center_axis',(1.,0.,0.));
#2030=DIRECTION('ref_axis',(0.,1.,0.));
#2031=DIRECTION('',(1.,0.,0.));
#2032=DIRECTION('center_axis',(1.,0.,0.));
#2033=DIRECTION('ref_axis',(0.,1.,0.));
#2034=DIRECTION('',(1.,0.,0.));
#2035=DIRECTION('center_axis',(1.,0.,0.));
#2036=DIRECTION('ref_axis',(0.,1.,0.));
#2037=DIRECTION('',(1.,0.,0.));
#2038=DIRECTION('center_axis',(-1.,0.,0.));
#2039=DIRECTION('ref_axis',(0.,1.,0.));
#2040=DIRECTION('',(1.,0.,0.));
#2041=DIRECTION('center_axis',(1.,0.,0.));
#2042=DIRECTION('ref_axis',(0.,1.,0.));
#2043=DIRECTION('center_axis',(1.,0.,0.));
#2044=DIRECTION('ref_axis',(0.,1.,0.));
#2045=DIRECTION('',(1.,0.,0.));
#2046=DIRECTION('center_axis',(1.,0.,0.));
#2047=DIRECTION('ref_axis',(0.,1.,0.));
#2048=DIRECTION('',(1.,0.,0.));
#2049=DIRECTION('center_axis',(-1.,0.,0.));
#2050=DIRECTION('ref_axis',(0.,1.,0.));
#2051=DIRECTION('center_axis',(0.,1.,0.));
#2052=DIRECTION('ref_axis',(0.,0.,1.));
#2053=DIRECTION('',(0.,0.,-1.));
#2054=DIRECTION('',(1.,0.,0.));
#2055=DIRECTION('center_axis',(0.,1.,0.));
#2056=DIRECTION('ref_axis',(0.,0.,1.));
#2057=DIRECTION('',(1.,0.,0.));
#2058=DIRECTION('',(0.,0.,1.));
#2059=DIRECTION('center_axis',(0.,0.,-1.));
#2060=DIRECTION('ref_axis',(0.,1.,0.));
#2061=DIRECTION('',(1.,0.,0.));
#2062=DIRECTION('',(0.,1.,0.));
#2063=DIRECTION('',(1.,0.,0.));
#2064=DIRECTION('',(0.,-1.,0.));
#2065=DIRECTION('',(1.,0.,0.));
#2066=DIRECTION('',(1.,0.,0.));
#2067=DIRECTION('center_axis',(0.,1.,0.));
#2068=DIRECTION('ref_axis',(0.,0.,1.));
#2069=DIRECTION('',(1.,0.,0.));
#2070=DIRECTION('',(0.,0.,1.));
#2071=DIRECTION('',(1.,0.,0.));
#2072=DIRECTION('center_axis',(0.,1.,0.));
#2073=DIRECTION('ref_axis',(0.,0.,1.));
#2074=DIRECTION('',(1.,0.,0.));
#2075=DIRECTION('',(0.,0.,1.));
#2076=DIRECTION('',(1.,0.,0.));
#2077=DIRECTION('center_axis',(0.,-1.,0.));
#2078=DIRECTION('ref_axis',(0.,0.,-1.));
#2079=DIRECTION('',(0.,0.,-1.));
#2080=DIRECTION('',(1.,0.,0.));
#2081=DIRECTION('center_axis',(1.,0.,0.));
#2082=DIRECTION('ref_axis',(0.,1.,0.));
#2083=DIRECTION('',(1.,0.,0.));
#2084=DIRECTION('center_axis',(1.,0.,0.));
#2085=DIRECTION('ref_axis',(0.,1.,0.));
#2086=DIRECTION('center_axis',(1.,0.,0.));
#2087=DIRECTION('ref_axis',(0.,1.,0.));
#2088=DIRECTION('center_axis',(-1.,0.,0.));
#2089=DIRECTION('ref_axis',(0.,1.,0.));
#2090=DIRECTION('',(1.,0.,0.));
#2091=DIRECTION('center_axis',(1.,0.,0.));
#2092=DIRECTION('ref_axis',(0.,1.,0.));
#2093=DIRECTION('center_axis',(1.,0.,0.));
#2094=DIRECTION('ref_axis',(0.,1.,0.));
#2095=DIRECTION('center_axis',(0.,-1.,0.));
#2096=DIRECTION('ref_axis',(0.,0.,-1.));
#2097=DIRECTION('',(0.,0.,-1.));
#2098=DIRECTION('',(1.,0.,0.));
#2099=DIRECTION('',(0.,0.,1.));
#2100=DIRECTION('center_axis',(1.,0.,0.));
#2101=DIRECTION('ref_axis',(0.,-1.,6.40713108983238E-14));
#2102=DIRECTION('center_axis',(1.,0.,0.));
#2103=DIRECTION('ref_axis',(0.,1.,0.));
#2104=DIRECTION('center_axis',(1.,0.,0.));
#2105=DIRECTION('ref_axis',(0.,1.,0.));
#2106=DIRECTION('',(1.,0.,0.));
#2107=DIRECTION('center_axis',(1.,0.,0.));
#2108=DIRECTION('ref_axis',(0.,1.,0.));
#2109=DIRECTION('center_axis',(1.,0.,0.));
#2110=DIRECTION('ref_axis',(0.,1.,0.));
#2111=DIRECTION('center_axis',(1.,0.,0.));
#2112=DIRECTION('ref_axis',(0.,1.,0.));
#2113=DIRECTION('',(1.,0.,0.));
#2114=DIRECTION('center_axis',(0.,1.,0.));
#2115=DIRECTION('ref_axis',(0.,0.,1.));
#2116=DIRECTION('',(0.,0.,-1.));
#2117=DIRECTION('',(0.,0.,1.));
#2118=DIRECTION('',(1.,0.,0.));
#2119=DIRECTION('center_axis',(0.,0.,1.));
#2120=DIRECTION('ref_axis',(0.,-1.,0.));
#2121=DIRECTION('',(0.,1.,0.));
#2122=DIRECTION('',(0.,-1.,0.));
#2123=DIRECTION('',(1.,0.,0.));
#2124=DIRECTION('center_axis',(1.,0.,0.));
#2125=DIRECTION('ref_axis',(0.,1.,0.));
#2126=DIRECTION('center_axis',(1.,0.,0.));
#2127=DIRECTION('ref_axis',(0.,1.,0.));
#2128=DIRECTION('center_axis',(1.,0.,0.));
#2129=DIRECTION('ref_axis',(0.,1.,0.));
#2130=DIRECTION('center_axis',(1.,0.,0.));
#2131=DIRECTION('ref_axis',(0.,1.,0.));
#2132=DIRECTION('center_axis',(-1.,0.,0.));
#2133=DIRECTION('ref_axis',(0.,1.,0.));
#2134=DIRECTION('',(1.,0.,0.));
#2135=DIRECTION('center_axis',(0.,-1.,0.));
#2136=DIRECTION('ref_axis',(0.,0.,-1.));
#2137=DIRECTION('',(0.,0.,-1.));
#2138=DIRECTION('center_axis',(1.,0.,0.));
#2139=DIRECTION('ref_axis',(0.,1.,0.));
#2140=DIRECTION('center_axis',(1.,0.,0.));
#2141=DIRECTION('ref_axis',(0.,1.,0.));
#2142=DIRECTION('center_axis',(-1.,0.,0.));
#2143=DIRECTION('ref_axis',(0.,0.,1.));
#2144=DIRECTION('center_axis',(-1.,0.,0.));
#2145=DIRECTION('ref_axis',(0.,1.,0.));
#2146=DIRECTION('center_axis',(-1.,0.,0.));
#2147=DIRECTION('ref_axis',(0.,1.,0.));
#2148=DIRECTION('',(0.,-1.,0.));
#2149=DIRECTION('center_axis',(1.,0.,0.));
#2150=DIRECTION('ref_axis',(0.,1.,0.));
#2151=DIRECTION('center_axis',(1.,0.,0.));
#2152=DIRECTION('ref_axis',(0.,1.,0.));
#2153=DIRECTION('',(0.,-1.,0.));
#2154=DIRECTION('center_axis',(1.,0.,0.));
#2155=DIRECTION('ref_axis',(0.,1.,0.));
#2156=DIRECTION('',(1.,0.,0.));
#2157=DIRECTION('center_axis',(1.,0.,0.));
#2158=DIRECTION('ref_axis',(0.,1.,0.));
#2159=DIRECTION('',(1.,0.,0.));
#2160=DIRECTION('center_axis',(0.,0.,-1.));
#2161=DIRECTION('ref_axis',(0.,1.,0.));
#2162=DIRECTION('',(0.,-1.,0.));
#2163=DIRECTION('',(1.,0.,0.));
#2164=DIRECTION('center_axis',(1.,0.,0.));
#2165=DIRECTION('ref_axis',(0.,-0.999999970197675,-0.000244140633071939));
#2166=DIRECTION('',(1.,0.,0.));
#2167=DIRECTION('center_axis',(1.,0.,0.));
#2168=DIRECTION('ref_axis',(0.,1.,0.));
#2169=DIRECTION('center_axis',(0.,0.,-1.));
#2170=DIRECTION('ref_axis',(0.,1.,0.));
#2171=DIRECTION('',(1.,0.,0.));
#2172=DIRECTION('',(0.,-1.,0.));
#2173=DIRECTION('center_axis',(1.,0.,0.));
#2174=DIRECTION('ref_axis',(0.,1.,0.));
#2175=DIRECTION('center_axis',(1.,0.,0.));
#2176=DIRECTION('ref_axis',(0.,1.,0.));
#2177=DIRECTION('',(1.,0.,0.));
#2178=DIRECTION('center_axis',(1.,0.,0.));
#2179=DIRECTION('ref_axis',(0.,1.,0.));
#2180=DIRECTION('center_axis',(1.,0.,0.));
#2181=DIRECTION('ref_axis',(0.,1.,0.));
#2182=DIRECTION('center_axis',(1.,0.,0.));
#2183=DIRECTION('ref_axis',(0.,1.,0.));
#2184=DIRECTION('center_axis',(1.,0.,0.));
#2185=DIRECTION('ref_axis',(0.,1.,0.));
#2186=DIRECTION('center_axis',(1.,0.,0.));
#2187=DIRECTION('ref_axis',(0.,1.,0.));
#2188=DIRECTION('center_axis',(1.,0.,0.));
#2189=DIRECTION('ref_axis',(0.,1.,0.));
#2190=DIRECTION('center_axis',(1.,0.,0.));
#2191=DIRECTION('ref_axis',(0.,-1.,1.22464679914735E-16));
#2192=DIRECTION('center_axis',(1.,0.,0.));
#2193=DIRECTION('ref_axis',(0.,1.,0.));
#2194=DIRECTION('',(1.,0.,0.));
#2195=DIRECTION('',(1.,0.,0.));
#2196=DIRECTION('center_axis',(1.,0.,0.));
#2197=DIRECTION('ref_axis',(0.,1.,0.));
#2198=DIRECTION('center_axis',(1.,0.,0.));
#2199=DIRECTION('ref_axis',(0.,1.,0.));
#2200=DIRECTION('center_axis',(1.,0.,0.));
#2201=DIRECTION('ref_axis',(0.,0.,-1.));
#2202=DIRECTION('center_axis',(-1.,0.,0.));
#2203=DIRECTION('ref_axis',(0.,0.,1.));
#2204=DIRECTION('center_axis',(-1.,0.,0.));
#2205=DIRECTION('ref_axis',(0.,1.,0.));
#2206=DIRECTION('center_axis',(-1.,0.,0.));
#2207=DIRECTION('ref_axis',(0.,1.,0.));
#2208=DIRECTION('center_axis',(1.,0.,0.));
#2209=DIRECTION('ref_axis',(0.,1.,0.));
#2210=DIRECTION('',(1.,0.,0.));
#2211=DIRECTION('center_axis',(1.,0.,0.));
#2212=DIRECTION('ref_axis',(0.,1.,0.));
#2213=DIRECTION('',(1.,0.,0.));
#2214=DIRECTION('center_axis',(1.,0.,0.));
#2215=DIRECTION('ref_axis',(0.,-1.,1.22464679914735E-16));
#2216=DIRECTION('center_axis',(1.,0.,0.));
#2217=DIRECTION('ref_axis',(0.,1.,0.));
#2218=DIRECTION('center_axis',(1.,0.,0.));
#2219=DIRECTION('ref_axis',(0.,1.,0.));
#2220=DIRECTION('center_axis',(1.,0.,0.));
#2221=DIRECTION('ref_axis',(0.,1.,0.));
#2222=DIRECTION('center_axis',(1.,0.,0.));
#2223=DIRECTION('ref_axis',(0.,1.,0.));
#2224=DIRECTION('center_axis',(1.,0.,0.));
#2225=DIRECTION('ref_axis',(0.,1.,0.));
#2226=DIRECTION('center_axis',(1.,0.,0.));
#2227=DIRECTION('ref_axis',(0.,1.,0.));
#2228=DIRECTION('center_axis',(-1.,0.,0.));
#2229=DIRECTION('ref_axis',(0.,1.,0.));
#2230=DIRECTION('',(1.,0.,0.));
#2231=DIRECTION('',(1.,0.,0.));
#2232=DIRECTION('center_axis',(1.,0.,0.));
#2233=DIRECTION('ref_axis',(0.,-1.,1.22464679914735E-16));
#2234=DIRECTION('center_axis',(-1.,0.,0.));
#2235=DIRECTION('ref_axis',(0.,1.,0.));
#2236=DIRECTION('center_axis',(-1.,0.,0.));
#2237=DIRECTION('ref_axis',(0.,0.,1.));
#2238=DIRECTION('center_axis',(-1.,0.,0.));
#2239=DIRECTION('ref_axis',(0.,0.,1.));
#2240=DIRECTION('',(0.,0.,-1.));
#2241=DIRECTION('',(0.,1.,0.));
#2242=DIRECTION('',(0.,1.,0.));
#2243=DIRECTION('',(0.,0.,1.));
#2244=DIRECTION('',(0.,-1.,0.));
#2245=DIRECTION('center_axis',(0.,-1.,0.));
#2246=DIRECTION('ref_axis',(0.,0.,-1.));
#2247=DIRECTION('',(1.,0.,0.));
#2248=DIRECTION('',(0.,0.,1.));
#2249=DIRECTION('',(1.,0.,0.));
#2250=DIRECTION('center_axis',(0.,0.,-1.));
#2251=DIRECTION('ref_axis',(0.,1.,0.));
#2252=DIRECTION('',(0.,-1.,0.));
#2253=DIRECTION('',(1.,0.,0.));
#2254=DIRECTION('center_axis',(0.,1.,0.));
#2255=DIRECTION('ref_axis',(0.,0.,1.));
#2256=DIRECTION('',(0.,0.,-1.));
#2257=DIRECTION('',(1.,0.,0.));
#2258=DIRECTION('center_axis',(0.,0.,1.));
#2259=DIRECTION('ref_axis',(0.,-1.,0.));
#2260=DIRECTION('',(1.,0.,0.));
#2261=DIRECTION('',(0.,1.,0.));
#2262=DIRECTION('center_axis',(0.,0.,1.));
#2263=DIRECTION('ref_axis',(0.,-1.,0.));
#2264=DIRECTION('',(0.,1.,0.));
#2265=DIRECTION('center_axis',(1.,0.,0.));
#2266=DIRECTION('ref_axis',(0.,1.,0.));
#2267=DIRECTION('center_axis',(1.,0.,0.));
#2268=DIRECTION('ref_axis',(0.,1.,0.));
#2269=DIRECTION('center_axis',(-1.,0.,0.));
#2270=DIRECTION('ref_axis',(0.,1.,0.));
#2271=DIRECTION('center_axis',(-1.,0.,0.));
#2272=DIRECTION('ref_axis',(0.,1.,0.));
#2273=DIRECTION('',(0.,1.,0.));
#2274=DIRECTION('center_axis',(-1.,0.,0.));
#2275=DIRECTION('ref_axis',(0.,1.,0.));
#2276=DIRECTION('',(0.,1.,0.));
#2277=DIRECTION('center_axis',(1.,0.,0.));
#2278=DIRECTION('ref_axis',(0.,1.,0.));
#2279=DIRECTION('center_axis',(-1.,0.,0.));
#2280=DIRECTION('ref_axis',(0.,1.,0.));
#2281=DIRECTION('',(1.,0.,0.));
#2282=DIRECTION('',(1.,0.,0.));
#2283=DIRECTION('center_axis',(1.,0.,0.));
#2284=DIRECTION('ref_axis',(0.,1.,0.));
#2285=DIRECTION('center_axis',(-1.,0.,0.));
#2286=DIRECTION('ref_axis',(0.,1.,0.));
#2287=DIRECTION('',(1.,0.,0.));
#2288=DIRECTION('',(1.,0.,0.));
#2289=DIRECTION('center_axis',(0.,0.,-1.));
#2290=DIRECTION('ref_axis',(0.,1.,0.));
#2291=DIRECTION('',(0.,1.,0.));
#2292=DIRECTION('',(1.,0.,0.));
#2293=DIRECTION('center_axis',(1.,0.,0.));
#2294=DIRECTION('ref_axis',(0.,1.,0.));
#2295=DIRECTION('center_axis',(-1.,0.,0.));
#2296=DIRECTION('ref_axis',(0.,1.,0.));
#2297=DIRECTION('center_axis',(0.,0.,-1.));
#2298=DIRECTION('ref_axis',(0.,1.,0.));
#2299=DIRECTION('',(0.,1.,0.));
#2300=DIRECTION('center_axis',(1.,0.,0.));
#2301=DIRECTION('ref_axis',(0.,0.,-1.));
#2302=DIRECTION('center_axis',(1.,0.,0.));
#2303=DIRECTION('ref_axis',(0.,0.,-1.));
#2304=DIRECTION('center_axis',(1.,0.,0.));
#2305=DIRECTION('ref_axis',(0.,1.,0.));
#2306=DIRECTION('',(0.,1.,0.));
#2307=DIRECTION('center_axis',(-1.,0.,0.));
#2308=DIRECTION('ref_axis',(0.,1.,0.));
#2309=DIRECTION('center_axis',(-1.,0.,0.));
#2310=DIRECTION('ref_axis',(0.,1.,0.));
#2311=DIRECTION('',(0.,1.,0.));
#2312=DIRECTION('center_axis',(1.,0.,0.));
#2313=DIRECTION('ref_axis',(0.,1.,0.));
#2314=DIRECTION('center_axis',(1.,0.,0.));
#2315=DIRECTION('ref_axis',(0.,1.,0.));
#2316=DIRECTION('',(1.,0.,0.));
#2317=DIRECTION('center_axis',(1.,0.,0.));
#2318=DIRECTION('ref_axis',(0.,1.,0.));
#2319=DIRECTION('',(1.,0.,0.));
#2320=DIRECTION('center_axis',(0.,0.,-1.));
#2321=DIRECTION('ref_axis',(0.,1.,0.));
#2322=DIRECTION('',(1.,0.,0.));
#2323=DIRECTION('',(0.,1.,0.));
#2324=DIRECTION('center_axis',(1.,0.,0.));
#2325=DIRECTION('ref_axis',(0.,1.,0.));
#2326=DIRECTION('',(1.,0.,0.));
#2327=DIRECTION('center_axis',(-1.,0.,0.));
#2328=DIRECTION('ref_axis',(0.,1.,0.));
#2329=DIRECTION('center_axis',(0.,0.,-1.));
#2330=DIRECTION('ref_axis',(0.,1.,0.));
#2331=DIRECTION('',(1.,0.,0.));
#2332=DIRECTION('',(0.,1.,0.));
#2333=DIRECTION('',(1.,0.,0.));
#2334=DIRECTION('center_axis',(1.,0.,0.));
#2335=DIRECTION('ref_axis',(0.,1.,0.));
#2336=DIRECTION('center_axis',(-1.,0.,0.));
#2337=DIRECTION('ref_axis',(0.,1.,0.));
#2338=DIRECTION('center_axis',(1.,0.,0.));
#2339=DIRECTION('ref_axis',(0.,-0.999999970197675,-0.000244140633071939));
#2340=DIRECTION('center_axis',(1.,0.,0.));
#2341=DIRECTION('ref_axis',(0.,1.,0.));
#2342=DIRECTION('center_axis',(1.,0.,0.));
#2343=DIRECTION('ref_axis',(0.,1.,0.));
#2344=DIRECTION('center_axis',(1.,0.,0.));
#2345=DIRECTION('ref_axis',(0.,1.,0.));
#2346=DIRECTION('center_axis',(1.,0.,0.));
#2347=DIRECTION('ref_axis',(0.,1.,0.));
#2348=DIRECTION('',(0.,-1.,0.));
#2349=DIRECTION('center_axis',(1.,0.,0.));
#2350=DIRECTION('ref_axis',(0.,1.,0.));
#2351=DIRECTION('',(0.,-1.,0.));
#2352=DIRECTION('center_axis',(1.,0.,0.));
#2353=DIRECTION('ref_axis',(0.,1.,0.));
#2354=DIRECTION('center_axis',(0.,0.,-1.));
#2355=DIRECTION('ref_axis',(0.,1.,0.));
#2356=DIRECTION('',(0.,-1.,0.));
#2357=DIRECTION('',(1.,0.,0.));
#2358=DIRECTION('',(1.,0.,0.));
#2359=DIRECTION('center_axis',(1.,0.,0.));
#2360=DIRECTION('ref_axis',(0.,1.,0.));
#2361=DIRECTION('center_axis',(1.,0.,0.));
#2362=DIRECTION('ref_axis',(0.,1.,0.));
#2363=DIRECTION('',(1.,0.,0.));
#2364=DIRECTION('center_axis',(1.,0.,0.));
#2365=DIRECTION('ref_axis',(0.,1.,0.));
#2366=DIRECTION('center_axis',(1.,0.,0.));
#2367=DIRECTION('ref_axis',(0.,1.,0.));
#2368=DIRECTION('',(1.,0.,0.));
#2369=DIRECTION('center_axis',(0.,0.,-1.));
#2370=DIRECTION('ref_axis',(0.,1.,0.));
#2371=DIRECTION('',(0.,-1.,0.));
#2372=DIRECTION('',(1.,0.,0.));
#2373=DIRECTION('center_axis',(1.,0.,0.));
#2374=DIRECTION('ref_axis',(0.,1.,0.));
#2375=DIRECTION('center_axis',(1.,0.,0.));
#2376=DIRECTION('ref_axis',(0.,1.,0.));
#2377=DIRECTION('center_axis',(-1.,0.,0.));
#2378=DIRECTION('ref_axis',(0.,0.,1.));
#2379=DIRECTION('center_axis',(1.,0.,0.));
#2380=DIRECTION('ref_axis',(0.,0.,-1.));
#2381=DIRECTION('center_axis',(1.,0.,0.));
#2382=DIRECTION('ref_axis',(0.,1.,0.));
#2383=DIRECTION('center_axis',(1.,0.,0.));
#2384=DIRECTION('ref_axis',(0.,1.,0.));
#2385=DIRECTION('center_axis',(1.,0.,0.));
#2386=DIRECTION('ref_axis',(0.,1.,0.));
#2387=DIRECTION('',(1.,0.,0.));
#2388=DIRECTION('center_axis',(1.,0.,0.));
#2389=DIRECTION('ref_axis',(0.,1.,0.));
#2390=DIRECTION('',(1.,0.,0.));
#2391=DIRECTION('center_axis',(1.,0.,0.));
#2392=DIRECTION('ref_axis',(0.,-1.,1.22464679914735E-16));
#2393=DIRECTION('center_axis',(1.,0.,0.));
#2394=DIRECTION('ref_axis',(0.,1.,0.));
#2395=DIRECTION('center_axis',(1.,0.,0.));
#2396=DIRECTION('ref_axis',(0.,1.,0.));
#2397=DIRECTION('center_axis',(1.,0.,0.));
#2398=DIRECTION('ref_axis',(0.,1.,0.));
#2399=DIRECTION('center_axis',(1.,0.,0.));
#2400=DIRECTION('ref_axis',(0.,1.,0.));
#2401=DIRECTION('center_axis',(1.,0.,0.));
#2402=DIRECTION('ref_axis',(0.,1.,0.));
#2403=DIRECTION('',(0.,-1.,0.));
#2404=DIRECTION('center_axis',(1.,0.,0.));
#2405=DIRECTION('ref_axis',(0.,1.,0.));
#2406=DIRECTION('center_axis',(1.,0.,0.));
#2407=DIRECTION('ref_axis',(0.,1.,0.));
#2408=DIRECTION('',(1.,0.,0.));
#2409=DIRECTION('',(1.,0.,0.));
#2410=DIRECTION('center_axis',(0.,0.,1.));
#2411=DIRECTION('ref_axis',(0.,-1.,0.));
#2412=DIRECTION('',(0.,-1.,0.));
#2413=DIRECTION('',(1.,0.,0.));
#2414=DIRECTION('center_axis',(1.,0.,0.));
#2415=DIRECTION('ref_axis',(0.,-0.999948908158753,-0.0101084653691098));
#2416=DIRECTION('center_axis',(1.,0.,0.));
#2417=DIRECTION('ref_axis',(0.,1.,0.));
#2418=DIRECTION('center_axis',(1.,0.,0.));
#2419=DIRECTION('ref_axis',(0.,0.,-1.));
#2420=DIRECTION('center_axis',(1.,0.,0.));
#2421=DIRECTION('ref_axis',(0.,0.,-1.));
#2422=DIRECTION('',(0.,0.,1.));
#2423=DIRECTION('',(0.,1.,0.));
#2424=DIRECTION('',(0.,0.,-1.));
#2425=DIRECTION('',(0.,-1.,0.));
#2426=DIRECTION('',(0.,-1.,0.));
#2427=DIRECTION('center_axis',(0.,0.,-1.));
#2428=DIRECTION('ref_axis',(0.,1.,0.));
#2429=DIRECTION('',(1.,0.,0.));
#2430=DIRECTION('',(0.,1.,0.));
#2431=DIRECTION('',(1.,0.,0.));
#2432=DIRECTION('center_axis',(0.,1.,0.));
#2433=DIRECTION('ref_axis',(0.,0.,1.));
#2434=DIRECTION('',(1.,0.,0.));
#2435=DIRECTION('',(0.,0.,1.));
#2436=DIRECTION('center_axis',(0.,0.,1.));
#2437=DIRECTION('ref_axis',(0.,-1.,0.));
#2438=DIRECTION('',(1.,0.,0.));
#2439=DIRECTION('',(0.,-1.,0.));
#2440=DIRECTION('center_axis',(0.,0.,1.));
#2441=DIRECTION('ref_axis',(0.,-1.,0.));
#2442=DIRECTION('',(1.,0.,0.));
#2443=DIRECTION('',(0.,-1.,0.));
#2444=DIRECTION('center_axis',(0.,-1.,0.));
#2445=DIRECTION('ref_axis',(0.,0.,-1.));
#2446=DIRECTION('',(0.,0.,-1.));
#2447=DIRECTION('center_axis',(1.,0.,0.));
#2448=DIRECTION('ref_axis',(0.,0.,-1.));
#2449=DIRECTION('center_axis',(1.,0.,0.));
#2450=DIRECTION('ref_axis',(0.,1.,0.));
#2451=DIRECTION('center_axis',(1.,0.,0.));
#2452=DIRECTION('ref_axis',(0.,1.,0.));
#2453=DIRECTION('',(0.,-1.,0.));
#2454=DIRECTION('center_axis',(1.,0.,0.));
#2455=DIRECTION('ref_axis',(0.,1.,0.));
#2456=DIRECTION('center_axis',(0.,0.,1.));
#2457=DIRECTION('ref_axis',(0.,-1.,0.));
#2458=DIRECTION('',(0.,1.,0.));
#2459=DIRECTION('',(1.,0.,0.));
#2460=DIRECTION('',(1.,0.,0.));
#2461=DIRECTION('center_axis',(1.,0.,0.));
#2462=DIRECTION('ref_axis',(0.,1.,0.));
#2463=DIRECTION('center_axis',(-1.,0.,0.));
#2464=DIRECTION('ref_axis',(0.,1.,0.));
#2465=DIRECTION('',(1.,0.,0.));
#2466=DIRECTION('center_axis',(1.,0.,0.));
#2467=DIRECTION('ref_axis',(0.,-0.999948908158753,-0.0101084653691098));
#2468=DIRECTION('center_axis',(-1.,0.,0.));
#2469=DIRECTION('ref_axis',(0.,1.,0.));
#2470=DIRECTION('center_axis',(-1.,0.,0.));
#2471=DIRECTION('ref_axis',(0.,0.,1.));
#2472=DIRECTION('center_axis',(1.,0.,0.));
#2473=DIRECTION('ref_axis',(0.,0.,-1.));
#2474=DIRECTION('',(0.,0.,1.));
#2475=DIRECTION('',(0.,1.,-1.4901159417491E-8));
#2476=DIRECTION('',(0.,0.,-1.));
#2477=DIRECTION('',(0.,-1.,0.));
#2478=DIRECTION('',(0.,-1.,0.));
#2479=DIRECTION('center_axis',(0.,-1.,0.));
#2480=DIRECTION('ref_axis',(0.,0.,-1.));
#2481=DIRECTION('',(1.,0.,0.));
#2482=DIRECTION('',(0.,0.,-1.));
#2483=DIRECTION('',(1.,0.,0.));
#2484=DIRECTION('center_axis',(0.,0.,1.));
#2485=DIRECTION('ref_axis',(0.,-1.,0.));
#2486=DIRECTION('',(0.,-1.,0.));
#2487=DIRECTION('',(1.,0.,0.));
#2488=DIRECTION('center_axis',(0.,1.,0.));
#2489=DIRECTION('ref_axis',(0.,0.,1.));
#2490=DIRECTION('',(1.,0.,0.));
#2491=DIRECTION('',(0.,0.,1.));
#2492=DIRECTION('',(1.,0.,0.));
#2493=DIRECTION('center_axis',(0.,-1.4901159417491E-8,-1.));
#2494=DIRECTION('ref_axis',(0.,1.,-1.4901159417491E-8));
#2495=DIRECTION('',(0.,1.,-1.4901159417491E-8));
#2496=DIRECTION('center_axis',(0.,0.,1.));
#2497=DIRECTION('ref_axis',(0.,-1.,0.));
#2498=DIRECTION('',(0.,-1.,0.));
#2499=DIRECTION('center_axis',(1.,0.,0.));
#2500=DIRECTION('ref_axis',(0.,0.,-1.));
#2501=DIRECTION('center_axis',(1.,0.,0.));
#2502=DIRECTION('ref_axis',(0.,1.,0.));
#2503=DIRECTION('',(0.,1.,0.));
#2504=DIRECTION('',(0.,1.,0.));
#2505=DIRECTION('',(0.,0.,1.));
#2506=DIRECTION('',(0.,-1.,1.4901159417491E-8));
#2507=DIRECTION('',(0.,0.,-1.));
#2508=DIRECTION('center_axis',(0.,0.,1.));
#2509=DIRECTION('ref_axis',(0.,-1.,0.));
#2510=DIRECTION('',(0.,1.,0.));
#2511=DIRECTION('',(1.,0.,0.));
#2512=DIRECTION('',(1.,0.,0.));
#2513=DIRECTION('center_axis',(0.,0.,1.));
#2514=DIRECTION('ref_axis',(0.,-1.,0.));
#2515=DIRECTION('',(0.,1.,0.));
#2516=DIRECTION('',(1.,0.,0.));
#2517=DIRECTION('center_axis',(0.,-1.,0.));
#2518=DIRECTION('ref_axis',(0.,0.,-1.));
#2519=DIRECTION('',(0.,0.,1.));
#2520=DIRECTION('',(1.,0.,0.));
#2521=DIRECTION('center_axis',(0.,-1.4901159417491E-8,-1.));
#2522=DIRECTION('ref_axis',(0.,1.,-1.4901159417491E-8));
#2523=DIRECTION('',(0.,-1.,1.4901159417491E-8));
#2524=DIRECTION('',(1.,0.,0.));
#2525=DIRECTION('center_axis',(0.,1.,0.));
#2526=DIRECTION('ref_axis',(0.,0.,1.));
#2527=DIRECTION('',(0.,0.,-1.));
#2528=DIRECTION('center_axis',(-1.,0.,0.));
#2529=DIRECTION('ref_axis',(0.,0.,1.));
#2530=CARTESIAN_POINT('',(0.,0.,0.));
#2531=CARTESIAN_POINT('Origin',(6.52876493504183,-6.5,3.27695512986523));
#2532=CARTESIAN_POINT('',(6.52876493504183,-6.5,3.07695512688498));
#2533=CARTESIAN_POINT('',(6.52876493504183,-6.25000009313226,2.9427863644035));
#2534=CARTESIAN_POINT('Origin',(6.52876493504183,-6.50000009685755,2.77695512241465));
#2535=CARTESIAN_POINT('',(6.52876493504183,-6.5,3.27695512986523));
#2536=CARTESIAN_POINT('',(6.52876493504183,-6.5,4.52695514849169));
#2537=CARTESIAN_POINT('',(6.52876493504183,-6.,3.27695508516175));
#2538=CARTESIAN_POINT('',(6.52876493504183,-6.5,3.27695512986523));
#2539=CARTESIAN_POINT('',(6.52876493504183,-6.,3.07695512688499));
#2540=CARTESIAN_POINT('',(6.52876493504183,-6.,3.17695512837511));
#2541=CARTESIAN_POINT('Origin',(6.52876493504183,-6.00000008940697,2.77695512241465));
#2542=CARTESIAN_POINT('Origin',(6.52876493504183,-6.5,3.27695512986523));
#2543=CARTESIAN_POINT('',(6.52876493504183,-3.5,3.07695512688499));
#2544=CARTESIAN_POINT('',(6.52876493504183,-3.50000002607703,3.27695512986523));
#2545=CARTESIAN_POINT('',(6.52876493504183,-3.5,3.17695512837511));
#2546=CARTESIAN_POINT('',(6.52876493504183,-3.75000005587935,2.9427863644035));
#2547=CARTESIAN_POINT('Origin',(6.52876493504183,-3.50000005215406,2.77695512241465));
#2548=CARTESIAN_POINT('',(6.52876493504183,-4.00000005960464,3.076955126885));
#2549=CARTESIAN_POINT('Origin',(6.52876493504183,-4.00000005960464,2.77695512241465));
#2550=CARTESIAN_POINT('',(6.52876493504183,-4.00000005960464,3.27695508516175));
#2551=CARTESIAN_POINT('',(6.52876493504183,-4.00000005960464,3.27695510751349));
#2552=CARTESIAN_POINT('',(6.52876493504183,-6.5,3.27695512986523));
#2553=CARTESIAN_POINT('Origin',(4.52876490523951,-6.5,0.776955085161747));
#2554=CARTESIAN_POINT('',(4.52876490523951,-6.25000009313226,2.9427863644035));
#2555=CARTESIAN_POINT('',(4.52876490523951,-6.5,3.07695512688498));
#2556=CARTESIAN_POINT('Origin',(4.52876490523951,-6.50000009685755,2.77695512241465));
#2557=CARTESIAN_POINT('',(4.52876490523951,-6.,3.07695512688499));
#2558=CARTESIAN_POINT('Origin',(4.52876490523951,-6.00000008940697,2.77695512241465));
#2559=CARTESIAN_POINT('',(4.52876490523951,-6.,3.27695512986523));
#2560=CARTESIAN_POINT('',(4.52876490523951,-6.,1.92695510602337));
#2561=CARTESIAN_POINT('',(4.52876490523951,-6.5,3.27695512986523));
#2562=CARTESIAN_POINT('',(4.52876490523951,-6.5,3.27695512986523));
#2563=CARTESIAN_POINT('',(4.52876490523951,-6.5,3.27695512613995));
#2564=CARTESIAN_POINT('Origin',(4.52876490523951,-6.5,0.776955085161747));
#2565=CARTESIAN_POINT('',(4.52876490523951,-3.50000002607703,3.27695512986523));
#2566=CARTESIAN_POINT('',(4.52876490523951,-3.5,3.07695512688499));
#2567=CARTESIAN_POINT('',(4.52876490523951,-3.5,1.92695510602337));
#2568=CARTESIAN_POINT('',(4.52876490523951,-4.00000005960464,3.27695512986523));
#2569=CARTESIAN_POINT('',(4.52876490523951,-6.5,3.27695512986523));
#2570=CARTESIAN_POINT('',(4.52876490523951,-4.00000005960464,3.076955126885));
#2571=CARTESIAN_POINT('',(4.52876490523951,-4.00000005960464,2.02695508516175));
#2572=CARTESIAN_POINT('',(4.52876490523951,-3.75000005587935,2.9427863644035));
#2573=CARTESIAN_POINT('Origin',(4.52876490523951,-4.00000005960464,2.77695512241465));
#2574=CARTESIAN_POINT('Origin',(4.52876490523951,-3.50000005215406,2.77695512241465));
#2575=CARTESIAN_POINT('Origin',(4.02876489778893,-6.50000009685755,2.77695512241465));
#2576=CARTESIAN_POINT('',(4.02876489778893,-6.5,3.07695512688498));
#2577=CARTESIAN_POINT('',(4.02876489778893,-6.5,3.07695512688498));
#2578=CARTESIAN_POINT('',(4.02876489778893,-6.25000009313226,2.9427863644035));
#2579=CARTESIAN_POINT('Origin',(4.02876489778893,-6.50000009685755,2.77695512241465));
#2580=CARTESIAN_POINT('',(4.02876489778893,-6.25000009313226,2.9427863644035));
#2581=CARTESIAN_POINT('Origin',(4.02876489778893,-6.50000009685755,2.77695512241465));
#2582=CARTESIAN_POINT('',(7.02876489778893,-6.25000009313226,2.9427863644035));
#2583=CARTESIAN_POINT('',(4.02876489778893,-6.25000009313226,2.9427863644035));
#2584=CARTESIAN_POINT('',(7.02876489778893,-6.5,3.07695512688498));
#2585=CARTESIAN_POINT('Origin',(7.02876489778893,-6.50000009685755,2.77695512241465));
#2586=CARTESIAN_POINT('',(4.02876489778893,-6.5,3.07695512688498));
#2587=CARTESIAN_POINT('Origin',(4.02876489778893,-6.00000008940697,2.77695512241465));
#2588=CARTESIAN_POINT('',(4.02876489778893,-6.,3.07695512688499));
#2589=CARTESIAN_POINT('Origin',(4.02876489778893,-6.00000008940697,2.77695512241465));
#2590=CARTESIAN_POINT('',(4.02876489778893,-6.,3.07695512688499));
#2591=CARTESIAN_POINT('Origin',(4.02876489778893,-6.00000008940697,2.77695512241465));
#2592=CARTESIAN_POINT('',(7.02876489778893,-6.,3.07695512688499));
#2593=CARTESIAN_POINT('',(4.02876489778893,-6.,3.07695512688499));
#2594=CARTESIAN_POINT('Origin',(7.02876489778893,-6.00000008940697,2.77695512241465));
#2595=CARTESIAN_POINT('Origin',(4.02876489778893,-6.,3.07695512688499));
#2596=CARTESIAN_POINT('',(4.02876489778893,-6.,3.27695508516175));
#2597=CARTESIAN_POINT('',(4.02876489778893,-6.,3.27695508516175));
#2598=CARTESIAN_POINT('',(4.02876489778893,-6.,3.27695508516175));
#2599=CARTESIAN_POINT('Origin',(4.02876489778893,-6.,3.07695512688499));
#2600=CARTESIAN_POINT('',(7.02876489778893,-6.,3.27695508516175));
#2601=CARTESIAN_POINT('',(4.02876489778893,-6.,3.27695508516175));
#2602=CARTESIAN_POINT('',(7.02876489778893,-6.,3.27695508516175));
#2603=CARTESIAN_POINT('Origin',(4.02876489778893,-6.,3.27695508516175));
#2604=CARTESIAN_POINT('',(7.02876489778893,-4.00000005960464,3.27695508516175));
#2605=CARTESIAN_POINT('',(4.02876489778893,-4.00000005960464,3.27695508516175));
#2606=CARTESIAN_POINT('',(7.02876489778893,-3.5,3.27695508516175));
#2607=CARTESIAN_POINT('',(4.27876490151422,-6.5,3.27695512986523));
#2608=CARTESIAN_POINT('',(4.02876489778893,-4.00000005960464,3.27695508516175));
#2609=CARTESIAN_POINT('',(4.02876489778893,-3.5,3.27695508516175));
#2610=CARTESIAN_POINT('',(4.02876489778893,-4.00000005960464,3.27695508516175));
#2611=CARTESIAN_POINT('',(4.02876489778893,-3.5,3.27695508516175));
#2612=CARTESIAN_POINT('Origin',(4.02876489778893,-3.5,3.07695512688499));
#2613=CARTESIAN_POINT('',(4.02876489778893,-3.5,3.07695512688499));
#2614=CARTESIAN_POINT('',(4.02876489778893,-3.5,3.07695512688499));
#2615=CARTESIAN_POINT('',(4.02876489778893,-3.5,3.27695508516175));
#2616=CARTESIAN_POINT('',(4.02876489778893,-3.5,0.776955085161747));
#2617=CARTESIAN_POINT('',(4.02876489778893,-3.5,3.27695508516175));
#2618=CARTESIAN_POINT('Origin',(4.02876489778893,-3.5,3.07695512688499));
#2619=CARTESIAN_POINT('',(7.02876489778893,-3.5,3.27695508516175));
#2620=CARTESIAN_POINT('',(4.02876489778893,-3.5,3.27695508516175));
#2621=CARTESIAN_POINT('',(7.02876489778893,-3.5,3.07695512688499));
#2622=CARTESIAN_POINT('',(7.02876489778893,-3.5,0.776955085161747));
#2623=CARTESIAN_POINT('',(4.02876489778893,-3.5,3.07695512688499));
#2624=CARTESIAN_POINT('Origin',(4.02876489778893,-4.00000005960464,3.27695508516175));
#2625=CARTESIAN_POINT('',(4.02876489778893,-4.00000005960464,3.076955126885));
#2626=CARTESIAN_POINT('',(4.02876489778893,-4.00000005960464,3.27695508516175));
#2627=CARTESIAN_POINT('',(4.02876489778893,-4.00000005960464,3.076955126885));
#2628=CARTESIAN_POINT('Origin',(4.02876489778893,-3.50000005215406,2.77695512241465));
#2629=CARTESIAN_POINT('',(4.02876489778893,-3.75000005587935,2.9427863644035));
#2630=CARTESIAN_POINT('',(4.02876489778893,-3.75000005587935,2.9427863644035));
#2631=CARTESIAN_POINT('Origin',(4.02876489778893,-3.50000005215406,2.77695512241465));
#2632=CARTESIAN_POINT('Origin',(4.02876489778893,-3.50000005215406,2.77695512241465));
#2633=CARTESIAN_POINT('',(7.02876489778893,-3.75000005587935,2.9427863644035));
#2634=CARTESIAN_POINT('Origin',(7.02876489778893,-3.50000005215406,2.77695512241465));
#2635=CARTESIAN_POINT('',(4.02876489778893,-3.75000005587935,2.9427863644035));
#2636=CARTESIAN_POINT('Origin',(4.02876489778893,-4.00000005960464,2.77695512241465));
#2637=CARTESIAN_POINT('Origin',(4.02876489778893,-4.00000005960464,2.77695512241465));
#2638=CARTESIAN_POINT('Origin',(4.02876489778893,-6.5,5.77695516711815));
#2639=CARTESIAN_POINT('',(7.02876489778893,-6.5,5.77695516711815));
#2640=CARTESIAN_POINT('',(7.02876489778893,-6.5,0.776955085161747));
#2641=CARTESIAN_POINT('',(4.02876489778893,-6.5,5.77695516711815));
#2642=CARTESIAN_POINT('',(4.02876489778893,-6.5,5.77695516711815));
#2643=CARTESIAN_POINT('',(4.02876489778893,-6.5,0.776955085161747));
#2644=CARTESIAN_POINT('Origin',(4.02876489778893,-6.50000009685755,6.0269551671178));
#2645=CARTESIAN_POINT('',(4.02876489778893,-6.49999999999998,6.27695517456871));
#2646=CARTESIAN_POINT('Origin',(4.02876489778893,-6.50000009685755,6.0269551671178));
#2647=CARTESIAN_POINT('',(7.02876489778893,-6.49999999999998,6.27695517456871));
#2648=CARTESIAN_POINT('Origin',(7.02876489778893,-6.50000009685755,6.0269551671178));
#2649=CARTESIAN_POINT('',(4.02876489778893,-6.49999999999998,6.27695517456871));
#2650=CARTESIAN_POINT('Origin',(4.02876489778893,-6.50000009685755,5.77695516711813));
#2651=CARTESIAN_POINT('',(4.02876489778893,-6.00000008940697,5.77695516711813));
#2652=CARTESIAN_POINT('Origin',(4.02876489778893,-6.50000009685755,5.77695516711813));
#2653=CARTESIAN_POINT('',(7.02876489778893,-6.00000008940697,5.77695516711813));
#2654=CARTESIAN_POINT('Origin',(7.02876489778893,-6.50000009685755,5.77695516711813));
#2655=CARTESIAN_POINT('',(4.02876489778893,-6.00000008940697,5.77695516711813));
#2656=CARTESIAN_POINT('Origin',(4.02876489778893,-6.00000008940697,3.77695513731581));
#2657=CARTESIAN_POINT('',(4.02876489778893,-6.00000008940697,3.77695513731581));
#2658=CARTESIAN_POINT('',(4.02876489778893,-6.00000008940697,6.27695517456872));
#2659=CARTESIAN_POINT('',(7.02876489778893,-6.00000008940697,3.77695513731581));
#2660=CARTESIAN_POINT('',(7.02876489778893,-6.00000008940697,6.27695517456872));
#2661=CARTESIAN_POINT('',(4.02876489778893,-6.00000008940697,3.77695513731581));
#2662=CARTESIAN_POINT('Origin',(4.02876489778893,-3.50000005215406,3.77695513731581));
#2663=CARTESIAN_POINT('',(4.02876489778893,-3.50000005215406,3.77695513731581));
#2664=CARTESIAN_POINT('',(4.02876489778893,-6.00000008940697,3.77695513731581));
#2665=CARTESIAN_POINT('',(7.02876489778893,-3.50000005215406,3.77695513731581));
#2666=CARTESIAN_POINT('',(7.02876489778893,-6.00000008940697,3.77695513731581));
#2667=CARTESIAN_POINT('',(4.02876489778893,-3.50000005215406,3.77695513731581));
#2668=CARTESIAN_POINT('Origin',(4.02876489778893,-3.50000002607703,3.52695511123878));
#2669=CARTESIAN_POINT('Origin',(4.02876489778893,-3.50000002607703,3.52695511123878));
#2670=CARTESIAN_POINT('Origin',(7.02876489778893,-3.50000002607703,3.52695511123878));
#2671=CARTESIAN_POINT('Origin',(4.02876489778893,-4.00000005960464,2.77695512241465));
#2672=CARTESIAN_POINT('',(7.02876489778893,-4.00000005960464,3.076955126885));
#2673=CARTESIAN_POINT('Origin',(7.02876489778893,-4.00000005960464,2.77695512241465));
#2674=CARTESIAN_POINT('',(4.02876489778893,-4.00000005960464,3.076955126885));
#2675=CARTESIAN_POINT('Origin',(4.02876489778893,-4.00000005960464,3.27695508516175));
#2676=CARTESIAN_POINT('',(7.02876489778893,-4.00000005960464,3.27695508516175));
#2677=CARTESIAN_POINT('Origin',(7.02876489778893,-5.00000004842861,4.6098707694861));
#2678=CARTESIAN_POINT('Origin',(4.02876489778893,-5.00000004842861,4.6098707694861));
#2679=CARTESIAN_POINT('Origin',(4.52876490523951,-6.5,0.776955085161747));
#2680=CARTESIAN_POINT('',(4.52876490523951,-6.25000009313226,2.0269550460462));
#2681=CARTESIAN_POINT('',(4.52876490523951,-6.25012216346153,2.52695511868936));
#2682=CARTESIAN_POINT('Origin',(4.52876490523951,-6.25000009313226,2.27695511496407));
#2683=CARTESIAN_POINT('',(4.52876490523951,-6.25000009313226,2.52695511868936));
#2684=CARTESIAN_POINT('Origin',(4.52876490523951,-6.25000009313226,2.27695511496407));
#2685=CARTESIAN_POINT('',(4.52876490523951,-6.16583133139582,2.52695511868936));
#2686=CARTESIAN_POINT('',(4.52876490523951,-6.37500004656613,2.52695511868936));
#2687=CARTESIAN_POINT('',(4.52876490523951,-6.25000009313226,2.6111238804258));
#2688=CARTESIAN_POINT('Origin',(4.52876490523951,-6.00000008940697,2.77695512241465));
#2689=CARTESIAN_POINT('',(4.52876490523951,-6.3341688548687,2.52695511868936));
#2690=CARTESIAN_POINT('Origin',(4.52876490523951,-6.50000009685755,2.77695512241465));
#2691=CARTESIAN_POINT('',(4.52876490523951,-6.41708442743435,2.52695511868936));
#2692=CARTESIAN_POINT('Origin',(4.02876489778893,-6.25000009313226,2.27695511496407));
#2693=CARTESIAN_POINT('',(4.02876489778893,-6.25000009313226,2.0269550460462));
#2694=CARTESIAN_POINT('',(4.02876489778893,-6.25000009313226,2.0269550460462));
#2695=CARTESIAN_POINT('',(4.02876489778893,-6.25000009313226,2.52695511868936));
#2696=CARTESIAN_POINT('Origin',(4.02876489778893,-6.25000009313226,2.27695511496407));
#2697=CARTESIAN_POINT('',(4.02876489778893,-6.25000009313226,2.52695511868936));
#2698=CARTESIAN_POINT('Origin',(4.02876489778893,-6.25000009313226,2.52695511868936));
#2699=CARTESIAN_POINT('',(4.02876489778893,-6.16583133139582,2.52695511868936));
#2700=CARTESIAN_POINT('',(4.02876489778893,-5.45000008121133,2.52695511868936));
#2701=CARTESIAN_POINT('',(4.02876489778893,-6.16583133139582,2.52695511868936));
#2702=CARTESIAN_POINT('Origin',(4.02876489778893,-6.25000009313226,2.27695511496407));
#2703=CARTESIAN_POINT('',(4.02876489778893,-6.25012216346153,2.52695511868936));
#2704=CARTESIAN_POINT('',(4.02876489778893,-6.25012216346153,2.52695511868936));
#2705=CARTESIAN_POINT('Origin',(4.02876489778893,-6.25000009313226,2.27695511496407));
#2706=CARTESIAN_POINT('Origin',(4.02876489778893,-6.3341688548687,2.52695511868936));
#2707=CARTESIAN_POINT('',(4.02876489778893,-6.3341688548687,2.52695511868936));
#2708=CARTESIAN_POINT('',(4.02876489778893,-6.3341688548687,2.52695511868936));
#2709=CARTESIAN_POINT('',(4.02876489778893,-5.45000008121133,2.52695511868936));
#2710=CARTESIAN_POINT('Origin',(4.02876489778893,-6.00000008940697,2.77695512241465));
#2711=CARTESIAN_POINT('',(4.02876489778893,-6.25000009313226,2.6111238804258));
#2712=CARTESIAN_POINT('Origin',(4.02876489778893,-6.00000008940697,2.77695512241465));
#2713=CARTESIAN_POINT('',(4.02876489778893,-6.25000009313226,2.6111238804258));
#2714=CARTESIAN_POINT('Origin',(4.02876489778893,-6.50000009685755,2.77695512241465));
#2715=CARTESIAN_POINT('Origin',(4.02876489778893,-6.50000009685755,2.77695512241465));
#2716=CARTESIAN_POINT('Origin',(4.02876489778893,-6.25000009313226,2.31903945112881));
#2717=CARTESIAN_POINT('Origin',(7.02876489778893,-3.75000005587935,2.77695512241465));
#2718=CARTESIAN_POINT('',(7.02876489778893,-3.75000005587935,2.6111238804258));
#2719=CARTESIAN_POINT('',(7.02876489778893,-3.75000005587935,2.9427863644035));
#2720=CARTESIAN_POINT('Origin',(7.02876489778893,-4.00000005960464,2.77695512241465));
#2721=CARTESIAN_POINT('Origin',(7.02876489778893,-3.50000005215406,2.77695512241465));
#2722=CARTESIAN_POINT('Origin',(4.02876489778893,-3.50000005215406,2.77695512241465));
#2723=CARTESIAN_POINT('',(6.52876493504183,-3.75000005587935,2.9427863644035));
#2724=CARTESIAN_POINT('',(6.52876493504183,-3.75000005587935,2.6111238804258));
#2725=CARTESIAN_POINT('Origin',(6.52876493504183,-3.50000005215406,2.77695512241465));
#2726=CARTESIAN_POINT('',(4.02876489778893,-3.75000005587935,2.6111238804258));
#2727=CARTESIAN_POINT('',(4.02876489778893,-3.75000005587935,2.9427863644035));
#2728=CARTESIAN_POINT('Origin',(4.02876489778893,-4.00000005960464,2.77695512241465));
#2729=CARTESIAN_POINT('Origin',(6.52876493504183,-4.00000005960464,2.77695512241465));
#2730=CARTESIAN_POINT('Origin',(6.52876493504183,-6.5,3.27695512986523));
#2731=CARTESIAN_POINT('Origin',(4.52876490523951,-6.5,0.776955085161747));
#2732=CARTESIAN_POINT('',(4.52876490523951,-6.25000009313226,2.6111238804258));
#2733=CARTESIAN_POINT('',(4.52876490523951,-6.25000009313226,2.9427863644035));
#2734=CARTESIAN_POINT('Origin',(4.52876490523951,-6.00000008940697,2.77695512241465));
#2735=CARTESIAN_POINT('Origin',(4.52876490523951,-6.50000009685755,2.77695512241465));
#2736=CARTESIAN_POINT('Origin',(4.02876489778893,-6.50000009685755,2.77695512241465));
#2737=CARTESIAN_POINT('',(4.02876489778893,-6.25000009313226,2.6111238804258));
#2738=CARTESIAN_POINT('',(4.02876489778893,-6.25000009313226,2.6111238804258));
#2739=CARTESIAN_POINT('',(4.02876489778893,-6.25000009313226,2.9427863644035));
#2740=CARTESIAN_POINT('Origin',(4.02876489778893,-6.50000009685755,2.77695512241465));
#2741=CARTESIAN_POINT('',(4.02876489778893,-6.25000009313226,2.9427863644035));
#2742=CARTESIAN_POINT('Origin',(4.02876489778893,-6.00000008940697,2.77695512241465));
#2743=CARTESIAN_POINT('Origin',(4.02876489778893,-6.00000008940697,2.77695512241465));
#2744=CARTESIAN_POINT('Origin',(4.02876489778893,-6.25000009313226,2.77695512241465));
#2745=CARTESIAN_POINT('Origin',(4.02876489778893,-3.75000005587935,2.77695512241465));
#2746=CARTESIAN_POINT('',(4.02876489778893,-3.75000005587935,2.6111238804258));
#2747=CARTESIAN_POINT('',(4.02876489778893,-3.75000005587935,2.9427863644035));
#2748=CARTESIAN_POINT('Origin',(4.02876489778893,-4.00000005960464,2.77695512241465));
#2749=CARTESIAN_POINT('Origin',(4.02876489778893,-3.50000005215406,2.77695512241465));
#2750=CARTESIAN_POINT('Origin',(4.02876489778893,-4.00000005960464,2.77695512241465));
#2751=CARTESIAN_POINT('',(4.52876490523951,-3.75000005587935,2.9427863644035));
#2752=CARTESIAN_POINT('',(4.52876490523951,-3.75000005587935,2.6111238804258));
#2753=CARTESIAN_POINT('Origin',(4.52876490523951,-4.00000005960464,2.77695512241465));
#2754=CARTESIAN_POINT('',(4.02876489778893,-3.75000005587935,2.6111238804258));
#2755=CARTESIAN_POINT('',(4.02876489778893,-3.75000005587935,2.9427863644035));
#2756=CARTESIAN_POINT('Origin',(4.02876489778893,-3.50000005215406,2.77695512241465));
#2757=CARTESIAN_POINT('Origin',(4.52876490523951,-3.50000005215406,2.77695512241465));
#2758=CARTESIAN_POINT('Origin',(4.52876490523951,-6.5,0.776955085161747));
#2759=CARTESIAN_POINT('Origin',(4.52876490523951,-6.5,0.776955085161747));
#2760=CARTESIAN_POINT('',(4.52876490523951,-6.,2.0269550460462));
#2761=CARTESIAN_POINT('',(4.52876490523951,-6.,0.776955085161747));
#2762=CARTESIAN_POINT('',(4.52876490523951,-6.,0.776955085161747));
#2763=CARTESIAN_POINT('',(4.52876490523951,-6.25000009313226,2.0269550460462));
#2764=CARTESIAN_POINT('',(4.52876490523951,-6.25,2.0269550460462));
#2765=CARTESIAN_POINT('',(4.52876490523951,-6.5,2.0269550460462));
#2766=CARTESIAN_POINT('',(4.52876490523951,-6.25,2.0269550460462));
#2767=CARTESIAN_POINT('',(4.52876490523951,-6.5,0.776955085161747));
#2768=CARTESIAN_POINT('',(4.52876490523951,-6.5,1.40195506560397));
#2769=CARTESIAN_POINT('',(4.52876490523951,-6.5,0.776955085161747));
#2770=CARTESIAN_POINT('Origin',(4.02876489778893,-6.5,2.0269550460462));
#2771=CARTESIAN_POINT('',(4.02876489778893,-6.5,2.0269550460462));
#2772=CARTESIAN_POINT('',(4.02876489778893,-6.5,2.0269550460462));
#2773=CARTESIAN_POINT('',(4.02876489778893,-6.5,0.776955085161747));
#2774=CARTESIAN_POINT('',(4.02876489778893,-6.5,0.776955085161747));
#2775=CARTESIAN_POINT('',(4.02876489778893,-6.5,0.776955085161747));
#2776=CARTESIAN_POINT('Origin',(4.02876489778893,-6.5,0.776955085161747));
#2777=CARTESIAN_POINT('',(4.02876489778893,-6.,0.776955085161747));
#2778=CARTESIAN_POINT('',(4.02876489778893,-6.,0.776955085161747));
#2779=CARTESIAN_POINT('',(4.02876489778893,-6.,0.776955085161747));
#2780=CARTESIAN_POINT('Origin',(4.02876489778893,-6.,0.776955085161747));
#2781=CARTESIAN_POINT('',(4.02876489778893,-6.,2.0269550460462));
#2782=CARTESIAN_POINT('',(4.02876489778893,-6.,3.27695508516175));
#2783=CARTESIAN_POINT('',(4.02876489778893,-6.,2.0269550460462));
#2784=CARTESIAN_POINT('Origin',(4.02876489778893,-6.,2.0269550460462));
#2785=CARTESIAN_POINT('',(4.02876489778893,-6.25000009313226,2.0269550460462));
#2786=CARTESIAN_POINT('',(4.02876489778893,-6.25000009313226,2.0269550460462));
#2787=CARTESIAN_POINT('',(4.02876489778893,-6.70000009983778,2.0269550460462));
#2788=CARTESIAN_POINT('Origin',(4.02876489778893,-6.,2.0269550460462));
#2789=CARTESIAN_POINT('',(4.02876489778893,-6.70000009983778,2.0269550460462));
#2790=CARTESIAN_POINT('Origin',(4.02876489778893,-6.25,1.40195506560397));
#2791=CARTESIAN_POINT('Origin',(7.02876489778893,-3.75000005587935,2.56901398036087));
#2792=CARTESIAN_POINT('',(7.02876489778893,-3.66575432515346,2.52690408029595));
#2793=CARTESIAN_POINT('',(7.02876489778893,-3.75000005587935,2.6111238804258));
#2794=CARTESIAN_POINT('Origin',(7.02876489778893,-3.50000005215406,2.77695512241465));
#2795=CARTESIAN_POINT('',(7.02876489778893,-3.83424578660525,2.52690408029595));
#2796=CARTESIAN_POINT('Origin',(7.02876489778893,-4.00000005960464,2.77695512241465));
#2797=CARTESIAN_POINT('',(7.02876489778893,-3.75505403146351,2.52690408029595));
#2798=CARTESIAN_POINT('',(7.02876489778893,-2.90000004321337,2.52690408029595));
#2799=CARTESIAN_POINT('',(7.02876489778893,-3.7449460802952,2.52690408029595));
#2800=CARTESIAN_POINT('Origin',(7.02876489778893,-3.75000005587935,2.27695511496407));
#2801=CARTESIAN_POINT('',(7.02876489778893,-2.90000004321337,2.52690408029595));
#2802=CARTESIAN_POINT('Origin',(4.02876489778893,-4.00000005960464,2.77695512241465));
#2803=CARTESIAN_POINT('',(6.52876493504183,-3.75000005587935,2.6111238804258));
#2804=CARTESIAN_POINT('',(6.52876493504183,-3.83424578660525,2.52690408029595));
#2805=CARTESIAN_POINT('Origin',(6.52876493504183,-4.00000005960464,2.77695512241465));
#2806=CARTESIAN_POINT('',(4.02876489778893,-3.83424578660525,2.52690408029595));
#2807=CARTESIAN_POINT('',(4.02876489778893,-3.75000005587935,2.6111238804258));
#2808=CARTESIAN_POINT('Origin',(4.02876489778893,-3.75000005587935,2.27695511496407));
#2809=CARTESIAN_POINT('',(6.52876493504183,-3.75505403146351,2.52690408029595));
#2810=CARTESIAN_POINT('',(6.52876493504183,-3.7449460802952,2.52690408029595));
#2811=CARTESIAN_POINT('Origin',(6.52876493504183,-3.75000005587935,2.27695511496407));
#2812=CARTESIAN_POINT('',(4.02876489778893,-3.7449460802952,2.52690408029595));
#2813=CARTESIAN_POINT('',(4.02876489778893,-3.75505403146351,2.52690408029595));
#2814=CARTESIAN_POINT('Origin',(4.02876489778893,-3.7449460802952,2.52690408029595));
#2815=CARTESIAN_POINT('',(6.52876493504183,-3.66575432515346,2.52690408029595));
#2816=CARTESIAN_POINT('',(6.52876493504183,-5.1224730401476,2.52690408029595));
#2817=CARTESIAN_POINT('',(4.02876489778893,-3.66575432515346,2.52690408029595));
#2818=CARTESIAN_POINT('Origin',(4.02876489778893,-3.50000005215406,2.77695512241465));
#2819=CARTESIAN_POINT('Origin',(6.52876493504183,-3.50000005215406,2.77695512241465));
#2820=CARTESIAN_POINT('Origin',(4.02876489778893,-3.83424578660525,2.52690408029595));
#2821=CARTESIAN_POINT('',(6.52876493504183,-5.16712289330262,2.52690408029595));
#2822=CARTESIAN_POINT('Origin',(6.52876493504183,-6.5,3.27695512986523));
#2823=CARTESIAN_POINT('Origin',(6.52876493504183,-6.5,3.27695512986523));
#2824=CARTESIAN_POINT('',(6.52876493504183,-6.25012216346153,2.52695511868936));
#2825=CARTESIAN_POINT('',(6.52876493504183,-6.25000009313226,2.0269550460462));
#2826=CARTESIAN_POINT('Origin',(6.52876493504183,-6.25000009313226,2.27695511496407));
#2827=CARTESIAN_POINT('',(6.52876493504183,-6.3341688548687,2.52695511868936));
#2828=CARTESIAN_POINT('',(6.52876493504183,-6.41708442743435,2.52695511868936));
#2829=CARTESIAN_POINT('',(6.52876493504183,-6.25000009313226,2.6111238804258));
#2830=CARTESIAN_POINT('Origin',(6.52876493504183,-6.50000009685755,2.77695512241465));
#2831=CARTESIAN_POINT('',(6.52876493504183,-6.16583133139582,2.52695511868936));
#2832=CARTESIAN_POINT('Origin',(6.52876493504183,-6.00000008940697,2.77695512241465));
#2833=CARTESIAN_POINT('',(6.52876493504183,-6.25000009313226,2.52695511868936));
#2834=CARTESIAN_POINT('',(6.52876493504183,-6.37500004656613,2.52695511868936));
#2835=CARTESIAN_POINT('Origin',(6.52876493504183,-6.25000009313226,2.27695511496407));
#2836=CARTESIAN_POINT('Origin',(4.02876489778893,-6.25000009313226,2.27695511496407));
#2837=CARTESIAN_POINT('',(7.02876489778893,-6.25000009313226,2.52695511868936));
#2838=CARTESIAN_POINT('',(4.02876489778893,-6.25000009313226,2.52695511868936));
#2839=CARTESIAN_POINT('',(7.02876489778893,-6.25000009313226,2.0269550460462));
#2840=CARTESIAN_POINT('Origin',(7.02876489778893,-6.25000009313226,2.27695511496407));
#2841=CARTESIAN_POINT('',(4.02876489778893,-6.25000009313226,2.0269550460462));
#2842=CARTESIAN_POINT('Origin',(4.02876489778893,-6.25000009313226,2.52695511868936));
#2843=CARTESIAN_POINT('',(7.02876489778893,-6.16583133139582,2.52695511868936));
#2844=CARTESIAN_POINT('',(4.02876489778893,-6.16583133139582,2.52695511868936));
#2845=CARTESIAN_POINT('',(7.02876489778893,-5.45000008121133,2.52695511868936));
#2846=CARTESIAN_POINT('Origin',(4.02876489778893,-6.00000008940697,2.77695512241465));
#2847=CARTESIAN_POINT('',(7.02876489778893,-6.25000009313226,2.6111238804258));
#2848=CARTESIAN_POINT('',(4.02876489778893,-6.25000009313226,2.6111238804258));
#2849=CARTESIAN_POINT('Origin',(7.02876489778893,-6.00000008940697,2.77695512241465));
#2850=CARTESIAN_POINT('Origin',(4.02876489778893,-6.3341688548687,2.52695511868936));
#2851=CARTESIAN_POINT('',(7.02876489778893,-6.25012216346153,2.52695511868936));
#2852=CARTESIAN_POINT('',(4.02876489778893,-6.25012216346153,2.52695511868936));
#2853=CARTESIAN_POINT('',(7.02876489778893,-6.3341688548687,2.52695511868936));
#2854=CARTESIAN_POINT('',(7.02876489778893,-5.45000008121133,2.52695511868936));
#2855=CARTESIAN_POINT('',(4.02876489778893,-6.3341688548687,2.52695511868936));
#2856=CARTESIAN_POINT('Origin',(4.02876489778893,-6.50000009685755,2.77695512241465));
#2857=CARTESIAN_POINT('Origin',(7.02876489778893,-6.50000009685755,2.77695512241465));
#2858=CARTESIAN_POINT('Origin',(4.02876489778893,-6.25000009313226,2.27695511496407));
#2859=CARTESIAN_POINT('Origin',(7.02876489778893,-6.25000009313226,2.27695511496407));
#2860=CARTESIAN_POINT('Origin',(7.02876489778893,-6.25000009313226,2.31903945112881));
#2861=CARTESIAN_POINT('Origin',(4.02876489778893,-3.75000005587935,2.56901398036087));
#2862=CARTESIAN_POINT('',(4.02876489778893,-3.75000005587935,2.6111238804258));
#2863=CARTESIAN_POINT('',(4.02876489778893,-3.66575432515346,2.52690408029595));
#2864=CARTESIAN_POINT('Origin',(4.02876489778893,-3.50000005215406,2.77695512241465));
#2865=CARTESIAN_POINT('',(4.02876489778893,-3.7449460802952,2.52690408029595));
#2866=CARTESIAN_POINT('',(4.02876489778893,-2.90000004321337,2.52690408029595));
#2867=CARTESIAN_POINT('',(4.02876489778893,-3.75505403146351,2.52690408029595));
#2868=CARTESIAN_POINT('Origin',(4.02876489778893,-3.75000005587935,2.27695511496407));
#2869=CARTESIAN_POINT('',(4.02876489778893,-3.83424578660525,2.52690408029595));
#2870=CARTESIAN_POINT('',(4.02876489778893,-2.90000004321337,2.52690408029595));
#2871=CARTESIAN_POINT('Origin',(4.02876489778893,-4.00000005960464,2.77695512241465));
#2872=CARTESIAN_POINT('Origin',(4.02876489778893,-3.7449460802952,2.52690408029595));
#2873=CARTESIAN_POINT('',(4.52876490523951,-3.66575432515346,2.52690408029595));
#2874=CARTESIAN_POINT('',(4.52876490523951,-3.7449460802952,2.52690408029595));
#2875=CARTESIAN_POINT('',(4.52876490523951,-5.1224730401476,2.52690408029595));
#2876=CARTESIAN_POINT('',(4.02876489778893,-3.7449460802952,2.52690408029595));
#2877=CARTESIAN_POINT('',(4.02876489778893,-3.66575432515346,2.52690408029595));
#2878=CARTESIAN_POINT('Origin',(4.02876489778893,-3.50000005215406,2.77695512241465));
#2879=CARTESIAN_POINT('',(4.52876490523951,-3.75000005587935,2.6111238804258));
#2880=CARTESIAN_POINT('Origin',(4.52876490523951,-3.50000005215406,2.77695512241465));
#2881=CARTESIAN_POINT('',(4.02876489778893,-3.75000005587935,2.6111238804258));
#2882=CARTESIAN_POINT('Origin',(4.02876489778893,-3.75000005587935,2.27695511496407));
#2883=CARTESIAN_POINT('',(4.52876490523951,-3.75505403146351,2.52690408029595));
#2884=CARTESIAN_POINT('Origin',(4.52876490523951,-3.75000005587935,2.27695511496407));
#2885=CARTESIAN_POINT('',(4.02876489778893,-3.75505403146351,2.52690408029595));
#2886=CARTESIAN_POINT('Origin',(4.02876489778893,-3.83424578660525,2.52690408029595));
#2887=CARTESIAN_POINT('',(4.52876490523951,-3.83424578660525,2.52690408029595));
#2888=CARTESIAN_POINT('',(4.52876490523951,-5.16712289330262,2.52690408029595));
#2889=CARTESIAN_POINT('',(4.02876489778893,-3.83424578660525,2.52690408029595));
#2890=CARTESIAN_POINT('Origin',(4.02876489778893,-4.00000005960464,2.77695512241465));
#2891=CARTESIAN_POINT('Origin',(4.52876490523951,-4.00000005960464,2.77695512241465));
#2892=CARTESIAN_POINT('Origin',(4.52876490523951,-6.5,0.776955085161747));
#2893=CARTESIAN_POINT('Origin',(6.52876493504183,-6.5,3.27695512986523));
#2894=CARTESIAN_POINT('',(6.52876493504183,-6.25000009313226,2.6111238804258));
#2895=CARTESIAN_POINT('',(6.52876493504183,-6.25000009313226,2.9427863644035));
#2896=CARTESIAN_POINT('Origin',(6.52876493504183,-6.50000009685755,2.77695512241465));
#2897=CARTESIAN_POINT('Origin',(6.52876493504183,-6.00000008940697,2.77695512241465));
#2898=CARTESIAN_POINT('Origin',(4.02876489778893,-6.50000009685755,2.77695512241465));
#2899=CARTESIAN_POINT('',(7.02876489778893,-6.25000009313226,2.9427863644035));
#2900=CARTESIAN_POINT('',(4.02876489778893,-6.25000009313226,2.9427863644035));
#2901=CARTESIAN_POINT('',(7.02876489778893,-6.25000009313226,2.6111238804258));
#2902=CARTESIAN_POINT('Origin',(7.02876489778893,-6.50000009685755,2.77695512241465));
#2903=CARTESIAN_POINT('',(4.02876489778893,-6.25000009313226,2.6111238804258));
#2904=CARTESIAN_POINT('Origin',(4.02876489778893,-6.00000008940697,2.77695512241465));
#2905=CARTESIAN_POINT('Origin',(7.02876489778893,-6.00000008940697,2.77695512241465));
#2906=CARTESIAN_POINT('Origin',(7.02876489778893,-6.25000009313226,2.77695512241465));
#2907=CARTESIAN_POINT('Origin',(7.02876489778893,-3.75000005587935,2.27692956969033));
#2908=CARTESIAN_POINT('',(7.02876489778893,-3.75505403146351,2.52690408029595));
#2909=CARTESIAN_POINT('',(7.02876489778893,-3.75000005587935,2.0269550460462));
#2910=CARTESIAN_POINT('Origin',(7.02876489778893,-3.75000005587935,2.27695511496407));
#2911=CARTESIAN_POINT('',(7.02876489778893,-3.7449460802952,2.52690408029595));
#2912=CARTESIAN_POINT('Origin',(7.02876489778893,-3.75000005587935,2.27695511496407));
#2913=CARTESIAN_POINT('',(7.02876489778893,-2.90000004321337,2.52690408029595));
#2914=CARTESIAN_POINT('Origin',(4.02876489778893,-3.75000005587935,2.27695511496407));
#2915=CARTESIAN_POINT('',(6.52876493504183,-3.75000005587935,2.0269550460462));
#2916=CARTESIAN_POINT('',(6.52876493504183,-3.7449460802952,2.52690408029595));
#2917=CARTESIAN_POINT('Origin',(6.52876493504183,-3.75000005587935,2.27695511496407));
#2918=CARTESIAN_POINT('',(4.02876489778893,-3.7449460802952,2.52690408029595));
#2919=CARTESIAN_POINT('',(4.02876489778893,-3.75000005587935,2.0269550460462));
#2920=CARTESIAN_POINT('Origin',(4.02876489778893,-3.7449460802952,2.52690408029595));
#2921=CARTESIAN_POINT('',(6.52876493504183,-3.75505403146351,2.52690408029595));
#2922=CARTESIAN_POINT('',(6.52876493504183,-5.1224730401476,2.52690408029595));
#2923=CARTESIAN_POINT('',(4.02876489778893,-3.75505403146351,2.52690408029595));
#2924=CARTESIAN_POINT('Origin',(4.02876489778893,-3.75000005587935,2.27695511496407));
#2925=CARTESIAN_POINT('Origin',(6.52876493504183,-3.75000005587935,2.27695511496407));
#2926=CARTESIAN_POINT('Origin',(6.52876493504183,-6.5,3.27695512986523));
#2927=CARTESIAN_POINT('Origin',(6.52876493504183,-6.5,3.27695512986523));
#2928=CARTESIAN_POINT('',(6.52876493504183,-6.,0.776955085161747));
#2929=CARTESIAN_POINT('',(6.52876493504183,-6.,2.0269550460462));
#2930=CARTESIAN_POINT('',(6.52876493504183,-6.,2.02695510751349));
#2931=CARTESIAN_POINT('',(6.52876493504183,-6.5,0.776955085161747));
#2932=CARTESIAN_POINT('',(6.52876493504183,-6.5,0.776955085161747));
#2933=CARTESIAN_POINT('',(6.52876493504183,-6.5,2.0269550460462));
#2934=CARTESIAN_POINT('',(6.52876493504183,-6.5,2.65195508795572));
#2935=CARTESIAN_POINT('',(6.52876493504183,-6.25000009313226,2.0269550460462));
#2936=CARTESIAN_POINT('',(6.52876493504183,-6.25,2.0269550460462));
#2937=CARTESIAN_POINT('',(6.52876493504183,-6.25,2.0269550460462));
#2938=CARTESIAN_POINT('Origin',(4.02876489778893,-6.5,0.776955085161747));
#2939=CARTESIAN_POINT('',(7.02876489778893,-6.,0.776955085161747));
#2940=CARTESIAN_POINT('',(4.02876489778893,-6.,0.776955085161747));
#2941=CARTESIAN_POINT('',(7.02876489778893,-6.5,0.776955085161747));
#2942=CARTESIAN_POINT('',(7.02876489778893,-6.,0.776955085161747));
#2943=CARTESIAN_POINT('',(4.02876489778893,-6.5,0.776955085161747));
#2944=CARTESIAN_POINT('Origin',(4.02876489778893,-6.,0.776955085161747));
#2945=CARTESIAN_POINT('',(7.02876489778893,-6.,2.0269550460462));
#2946=CARTESIAN_POINT('',(4.02876489778893,-6.,2.0269550460462));
#2947=CARTESIAN_POINT('',(7.02876489778893,-6.,3.27695508516175));
#2948=CARTESIAN_POINT('Origin',(4.02876489778893,-6.,2.0269550460462));
#2949=CARTESIAN_POINT('',(7.02876489778893,-6.25000009313226,2.0269550460462));
#2950=CARTESIAN_POINT('',(4.02876489778893,-6.25000009313226,2.0269550460462));
#2951=CARTESIAN_POINT('',(7.02876489778893,-6.70000009983778,2.0269550460462));
#2952=CARTESIAN_POINT('Origin',(4.02876489778893,-6.,2.0269550460462));
#2953=CARTESIAN_POINT('',(7.02876489778893,-6.5,2.0269550460462));
#2954=CARTESIAN_POINT('',(4.02876489778893,-6.5,2.0269550460462));
#2955=CARTESIAN_POINT('',(7.02876489778893,-6.70000009983778,2.0269550460462));
#2956=CARTESIAN_POINT('Origin',(4.02876489778893,-6.5,2.0269550460462));
#2957=CARTESIAN_POINT('',(7.02876489778893,-6.5,0.776955085161747));
#2958=CARTESIAN_POINT('Origin',(7.02876489778893,-6.25,1.40195506560397));
#2959=CARTESIAN_POINT('Origin',(4.02876489778893,-3.75000005587935,2.27692956969033));
#2960=CARTESIAN_POINT('',(4.02876489778893,-3.75505403146351,2.52690408029595));
#2961=CARTESIAN_POINT('',(4.02876489778893,-3.75000005587935,2.0269550460462));
#2962=CARTESIAN_POINT('Origin',(4.02876489778893,-3.75000005587935,2.27695511496407));
#2963=CARTESIAN_POINT('',(4.02876489778893,-3.7449460802952,2.52690408029595));
#2964=CARTESIAN_POINT('',(4.02876489778893,-2.90000004321337,2.52690408029595));
#2965=CARTESIAN_POINT('Origin',(4.02876489778893,-3.75000005587935,2.27695511496407));
#2966=CARTESIAN_POINT('Origin',(4.02876489778893,-3.7449460802952,2.52690408029595));
#2967=CARTESIAN_POINT('',(4.52876490523951,-3.75505403146351,2.52690408029595));
#2968=CARTESIAN_POINT('',(4.52876490523951,-3.7449460802952,2.52690408029595));
#2969=CARTESIAN_POINT('',(4.52876490523951,-5.1224730401476,2.52690408029595));
#2970=CARTESIAN_POINT('',(4.02876489778893,-3.7449460802952,2.52690408029595));
#2971=CARTESIAN_POINT('',(4.02876489778893,-3.75505403146351,2.52690408029595));
#2972=CARTESIAN_POINT('Origin',(4.02876489778893,-3.75000005587935,2.27695511496407));
#2973=CARTESIAN_POINT('',(4.52876490523951,-3.75000005587935,2.0269550460462));
#2974=CARTESIAN_POINT('Origin',(4.52876490523951,-3.75000005587935,2.27695511496407));
#2975=CARTESIAN_POINT('',(4.02876489778893,-3.75000005587935,2.0269550460462));
#2976=CARTESIAN_POINT('Origin',(4.02876489778893,-3.75000005587935,2.27695511496407));
#2977=CARTESIAN_POINT('Origin',(4.52876490523951,-3.75000005587935,2.27695511496407));
#2978=CARTESIAN_POINT('Origin',(4.52876490523951,-6.5,0.776955085161747));
#2979=CARTESIAN_POINT('Origin',(6.52876493504183,-6.5,3.27695512986523));
#2980=CARTESIAN_POINT('',(6.52876493504183,-3.5,0.776955085161747));
#2981=CARTESIAN_POINT('',(6.52876493504183,-3.5,2.0269550460462));
#2982=CARTESIAN_POINT('',(6.52876493504183,-3.5,2.02695510751349));
#2983=CARTESIAN_POINT('',(6.52876493504183,-4.00000005960464,0.776955085161747));
#2984=CARTESIAN_POINT('',(6.52876493504183,-5.25000004842877,0.776955111238777));
#2985=CARTESIAN_POINT('',(6.52876493504183,-4.00000005960464,2.0269550460462));
#2986=CARTESIAN_POINT('',(6.52876493504183,-4.00000005960464,2.65195508795572));
#2987=CARTESIAN_POINT('',(6.52876493504183,-3.75000005587935,2.0269550460462));
#2988=CARTESIAN_POINT('',(6.52876493504183,-5.12499995809048,2.0269550460462));
#2989=CARTESIAN_POINT('',(6.52876493504183,-5.12499995809048,2.0269550460462));
#2990=CARTESIAN_POINT('Origin',(4.02876489778893,-4.00000005960464,2.0269550460462));
#2991=CARTESIAN_POINT('',(7.02876489778893,-4.00000005960464,0.776955092612328));
#2992=CARTESIAN_POINT('',(4.02876489778893,-4.00000005960464,0.776955092612328));
#2993=CARTESIAN_POINT('',(7.02876489778893,-4.00000005960464,2.0269550460462));
#2994=CARTESIAN_POINT('',(7.02876489778893,-4.00000005960464,3.27695508516175));
#2995=CARTESIAN_POINT('',(4.02876489778893,-4.00000005960464,2.0269550460462));
#2996=CARTESIAN_POINT('Origin',(4.02876489778893,-3.74999991618097,2.0269550460462));
#2997=CARTESIAN_POINT('',(7.02876489778893,-3.75000005587935,2.0269550460462));
#2998=CARTESIAN_POINT('',(7.02876489778893,-6.70000009983778,2.0269550460462));
#2999=CARTESIAN_POINT('',(4.02876489778893,-3.75000005587935,2.0269550460462));
#3000=CARTESIAN_POINT('Origin',(4.02876489778893,-3.5,0.776955085161747));
#3001=CARTESIAN_POINT('',(7.02876489778893,-3.5,2.0269550460462));
#3002=CARTESIAN_POINT('',(4.02876489778893,-3.5,2.0269550460462));
#3003=CARTESIAN_POINT('',(7.02876489778893,-3.5,0.776955085161747));
#3004=CARTESIAN_POINT('',(7.02876489778893,-3.5,0.776955085161747));
#3005=CARTESIAN_POINT('',(4.02876489778893,-3.5,0.776955085161747));
#3006=CARTESIAN_POINT('Origin',(4.02876489778893,-4.00000005960464,0.776955092612328));
#3007=CARTESIAN_POINT('',(7.02876489778893,-3.5,0.776955085161747));
#3008=CARTESIAN_POINT('Origin',(4.02876489778893,-3.74999991618097,2.0269550460462));
#3009=CARTESIAN_POINT('',(7.02876489778893,-6.70000009983778,2.0269550460462));
#3010=CARTESIAN_POINT('Origin',(7.02876489778893,-3.75000002980232,1.40195506560397));
#3011=CARTESIAN_POINT('Origin',(4.02876489778893,-3.75000002980232,1.40195506560397));
#3012=CARTESIAN_POINT('',(4.02876489778893,-4.00000005960464,2.0269550460462));
#3013=CARTESIAN_POINT('',(4.02876489778893,-3.75000005587935,2.0269550460462));
#3014=CARTESIAN_POINT('',(4.02876489778893,-6.70000009983778,2.0269550460462));
#3015=CARTESIAN_POINT('',(4.02876489778893,-3.5,2.0269550460462));
#3016=CARTESIAN_POINT('',(4.02876489778893,-6.70000009983778,2.0269550460462));
#3017=CARTESIAN_POINT('',(4.02876489778893,-3.5,0.776955085161747));
#3018=CARTESIAN_POINT('',(4.02876489778893,-3.5,0.776955085161747));
#3019=CARTESIAN_POINT('',(4.02876489778893,-4.00000005960464,0.776955092612328));
#3020=CARTESIAN_POINT('',(4.02876489778893,-3.5,0.776955085161747));
#3021=CARTESIAN_POINT('',(4.02876489778893,-4.00000005960464,3.27695508516175));
#3022=CARTESIAN_POINT('Origin',(4.02876489778893,-3.74999991618097,2.0269550460462));
#3023=CARTESIAN_POINT('',(4.52876490523951,-4.00000005960464,2.0269550460462));
#3024=CARTESIAN_POINT('',(4.52876490523951,-3.75000005587935,2.0269550460462));
#3025=CARTESIAN_POINT('',(4.52876490523951,-5.12499995809048,2.0269550460462));
#3026=CARTESIAN_POINT('',(4.02876489778893,-3.75000005587935,2.0269550460462));
#3027=CARTESIAN_POINT('',(4.02876489778893,-4.00000005960464,2.0269550460462));
#3028=CARTESIAN_POINT('Origin',(4.02876489778893,-3.74999991618097,2.0269550460462));
#3029=CARTESIAN_POINT('',(4.52876490523951,-3.5,2.0269550460462));
#3030=CARTESIAN_POINT('',(4.52876490523951,-5.12499995809048,2.0269550460462));
#3031=CARTESIAN_POINT('',(4.02876489778893,-3.5,2.0269550460462));
#3032=CARTESIAN_POINT('Origin',(4.02876489778893,-4.00000005960464,2.0269550460462));
#3033=CARTESIAN_POINT('',(4.52876490523951,-4.00000005960464,0.776955085161747));
#3034=CARTESIAN_POINT('',(4.52876490523951,-4.00000005960464,1.40195506560397));
#3035=CARTESIAN_POINT('',(4.02876489778893,-4.00000005960464,0.776955092612328));
#3036=CARTESIAN_POINT('Origin',(4.02876489778893,-4.00000005960464,0.776955092612328));
#3037=CARTESIAN_POINT('',(4.52876490523951,-3.5,0.776955085161747));
#3038=CARTESIAN_POINT('',(4.52876490523951,-5.25000002980232,0.776955111238777));
#3039=CARTESIAN_POINT('',(4.02876489778893,-3.5,0.776955085161747));
#3040=CARTESIAN_POINT('Origin',(4.02876489778893,-3.5,0.776955085161747));
#3041=CARTESIAN_POINT('',(4.52876490523951,-3.5,0.776955085161747));
#3042=CARTESIAN_POINT('Origin',(4.52876490523951,-6.5,0.776955085161747));
#3043=UNCERTAINTY_MEASURE_WITH_UNIT(LENGTH_MEASURE(0.001),#3047,
'DISTANCE_ACCURACY_VALUE',
'Maximum model space distance between geometric entities at asserted c
onnectivities');
#3044=UNCERTAINTY_MEASURE_WITH_UNIT(LENGTH_MEASURE(0.001),#3047,
'DISTANCE_ACCURACY_VALUE',
'Maximum model space distance between geometric entities at asserted c
onnectivities');
#3045=(
GEOMETRIC_REPRESENTATION_CONTEXT(3)
GLOBAL_UNCERTAINTY_ASSIGNED_CONTEXT((#3043))
GLOBAL_UNIT_ASSIGNED_CONTEXT((#3047,#3049,#3050))
REPRESENTATION_CONTEXT('','3D')
);
#3046=(
GEOMETRIC_REPRESENTATION_CONTEXT(3)
GLOBAL_UNCERTAINTY_ASSIGNED_CONTEXT((#3044))
GLOBAL_UNIT_ASSIGNED_CONTEXT((#3047,#3049,#3050))
REPRESENTATION_CONTEXT('','3D')
);
#3047=(
LENGTH_UNIT()
NAMED_UNIT(*)
SI_UNIT(.CENTI.,.METRE.)
);
#3048=(
LENGTH_UNIT()
NAMED_UNIT(*)
SI_UNIT($,.METRE.)
);
#3049=(
NAMED_UNIT(*)
PLANE_ANGLE_UNIT()
SI_UNIT($,.RADIAN.)
);
#3050=(
NAMED_UNIT(*)
SI_UNIT($,.STERADIAN.)
SOLID_ANGLE_UNIT()
);
#3051=SHAPE_DEFINITION_REPRESENTATION(#3052,#3053);
#3052=PRODUCT_DEFINITION_SHAPE('',$,#3055);
#3053=SHAPE_REPRESENTATION('',(#1805),#3045);
#3054=PRODUCT_DEFINITION_CONTEXT('part definition',#3059,'design');
#3055=PRODUCT_DEFINITION('2026-08-26-00-51-53-560','obroom',#3056,#3054);
#3056=PRODUCT_DEFINITION_FORMATION('',$,#3061);
#3057=PRODUCT_RELATED_PRODUCT_CATEGORY('obroom','obroom',(#3061));
#3058=APPLICATION_PROTOCOL_DEFINITION('international standard',
'automotive_design',2009,#3059);
#3059=APPLICATION_CONTEXT(
'Core Data for Automotive Mechanical Design Process');
#3060=PRODUCT_CONTEXT('part definition',#3059,'mechanical');
#3061=PRODUCT('2026-08-26-00-51-53-560','obroom',$,(#3060));
#3062=PRESENTATION_STYLE_ASSIGNMENT((#3069));
#3063=PRESENTATION_STYLE_ASSIGNMENT((#3070));
#3064=PRESENTATION_STYLE_ASSIGNMENT((#3071));
#3065=PRESENTATION_STYLE_ASSIGNMENT((#3072));
#3066=PRESENTATION_STYLE_ASSIGNMENT((#3073));
#3067=PRESENTATION_STYLE_ASSIGNMENT((#3074));
#3068=PRESENTATION_STYLE_ASSIGNMENT((#3075));
#3069=SURFACE_STYLE_USAGE(.BOTH.,#3076);
#3070=SURFACE_STYLE_USAGE(.BOTH.,#3077);
#3071=SURFACE_STYLE_USAGE(.BOTH.,#3078);
#3072=SURFACE_STYLE_USAGE(.BOTH.,#3079);
#3073=SURFACE_STYLE_USAGE(.BOTH.,#3080);
#3074=SURFACE_STYLE_USAGE(.BOTH.,#3081);
#3075=SURFACE_STYLE_USAGE(.BOTH.,#3082);
#3076=SURFACE_SIDE_STYLE('',(#3083));
#3077=SURFACE_SIDE_STYLE('',(#3084));
#3078=SURFACE_SIDE_STYLE('',(#3085));
#3079=SURFACE_SIDE_STYLE('',(#3086));
#3080=SURFACE_SIDE_STYLE('',(#3087));
#3081=SURFACE_SIDE_STYLE('',(#3088));
#3082=SURFACE_SIDE_STYLE('',(#3089));
#3083=SURFACE_STYLE_FILL_AREA(#3090);
#3084=SURFACE_STYLE_FILL_AREA(#3091);
#3085=SURFACE_STYLE_FILL_AREA(#3092);
#3086=SURFACE_STYLE_FILL_AREA(#3093);
#3087=SURFACE_STYLE_FILL_AREA(#3094);
#3088=SURFACE_STYLE_FILL_AREA(#3095);
#3089=SURFACE_STYLE_FILL_AREA(#3096);
#3090=FILL_AREA_STYLE('Steel - Satin',(#3097));
#3091=FILL_AREA_STYLE('PEEK',(#3098));
#3092=FILL_AREA_STYLE('Paek (Beige)',(#3099));
#3093=FILL_AREA_STYLE('Paint - Metallic (Yellow)',(#3100));
#3094=FILL_AREA_STYLE('Plastic - Translucent Glossy (Blue)',(#3101));
#3095=FILL_AREA_STYLE('Granite - Black and White',(#3102));
#3096=FILL_AREA_STYLE('Paint - Metallic (Silver)',(#3103));
#3097=FILL_AREA_STYLE_COLOUR('Steel - Satin',#3104);
#3098=FILL_AREA_STYLE_COLOUR('PEEK',#3105);
#3099=FILL_AREA_STYLE_COLOUR('Paek (Beige)',#3106);
#3100=FILL_AREA_STYLE_COLOUR('Paint - Metallic (Yellow)',#3107);
#3101=FILL_AREA_STYLE_COLOUR('Plastic - Translucent Glossy (Blue)',#3108);
#3102=FILL_AREA_STYLE_COLOUR('Granite - Black and White',#3109);
#3103=FILL_AREA_STYLE_COLOUR('Paint - Metallic (Silver)',#3110);
#3104=COLOUR_RGB('Steel - Satin',0.627450980392157,0.627450980392157,0.627450980392157);
#3105=COLOUR_RGB('PEEK',0.6,0.509803921568627,0.368627450980392);
#3106=COLOUR_RGB('Paek (Beige)',0.898039215686275,0.792156862745098,0.619607843137255);
#3107=COLOUR_RGB('Paint - Metallic (Yellow)',0.909803921568627,0.67843137254902,
0.137254901960784);
#3108=COLOUR_RGB('Plastic - Translucent Glossy (Blue)',0.188235294117647,
0.231372549019608,0.588235294117647);
#3109=COLOUR_RGB('Granite - Black and White',0.,0.,0.);
#3110=COLOUR_RGB('Paint - Metallic (Silver)',0.984313725490196,0.980392156862745,
0.96078431372549);
ENDSEC;
END-ISO-10303-21;
