ISO-10303-21;
HEADER;
/* Generated by software containing ST-Developer
 * from STEP Tools, Inc. (www.steptools.com) 
 */

FILE_DESCRIPTION(
/* description */ (''),
/* implementation_level */ '2;1');

FILE_NAME(
/* name */ 'Body69.step',
/* time_stamp */ '2026-09-03T17:14:52+01:00',
/* author */ (''),
/* organization */ (''),
/* preprocessor_version */ 'ST-DEVELOPER v20.1',
/* originating_system */ 'Autodesk Translation Framework v15.8.0.0',
/* authorisation */ '');

FILE_SCHEMA (('AUTOMOTIVE_DESIGN { 1 0 10303 214 3 1 1 }'));
ENDSEC;

DATA;
#10=MECHANICAL_DESIGN_GEOMETRIC_PRESENTATION_REPRESENTATION('',(#13),#11841);
#11=SHAPE_REPRESENTATION_RELATIONSHIP('SRR','None',#11848,#12);
#12=ADVANCED_BREP_SHAPE_REPRESENTATION('',(#7485),#11840);
#13=STYLED_ITEM('',(#11859),#7485);
#14=ORIENTED_CLOSED_SHELL('',*,#7484,.F.);
#15=CYLINDRICAL_SURFACE('',#7503,1.75);
#16=CYLINDRICAL_SURFACE('',#7507,1.75000005960464);
#17=CYLINDRICAL_SURFACE('',#7512,1.75000002607703);
#18=CYLINDRICAL_SURFACE('',#7703,1.85);
#19=CYLINDRICAL_SURFACE('',#7707,1.85000005960464);
#20=CYLINDRICAL_SURFACE('',#7712,1.85000002607703);
#21=CIRCLE('',#7502,1.75);
#22=CIRCLE('',#7504,1.75);
#23=CIRCLE('',#7508,1.75000005960464);
#24=CIRCLE('',#7509,1.75000005960464);
#25=CIRCLE('',#7513,1.75000002607703);
#26=CIRCLE('',#7514,1.75000002607703);
#27=CIRCLE('',#7698,1.85000002607703);
#28=CIRCLE('',#7702,1.85);
#29=CIRCLE('',#7704,1.85);
#30=CIRCLE('',#7708,1.85000005960464);
#31=CIRCLE('',#7709,1.85000005960464);
#32=CIRCLE('',#7713,1.85000002607703);
#33=FACE_OUTER_BOUND('',#413,.T.);
#34=FACE_OUTER_BOUND('',#414,.T.);
#35=FACE_OUTER_BOUND('',#415,.T.);
#36=FACE_OUTER_BOUND('',#416,.T.);
#37=FACE_OUTER_BOUND('',#417,.T.);
#38=FACE_OUTER_BOUND('',#418,.T.);
#39=FACE_OUTER_BOUND('',#419,.T.);
#40=FACE_OUTER_BOUND('',#420,.T.);
#41=FACE_OUTER_BOUND('',#421,.T.);
#42=FACE_OUTER_BOUND('',#422,.T.);
#43=FACE_OUTER_BOUND('',#423,.T.);
#44=FACE_OUTER_BOUND('',#424,.T.);
#45=FACE_OUTER_BOUND('',#425,.T.);
#46=FACE_OUTER_BOUND('',#426,.T.);
#47=FACE_OUTER_BOUND('',#427,.T.);
#48=FACE_OUTER_BOUND('',#428,.T.);
#49=FACE_OUTER_BOUND('',#429,.T.);
#50=FACE_OUTER_BOUND('',#430,.T.);
#51=FACE_OUTER_BOUND('',#431,.T.);
#52=FACE_OUTER_BOUND('',#432,.T.);
#53=FACE_OUTER_BOUND('',#433,.T.);
#54=FACE_OUTER_BOUND('',#434,.T.);
#55=FACE_OUTER_BOUND('',#435,.T.);
#56=FACE_OUTER_BOUND('',#436,.T.);
#57=FACE_OUTER_BOUND('',#437,.T.);
#58=FACE_OUTER_BOUND('',#438,.T.);
#59=FACE_OUTER_BOUND('',#439,.T.);
#60=FACE_OUTER_BOUND('',#440,.T.);
#61=FACE_OUTER_BOUND('',#441,.T.);
#62=FACE_OUTER_BOUND('',#442,.T.);
#63=FACE_OUTER_BOUND('',#443,.T.);
#64=FACE_OUTER_BOUND('',#444,.T.);
#65=FACE_OUTER_BOUND('',#445,.T.);
#66=FACE_OUTER_BOUND('',#446,.T.);
#67=FACE_OUTER_BOUND('',#447,.T.);
#68=FACE_OUTER_BOUND('',#448,.T.);
#69=FACE_OUTER_BOUND('',#449,.T.);
#70=FACE_OUTER_BOUND('',#450,.T.);
#71=FACE_OUTER_BOUND('',#451,.T.);
#72=FACE_OUTER_BOUND('',#452,.T.);
#73=FACE_OUTER_BOUND('',#453,.T.);
#74=FACE_OUTER_BOUND('',#454,.T.);
#75=FACE_OUTER_BOUND('',#455,.T.);
#76=FACE_OUTER_BOUND('',#456,.T.);
#77=FACE_OUTER_BOUND('',#457,.T.);
#78=FACE_OUTER_BOUND('',#458,.T.);
#79=FACE_OUTER_BOUND('',#459,.T.);
#80=FACE_OUTER_BOUND('',#460,.T.);
#81=FACE_OUTER_BOUND('',#461,.T.);
#82=FACE_OUTER_BOUND('',#462,.T.);
#83=FACE_OUTER_BOUND('',#463,.T.);
#84=FACE_OUTER_BOUND('',#464,.T.);
#85=FACE_OUTER_BOUND('',#465,.T.);
#86=FACE_OUTER_BOUND('',#466,.T.);
#87=FACE_OUTER_BOUND('',#467,.T.);
#88=FACE_OUTER_BOUND('',#468,.T.);
#89=FACE_OUTER_BOUND('',#469,.T.);
#90=FACE_OUTER_BOUND('',#470,.T.);
#91=FACE_OUTER_BOUND('',#471,.T.);
#92=FACE_OUTER_BOUND('',#472,.T.);
#93=FACE_OUTER_BOUND('',#473,.T.);
#94=FACE_OUTER_BOUND('',#474,.T.);
#95=FACE_OUTER_BOUND('',#475,.T.);
#96=FACE_OUTER_BOUND('',#476,.T.);
#97=FACE_OUTER_BOUND('',#477,.T.);
#98=FACE_OUTER_BOUND('',#478,.T.);
#99=FACE_OUTER_BOUND('',#479,.T.);
#100=FACE_OUTER_BOUND('',#480,.T.);
#101=FACE_OUTER_BOUND('',#481,.T.);
#102=FACE_OUTER_BOUND('',#482,.T.);
#103=FACE_OUTER_BOUND('',#483,.T.);
#104=FACE_OUTER_BOUND('',#484,.T.);
#105=FACE_OUTER_BOUND('',#485,.T.);
#106=FACE_OUTER_BOUND('',#486,.T.);
#107=FACE_OUTER_BOUND('',#487,.T.);
#108=FACE_OUTER_BOUND('',#488,.T.);
#109=FACE_OUTER_BOUND('',#489,.T.);
#110=FACE_OUTER_BOUND('',#490,.T.);
#111=FACE_OUTER_BOUND('',#491,.T.);
#112=FACE_OUTER_BOUND('',#492,.T.);
#113=FACE_OUTER_BOUND('',#493,.T.);
#114=FACE_OUTER_BOUND('',#494,.T.);
#115=FACE_OUTER_BOUND('',#495,.T.);
#116=FACE_OUTER_BOUND('',#496,.T.);
#117=FACE_OUTER_BOUND('',#497,.T.);
#118=FACE_OUTER_BOUND('',#498,.T.);
#119=FACE_OUTER_BOUND('',#499,.T.);
#120=FACE_OUTER_BOUND('',#500,.T.);
#121=FACE_OUTER_BOUND('',#501,.T.);
#122=FACE_OUTER_BOUND('',#502,.T.);
#123=FACE_OUTER_BOUND('',#503,.T.);
#124=FACE_OUTER_BOUND('',#504,.T.);
#125=FACE_OUTER_BOUND('',#505,.T.);
#126=FACE_OUTER_BOUND('',#506,.T.);
#127=FACE_OUTER_BOUND('',#507,.T.);
#128=FACE_OUTER_BOUND('',#508,.T.);
#129=FACE_OUTER_BOUND('',#509,.T.);
#130=FACE_OUTER_BOUND('',#510,.T.);
#131=FACE_OUTER_BOUND('',#511,.T.);
#132=FACE_OUTER_BOUND('',#512,.T.);
#133=FACE_OUTER_BOUND('',#513,.T.);
#134=FACE_OUTER_BOUND('',#514,.T.);
#135=FACE_OUTER_BOUND('',#515,.T.);
#136=FACE_OUTER_BOUND('',#516,.T.);
#137=FACE_OUTER_BOUND('',#517,.T.);
#138=FACE_OUTER_BOUND('',#518,.T.);
#139=FACE_OUTER_BOUND('',#519,.T.);
#140=FACE_OUTER_BOUND('',#520,.T.);
#141=FACE_OUTER_BOUND('',#521,.T.);
#142=FACE_OUTER_BOUND('',#522,.T.);
#143=FACE_OUTER_BOUND('',#523,.T.);
#144=FACE_OUTER_BOUND('',#524,.T.);
#145=FACE_OUTER_BOUND('',#525,.T.);
#146=FACE_OUTER_BOUND('',#526,.T.);
#147=FACE_OUTER_BOUND('',#527,.T.);
#148=FACE_OUTER_BOUND('',#528,.T.);
#149=FACE_OUTER_BOUND('',#529,.T.);
#150=FACE_OUTER_BOUND('',#530,.T.);
#151=FACE_OUTER_BOUND('',#531,.T.);
#152=FACE_OUTER_BOUND('',#532,.T.);
#153=FACE_OUTER_BOUND('',#533,.T.);
#154=FACE_OUTER_BOUND('',#534,.T.);
#155=FACE_OUTER_BOUND('',#535,.T.);
#156=FACE_OUTER_BOUND('',#536,.T.);
#157=FACE_OUTER_BOUND('',#537,.T.);
#158=FACE_OUTER_BOUND('',#538,.T.);
#159=FACE_OUTER_BOUND('',#539,.T.);
#160=FACE_OUTER_BOUND('',#540,.T.);
#161=FACE_OUTER_BOUND('',#541,.T.);
#162=FACE_OUTER_BOUND('',#542,.T.);
#163=FACE_OUTER_BOUND('',#543,.T.);
#164=FACE_OUTER_BOUND('',#544,.T.);
#165=FACE_OUTER_BOUND('',#545,.T.);
#166=FACE_OUTER_BOUND('',#546,.T.);
#167=FACE_OUTER_BOUND('',#547,.T.);
#168=FACE_OUTER_BOUND('',#548,.T.);
#169=FACE_OUTER_BOUND('',#549,.T.);
#170=FACE_OUTER_BOUND('',#550,.T.);
#171=FACE_OUTER_BOUND('',#551,.T.);
#172=FACE_OUTER_BOUND('',#552,.T.);
#173=FACE_OUTER_BOUND('',#553,.T.);
#174=FACE_OUTER_BOUND('',#554,.T.);
#175=FACE_OUTER_BOUND('',#555,.T.);
#176=FACE_OUTER_BOUND('',#556,.T.);
#177=FACE_OUTER_BOUND('',#557,.T.);
#178=FACE_OUTER_BOUND('',#558,.T.);
#179=FACE_OUTER_BOUND('',#559,.T.);
#180=FACE_OUTER_BOUND('',#560,.T.);
#181=FACE_OUTER_BOUND('',#561,.T.);
#182=FACE_OUTER_BOUND('',#562,.T.);
#183=FACE_OUTER_BOUND('',#563,.T.);
#184=FACE_OUTER_BOUND('',#564,.T.);
#185=FACE_OUTER_BOUND('',#565,.T.);
#186=FACE_OUTER_BOUND('',#566,.T.);
#187=FACE_OUTER_BOUND('',#567,.T.);
#188=FACE_OUTER_BOUND('',#568,.T.);
#189=FACE_OUTER_BOUND('',#569,.T.);
#190=FACE_OUTER_BOUND('',#570,.T.);
#191=FACE_OUTER_BOUND('',#571,.T.);
#192=FACE_OUTER_BOUND('',#572,.T.);
#193=FACE_OUTER_BOUND('',#573,.T.);
#194=FACE_OUTER_BOUND('',#574,.T.);
#195=FACE_OUTER_BOUND('',#575,.T.);
#196=FACE_OUTER_BOUND('',#576,.T.);
#197=FACE_OUTER_BOUND('',#577,.T.);
#198=FACE_OUTER_BOUND('',#578,.T.);
#199=FACE_OUTER_BOUND('',#579,.T.);
#200=FACE_OUTER_BOUND('',#580,.T.);
#201=FACE_OUTER_BOUND('',#581,.T.);
#202=FACE_OUTER_BOUND('',#582,.T.);
#203=FACE_OUTER_BOUND('',#583,.T.);
#204=FACE_OUTER_BOUND('',#584,.T.);
#205=FACE_OUTER_BOUND('',#585,.T.);
#206=FACE_OUTER_BOUND('',#586,.T.);
#207=FACE_OUTER_BOUND('',#587,.T.);
#208=FACE_OUTER_BOUND('',#588,.T.);
#209=FACE_OUTER_BOUND('',#589,.T.);
#210=FACE_OUTER_BOUND('',#590,.T.);
#211=FACE_OUTER_BOUND('',#591,.T.);
#212=FACE_OUTER_BOUND('',#592,.T.);
#213=FACE_OUTER_BOUND('',#593,.T.);
#214=FACE_OUTER_BOUND('',#594,.T.);
#215=FACE_OUTER_BOUND('',#595,.T.);
#216=FACE_OUTER_BOUND('',#596,.T.);
#217=FACE_OUTER_BOUND('',#597,.T.);
#218=FACE_OUTER_BOUND('',#598,.T.);
#219=FACE_OUTER_BOUND('',#599,.T.);
#220=FACE_OUTER_BOUND('',#600,.T.);
#221=FACE_OUTER_BOUND('',#601,.T.);
#222=FACE_OUTER_BOUND('',#602,.T.);
#223=FACE_OUTER_BOUND('',#603,.T.);
#224=FACE_OUTER_BOUND('',#604,.T.);
#225=FACE_OUTER_BOUND('',#605,.T.);
#226=FACE_OUTER_BOUND('',#606,.T.);
#227=FACE_OUTER_BOUND('',#607,.T.);
#228=FACE_OUTER_BOUND('',#608,.T.);
#229=FACE_OUTER_BOUND('',#609,.T.);
#230=FACE_OUTER_BOUND('',#610,.T.);
#231=FACE_OUTER_BOUND('',#611,.T.);
#232=FACE_OUTER_BOUND('',#612,.T.);
#233=FACE_OUTER_BOUND('',#613,.T.);
#234=FACE_OUTER_BOUND('',#614,.T.);
#235=FACE_OUTER_BOUND('',#615,.T.);
#236=FACE_OUTER_BOUND('',#616,.T.);
#237=FACE_OUTER_BOUND('',#617,.T.);
#238=FACE_OUTER_BOUND('',#618,.T.);
#239=FACE_OUTER_BOUND('',#619,.T.);
#240=FACE_OUTER_BOUND('',#620,.T.);
#241=FACE_OUTER_BOUND('',#621,.T.);
#242=FACE_OUTER_BOUND('',#622,.T.);
#243=FACE_OUTER_BOUND('',#623,.T.);
#244=FACE_OUTER_BOUND('',#624,.T.);
#245=FACE_OUTER_BOUND('',#625,.T.);
#246=FACE_OUTER_BOUND('',#626,.T.);
#247=FACE_OUTER_BOUND('',#627,.T.);
#248=FACE_OUTER_BOUND('',#628,.T.);
#249=FACE_OUTER_BOUND('',#629,.T.);
#250=FACE_OUTER_BOUND('',#630,.T.);
#251=FACE_OUTER_BOUND('',#631,.T.);
#252=FACE_OUTER_BOUND('',#632,.T.);
#253=FACE_OUTER_BOUND('',#633,.T.);
#254=FACE_OUTER_BOUND('',#634,.T.);
#255=FACE_OUTER_BOUND('',#635,.T.);
#256=FACE_OUTER_BOUND('',#636,.T.);
#257=FACE_OUTER_BOUND('',#637,.T.);
#258=FACE_OUTER_BOUND('',#638,.T.);
#259=FACE_OUTER_BOUND('',#639,.T.);
#260=FACE_OUTER_BOUND('',#640,.T.);
#261=FACE_OUTER_BOUND('',#641,.T.);
#262=FACE_OUTER_BOUND('',#642,.T.);
#263=FACE_OUTER_BOUND('',#643,.T.);
#264=FACE_OUTER_BOUND('',#644,.T.);
#265=FACE_OUTER_BOUND('',#645,.T.);
#266=FACE_OUTER_BOUND('',#646,.T.);
#267=FACE_OUTER_BOUND('',#647,.T.);
#268=FACE_OUTER_BOUND('',#648,.T.);
#269=FACE_OUTER_BOUND('',#649,.T.);
#270=FACE_OUTER_BOUND('',#650,.T.);
#271=FACE_OUTER_BOUND('',#651,.T.);
#272=FACE_OUTER_BOUND('',#652,.T.);
#273=FACE_OUTER_BOUND('',#653,.T.);
#274=FACE_OUTER_BOUND('',#654,.T.);
#275=FACE_OUTER_BOUND('',#655,.T.);
#276=FACE_OUTER_BOUND('',#656,.T.);
#277=FACE_OUTER_BOUND('',#657,.T.);
#278=FACE_OUTER_BOUND('',#658,.T.);
#279=FACE_OUTER_BOUND('',#659,.T.);
#280=FACE_OUTER_BOUND('',#660,.T.);
#281=FACE_OUTER_BOUND('',#661,.T.);
#282=FACE_OUTER_BOUND('',#662,.T.);
#283=FACE_OUTER_BOUND('',#663,.T.);
#284=FACE_OUTER_BOUND('',#664,.T.);
#285=FACE_OUTER_BOUND('',#665,.T.);
#286=FACE_OUTER_BOUND('',#666,.T.);
#287=FACE_OUTER_BOUND('',#667,.T.);
#288=FACE_OUTER_BOUND('',#668,.T.);
#289=FACE_OUTER_BOUND('',#669,.T.);
#290=FACE_OUTER_BOUND('',#670,.T.);
#291=FACE_OUTER_BOUND('',#671,.T.);
#292=FACE_OUTER_BOUND('',#672,.T.);
#293=FACE_OUTER_BOUND('',#673,.T.);
#294=FACE_OUTER_BOUND('',#674,.T.);
#295=FACE_OUTER_BOUND('',#675,.T.);
#296=FACE_OUTER_BOUND('',#676,.T.);
#297=FACE_OUTER_BOUND('',#677,.T.);
#298=FACE_OUTER_BOUND('',#678,.T.);
#299=FACE_OUTER_BOUND('',#679,.T.);
#300=FACE_OUTER_BOUND('',#680,.T.);
#301=FACE_OUTER_BOUND('',#681,.T.);
#302=FACE_OUTER_BOUND('',#682,.T.);
#303=FACE_OUTER_BOUND('',#683,.T.);
#304=FACE_OUTER_BOUND('',#684,.T.);
#305=FACE_OUTER_BOUND('',#685,.T.);
#306=FACE_OUTER_BOUND('',#686,.T.);
#307=FACE_OUTER_BOUND('',#687,.T.);
#308=FACE_OUTER_BOUND('',#688,.T.);
#309=FACE_OUTER_BOUND('',#689,.T.);
#310=FACE_OUTER_BOUND('',#690,.T.);
#311=FACE_OUTER_BOUND('',#691,.T.);
#312=FACE_OUTER_BOUND('',#692,.T.);
#313=FACE_OUTER_BOUND('',#693,.T.);
#314=FACE_OUTER_BOUND('',#694,.T.);
#315=FACE_OUTER_BOUND('',#695,.T.);
#316=FACE_OUTER_BOUND('',#696,.T.);
#317=FACE_OUTER_BOUND('',#697,.T.);
#318=FACE_OUTER_BOUND('',#698,.T.);
#319=FACE_OUTER_BOUND('',#699,.T.);
#320=FACE_OUTER_BOUND('',#700,.T.);
#321=FACE_OUTER_BOUND('',#701,.T.);
#322=FACE_OUTER_BOUND('',#702,.T.);
#323=FACE_OUTER_BOUND('',#703,.T.);
#324=FACE_OUTER_BOUND('',#704,.T.);
#325=FACE_OUTER_BOUND('',#705,.T.);
#326=FACE_OUTER_BOUND('',#706,.T.);
#327=FACE_OUTER_BOUND('',#707,.T.);
#328=FACE_OUTER_BOUND('',#708,.T.);
#329=FACE_OUTER_BOUND('',#709,.T.);
#330=FACE_OUTER_BOUND('',#710,.T.);
#331=FACE_OUTER_BOUND('',#711,.T.);
#332=FACE_OUTER_BOUND('',#712,.T.);
#333=FACE_OUTER_BOUND('',#713,.T.);
#334=FACE_OUTER_BOUND('',#714,.T.);
#335=FACE_OUTER_BOUND('',#715,.T.);
#336=FACE_OUTER_BOUND('',#716,.T.);
#337=FACE_OUTER_BOUND('',#717,.T.);
#338=FACE_OUTER_BOUND('',#718,.T.);
#339=FACE_OUTER_BOUND('',#719,.T.);
#340=FACE_OUTER_BOUND('',#720,.T.);
#341=FACE_OUTER_BOUND('',#721,.T.);
#342=FACE_OUTER_BOUND('',#722,.T.);
#343=FACE_OUTER_BOUND('',#723,.T.);
#344=FACE_OUTER_BOUND('',#724,.T.);
#345=FACE_OUTER_BOUND('',#725,.T.);
#346=FACE_OUTER_BOUND('',#726,.T.);
#347=FACE_OUTER_BOUND('',#727,.T.);
#348=FACE_OUTER_BOUND('',#728,.T.);
#349=FACE_OUTER_BOUND('',#729,.T.);
#350=FACE_OUTER_BOUND('',#730,.T.);
#351=FACE_OUTER_BOUND('',#731,.T.);
#352=FACE_OUTER_BOUND('',#732,.T.);
#353=FACE_OUTER_BOUND('',#733,.T.);
#354=FACE_OUTER_BOUND('',#734,.T.);
#355=FACE_OUTER_BOUND('',#735,.T.);
#356=FACE_OUTER_BOUND('',#736,.T.);
#357=FACE_OUTER_BOUND('',#737,.T.);
#358=FACE_OUTER_BOUND('',#738,.T.);
#359=FACE_OUTER_BOUND('',#739,.T.);
#360=FACE_OUTER_BOUND('',#740,.T.);
#361=FACE_OUTER_BOUND('',#741,.T.);
#362=FACE_OUTER_BOUND('',#742,.T.);
#363=FACE_OUTER_BOUND('',#743,.T.);
#364=FACE_OUTER_BOUND('',#744,.T.);
#365=FACE_OUTER_BOUND('',#745,.T.);
#366=FACE_OUTER_BOUND('',#746,.T.);
#367=FACE_OUTER_BOUND('',#747,.T.);
#368=FACE_OUTER_BOUND('',#748,.T.);
#369=FACE_OUTER_BOUND('',#749,.T.);
#370=FACE_OUTER_BOUND('',#750,.T.);
#371=FACE_OUTER_BOUND('',#751,.T.);
#372=FACE_OUTER_BOUND('',#752,.T.);
#373=FACE_OUTER_BOUND('',#753,.T.);
#374=FACE_OUTER_BOUND('',#754,.T.);
#375=FACE_OUTER_BOUND('',#755,.T.);
#376=FACE_OUTER_BOUND('',#756,.T.);
#377=FACE_OUTER_BOUND('',#757,.T.);
#378=FACE_OUTER_BOUND('',#758,.T.);
#379=FACE_OUTER_BOUND('',#759,.T.);
#380=FACE_OUTER_BOUND('',#760,.T.);
#381=FACE_OUTER_BOUND('',#761,.T.);
#382=FACE_OUTER_BOUND('',#762,.T.);
#383=FACE_OUTER_BOUND('',#763,.T.);
#384=FACE_OUTER_BOUND('',#764,.T.);
#385=FACE_OUTER_BOUND('',#765,.T.);
#386=FACE_OUTER_BOUND('',#766,.T.);
#387=FACE_OUTER_BOUND('',#767,.T.);
#388=FACE_OUTER_BOUND('',#768,.T.);
#389=FACE_OUTER_BOUND('',#769,.T.);
#390=FACE_OUTER_BOUND('',#770,.T.);
#391=FACE_OUTER_BOUND('',#771,.T.);
#392=FACE_OUTER_BOUND('',#772,.T.);
#393=FACE_OUTER_BOUND('',#773,.T.);
#394=FACE_OUTER_BOUND('',#774,.T.);
#395=FACE_OUTER_BOUND('',#775,.T.);
#396=FACE_OUTER_BOUND('',#776,.T.);
#397=FACE_OUTER_BOUND('',#777,.T.);
#398=FACE_OUTER_BOUND('',#778,.T.);
#399=FACE_OUTER_BOUND('',#779,.T.);
#400=FACE_OUTER_BOUND('',#780,.T.);
#401=FACE_OUTER_BOUND('',#781,.T.);
#402=FACE_OUTER_BOUND('',#782,.T.);
#403=FACE_OUTER_BOUND('',#783,.T.);
#404=FACE_OUTER_BOUND('',#784,.T.);
#405=FACE_OUTER_BOUND('',#785,.T.);
#406=FACE_OUTER_BOUND('',#786,.T.);
#407=FACE_OUTER_BOUND('',#787,.T.);
#408=FACE_OUTER_BOUND('',#788,.T.);
#409=FACE_OUTER_BOUND('',#789,.T.);
#410=FACE_OUTER_BOUND('',#790,.T.);
#411=FACE_OUTER_BOUND('',#791,.T.);
#412=FACE_OUTER_BOUND('',#792,.T.);
#413=EDGE_LOOP('',(#4617,#4618,#4619,#4620));
#414=EDGE_LOOP('',(#4621,#4622,#4623,#4624));
#415=EDGE_LOOP('',(#4625,#4626,#4627,#4628,#4629,#4630,#4631,#4632,#4633,
#4634,#4635,#4636,#4637,#4638,#4639,#4640,#4641,#4642));
#416=EDGE_LOOP('',(#4643,#4644,#4645,#4646));
#417=EDGE_LOOP('',(#4647,#4648,#4649,#4650));
#418=EDGE_LOOP('',(#4651,#4652,#4653,#4654));
#419=EDGE_LOOP('',(#4655,#4656,#4657,#4658));
#420=EDGE_LOOP('',(#4659,#4660,#4661,#4662));
#421=EDGE_LOOP('',(#4663,#4664,#4665,#4666));
#422=EDGE_LOOP('',(#4667,#4668,#4669,#4670));
#423=EDGE_LOOP('',(#4671,#4672,#4673,#4674));
#424=EDGE_LOOP('',(#4675,#4676,#4677,#4678,#4679,#4680,#4681,#4682,#4683,
#4684,#4685,#4686,#4687,#4688,#4689,#4690,#4691,#4692,#4693,#4694,#4695,
#4696,#4697,#4698,#4699,#4700,#4701,#4702,#4703));
#425=EDGE_LOOP('',(#4704,#4705,#4706,#4707,#4708,#4709,#4710,#4711,#4712,
#4713,#4714,#4715,#4716,#4717,#4718,#4719));
#426=EDGE_LOOP('',(#4720,#4721,#4722,#4723));
#427=EDGE_LOOP('',(#4724,#4725,#4726,#4727));
#428=EDGE_LOOP('',(#4728,#4729,#4730,#4731));
#429=EDGE_LOOP('',(#4732,#4733,#4734,#4735));
#430=EDGE_LOOP('',(#4736,#4737,#4738,#4739));
#431=EDGE_LOOP('',(#4740,#4741,#4742,#4743));
#432=EDGE_LOOP('',(#4744,#4745,#4746,#4747));
#433=EDGE_LOOP('',(#4748,#4749,#4750,#4751));
#434=EDGE_LOOP('',(#4752,#4753,#4754,#4755));
#435=EDGE_LOOP('',(#4756,#4757,#4758,#4759));
#436=EDGE_LOOP('',(#4760,#4761,#4762,#4763));
#437=EDGE_LOOP('',(#4764,#4765,#4766,#4767));
#438=EDGE_LOOP('',(#4768,#4769,#4770,#4771));
#439=EDGE_LOOP('',(#4772,#4773,#4774,#4775));
#440=EDGE_LOOP('',(#4776,#4777,#4778,#4779));
#441=EDGE_LOOP('',(#4780,#4781,#4782,#4783));
#442=EDGE_LOOP('',(#4784,#4785,#4786,#4787));
#443=EDGE_LOOP('',(#4788,#4789,#4790,#4791));
#444=EDGE_LOOP('',(#4792,#4793,#4794,#4795));
#445=EDGE_LOOP('',(#4796,#4797,#4798,#4799));
#446=EDGE_LOOP('',(#4800,#4801,#4802,#4803));
#447=EDGE_LOOP('',(#4804,#4805,#4806,#4807));
#448=EDGE_LOOP('',(#4808,#4809,#4810,#4811));
#449=EDGE_LOOP('',(#4812,#4813,#4814,#4815));
#450=EDGE_LOOP('',(#4816,#4817,#4818,#4819));
#451=EDGE_LOOP('',(#4820,#4821,#4822,#4823));
#452=EDGE_LOOP('',(#4824,#4825,#4826,#4827,#4828,#4829,#4830,#4831,#4832,
#4833,#4834,#4835,#4836,#4837,#4838,#4839,#4840,#4841));
#453=EDGE_LOOP('',(#4842,#4843,#4844,#4845));
#454=EDGE_LOOP('',(#4846,#4847,#4848,#4849));
#455=EDGE_LOOP('',(#4850,#4851,#4852,#4853,#4854,#4855,#4856,#4857,#4858,
#4859,#4860,#4861,#4862,#4863,#4864,#4865,#4866,#4867,#4868,#4869,#4870,
#4871,#4872,#4873,#4874,#4875,#4876,#4877,#4878,#4879,#4880,#4881,#4882,
#4883,#4884,#4885,#4886,#4887,#4888,#4889,#4890,#4891,#4892,#4893,#4894,
#4895,#4896,#4897,#4898,#4899,#4900,#4901,#4902,#4903,#4904));
#456=EDGE_LOOP('',(#4905,#4906,#4907,#4908));
#457=EDGE_LOOP('',(#4909,#4910,#4911,#4912));
#458=EDGE_LOOP('',(#4913,#4914,#4915,#4916));
#459=EDGE_LOOP('',(#4917,#4918,#4919,#4920));
#460=EDGE_LOOP('',(#4921,#4922,#4923,#4924));
#461=EDGE_LOOP('',(#4925,#4926,#4927,#4928));
#462=EDGE_LOOP('',(#4929,#4930,#4931,#4932));
#463=EDGE_LOOP('',(#4933,#4934,#4935,#4936));
#464=EDGE_LOOP('',(#4937,#4938,#4939,#4940));
#465=EDGE_LOOP('',(#4941,#4942,#4943,#4944));
#466=EDGE_LOOP('',(#4945,#4946,#4947,#4948));
#467=EDGE_LOOP('',(#4949,#4950,#4951,#4952));
#468=EDGE_LOOP('',(#4953,#4954,#4955,#4956));
#469=EDGE_LOOP('',(#4957,#4958,#4959,#4960,#4961,#4962,#4963,#4964,#4965,
#4966,#4967,#4968,#4969,#4970,#4971,#4972));
#470=EDGE_LOOP('',(#4973,#4974,#4975,#4976));
#471=EDGE_LOOP('',(#4977,#4978,#4979,#4980));
#472=EDGE_LOOP('',(#4981,#4982,#4983,#4984));
#473=EDGE_LOOP('',(#4985,#4986,#4987,#4988));
#474=EDGE_LOOP('',(#4989,#4990,#4991,#4992));
#475=EDGE_LOOP('',(#4993,#4994,#4995,#4996));
#476=EDGE_LOOP('',(#4997,#4998,#4999,#5000));
#477=EDGE_LOOP('',(#5001,#5002,#5003,#5004));
#478=EDGE_LOOP('',(#5005,#5006,#5007,#5008));
#479=EDGE_LOOP('',(#5009,#5010,#5011,#5012));
#480=EDGE_LOOP('',(#5013,#5014,#5015,#5016));
#481=EDGE_LOOP('',(#5017,#5018,#5019,#5020));
#482=EDGE_LOOP('',(#5021,#5022,#5023,#5024));
#483=EDGE_LOOP('',(#5025,#5026,#5027,#5028));
#484=EDGE_LOOP('',(#5029,#5030,#5031,#5032));
#485=EDGE_LOOP('',(#5033,#5034,#5035,#5036));
#486=EDGE_LOOP('',(#5037,#5038,#5039,#5040));
#487=EDGE_LOOP('',(#5041,#5042,#5043,#5044));
#488=EDGE_LOOP('',(#5045,#5046,#5047,#5048));
#489=EDGE_LOOP('',(#5049,#5050,#5051,#5052));
#490=EDGE_LOOP('',(#5053,#5054,#5055,#5056));
#491=EDGE_LOOP('',(#5057,#5058,#5059,#5060));
#492=EDGE_LOOP('',(#5061,#5062,#5063,#5064));
#493=EDGE_LOOP('',(#5065,#5066,#5067,#5068));
#494=EDGE_LOOP('',(#5069,#5070,#5071,#5072));
#495=EDGE_LOOP('',(#5073,#5074,#5075,#5076));
#496=EDGE_LOOP('',(#5077,#5078,#5079,#5080));
#497=EDGE_LOOP('',(#5081,#5082,#5083,#5084));
#498=EDGE_LOOP('',(#5085,#5086,#5087,#5088));
#499=EDGE_LOOP('',(#5089,#5090,#5091,#5092));
#500=EDGE_LOOP('',(#5093,#5094,#5095,#5096));
#501=EDGE_LOOP('',(#5097,#5098,#5099,#5100));
#502=EDGE_LOOP('',(#5101,#5102,#5103,#5104));
#503=EDGE_LOOP('',(#5105,#5106,#5107,#5108));
#504=EDGE_LOOP('',(#5109,#5110,#5111,#5112));
#505=EDGE_LOOP('',(#5113,#5114,#5115,#5116));
#506=EDGE_LOOP('',(#5117,#5118,#5119,#5120));
#507=EDGE_LOOP('',(#5121,#5122,#5123,#5124));
#508=EDGE_LOOP('',(#5125,#5126,#5127,#5128,#5129,#5130,#5131,#5132,#5133,
#5134,#5135,#5136,#5137,#5138,#5139,#5140,#5141,#5142,#5143,#5144,#5145,
#5146,#5147,#5148,#5149,#5150,#5151,#5152,#5153,#5154,#5155,#5156,#5157,
#5158,#5159,#5160,#5161,#5162,#5163,#5164,#5165,#5166,#5167,#5168,#5169,
#5170,#5171,#5172,#5173,#5174,#5175,#5176,#5177,#5178,#5179,#5180,#5181,
#5182,#5183,#5184,#5185,#5186,#5187,#5188,#5189,#5190,#5191,#5192,#5193,
#5194,#5195,#5196,#5197,#5198,#5199,#5200,#5201,#5202,#5203,#5204,#5205,
#5206,#5207,#5208,#5209,#5210,#5211,#5212,#5213,#5214,#5215,#5216,#5217,
#5218,#5219,#5220,#5221,#5222,#5223,#5224,#5225,#5226,#5227,#5228,#5229,
#5230,#5231,#5232,#5233,#5234,#5235,#5236,#5237,#5238,#5239,#5240,#5241,
#5242,#5243,#5244,#5245,#5246,#5247,#5248,#5249,#5250,#5251,#5252,#5253,
#5254,#5255,#5256,#5257,#5258,#5259,#5260,#5261,#5262,#5263,#5264,#5265,
#5266,#5267,#5268,#5269,#5270,#5271,#5272,#5273,#5274,#5275,#5276,#5277,
#5278,#5279,#5280,#5281,#5282));
#509=EDGE_LOOP('',(#5283,#5284,#5285,#5286));
#510=EDGE_LOOP('',(#5287,#5288,#5289,#5290));
#511=EDGE_LOOP('',(#5291,#5292,#5293,#5294));
#512=EDGE_LOOP('',(#5295,#5296,#5297,#5298));
#513=EDGE_LOOP('',(#5299,#5300,#5301,#5302));
#514=EDGE_LOOP('',(#5303,#5304,#5305,#5306));
#515=EDGE_LOOP('',(#5307,#5308,#5309,#5310));
#516=EDGE_LOOP('',(#5311,#5312,#5313,#5314));
#517=EDGE_LOOP('',(#5315,#5316,#5317,#5318));
#518=EDGE_LOOP('',(#5319,#5320,#5321,#5322));
#519=EDGE_LOOP('',(#5323,#5324,#5325,#5326));
#520=EDGE_LOOP('',(#5327,#5328,#5329,#5330));
#521=EDGE_LOOP('',(#5331,#5332,#5333,#5334));
#522=EDGE_LOOP('',(#5335,#5336,#5337,#5338));
#523=EDGE_LOOP('',(#5339,#5340,#5341,#5342));
#524=EDGE_LOOP('',(#5343,#5344,#5345,#5346));
#525=EDGE_LOOP('',(#5347,#5348,#5349,#5350));
#526=EDGE_LOOP('',(#5351,#5352,#5353,#5354));
#527=EDGE_LOOP('',(#5355,#5356,#5357,#5358));
#528=EDGE_LOOP('',(#5359,#5360,#5361,#5362));
#529=EDGE_LOOP('',(#5363,#5364,#5365,#5366));
#530=EDGE_LOOP('',(#5367,#5368,#5369,#5370));
#531=EDGE_LOOP('',(#5371,#5372,#5373,#5374));
#532=EDGE_LOOP('',(#5375,#5376,#5377,#5378));
#533=EDGE_LOOP('',(#5379,#5380,#5381,#5382));
#534=EDGE_LOOP('',(#5383,#5384,#5385,#5386));
#535=EDGE_LOOP('',(#5387,#5388,#5389,#5390));
#536=EDGE_LOOP('',(#5391,#5392,#5393,#5394,#5395,#5396));
#537=EDGE_LOOP('',(#5397,#5398,#5399,#5400));
#538=EDGE_LOOP('',(#5401,#5402,#5403,#5404));
#539=EDGE_LOOP('',(#5405,#5406,#5407,#5408));
#540=EDGE_LOOP('',(#5409,#5410,#5411,#5412));
#541=EDGE_LOOP('',(#5413,#5414,#5415,#5416));
#542=EDGE_LOOP('',(#5417,#5418,#5419,#5420));
#543=EDGE_LOOP('',(#5421,#5422,#5423,#5424));
#544=EDGE_LOOP('',(#5425,#5426,#5427,#5428));
#545=EDGE_LOOP('',(#5429,#5430,#5431,#5432));
#546=EDGE_LOOP('',(#5433,#5434,#5435,#5436));
#547=EDGE_LOOP('',(#5437,#5438,#5439,#5440));
#548=EDGE_LOOP('',(#5441,#5442,#5443,#5444));
#549=EDGE_LOOP('',(#5445,#5446,#5447,#5448,#5449,#5450));
#550=EDGE_LOOP('',(#5451,#5452,#5453,#5454));
#551=EDGE_LOOP('',(#5455,#5456,#5457,#5458));
#552=EDGE_LOOP('',(#5459,#5460,#5461,#5462));
#553=EDGE_LOOP('',(#5463,#5464,#5465,#5466,#5467,#5468,#5469));
#554=EDGE_LOOP('',(#5470,#5471,#5472,#5473));
#555=EDGE_LOOP('',(#5474,#5475,#5476,#5477));
#556=EDGE_LOOP('',(#5478,#5479,#5480,#5481,#5482,#5483,#5484));
#557=EDGE_LOOP('',(#5485,#5486,#5487,#5488));
#558=EDGE_LOOP('',(#5489,#5490,#5491,#5492));
#559=EDGE_LOOP('',(#5493,#5494,#5495,#5496));
#560=EDGE_LOOP('',(#5497,#5498,#5499,#5500));
#561=EDGE_LOOP('',(#5501,#5502,#5503,#5504));
#562=EDGE_LOOP('',(#5505,#5506,#5507,#5508));
#563=EDGE_LOOP('',(#5509,#5510,#5511,#5512));
#564=EDGE_LOOP('',(#5513,#5514,#5515,#5516));
#565=EDGE_LOOP('',(#5517,#5518,#5519,#5520));
#566=EDGE_LOOP('',(#5521,#5522,#5523,#5524));
#567=EDGE_LOOP('',(#5525,#5526,#5527,#5528));
#568=EDGE_LOOP('',(#5529,#5530,#5531,#5532));
#569=EDGE_LOOP('',(#5533,#5534,#5535,#5536));
#570=EDGE_LOOP('',(#5537,#5538,#5539,#5540));
#571=EDGE_LOOP('',(#5541,#5542,#5543,#5544));
#572=EDGE_LOOP('',(#5545,#5546,#5547,#5548));
#573=EDGE_LOOP('',(#5549,#5550,#5551,#5552));
#574=EDGE_LOOP('',(#5553,#5554,#5555,#5556));
#575=EDGE_LOOP('',(#5557,#5558,#5559,#5560));
#576=EDGE_LOOP('',(#5561,#5562,#5563,#5564));
#577=EDGE_LOOP('',(#5565,#5566,#5567,#5568));
#578=EDGE_LOOP('',(#5569,#5570,#5571,#5572));
#579=EDGE_LOOP('',(#5573,#5574,#5575,#5576));
#580=EDGE_LOOP('',(#5577,#5578,#5579,#5580));
#581=EDGE_LOOP('',(#5581,#5582,#5583,#5584));
#582=EDGE_LOOP('',(#5585,#5586,#5587,#5588));
#583=EDGE_LOOP('',(#5589,#5590,#5591,#5592));
#584=EDGE_LOOP('',(#5593,#5594,#5595,#5596));
#585=EDGE_LOOP('',(#5597,#5598,#5599,#5600));
#586=EDGE_LOOP('',(#5601,#5602,#5603,#5604));
#587=EDGE_LOOP('',(#5605,#5606,#5607,#5608));
#588=EDGE_LOOP('',(#5609,#5610,#5611,#5612));
#589=EDGE_LOOP('',(#5613,#5614,#5615,#5616));
#590=EDGE_LOOP('',(#5617,#5618,#5619,#5620));
#591=EDGE_LOOP('',(#5621,#5622,#5623,#5624));
#592=EDGE_LOOP('',(#5625,#5626,#5627,#5628));
#593=EDGE_LOOP('',(#5629,#5630,#5631,#5632));
#594=EDGE_LOOP('',(#5633,#5634,#5635,#5636));
#595=EDGE_LOOP('',(#5637,#5638,#5639,#5640));
#596=EDGE_LOOP('',(#5641,#5642,#5643,#5644));
#597=EDGE_LOOP('',(#5645,#5646,#5647,#5648));
#598=EDGE_LOOP('',(#5649,#5650,#5651,#5652));
#599=EDGE_LOOP('',(#5653,#5654,#5655,#5656));
#600=EDGE_LOOP('',(#5657,#5658,#5659,#5660));
#601=EDGE_LOOP('',(#5661,#5662,#5663,#5664));
#602=EDGE_LOOP('',(#5665,#5666,#5667,#5668));
#603=EDGE_LOOP('',(#5669,#5670,#5671,#5672,#5673,#5674,#5675));
#604=EDGE_LOOP('',(#5676,#5677,#5678,#5679,#5680,#5681,#5682,#5683));
#605=EDGE_LOOP('',(#5684,#5685,#5686,#5687,#5688,#5689,#5690,#5691,#5692,
#5693,#5694,#5695,#5696,#5697,#5698,#5699,#5700,#5701,#5702,#5703));
#606=EDGE_LOOP('',(#5704,#5705,#5706,#5707));
#607=EDGE_LOOP('',(#5708,#5709,#5710,#5711));
#608=EDGE_LOOP('',(#5712,#5713,#5714,#5715,#5716,#5717,#5718,#5719,#5720,
#5721,#5722,#5723,#5724,#5725,#5726,#5727,#5728,#5729,#5730,#5731));
#609=EDGE_LOOP('',(#5732,#5733,#5734,#5735));
#610=EDGE_LOOP('',(#5736,#5737,#5738,#5739));
#611=EDGE_LOOP('',(#5740,#5741,#5742,#5743));
#612=EDGE_LOOP('',(#5744,#5745,#5746,#5747));
#613=EDGE_LOOP('',(#5748,#5749,#5750,#5751));
#614=EDGE_LOOP('',(#5752,#5753,#5754,#5755));
#615=EDGE_LOOP('',(#5756,#5757,#5758,#5759));
#616=EDGE_LOOP('',(#5760,#5761,#5762,#5763));
#617=EDGE_LOOP('',(#5764,#5765,#5766,#5767,#5768,#5769,#5770,#5771,#5772,
#5773,#5774,#5775,#5776,#5777,#5778,#5779,#5780,#5781,#5782,#5783,#5784,
#5785,#5786,#5787,#5788,#5789,#5790,#5791,#5792));
#618=EDGE_LOOP('',(#5793,#5794,#5795,#5796,#5797,#5798,#5799,#5800,#5801,
#5802,#5803,#5804,#5805,#5806,#5807,#5808));
#619=EDGE_LOOP('',(#5809,#5810,#5811,#5812));
#620=EDGE_LOOP('',(#5813,#5814,#5815,#5816));
#621=EDGE_LOOP('',(#5817,#5818,#5819,#5820));
#622=EDGE_LOOP('',(#5821,#5822,#5823,#5824));
#623=EDGE_LOOP('',(#5825,#5826,#5827,#5828));
#624=EDGE_LOOP('',(#5829,#5830,#5831,#5832));
#625=EDGE_LOOP('',(#5833,#5834,#5835,#5836));
#626=EDGE_LOOP('',(#5837,#5838,#5839,#5840));
#627=EDGE_LOOP('',(#5841,#5842,#5843,#5844));
#628=EDGE_LOOP('',(#5845,#5846,#5847,#5848));
#629=EDGE_LOOP('',(#5849,#5850,#5851,#5852));
#630=EDGE_LOOP('',(#5853,#5854,#5855,#5856));
#631=EDGE_LOOP('',(#5857,#5858,#5859,#5860));
#632=EDGE_LOOP('',(#5861,#5862,#5863,#5864));
#633=EDGE_LOOP('',(#5865,#5866,#5867,#5868));
#634=EDGE_LOOP('',(#5869,#5870,#5871,#5872));
#635=EDGE_LOOP('',(#5873,#5874,#5875,#5876));
#636=EDGE_LOOP('',(#5877,#5878,#5879,#5880));
#637=EDGE_LOOP('',(#5881,#5882,#5883,#5884));
#638=EDGE_LOOP('',(#5885,#5886,#5887,#5888));
#639=EDGE_LOOP('',(#5889,#5890,#5891,#5892));
#640=EDGE_LOOP('',(#5893,#5894,#5895,#5896));
#641=EDGE_LOOP('',(#5897,#5898,#5899,#5900));
#642=EDGE_LOOP('',(#5901,#5902,#5903,#5904));
#643=EDGE_LOOP('',(#5905,#5906,#5907,#5908));
#644=EDGE_LOOP('',(#5909,#5910,#5911,#5912));
#645=EDGE_LOOP('',(#5913,#5914,#5915,#5916));
#646=EDGE_LOOP('',(#5917,#5918,#5919,#5920));
#647=EDGE_LOOP('',(#5921,#5922,#5923,#5924,#5925,#5926,#5927,#5928,#5929,
#5930,#5931,#5932,#5933,#5934,#5935,#5936,#5937,#5938,#5939,#5940,#5941,
#5942,#5943,#5944,#5945,#5946,#5947,#5948,#5949,#5950,#5951,#5952,#5953,
#5954,#5955,#5956,#5957,#5958,#5959,#5960,#5961,#5962,#5963,#5964,#5965,
#5966,#5967,#5968,#5969,#5970,#5971,#5972,#5973,#5974,#5975));
#648=EDGE_LOOP('',(#5976,#5977,#5978,#5979));
#649=EDGE_LOOP('',(#5980,#5981,#5982,#5983));
#650=EDGE_LOOP('',(#5984,#5985,#5986,#5987));
#651=EDGE_LOOP('',(#5988,#5989,#5990,#5991));
#652=EDGE_LOOP('',(#5992,#5993,#5994,#5995));
#653=EDGE_LOOP('',(#5996,#5997,#5998,#5999));
#654=EDGE_LOOP('',(#6000,#6001,#6002,#6003));
#655=EDGE_LOOP('',(#6004,#6005,#6006,#6007));
#656=EDGE_LOOP('',(#6008,#6009,#6010,#6011));
#657=EDGE_LOOP('',(#6012,#6013,#6014,#6015));
#658=EDGE_LOOP('',(#6016,#6017,#6018,#6019));
#659=EDGE_LOOP('',(#6020,#6021,#6022,#6023));
#660=EDGE_LOOP('',(#6024,#6025,#6026,#6027));
#661=EDGE_LOOP('',(#6028,#6029,#6030,#6031,#6032,#6033,#6034,#6035,#6036,
#6037,#6038,#6039,#6040,#6041,#6042,#6043));
#662=EDGE_LOOP('',(#6044,#6045,#6046,#6047));
#663=EDGE_LOOP('',(#6048,#6049,#6050,#6051));
#664=EDGE_LOOP('',(#6052,#6053,#6054,#6055));
#665=EDGE_LOOP('',(#6056,#6057,#6058,#6059));
#666=EDGE_LOOP('',(#6060,#6061,#6062,#6063));
#667=EDGE_LOOP('',(#6064,#6065,#6066,#6067));
#668=EDGE_LOOP('',(#6068,#6069,#6070,#6071));
#669=EDGE_LOOP('',(#6072,#6073,#6074,#6075));
#670=EDGE_LOOP('',(#6076,#6077,#6078,#6079));
#671=EDGE_LOOP('',(#6080,#6081,#6082,#6083));
#672=EDGE_LOOP('',(#6084,#6085,#6086,#6087));
#673=EDGE_LOOP('',(#6088,#6089,#6090,#6091));
#674=EDGE_LOOP('',(#6092,#6093,#6094,#6095));
#675=EDGE_LOOP('',(#6096,#6097,#6098,#6099));
#676=EDGE_LOOP('',(#6100,#6101,#6102,#6103));
#677=EDGE_LOOP('',(#6104,#6105,#6106,#6107));
#678=EDGE_LOOP('',(#6108,#6109,#6110,#6111));
#679=EDGE_LOOP('',(#6112,#6113,#6114,#6115));
#680=EDGE_LOOP('',(#6116,#6117,#6118,#6119));
#681=EDGE_LOOP('',(#6120,#6121,#6122,#6123));
#682=EDGE_LOOP('',(#6124,#6125,#6126,#6127));
#683=EDGE_LOOP('',(#6128,#6129,#6130,#6131));
#684=EDGE_LOOP('',(#6132,#6133,#6134,#6135));
#685=EDGE_LOOP('',(#6136,#6137,#6138,#6139));
#686=EDGE_LOOP('',(#6140,#6141,#6142,#6143));
#687=EDGE_LOOP('',(#6144,#6145,#6146,#6147));
#688=EDGE_LOOP('',(#6148,#6149,#6150,#6151));
#689=EDGE_LOOP('',(#6152,#6153,#6154,#6155));
#690=EDGE_LOOP('',(#6156,#6157,#6158,#6159));
#691=EDGE_LOOP('',(#6160,#6161,#6162,#6163));
#692=EDGE_LOOP('',(#6164,#6165,#6166,#6167));
#693=EDGE_LOOP('',(#6168,#6169,#6170,#6171));
#694=EDGE_LOOP('',(#6172,#6173,#6174,#6175));
#695=EDGE_LOOP('',(#6176,#6177,#6178,#6179));
#696=EDGE_LOOP('',(#6180,#6181,#6182,#6183));
#697=EDGE_LOOP('',(#6184,#6185,#6186,#6187));
#698=EDGE_LOOP('',(#6188,#6189,#6190,#6191));
#699=EDGE_LOOP('',(#6192,#6193,#6194,#6195));
#700=EDGE_LOOP('',(#6196,#6197,#6198,#6199,#6200,#6201,#6202,#6203,#6204,
#6205,#6206,#6207,#6208,#6209,#6210,#6211,#6212,#6213,#6214,#6215,#6216,
#6217,#6218,#6219,#6220,#6221,#6222,#6223,#6224,#6225,#6226,#6227,#6228,
#6229,#6230,#6231,#6232,#6233,#6234,#6235,#6236,#6237,#6238,#6239,#6240,
#6241,#6242,#6243,#6244,#6245,#6246,#6247,#6248,#6249,#6250,#6251,#6252,
#6253,#6254,#6255,#6256,#6257,#6258,#6259,#6260,#6261,#6262,#6263,#6264,
#6265,#6266,#6267,#6268,#6269,#6270,#6271,#6272,#6273,#6274,#6275,#6276,
#6277,#6278,#6279,#6280,#6281,#6282,#6283,#6284,#6285,#6286,#6287,#6288,
#6289,#6290,#6291,#6292,#6293,#6294,#6295,#6296,#6297,#6298,#6299,#6300,
#6301,#6302,#6303,#6304,#6305,#6306,#6307,#6308,#6309,#6310,#6311,#6312,
#6313,#6314,#6315,#6316,#6317,#6318,#6319,#6320,#6321,#6322,#6323,#6324,
#6325,#6326,#6327,#6328,#6329,#6330,#6331,#6332,#6333,#6334,#6335,#6336,
#6337,#6338,#6339,#6340,#6341,#6342,#6343,#6344,#6345,#6346,#6347,#6348,
#6349,#6350,#6351,#6352,#6353));
#701=EDGE_LOOP('',(#6354,#6355,#6356,#6357));
#702=EDGE_LOOP('',(#6358,#6359,#6360,#6361));
#703=EDGE_LOOP('',(#6362,#6363,#6364,#6365));
#704=EDGE_LOOP('',(#6366,#6367,#6368,#6369));
#705=EDGE_LOOP('',(#6370,#6371,#6372,#6373));
#706=EDGE_LOOP('',(#6374,#6375,#6376,#6377));
#707=EDGE_LOOP('',(#6378,#6379,#6380,#6381));
#708=EDGE_LOOP('',(#6382,#6383,#6384,#6385));
#709=EDGE_LOOP('',(#6386,#6387,#6388,#6389));
#710=EDGE_LOOP('',(#6390,#6391,#6392,#6393));
#711=EDGE_LOOP('',(#6394,#6395,#6396,#6397));
#712=EDGE_LOOP('',(#6398,#6399,#6400,#6401));
#713=EDGE_LOOP('',(#6402,#6403,#6404,#6405));
#714=EDGE_LOOP('',(#6406,#6407,#6408,#6409));
#715=EDGE_LOOP('',(#6410,#6411,#6412,#6413));
#716=EDGE_LOOP('',(#6414,#6415,#6416,#6417));
#717=EDGE_LOOP('',(#6418,#6419,#6420,#6421));
#718=EDGE_LOOP('',(#6422,#6423,#6424,#6425));
#719=EDGE_LOOP('',(#6426,#6427,#6428,#6429));
#720=EDGE_LOOP('',(#6430,#6431,#6432,#6433));
#721=EDGE_LOOP('',(#6434,#6435,#6436,#6437));
#722=EDGE_LOOP('',(#6438,#6439,#6440,#6441));
#723=EDGE_LOOP('',(#6442,#6443,#6444,#6445));
#724=EDGE_LOOP('',(#6446,#6447,#6448,#6449));
#725=EDGE_LOOP('',(#6450,#6451,#6452,#6453));
#726=EDGE_LOOP('',(#6454,#6455,#6456,#6457));
#727=EDGE_LOOP('',(#6458,#6459,#6460,#6461));
#728=EDGE_LOOP('',(#6462,#6463,#6464,#6465));
#729=EDGE_LOOP('',(#6466,#6467,#6468,#6469));
#730=EDGE_LOOP('',(#6470,#6471,#6472,#6473));
#731=EDGE_LOOP('',(#6474,#6475,#6476,#6477));
#732=EDGE_LOOP('',(#6478,#6479,#6480,#6481));
#733=EDGE_LOOP('',(#6482,#6483,#6484,#6485));
#734=EDGE_LOOP('',(#6486,#6487,#6488,#6489));
#735=EDGE_LOOP('',(#6490,#6491,#6492,#6493));
#736=EDGE_LOOP('',(#6494,#6495,#6496,#6497));
#737=EDGE_LOOP('',(#6498,#6499,#6500,#6501));
#738=EDGE_LOOP('',(#6502,#6503,#6504,#6505));
#739=EDGE_LOOP('',(#6506,#6507,#6508,#6509));
#740=EDGE_LOOP('',(#6510,#6511,#6512,#6513,#6514,#6515,#6516));
#741=EDGE_LOOP('',(#6517,#6518,#6519,#6520));
#742=EDGE_LOOP('',(#6521,#6522,#6523,#6524));
#743=EDGE_LOOP('',(#6525,#6526,#6527,#6528));
#744=EDGE_LOOP('',(#6529,#6530,#6531,#6532,#6533,#6534,#6535,#6536));
#745=EDGE_LOOP('',(#6537,#6538,#6539,#6540));
#746=EDGE_LOOP('',(#6541,#6542,#6543,#6544));
#747=EDGE_LOOP('',(#6545,#6546,#6547,#6548));
#748=EDGE_LOOP('',(#6549,#6550,#6551,#6552));
#749=EDGE_LOOP('',(#6553,#6554,#6555,#6556));
#750=EDGE_LOOP('',(#6557,#6558,#6559,#6560));
#751=EDGE_LOOP('',(#6561,#6562,#6563,#6564));
#752=EDGE_LOOP('',(#6565,#6566,#6567,#6568));
#753=EDGE_LOOP('',(#6569,#6570,#6571,#6572));
#754=EDGE_LOOP('',(#6573,#6574,#6575,#6576));
#755=EDGE_LOOP('',(#6577,#6578,#6579,#6580));
#756=EDGE_LOOP('',(#6581,#6582,#6583,#6584));
#757=EDGE_LOOP('',(#6585,#6586,#6587,#6588));
#758=EDGE_LOOP('',(#6589,#6590,#6591,#6592));
#759=EDGE_LOOP('',(#6593,#6594,#6595,#6596));
#760=EDGE_LOOP('',(#6597,#6598,#6599,#6600));
#761=EDGE_LOOP('',(#6601,#6602,#6603,#6604));
#762=EDGE_LOOP('',(#6605,#6606,#6607,#6608));
#763=EDGE_LOOP('',(#6609,#6610,#6611,#6612));
#764=EDGE_LOOP('',(#6613,#6614,#6615,#6616));
#765=EDGE_LOOP('',(#6617,#6618,#6619,#6620));
#766=EDGE_LOOP('',(#6621,#6622,#6623,#6624));
#767=EDGE_LOOP('',(#6625,#6626,#6627,#6628));
#768=EDGE_LOOP('',(#6629,#6630,#6631,#6632));
#769=EDGE_LOOP('',(#6633,#6634,#6635,#6636));
#770=EDGE_LOOP('',(#6637,#6638,#6639,#6640));
#771=EDGE_LOOP('',(#6641,#6642,#6643,#6644));
#772=EDGE_LOOP('',(#6645,#6646,#6647,#6648));
#773=EDGE_LOOP('',(#6649,#6650,#6651,#6652));
#774=EDGE_LOOP('',(#6653,#6654,#6655,#6656));
#775=EDGE_LOOP('',(#6657,#6658,#6659,#6660));
#776=EDGE_LOOP('',(#6661,#6662,#6663,#6664));
#777=EDGE_LOOP('',(#6665,#6666,#6667,#6668));
#778=EDGE_LOOP('',(#6669,#6670,#6671,#6672));
#779=EDGE_LOOP('',(#6673,#6674,#6675,#6676));
#780=EDGE_LOOP('',(#6677,#6678,#6679,#6680));
#781=EDGE_LOOP('',(#6681,#6682,#6683,#6684));
#782=EDGE_LOOP('',(#6685,#6686,#6687,#6688));
#783=EDGE_LOOP('',(#6689,#6690,#6691,#6692));
#784=EDGE_LOOP('',(#6693,#6694,#6695,#6696));
#785=EDGE_LOOP('',(#6697,#6698,#6699,#6700));
#786=EDGE_LOOP('',(#6701,#6702,#6703,#6704));
#787=EDGE_LOOP('',(#6705,#6706,#6707,#6708));
#788=EDGE_LOOP('',(#6709,#6710,#6711,#6712));
#789=EDGE_LOOP('',(#6713,#6714,#6715,#6716));
#790=EDGE_LOOP('',(#6717,#6718,#6719,#6720));
#791=EDGE_LOOP('',(#6721,#6722,#6723,#6724));
#792=EDGE_LOOP('',(#6725,#6726,#6727,#6728));
#793=LINE('',#9725,#1837);
#794=LINE('',#9727,#1838);
#795=LINE('',#9729,#1839);
#796=LINE('',#9730,#1840);
#797=LINE('',#9734,#1841);
#798=LINE('',#9736,#1842);
#799=LINE('',#9738,#1843);
#800=LINE('',#9739,#1844);
#801=LINE('',#9744,#1845);
#802=LINE('',#9746,#1846);
#803=LINE('',#9748,#1847);
#804=LINE('',#9750,#1848);
#805=LINE('',#9752,#1849);
#806=LINE('',#9754,#1850);
#807=LINE('',#9756,#1851);
#808=LINE('',#9758,#1852);
#809=LINE('',#9760,#1853);
#810=LINE('',#9762,#1854);
#811=LINE('',#9764,#1855);
#812=LINE('',#9766,#1856);
#813=LINE('',#9768,#1857);
#814=LINE('',#9770,#1858);
#815=LINE('',#9772,#1859);
#816=LINE('',#9773,#1860);
#817=LINE('',#9777,#1861);
#818=LINE('',#9780,#1862);
#819=LINE('',#9781,#1863);
#820=LINE('',#9785,#1864);
#821=LINE('',#9787,#1865);
#822=LINE('',#9789,#1866);
#823=LINE('',#9790,#1867);
#824=LINE('',#9796,#1868);
#825=LINE('',#9799,#1869);
#826=LINE('',#9801,#1870);
#827=LINE('',#9802,#1871);
#828=LINE('',#9806,#1872);
#829=LINE('',#9808,#1873);
#830=LINE('',#9810,#1874);
#831=LINE('',#9811,#1875);
#832=LINE('',#9817,#1876);
#833=LINE('',#9820,#1877);
#834=LINE('',#9822,#1878);
#835=LINE('',#9823,#1879);
#836=LINE('',#9827,#1880);
#837=LINE('',#9829,#1881);
#838=LINE('',#9831,#1882);
#839=LINE('',#9833,#1883);
#840=LINE('',#9835,#1884);
#841=LINE('',#9837,#1885);
#842=LINE('',#9839,#1886);
#843=LINE('',#9841,#1887);
#844=LINE('',#9843,#1888);
#845=LINE('',#9845,#1889);
#846=LINE('',#9847,#1890);
#847=LINE('',#9849,#1891);
#848=LINE('',#9851,#1892);
#849=LINE('',#9853,#1893);
#850=LINE('',#9855,#1894);
#851=LINE('',#9857,#1895);
#852=LINE('',#9859,#1896);
#853=LINE('',#9861,#1897);
#854=LINE('',#9863,#1898);
#855=LINE('',#9865,#1899);
#856=LINE('',#9867,#1900);
#857=LINE('',#9869,#1901);
#858=LINE('',#9871,#1902);
#859=LINE('',#9873,#1903);
#860=LINE('',#9875,#1904);
#861=LINE('',#9877,#1905);
#862=LINE('',#9879,#1906);
#863=LINE('',#9881,#1907);
#864=LINE('',#9882,#1908);
#865=LINE('',#9884,#1909);
#866=LINE('',#9885,#1910);
#867=LINE('',#9886,#1911);
#868=LINE('',#9887,#1912);
#869=LINE('',#9888,#1913);
#870=LINE('',#9891,#1914);
#871=LINE('',#9893,#1915);
#872=LINE('',#9895,#1916);
#873=LINE('',#9896,#1917);
#874=LINE('',#9899,#1918);
#875=LINE('',#9901,#1919);
#876=LINE('',#9902,#1920);
#877=LINE('',#9905,#1921);
#878=LINE('',#9907,#1922);
#879=LINE('',#9908,#1923);
#880=LINE('',#9912,#1924);
#881=LINE('',#9914,#1925);
#882=LINE('',#9916,#1926);
#883=LINE('',#9917,#1927);
#884=LINE('',#9920,#1928);
#885=LINE('',#9922,#1929);
#886=LINE('',#9923,#1930);
#887=LINE('',#9927,#1931);
#888=LINE('',#9929,#1932);
#889=LINE('',#9931,#1933);
#890=LINE('',#9932,#1934);
#891=LINE('',#9935,#1935);
#892=LINE('',#9937,#1936);
#893=LINE('',#9938,#1937);
#894=LINE('',#9942,#1938);
#895=LINE('',#9944,#1939);
#896=LINE('',#9946,#1940);
#897=LINE('',#9947,#1941);
#898=LINE('',#9950,#1942);
#899=LINE('',#9952,#1943);
#900=LINE('',#9953,#1944);
#901=LINE('',#9957,#1945);
#902=LINE('',#9959,#1946);
#903=LINE('',#9961,#1947);
#904=LINE('',#9962,#1948);
#905=LINE('',#9965,#1949);
#906=LINE('',#9967,#1950);
#907=LINE('',#9968,#1951);
#908=LINE('',#9972,#1952);
#909=LINE('',#9974,#1953);
#910=LINE('',#9976,#1954);
#911=LINE('',#9977,#1955);
#912=LINE('',#9980,#1956);
#913=LINE('',#9982,#1957);
#914=LINE('',#9983,#1958);
#915=LINE('',#9987,#1959);
#916=LINE('',#9989,#1960);
#917=LINE('',#9991,#1961);
#918=LINE('',#9992,#1962);
#919=LINE('',#9995,#1963);
#920=LINE('',#9997,#1964);
#921=LINE('',#9998,#1965);
#922=LINE('',#10002,#1966);
#923=LINE('',#10004,#1967);
#924=LINE('',#10006,#1968);
#925=LINE('',#10007,#1969);
#926=LINE('',#10010,#1970);
#927=LINE('',#10012,#1971);
#928=LINE('',#10013,#1972);
#929=LINE('',#10017,#1973);
#930=LINE('',#10019,#1974);
#931=LINE('',#10021,#1975);
#932=LINE('',#10022,#1976);
#933=LINE('',#10025,#1977);
#934=LINE('',#10027,#1978);
#935=LINE('',#10028,#1979);
#936=LINE('',#10032,#1980);
#937=LINE('',#10034,#1981);
#938=LINE('',#10036,#1982);
#939=LINE('',#10037,#1983);
#940=LINE('',#10040,#1984);
#941=LINE('',#10042,#1985);
#942=LINE('',#10043,#1986);
#943=LINE('',#10047,#1987);
#944=LINE('',#10049,#1988);
#945=LINE('',#10051,#1989);
#946=LINE('',#10052,#1990);
#947=LINE('',#10055,#1991);
#948=LINE('',#10057,#1992);
#949=LINE('',#10058,#1993);
#950=LINE('',#10062,#1994);
#951=LINE('',#10064,#1995);
#952=LINE('',#10066,#1996);
#953=LINE('',#10067,#1997);
#954=LINE('',#10070,#1998);
#955=LINE('',#10072,#1999);
#956=LINE('',#10073,#2000);
#957=LINE('',#10077,#2001);
#958=LINE('',#10079,#2002);
#959=LINE('',#10081,#2003);
#960=LINE('',#10082,#2004);
#961=LINE('',#10085,#2005);
#962=LINE('',#10087,#2006);
#963=LINE('',#10089,#2007);
#964=LINE('',#10091,#2008);
#965=LINE('',#10093,#2009);
#966=LINE('',#10095,#2010);
#967=LINE('',#10097,#2011);
#968=LINE('',#10099,#2012);
#969=LINE('',#10101,#2013);
#970=LINE('',#10103,#2014);
#971=LINE('',#10105,#2015);
#972=LINE('',#10107,#2016);
#973=LINE('',#10109,#2017);
#974=LINE('',#10111,#2018);
#975=LINE('',#10112,#2019);
#976=LINE('',#10115,#2020);
#977=LINE('',#10117,#2021);
#978=LINE('',#10119,#2022);
#979=LINE('',#10120,#2023);
#980=LINE('',#10123,#2024);
#981=LINE('',#10125,#2025);
#982=LINE('',#10127,#2026);
#983=LINE('',#10128,#2027);
#984=LINE('',#10131,#2028);
#985=LINE('',#10133,#2029);
#986=LINE('',#10134,#2030);
#987=LINE('',#10136,#2031);
#988=LINE('',#10138,#2032);
#989=LINE('',#10139,#2033);
#990=LINE('',#10141,#2034);
#991=LINE('',#10143,#2035);
#992=LINE('',#10144,#2036);
#993=LINE('',#10146,#2037);
#994=LINE('',#10148,#2038);
#995=LINE('',#10149,#2039);
#996=LINE('',#10151,#2040);
#997=LINE('',#10153,#2041);
#998=LINE('',#10154,#2042);
#999=LINE('',#10156,#2043);
#1000=LINE('',#10158,#2044);
#1001=LINE('',#10159,#2045);
#1002=LINE('',#10161,#2046);
#1003=LINE('',#10163,#2047);
#1004=LINE('',#10164,#2048);
#1005=LINE('',#10166,#2049);
#1006=LINE('',#10168,#2050);
#1007=LINE('',#10169,#2051);
#1008=LINE('',#10171,#2052);
#1009=LINE('',#10173,#2053);
#1010=LINE('',#10174,#2054);
#1011=LINE('',#10176,#2055);
#1012=LINE('',#10178,#2056);
#1013=LINE('',#10179,#2057);
#1014=LINE('',#10181,#2058);
#1015=LINE('',#10183,#2059);
#1016=LINE('',#10184,#2060);
#1017=LINE('',#10186,#2061);
#1018=LINE('',#10188,#2062);
#1019=LINE('',#10189,#2063);
#1020=LINE('',#10191,#2064);
#1021=LINE('',#10193,#2065);
#1022=LINE('',#10194,#2066);
#1023=LINE('',#10197,#2067);
#1024=LINE('',#10199,#2068);
#1025=LINE('',#10200,#2069);
#1026=LINE('',#10203,#2070);
#1027=LINE('',#10205,#2071);
#1028=LINE('',#10206,#2072);
#1029=LINE('',#10209,#2073);
#1030=LINE('',#10211,#2074);
#1031=LINE('',#10212,#2075);
#1032=LINE('',#10215,#2076);
#1033=LINE('',#10217,#2077);
#1034=LINE('',#10218,#2078);
#1035=LINE('',#10221,#2079);
#1036=LINE('',#10223,#2080);
#1037=LINE('',#10224,#2081);
#1038=LINE('',#10227,#2082);
#1039=LINE('',#10229,#2083);
#1040=LINE('',#10230,#2084);
#1041=LINE('',#10233,#2085);
#1042=LINE('',#10235,#2086);
#1043=LINE('',#10236,#2087);
#1044=LINE('',#10239,#2088);
#1045=LINE('',#10241,#2089);
#1046=LINE('',#10242,#2090);
#1047=LINE('',#10245,#2091);
#1048=LINE('',#10247,#2092);
#1049=LINE('',#10248,#2093);
#1050=LINE('',#10251,#2094);
#1051=LINE('',#10253,#2095);
#1052=LINE('',#10254,#2096);
#1053=LINE('',#10257,#2097);
#1054=LINE('',#10259,#2098);
#1055=LINE('',#10260,#2099);
#1056=LINE('',#10263,#2100);
#1057=LINE('',#10265,#2101);
#1058=LINE('',#10266,#2102);
#1059=LINE('',#10269,#2103);
#1060=LINE('',#10271,#2104);
#1061=LINE('',#10272,#2105);
#1062=LINE('',#10275,#2106);
#1063=LINE('',#10277,#2107);
#1064=LINE('',#10279,#2108);
#1065=LINE('',#10281,#2109);
#1066=LINE('',#10283,#2110);
#1067=LINE('',#10285,#2111);
#1068=LINE('',#10287,#2112);
#1069=LINE('',#10289,#2113);
#1070=LINE('',#10291,#2114);
#1071=LINE('',#10293,#2115);
#1072=LINE('',#10295,#2116);
#1073=LINE('',#10297,#2117);
#1074=LINE('',#10298,#2118);
#1075=LINE('',#10301,#2119);
#1076=LINE('',#10302,#2120);
#1077=LINE('',#10305,#2121);
#1078=LINE('',#10306,#2122);
#1079=LINE('',#10309,#2123);
#1080=LINE('',#10310,#2124);
#1081=LINE('',#10313,#2125);
#1082=LINE('',#10314,#2126);
#1083=LINE('',#10317,#2127);
#1084=LINE('',#10318,#2128);
#1085=LINE('',#10321,#2129);
#1086=LINE('',#10322,#2130);
#1087=LINE('',#10325,#2131);
#1088=LINE('',#10326,#2132);
#1089=LINE('',#10329,#2133);
#1090=LINE('',#10330,#2134);
#1091=LINE('',#10333,#2135);
#1092=LINE('',#10334,#2136);
#1093=LINE('',#10337,#2137);
#1094=LINE('',#10338,#2138);
#1095=LINE('',#10341,#2139);
#1096=LINE('',#10342,#2140);
#1097=LINE('',#10345,#2141);
#1098=LINE('',#10346,#2142);
#1099=LINE('',#10349,#2143);
#1100=LINE('',#10350,#2144);
#1101=LINE('',#10353,#2145);
#1102=LINE('',#10354,#2146);
#1103=LINE('',#10357,#2147);
#1104=LINE('',#10358,#2148);
#1105=LINE('',#10361,#2149);
#1106=LINE('',#10362,#2150);
#1107=LINE('',#10365,#2151);
#1108=LINE('',#10366,#2152);
#1109=LINE('',#10369,#2153);
#1110=LINE('',#10370,#2154);
#1111=LINE('',#10373,#2155);
#1112=LINE('',#10374,#2156);
#1113=LINE('',#10377,#2157);
#1114=LINE('',#10378,#2158);
#1115=LINE('',#10381,#2159);
#1116=LINE('',#10382,#2160);
#1117=LINE('',#10385,#2161);
#1118=LINE('',#10386,#2162);
#1119=LINE('',#10389,#2163);
#1120=LINE('',#10390,#2164);
#1121=LINE('',#10393,#2165);
#1122=LINE('',#10394,#2166);
#1123=LINE('',#10397,#2167);
#1124=LINE('',#10398,#2168);
#1125=LINE('',#10401,#2169);
#1126=LINE('',#10402,#2170);
#1127=LINE('',#10404,#2171);
#1128=LINE('',#10406,#2172);
#1129=LINE('',#10408,#2173);
#1130=LINE('',#10410,#2174);
#1131=LINE('',#10412,#2175);
#1132=LINE('',#10414,#2176);
#1133=LINE('',#10416,#2177);
#1134=LINE('',#10418,#2178);
#1135=LINE('',#10420,#2179);
#1136=LINE('',#10422,#2180);
#1137=LINE('',#10424,#2181);
#1138=LINE('',#10426,#2182);
#1139=LINE('',#10429,#2183);
#1140=LINE('',#10431,#2184);
#1141=LINE('',#10433,#2185);
#1142=LINE('',#10435,#2186);
#1143=LINE('',#10437,#2187);
#1144=LINE('',#10439,#2188);
#1145=LINE('',#10441,#2189);
#1146=LINE('',#10443,#2190);
#1147=LINE('',#10445,#2191);
#1148=LINE('',#10447,#2192);
#1149=LINE('',#10449,#2193);
#1150=LINE('',#10451,#2194);
#1151=LINE('',#10453,#2195);
#1152=LINE('',#10455,#2196);
#1153=LINE('',#10457,#2197);
#1154=LINE('',#10459,#2198);
#1155=LINE('',#10461,#2199);
#1156=LINE('',#10463,#2200);
#1157=LINE('',#10465,#2201);
#1158=LINE('',#10467,#2202);
#1159=LINE('',#10469,#2203);
#1160=LINE('',#10471,#2204);
#1161=LINE('',#10473,#2205);
#1162=LINE('',#10475,#2206);
#1163=LINE('',#10477,#2207);
#1164=LINE('',#10479,#2208);
#1165=LINE('',#10481,#2209);
#1166=LINE('',#10483,#2210);
#1167=LINE('',#10485,#2211);
#1168=LINE('',#10487,#2212);
#1169=LINE('',#10489,#2213);
#1170=LINE('',#10491,#2214);
#1171=LINE('',#10493,#2215);
#1172=LINE('',#10495,#2216);
#1173=LINE('',#10497,#2217);
#1174=LINE('',#10499,#2218);
#1175=LINE('',#10501,#2219);
#1176=LINE('',#10503,#2220);
#1177=LINE('',#10505,#2221);
#1178=LINE('',#10507,#2222);
#1179=LINE('',#10509,#2223);
#1180=LINE('',#10511,#2224);
#1181=LINE('',#10513,#2225);
#1182=LINE('',#10515,#2226);
#1183=LINE('',#10517,#2227);
#1184=LINE('',#10519,#2228);
#1185=LINE('',#10521,#2229);
#1186=LINE('',#10523,#2230);
#1187=LINE('',#10525,#2231);
#1188=LINE('',#10527,#2232);
#1189=LINE('',#10529,#2233);
#1190=LINE('',#10531,#2234);
#1191=LINE('',#10533,#2235);
#1192=LINE('',#10534,#2236);
#1193=LINE('',#10536,#2237);
#1194=LINE('',#10538,#2238);
#1195=LINE('',#10539,#2239);
#1196=LINE('',#10541,#2240);
#1197=LINE('',#10543,#2241);
#1198=LINE('',#10544,#2242);
#1199=LINE('',#10546,#2243);
#1200=LINE('',#10548,#2244);
#1201=LINE('',#10549,#2245);
#1202=LINE('',#10551,#2246);
#1203=LINE('',#10553,#2247);
#1204=LINE('',#10554,#2248);
#1205=LINE('',#10556,#2249);
#1206=LINE('',#10558,#2250);
#1207=LINE('',#10559,#2251);
#1208=LINE('',#10561,#2252);
#1209=LINE('',#10563,#2253);
#1210=LINE('',#10564,#2254);
#1211=LINE('',#10566,#2255);
#1212=LINE('',#10568,#2256);
#1213=LINE('',#10569,#2257);
#1214=LINE('',#10571,#2258);
#1215=LINE('',#10573,#2259);
#1216=LINE('',#10574,#2260);
#1217=LINE('',#10576,#2261);
#1218=LINE('',#10578,#2262);
#1219=LINE('',#10579,#2263);
#1220=LINE('',#10581,#2264);
#1221=LINE('',#10583,#2265);
#1222=LINE('',#10584,#2266);
#1223=LINE('',#10586,#2267);
#1224=LINE('',#10588,#2268);
#1225=LINE('',#10589,#2269);
#1226=LINE('',#10591,#2270);
#1227=LINE('',#10593,#2271);
#1228=LINE('',#10594,#2272);
#1229=LINE('',#10596,#2273);
#1230=LINE('',#10598,#2274);
#1231=LINE('',#10600,#2275);
#1232=LINE('',#10601,#2276);
#1233=LINE('',#10603,#2277);
#1234=LINE('',#10605,#2278);
#1235=LINE('',#10607,#2279);
#1236=LINE('',#10609,#2280);
#1237=LINE('',#10611,#2281);
#1238=LINE('',#10613,#2282);
#1239=LINE('',#10615,#2283);
#1240=LINE('',#10617,#2284);
#1241=LINE('',#10619,#2285);
#1242=LINE('',#10621,#2286);
#1243=LINE('',#10623,#2287);
#1244=LINE('',#10625,#2288);
#1245=LINE('',#10627,#2289);
#1246=LINE('',#10629,#2290);
#1247=LINE('',#10631,#2291);
#1248=LINE('',#10633,#2292);
#1249=LINE('',#10635,#2293);
#1250=LINE('',#10637,#2294);
#1251=LINE('',#10639,#2295);
#1252=LINE('',#10641,#2296);
#1253=LINE('',#10643,#2297);
#1254=LINE('',#10645,#2298);
#1255=LINE('',#10647,#2299);
#1256=LINE('',#10649,#2300);
#1257=LINE('',#10651,#2301);
#1258=LINE('',#10653,#2302);
#1259=LINE('',#10655,#2303);
#1260=LINE('',#10657,#2304);
#1261=LINE('',#10671,#2305);
#1262=LINE('',#10672,#2306);
#1263=LINE('',#10674,#2307);
#1264=LINE('',#10675,#2308);
#1265=LINE('',#10677,#2309);
#1266=LINE('',#10678,#2310);
#1267=LINE('',#10680,#2311);
#1268=LINE('',#10681,#2312);
#1269=LINE('',#10683,#2313);
#1270=LINE('',#10684,#2314);
#1271=LINE('',#10686,#2315);
#1272=LINE('',#10687,#2316);
#1273=LINE('',#10689,#2317);
#1274=LINE('',#10690,#2318);
#1275=LINE('',#10692,#2319);
#1276=LINE('',#10693,#2320);
#1277=LINE('',#10695,#2321);
#1278=LINE('',#10696,#2322);
#1279=LINE('',#10698,#2323);
#1280=LINE('',#10699,#2324);
#1281=LINE('',#10701,#2325);
#1282=LINE('',#10702,#2326);
#1283=LINE('',#10704,#2327);
#1284=LINE('',#10705,#2328);
#1285=LINE('',#10707,#2329);
#1286=LINE('',#10708,#2330);
#1287=LINE('',#10712,#2331);
#1288=LINE('',#10714,#2332);
#1289=LINE('',#10717,#2333);
#1290=LINE('',#10719,#2334);
#1291=LINE('',#10722,#2335);
#1292=LINE('',#10724,#2336);
#1293=LINE('',#10727,#2337);
#1294=LINE('',#10729,#2338);
#1295=LINE('',#10732,#2339);
#1296=LINE('',#10734,#2340);
#1297=LINE('',#10737,#2341);
#1298=LINE('',#10739,#2342);
#1299=LINE('',#10742,#2343);
#1300=LINE('',#10744,#2344);
#1301=LINE('',#10747,#2345);
#1302=LINE('',#10749,#2346);
#1303=LINE('',#10752,#2347);
#1304=LINE('',#10754,#2348);
#1305=LINE('',#10757,#2349);
#1306=LINE('',#10759,#2350);
#1307=LINE('',#10762,#2351);
#1308=LINE('',#10764,#2352);
#1309=LINE('',#10767,#2353);
#1310=LINE('',#10769,#2354);
#1311=LINE('',#10772,#2355);
#1312=LINE('',#10774,#2356);
#1313=LINE('',#10779,#2357);
#1314=LINE('',#10781,#2358);
#1315=LINE('',#10783,#2359);
#1316=LINE('',#10785,#2360);
#1317=LINE('',#10787,#2361);
#1318=LINE('',#10789,#2362);
#1319=LINE('',#10790,#2363);
#1320=LINE('',#10794,#2364);
#1321=LINE('',#10796,#2365);
#1322=LINE('',#10798,#2366);
#1323=LINE('',#10800,#2367);
#1324=LINE('',#10802,#2368);
#1325=LINE('',#10804,#2369);
#1326=LINE('',#10806,#2370);
#1327=LINE('',#10807,#2371);
#1328=LINE('',#10810,#2372);
#1329=LINE('',#10812,#2373);
#1330=LINE('',#10814,#2374);
#1331=LINE('',#10816,#2375);
#1332=LINE('',#10818,#2376);
#1333=LINE('',#10820,#2377);
#1334=LINE('',#10822,#2378);
#1335=LINE('',#10824,#2379);
#1336=LINE('',#10826,#2380);
#1337=LINE('',#10828,#2381);
#1338=LINE('',#10830,#2382);
#1339=LINE('',#10832,#2383);
#1340=LINE('',#10834,#2384);
#1341=LINE('',#10836,#2385);
#1342=LINE('',#10837,#2386);
#1343=LINE('',#10839,#2387);
#1344=LINE('',#10842,#2388);
#1345=LINE('',#10846,#2389);
#1346=LINE('',#10848,#2390);
#1347=LINE('',#10850,#2391);
#1348=LINE('',#10851,#2392);
#1349=LINE('',#10855,#2393);
#1350=LINE('',#10857,#2394);
#1351=LINE('',#10859,#2395);
#1352=LINE('',#10860,#2396);
#1353=LINE('',#10865,#2397);
#1354=LINE('',#10867,#2398);
#1355=LINE('',#10869,#2399);
#1356=LINE('',#10871,#2400);
#1357=LINE('',#10873,#2401);
#1358=LINE('',#10875,#2402);
#1359=LINE('',#10877,#2403);
#1360=LINE('',#10879,#2404);
#1361=LINE('',#10881,#2405);
#1362=LINE('',#10883,#2406);
#1363=LINE('',#10885,#2407);
#1364=LINE('',#10887,#2408);
#1365=LINE('',#10889,#2409);
#1366=LINE('',#10891,#2410);
#1367=LINE('',#10893,#2411);
#1368=LINE('',#10895,#2412);
#1369=LINE('',#10897,#2413);
#1370=LINE('',#10898,#2414);
#1371=LINE('',#10901,#2415);
#1372=LINE('',#10905,#2416);
#1373=LINE('',#10906,#2417);
#1374=LINE('',#10910,#2418);
#1375=LINE('',#10912,#2419);
#1376=LINE('',#10914,#2420);
#1377=LINE('',#10915,#2421);
#1378=LINE('',#10920,#2422);
#1379=LINE('',#10923,#2423);
#1380=LINE('',#10924,#2424);
#1381=LINE('',#10927,#2425);
#1382=LINE('',#10928,#2426);
#1383=LINE('',#10931,#2427);
#1384=LINE('',#10934,#2428);
#1385=LINE('',#10938,#2429);
#1386=LINE('',#10940,#2430);
#1387=LINE('',#10941,#2431);
#1388=LINE('',#10943,#2432);
#1389=LINE('',#10945,#2433);
#1390=LINE('',#10947,#2434);
#1391=LINE('',#10949,#2435);
#1392=LINE('',#10951,#2436);
#1393=LINE('',#10953,#2437);
#1394=LINE('',#10955,#2438);
#1395=LINE('',#10957,#2439);
#1396=LINE('',#10959,#2440);
#1397=LINE('',#10961,#2441);
#1398=LINE('',#10963,#2442);
#1399=LINE('',#10965,#2443);
#1400=LINE('',#10967,#2444);
#1401=LINE('',#10969,#2445);
#1402=LINE('',#10971,#2446);
#1403=LINE('',#10973,#2447);
#1404=LINE('',#10975,#2448);
#1405=LINE('',#10977,#2449);
#1406=LINE('',#10979,#2450);
#1407=LINE('',#10981,#2451);
#1408=LINE('',#10983,#2452);
#1409=LINE('',#10985,#2453);
#1410=LINE('',#10987,#2454);
#1411=LINE('',#10989,#2455);
#1412=LINE('',#10990,#2456);
#1413=LINE('',#10992,#2457);
#1414=LINE('',#10993,#2458);
#1415=LINE('',#10994,#2459);
#1416=LINE('',#10997,#2460);
#1417=LINE('',#10999,#2461);
#1418=LINE('',#11001,#2462);
#1419=LINE('',#11002,#2463);
#1420=LINE('',#11005,#2464);
#1421=LINE('',#11007,#2465);
#1422=LINE('',#11008,#2466);
#1423=LINE('',#11012,#2467);
#1424=LINE('',#11013,#2468);
#1425=LINE('',#11014,#2469);
#1426=LINE('',#11018,#2470);
#1427=LINE('',#11020,#2471);
#1428=LINE('',#11022,#2472);
#1429=LINE('',#11023,#2473);
#1430=LINE('',#11027,#2474);
#1431=LINE('',#11028,#2475);
#1432=LINE('',#11029,#2476);
#1433=LINE('',#11033,#2477);
#1434=LINE('',#11035,#2478);
#1435=LINE('',#11037,#2479);
#1436=LINE('',#11038,#2480);
#1437=LINE('',#11042,#2481);
#1438=LINE('',#11043,#2482);
#1439=LINE('',#11044,#2483);
#1440=LINE('',#11048,#2484);
#1441=LINE('',#11050,#2485);
#1442=LINE('',#11052,#2486);
#1443=LINE('',#11053,#2487);
#1444=LINE('',#11057,#2488);
#1445=LINE('',#11058,#2489);
#1446=LINE('',#11059,#2490);
#1447=LINE('',#11063,#2491);
#1448=LINE('',#11065,#2492);
#1449=LINE('',#11067,#2493);
#1450=LINE('',#11068,#2494);
#1451=LINE('',#11072,#2495);
#1452=LINE('',#11073,#2496);
#1453=LINE('',#11074,#2497);
#1454=LINE('',#11078,#2498);
#1455=LINE('',#11080,#2499);
#1456=LINE('',#11082,#2500);
#1457=LINE('',#11083,#2501);
#1458=LINE('',#11087,#2502);
#1459=LINE('',#11088,#2503);
#1460=LINE('',#11089,#2504);
#1461=LINE('',#11093,#2505);
#1462=LINE('',#11095,#2506);
#1463=LINE('',#11097,#2507);
#1464=LINE('',#11098,#2508);
#1465=LINE('',#11102,#2509);
#1466=LINE('',#11103,#2510);
#1467=LINE('',#11104,#2511);
#1468=LINE('',#11108,#2512);
#1469=LINE('',#11110,#2513);
#1470=LINE('',#11112,#2514);
#1471=LINE('',#11113,#2515);
#1472=LINE('',#11117,#2516);
#1473=LINE('',#11118,#2517);
#1474=LINE('',#11119,#2518);
#1475=LINE('',#11123,#2519);
#1476=LINE('',#11125,#2520);
#1477=LINE('',#11127,#2521);
#1478=LINE('',#11128,#2522);
#1479=LINE('',#11132,#2523);
#1480=LINE('',#11133,#2524);
#1481=LINE('',#11134,#2525);
#1482=LINE('',#11138,#2526);
#1483=LINE('',#11140,#2527);
#1484=LINE('',#11142,#2528);
#1485=LINE('',#11143,#2529);
#1486=LINE('',#11147,#2530);
#1487=LINE('',#11148,#2531);
#1488=LINE('',#11149,#2532);
#1489=LINE('',#11153,#2533);
#1490=LINE('',#11155,#2534);
#1491=LINE('',#11157,#2535);
#1492=LINE('',#11158,#2536);
#1493=LINE('',#11162,#2537);
#1494=LINE('',#11163,#2538);
#1495=LINE('',#11164,#2539);
#1496=LINE('',#11168,#2540);
#1497=LINE('',#11170,#2541);
#1498=LINE('',#11172,#2542);
#1499=LINE('',#11173,#2543);
#1500=LINE('',#11177,#2544);
#1501=LINE('',#11178,#2545);
#1502=LINE('',#11179,#2546);
#1503=LINE('',#11183,#2547);
#1504=LINE('',#11185,#2548);
#1505=LINE('',#11187,#2549);
#1506=LINE('',#11188,#2550);
#1507=LINE('',#11191,#2551);
#1508=LINE('',#11193,#2552);
#1509=LINE('',#11195,#2553);
#1510=LINE('',#11196,#2554);
#1511=LINE('',#11199,#2555);
#1512=LINE('',#11201,#2556);
#1513=LINE('',#11202,#2557);
#1514=LINE('',#11205,#2558);
#1515=LINE('',#11207,#2559);
#1516=LINE('',#11209,#2560);
#1517=LINE('',#11210,#2561);
#1518=LINE('',#11212,#2562);
#1519=LINE('',#11214,#2563);
#1520=LINE('',#11215,#2564);
#1521=LINE('',#11217,#2565);
#1522=LINE('',#11219,#2566);
#1523=LINE('',#11220,#2567);
#1524=LINE('',#11222,#2568);
#1525=LINE('',#11224,#2569);
#1526=LINE('',#11225,#2570);
#1527=LINE('',#11227,#2571);
#1528=LINE('',#11229,#2572);
#1529=LINE('',#11230,#2573);
#1530=LINE('',#11232,#2574);
#1531=LINE('',#11234,#2575);
#1532=LINE('',#11235,#2576);
#1533=LINE('',#11237,#2577);
#1534=LINE('',#11239,#2578);
#1535=LINE('',#11240,#2579);
#1536=LINE('',#11242,#2580);
#1537=LINE('',#11244,#2581);
#1538=LINE('',#11245,#2582);
#1539=LINE('',#11247,#2583);
#1540=LINE('',#11249,#2584);
#1541=LINE('',#11250,#2585);
#1542=LINE('',#11252,#2586);
#1543=LINE('',#11254,#2587);
#1544=LINE('',#11255,#2588);
#1545=LINE('',#11257,#2589);
#1546=LINE('',#11259,#2590);
#1547=LINE('',#11260,#2591);
#1548=LINE('',#11262,#2592);
#1549=LINE('',#11264,#2593);
#1550=LINE('',#11265,#2594);
#1551=LINE('',#11267,#2595);
#1552=LINE('',#11268,#2596);
#1553=LINE('',#11272,#2597);
#1554=LINE('',#11273,#2598);
#1555=LINE('',#11274,#2599);
#1556=LINE('',#11278,#2600);
#1557=LINE('',#11279,#2601);
#1558=LINE('',#11280,#2602);
#1559=LINE('',#11284,#2603);
#1560=LINE('',#11285,#2604);
#1561=LINE('',#11286,#2605);
#1562=LINE('',#11290,#2606);
#1563=LINE('',#11291,#2607);
#1564=LINE('',#11292,#2608);
#1565=LINE('',#11296,#2609);
#1566=LINE('',#11297,#2610);
#1567=LINE('',#11298,#2611);
#1568=LINE('',#11302,#2612);
#1569=LINE('',#11303,#2613);
#1570=LINE('',#11304,#2614);
#1571=LINE('',#11308,#2615);
#1572=LINE('',#11309,#2616);
#1573=LINE('',#11310,#2617);
#1574=LINE('',#11314,#2618);
#1575=LINE('',#11315,#2619);
#1576=LINE('',#11316,#2620);
#1577=LINE('',#11320,#2621);
#1578=LINE('',#11321,#2622);
#1579=LINE('',#11322,#2623);
#1580=LINE('',#11326,#2624);
#1581=LINE('',#11327,#2625);
#1582=LINE('',#11328,#2626);
#1583=LINE('',#11332,#2627);
#1584=LINE('',#11333,#2628);
#1585=LINE('',#11334,#2629);
#1586=LINE('',#11338,#2630);
#1587=LINE('',#11339,#2631);
#1588=LINE('',#11340,#2632);
#1589=LINE('',#11343,#2633);
#1590=LINE('',#11344,#2634);
#1591=LINE('',#11347,#2635);
#1592=LINE('',#11349,#2636);
#1593=LINE('',#11351,#2637);
#1594=LINE('',#11353,#2638);
#1595=LINE('',#11355,#2639);
#1596=LINE('',#11357,#2640);
#1597=LINE('',#11359,#2641);
#1598=LINE('',#11361,#2642);
#1599=LINE('',#11363,#2643);
#1600=LINE('',#11365,#2644);
#1601=LINE('',#11367,#2645);
#1602=LINE('',#11369,#2646);
#1603=LINE('',#11370,#2647);
#1604=LINE('',#11373,#2648);
#1605=LINE('',#11374,#2649);
#1606=LINE('',#11377,#2650);
#1607=LINE('',#11378,#2651);
#1608=LINE('',#11381,#2652);
#1609=LINE('',#11382,#2653);
#1610=LINE('',#11385,#2654);
#1611=LINE('',#11386,#2655);
#1612=LINE('',#11389,#2656);
#1613=LINE('',#11390,#2657);
#1614=LINE('',#11393,#2658);
#1615=LINE('',#11394,#2659);
#1616=LINE('',#11397,#2660);
#1617=LINE('',#11398,#2661);
#1618=LINE('',#11401,#2662);
#1619=LINE('',#11402,#2663);
#1620=LINE('',#11405,#2664);
#1621=LINE('',#11406,#2665);
#1622=LINE('',#11409,#2666);
#1623=LINE('',#11410,#2667);
#1624=LINE('',#11413,#2668);
#1625=LINE('',#11414,#2669);
#1626=LINE('',#11417,#2670);
#1627=LINE('',#11418,#2671);
#1628=LINE('',#11421,#2672);
#1629=LINE('',#11422,#2673);
#1630=LINE('',#11425,#2674);
#1631=LINE('',#11426,#2675);
#1632=LINE('',#11429,#2676);
#1633=LINE('',#11430,#2677);
#1634=LINE('',#11433,#2678);
#1635=LINE('',#11434,#2679);
#1636=LINE('',#11437,#2680);
#1637=LINE('',#11438,#2681);
#1638=LINE('',#11441,#2682);
#1639=LINE('',#11442,#2683);
#1640=LINE('',#11445,#2684);
#1641=LINE('',#11446,#2685);
#1642=LINE('',#11449,#2686);
#1643=LINE('',#11450,#2687);
#1644=LINE('',#11453,#2688);
#1645=LINE('',#11454,#2689);
#1646=LINE('',#11457,#2690);
#1647=LINE('',#11458,#2691);
#1648=LINE('',#11461,#2692);
#1649=LINE('',#11462,#2693);
#1650=LINE('',#11465,#2694);
#1651=LINE('',#11466,#2695);
#1652=LINE('',#11469,#2696);
#1653=LINE('',#11470,#2697);
#1654=LINE('',#11473,#2698);
#1655=LINE('',#11474,#2699);
#1656=LINE('',#11476,#2700);
#1657=LINE('',#11478,#2701);
#1658=LINE('',#11480,#2702);
#1659=LINE('',#11482,#2703);
#1660=LINE('',#11484,#2704);
#1661=LINE('',#11486,#2705);
#1662=LINE('',#11488,#2706);
#1663=LINE('',#11490,#2707);
#1664=LINE('',#11492,#2708);
#1665=LINE('',#11494,#2709);
#1666=LINE('',#11496,#2710);
#1667=LINE('',#11498,#2711);
#1668=LINE('',#11501,#2712);
#1669=LINE('',#11503,#2713);
#1670=LINE('',#11505,#2714);
#1671=LINE('',#11506,#2715);
#1672=LINE('',#11508,#2716);
#1673=LINE('',#11510,#2717);
#1674=LINE('',#11511,#2718);
#1675=LINE('',#11513,#2719);
#1676=LINE('',#11515,#2720);
#1677=LINE('',#11516,#2721);
#1678=LINE('',#11518,#2722);
#1679=LINE('',#11520,#2723);
#1680=LINE('',#11521,#2724);
#1681=LINE('',#11523,#2725);
#1682=LINE('',#11525,#2726);
#1683=LINE('',#11526,#2727);
#1684=LINE('',#11528,#2728);
#1685=LINE('',#11530,#2729);
#1686=LINE('',#11531,#2730);
#1687=LINE('',#11533,#2731);
#1688=LINE('',#11535,#2732);
#1689=LINE('',#11536,#2733);
#1690=LINE('',#11538,#2734);
#1691=LINE('',#11540,#2735);
#1692=LINE('',#11541,#2736);
#1693=LINE('',#11543,#2737);
#1694=LINE('',#11545,#2738);
#1695=LINE('',#11546,#2739);
#1696=LINE('',#11548,#2740);
#1697=LINE('',#11550,#2741);
#1698=LINE('',#11551,#2742);
#1699=LINE('',#11553,#2743);
#1700=LINE('',#11555,#2744);
#1701=LINE('',#11556,#2745);
#1702=LINE('',#11558,#2746);
#1703=LINE('',#11560,#2747);
#1704=LINE('',#11561,#2748);
#1705=LINE('',#11563,#2749);
#1706=LINE('',#11565,#2750);
#1707=LINE('',#11566,#2751);
#1708=LINE('',#11568,#2752);
#1709=LINE('',#11570,#2753);
#1710=LINE('',#11572,#2754);
#1711=LINE('',#11574,#2755);
#1712=LINE('',#11576,#2756);
#1713=LINE('',#11578,#2757);
#1714=LINE('',#11580,#2758);
#1715=LINE('',#11582,#2759);
#1716=LINE('',#11584,#2760);
#1717=LINE('',#11586,#2761);
#1718=LINE('',#11588,#2762);
#1719=LINE('',#11590,#2763);
#1720=LINE('',#11592,#2764);
#1721=LINE('',#11594,#2765);
#1722=LINE('',#11595,#2766);
#1723=LINE('',#11597,#2767);
#1724=LINE('',#11599,#2768);
#1725=LINE('',#11601,#2769);
#1726=LINE('',#11603,#2770);
#1727=LINE('',#11605,#2771);
#1728=LINE('',#11607,#2772);
#1729=LINE('',#11609,#2773);
#1730=LINE('',#11611,#2774);
#1731=LINE('',#11613,#2775);
#1732=LINE('',#11615,#2776);
#1733=LINE('',#11617,#2777);
#1734=LINE('',#11619,#2778);
#1735=LINE('',#11621,#2779);
#1736=LINE('',#11623,#2780);
#1737=LINE('',#11625,#2781);
#1738=LINE('',#11627,#2782);
#1739=LINE('',#11629,#2783);
#1740=LINE('',#11631,#2784);
#1741=LINE('',#11633,#2785);
#1742=LINE('',#11635,#2786);
#1743=LINE('',#11637,#2787);
#1744=LINE('',#11639,#2788);
#1745=LINE('',#11641,#2789);
#1746=LINE('',#11643,#2790);
#1747=LINE('',#11645,#2791);
#1748=LINE('',#11647,#2792);
#1749=LINE('',#11649,#2793);
#1750=LINE('',#11651,#2794);
#1751=LINE('',#11653,#2795);
#1752=LINE('',#11655,#2796);
#1753=LINE('',#11657,#2797);
#1754=LINE('',#11659,#2798);
#1755=LINE('',#11661,#2799);
#1756=LINE('',#11663,#2800);
#1757=LINE('',#11665,#2801);
#1758=LINE('',#11667,#2802);
#1759=LINE('',#11668,#2803);
#1760=LINE('',#11670,#2804);
#1761=LINE('',#11672,#2805);
#1762=LINE('',#11674,#2806);
#1763=LINE('',#11676,#2807);
#1764=LINE('',#11678,#2808);
#1765=LINE('',#11680,#2809);
#1766=LINE('',#11682,#2810);
#1767=LINE('',#11684,#2811);
#1768=LINE('',#11686,#2812);
#1769=LINE('',#11688,#2813);
#1770=LINE('',#11690,#2814);
#1771=LINE('',#11692,#2815);
#1772=LINE('',#11694,#2816);
#1773=LINE('',#11696,#2817);
#1774=LINE('',#11698,#2818);
#1775=LINE('',#11700,#2819);
#1776=LINE('',#11702,#2820);
#1777=LINE('',#11704,#2821);
#1778=LINE('',#11706,#2822);
#1779=LINE('',#11708,#2823);
#1780=LINE('',#11710,#2824);
#1781=LINE('',#11712,#2825);
#1782=LINE('',#11714,#2826);
#1783=LINE('',#11716,#2827);
#1784=LINE('',#11718,#2828);
#1785=LINE('',#11720,#2829);
#1786=LINE('',#11722,#2830);
#1787=LINE('',#11736,#2831);
#1788=LINE('',#11737,#2832);
#1789=LINE('',#11739,#2833);
#1790=LINE('',#11740,#2834);
#1791=LINE('',#11742,#2835);
#1792=LINE('',#11743,#2836);
#1793=LINE('',#11745,#2837);
#1794=LINE('',#11746,#2838);
#1795=LINE('',#11748,#2839);
#1796=LINE('',#11749,#2840);
#1797=LINE('',#11751,#2841);
#1798=LINE('',#11752,#2842);
#1799=LINE('',#11754,#2843);
#1800=LINE('',#11755,#2844);
#1801=LINE('',#11757,#2845);
#1802=LINE('',#11758,#2846);
#1803=LINE('',#11760,#2847);
#1804=LINE('',#11761,#2848);
#1805=LINE('',#11763,#2849);
#1806=LINE('',#11764,#2850);
#1807=LINE('',#11766,#2851);
#1808=LINE('',#11767,#2852);
#1809=LINE('',#11769,#2853);
#1810=LINE('',#11770,#2854);
#1811=LINE('',#11774,#2855);
#1812=LINE('',#11776,#2856);
#1813=LINE('',#11779,#2857);
#1814=LINE('',#11781,#2858);
#1815=LINE('',#11784,#2859);
#1816=LINE('',#11786,#2860);
#1817=LINE('',#11789,#2861);
#1818=LINE('',#11791,#2862);
#1819=LINE('',#11794,#2863);
#1820=LINE('',#11796,#2864);
#1821=LINE('',#11799,#2865);
#1822=LINE('',#11801,#2866);
#1823=LINE('',#11804,#2867);
#1824=LINE('',#11806,#2868);
#1825=LINE('',#11809,#2869);
#1826=LINE('',#11811,#2870);
#1827=LINE('',#11814,#2871);
#1828=LINE('',#11816,#2872);
#1829=LINE('',#11819,#2873);
#1830=LINE('',#11821,#2874);
#1831=LINE('',#11824,#2875);
#1832=LINE('',#11826,#2876);
#1833=LINE('',#11829,#2877);
#1834=LINE('',#11831,#2878);
#1835=LINE('',#11834,#2879);
#1836=LINE('',#11836,#2880);
#1837=VECTOR('',#7895,1.);
#1838=VECTOR('',#7896,1.);
#1839=VECTOR('',#7897,1.);
#1840=VECTOR('',#7898,1.);
#1841=VECTOR('',#7901,1.);
#1842=VECTOR('',#7902,1.);
#1843=VECTOR('',#7903,1.);
#1844=VECTOR('',#7904,1.);
#1845=VECTOR('',#7909,1.);
#1846=VECTOR('',#7910,1.);
#1847=VECTOR('',#7911,1.);
#1848=VECTOR('',#7912,1.);
#1849=VECTOR('',#7913,1.);
#1850=VECTOR('',#7914,1.);
#1851=VECTOR('',#7915,1.);
#1852=VECTOR('',#7916,1.);
#1853=VECTOR('',#7917,1.);
#1854=VECTOR('',#7918,1.);
#1855=VECTOR('',#7919,1.);
#1856=VECTOR('',#7920,1.);
#1857=VECTOR('',#7921,1.);
#1858=VECTOR('',#7922,1.);
#1859=VECTOR('',#7923,1.);
#1860=VECTOR('',#7924,1.);
#1861=VECTOR('',#7929,1.);
#1862=VECTOR('',#7932,1.);
#1863=VECTOR('',#7933,1.);
#1864=VECTOR('',#7936,1.);
#1865=VECTOR('',#7937,1.);
#1866=VECTOR('',#7938,1.);
#1867=VECTOR('',#7939,1.);
#1868=VECTOR('',#7946,1.);
#1869=VECTOR('',#7949,1.);
#1870=VECTOR('',#7950,1.);
#1871=VECTOR('',#7951,1.);
#1872=VECTOR('',#7954,1.);
#1873=VECTOR('',#7955,1.);
#1874=VECTOR('',#7956,1.);
#1875=VECTOR('',#7957,1.);
#1876=VECTOR('',#7964,1.);
#1877=VECTOR('',#7967,1.);
#1878=VECTOR('',#7968,1.);
#1879=VECTOR('',#7969,1.);
#1880=VECTOR('',#7972,1.);
#1881=VECTOR('',#7973,1.);
#1882=VECTOR('',#7974,1.);
#1883=VECTOR('',#7975,1.);
#1884=VECTOR('',#7976,1.);
#1885=VECTOR('',#7977,1.);
#1886=VECTOR('',#7978,1.);
#1887=VECTOR('',#7979,1.);
#1888=VECTOR('',#7980,1.);
#1889=VECTOR('',#7981,1.);
#1890=VECTOR('',#7982,1.);
#1891=VECTOR('',#7983,1.);
#1892=VECTOR('',#7984,1.);
#1893=VECTOR('',#7985,1.);
#1894=VECTOR('',#7986,1.);
#1895=VECTOR('',#7987,1.);
#1896=VECTOR('',#7988,1.);
#1897=VECTOR('',#7989,1.);
#1898=VECTOR('',#7990,1.);
#1899=VECTOR('',#7991,1.);
#1900=VECTOR('',#7992,1.);
#1901=VECTOR('',#7993,1.);
#1902=VECTOR('',#7994,1.);
#1903=VECTOR('',#7995,1.);
#1904=VECTOR('',#7996,1.);
#1905=VECTOR('',#7997,1.);
#1906=VECTOR('',#7998,1.);
#1907=VECTOR('',#7999,1.);
#1908=VECTOR('',#8000,1.);
#1909=VECTOR('',#8003,1.);
#1910=VECTOR('',#8004,1.);
#1911=VECTOR('',#8005,1.);
#1912=VECTOR('',#8006,1.);
#1913=VECTOR('',#8007,1.);
#1914=VECTOR('',#8010,1.);
#1915=VECTOR('',#8011,1.);
#1916=VECTOR('',#8012,1.);
#1917=VECTOR('',#8013,1.);
#1918=VECTOR('',#8016,1.);
#1919=VECTOR('',#8017,1.);
#1920=VECTOR('',#8018,1.);
#1921=VECTOR('',#8021,1.);
#1922=VECTOR('',#8022,1.);
#1923=VECTOR('',#8023,1.);
#1924=VECTOR('',#8026,1.);
#1925=VECTOR('',#8027,1.);
#1926=VECTOR('',#8028,1.);
#1927=VECTOR('',#8029,1.);
#1928=VECTOR('',#8032,1.);
#1929=VECTOR('',#8033,1.);
#1930=VECTOR('',#8034,1.);
#1931=VECTOR('',#8037,1.);
#1932=VECTOR('',#8038,1.);
#1933=VECTOR('',#8039,1.);
#1934=VECTOR('',#8040,1.);
#1935=VECTOR('',#8043,1.);
#1936=VECTOR('',#8044,1.);
#1937=VECTOR('',#8045,1.);
#1938=VECTOR('',#8048,1.);
#1939=VECTOR('',#8049,1.);
#1940=VECTOR('',#8050,1.);
#1941=VECTOR('',#8051,1.);
#1942=VECTOR('',#8054,1.);
#1943=VECTOR('',#8055,1.);
#1944=VECTOR('',#8056,1.);
#1945=VECTOR('',#8059,1.);
#1946=VECTOR('',#8060,1.);
#1947=VECTOR('',#8061,1.);
#1948=VECTOR('',#8062,1.);
#1949=VECTOR('',#8065,1.);
#1950=VECTOR('',#8066,1.);
#1951=VECTOR('',#8067,1.);
#1952=VECTOR('',#8070,1.);
#1953=VECTOR('',#8071,1.);
#1954=VECTOR('',#8072,1.);
#1955=VECTOR('',#8073,1.);
#1956=VECTOR('',#8076,1.);
#1957=VECTOR('',#8077,1.);
#1958=VECTOR('',#8078,1.);
#1959=VECTOR('',#8081,1.);
#1960=VECTOR('',#8082,1.);
#1961=VECTOR('',#8083,1.);
#1962=VECTOR('',#8084,1.);
#1963=VECTOR('',#8087,1.);
#1964=VECTOR('',#8088,1.);
#1965=VECTOR('',#8089,1.);
#1966=VECTOR('',#8092,1.);
#1967=VECTOR('',#8093,1.);
#1968=VECTOR('',#8094,1.);
#1969=VECTOR('',#8095,1.);
#1970=VECTOR('',#8098,1.);
#1971=VECTOR('',#8099,1.);
#1972=VECTOR('',#8100,1.);
#1973=VECTOR('',#8103,1.);
#1974=VECTOR('',#8104,1.);
#1975=VECTOR('',#8105,1.);
#1976=VECTOR('',#8106,1.);
#1977=VECTOR('',#8109,1.);
#1978=VECTOR('',#8110,1.);
#1979=VECTOR('',#8111,1.);
#1980=VECTOR('',#8114,1.);
#1981=VECTOR('',#8115,1.);
#1982=VECTOR('',#8116,1.);
#1983=VECTOR('',#8117,1.);
#1984=VECTOR('',#8120,1.);
#1985=VECTOR('',#8121,1.);
#1986=VECTOR('',#8122,1.);
#1987=VECTOR('',#8125,1.);
#1988=VECTOR('',#8126,1.);
#1989=VECTOR('',#8127,1.);
#1990=VECTOR('',#8128,1.);
#1991=VECTOR('',#8131,1.);
#1992=VECTOR('',#8132,1.);
#1993=VECTOR('',#8133,1.);
#1994=VECTOR('',#8136,1.);
#1995=VECTOR('',#8137,1.);
#1996=VECTOR('',#8138,1.);
#1997=VECTOR('',#8139,1.);
#1998=VECTOR('',#8142,1.);
#1999=VECTOR('',#8143,1.);
#2000=VECTOR('',#8144,1.);
#2001=VECTOR('',#8147,1.);
#2002=VECTOR('',#8148,1.);
#2003=VECTOR('',#8149,1.);
#2004=VECTOR('',#8150,1.);
#2005=VECTOR('',#8153,1.);
#2006=VECTOR('',#8154,1.);
#2007=VECTOR('',#8155,1.);
#2008=VECTOR('',#8156,1.);
#2009=VECTOR('',#8157,1.);
#2010=VECTOR('',#8158,1.);
#2011=VECTOR('',#8159,1.);
#2012=VECTOR('',#8160,1.);
#2013=VECTOR('',#8161,1.);
#2014=VECTOR('',#8162,1.);
#2015=VECTOR('',#8163,1.);
#2016=VECTOR('',#8164,1.);
#2017=VECTOR('',#8165,1.);
#2018=VECTOR('',#8166,1.);
#2019=VECTOR('',#8167,1.);
#2020=VECTOR('',#8170,1.);
#2021=VECTOR('',#8171,1.);
#2022=VECTOR('',#8172,1.);
#2023=VECTOR('',#8173,1.);
#2024=VECTOR('',#8176,1.);
#2025=VECTOR('',#8177,1.);
#2026=VECTOR('',#8178,1.);
#2027=VECTOR('',#8179,1.);
#2028=VECTOR('',#8182,1.);
#2029=VECTOR('',#8183,1.);
#2030=VECTOR('',#8184,1.);
#2031=VECTOR('',#8185,1.);
#2032=VECTOR('',#8186,1.);
#2033=VECTOR('',#8187,1.);
#2034=VECTOR('',#8188,1.);
#2035=VECTOR('',#8189,1.);
#2036=VECTOR('',#8190,1.);
#2037=VECTOR('',#8191,1.);
#2038=VECTOR('',#8192,1.);
#2039=VECTOR('',#8193,1.);
#2040=VECTOR('',#8194,1.);
#2041=VECTOR('',#8195,1.);
#2042=VECTOR('',#8196,1.);
#2043=VECTOR('',#8197,1.);
#2044=VECTOR('',#8198,1.);
#2045=VECTOR('',#8199,1.);
#2046=VECTOR('',#8200,1.);
#2047=VECTOR('',#8201,1.);
#2048=VECTOR('',#8202,1.);
#2049=VECTOR('',#8203,1.);
#2050=VECTOR('',#8204,1.);
#2051=VECTOR('',#8205,1.);
#2052=VECTOR('',#8206,1.);
#2053=VECTOR('',#8207,1.);
#2054=VECTOR('',#8208,1.);
#2055=VECTOR('',#8209,1.);
#2056=VECTOR('',#8210,1.);
#2057=VECTOR('',#8211,1.);
#2058=VECTOR('',#8212,1.);
#2059=VECTOR('',#8213,1.);
#2060=VECTOR('',#8214,1.);
#2061=VECTOR('',#8215,1.);
#2062=VECTOR('',#8216,1.);
#2063=VECTOR('',#8217,1.);
#2064=VECTOR('',#8218,1.);
#2065=VECTOR('',#8219,1.);
#2066=VECTOR('',#8220,1.);
#2067=VECTOR('',#8223,1.);
#2068=VECTOR('',#8224,1.);
#2069=VECTOR('',#8225,1.);
#2070=VECTOR('',#8228,1.);
#2071=VECTOR('',#8229,1.);
#2072=VECTOR('',#8230,1.);
#2073=VECTOR('',#8233,1.);
#2074=VECTOR('',#8234,1.);
#2075=VECTOR('',#8235,1.);
#2076=VECTOR('',#8238,1.);
#2077=VECTOR('',#8239,1.);
#2078=VECTOR('',#8240,1.);
#2079=VECTOR('',#8243,1.);
#2080=VECTOR('',#8244,1.);
#2081=VECTOR('',#8245,1.);
#2082=VECTOR('',#8248,1.);
#2083=VECTOR('',#8249,1.);
#2084=VECTOR('',#8250,1.);
#2085=VECTOR('',#8253,1.);
#2086=VECTOR('',#8254,1.);
#2087=VECTOR('',#8255,1.);
#2088=VECTOR('',#8258,1.);
#2089=VECTOR('',#8259,1.);
#2090=VECTOR('',#8260,1.);
#2091=VECTOR('',#8263,1.);
#2092=VECTOR('',#8264,1.);
#2093=VECTOR('',#8265,1.);
#2094=VECTOR('',#8268,1.);
#2095=VECTOR('',#8269,1.);
#2096=VECTOR('',#8270,1.);
#2097=VECTOR('',#8273,1.);
#2098=VECTOR('',#8274,1.);
#2099=VECTOR('',#8275,1.);
#2100=VECTOR('',#8278,1.);
#2101=VECTOR('',#8279,1.);
#2102=VECTOR('',#8280,1.);
#2103=VECTOR('',#8283,1.);
#2104=VECTOR('',#8284,1.);
#2105=VECTOR('',#8285,1.);
#2106=VECTOR('',#8288,1.);
#2107=VECTOR('',#8289,1.);
#2108=VECTOR('',#8290,1.);
#2109=VECTOR('',#8291,1.);
#2110=VECTOR('',#8292,1.);
#2111=VECTOR('',#8293,1.);
#2112=VECTOR('',#8294,1.);
#2113=VECTOR('',#8295,1.);
#2114=VECTOR('',#8296,1.);
#2115=VECTOR('',#8297,1.);
#2116=VECTOR('',#8298,1.);
#2117=VECTOR('',#8299,1.);
#2118=VECTOR('',#8300,1.);
#2119=VECTOR('',#8303,1.);
#2120=VECTOR('',#8304,1.);
#2121=VECTOR('',#8307,1.);
#2122=VECTOR('',#8308,1.);
#2123=VECTOR('',#8311,1.);
#2124=VECTOR('',#8312,1.);
#2125=VECTOR('',#8315,1.);
#2126=VECTOR('',#8316,1.);
#2127=VECTOR('',#8319,1.);
#2128=VECTOR('',#8320,1.);
#2129=VECTOR('',#8323,1.);
#2130=VECTOR('',#8324,1.);
#2131=VECTOR('',#8327,1.);
#2132=VECTOR('',#8328,1.);
#2133=VECTOR('',#8331,1.);
#2134=VECTOR('',#8332,1.);
#2135=VECTOR('',#8335,1.);
#2136=VECTOR('',#8336,1.);
#2137=VECTOR('',#8339,1.);
#2138=VECTOR('',#8340,1.);
#2139=VECTOR('',#8343,1.);
#2140=VECTOR('',#8344,1.);
#2141=VECTOR('',#8347,1.);
#2142=VECTOR('',#8348,1.);
#2143=VECTOR('',#8351,1.);
#2144=VECTOR('',#8352,1.);
#2145=VECTOR('',#8355,1.);
#2146=VECTOR('',#8356,1.);
#2147=VECTOR('',#8359,1.);
#2148=VECTOR('',#8360,1.);
#2149=VECTOR('',#8363,1.);
#2150=VECTOR('',#8364,1.);
#2151=VECTOR('',#8367,1.);
#2152=VECTOR('',#8368,1.);
#2153=VECTOR('',#8371,1.);
#2154=VECTOR('',#8372,1.);
#2155=VECTOR('',#8375,1.);
#2156=VECTOR('',#8376,1.);
#2157=VECTOR('',#8379,1.);
#2158=VECTOR('',#8380,1.);
#2159=VECTOR('',#8383,1.);
#2160=VECTOR('',#8384,1.);
#2161=VECTOR('',#8387,1.);
#2162=VECTOR('',#8388,1.);
#2163=VECTOR('',#8391,1.);
#2164=VECTOR('',#8392,1.);
#2165=VECTOR('',#8395,1.);
#2166=VECTOR('',#8396,1.);
#2167=VECTOR('',#8399,1.);
#2168=VECTOR('',#8400,1.);
#2169=VECTOR('',#8403,1.);
#2170=VECTOR('',#8404,1.);
#2171=VECTOR('',#8407,1.);
#2172=VECTOR('',#8410,1.);
#2173=VECTOR('',#8413,1.);
#2174=VECTOR('',#8416,1.);
#2175=VECTOR('',#8419,1.);
#2176=VECTOR('',#8422,1.);
#2177=VECTOR('',#8425,1.);
#2178=VECTOR('',#8428,1.);
#2179=VECTOR('',#8431,1.);
#2180=VECTOR('',#8434,1.);
#2181=VECTOR('',#8437,1.);
#2182=VECTOR('',#8440,1.);
#2183=VECTOR('',#8443,1.);
#2184=VECTOR('',#8444,1.);
#2185=VECTOR('',#8445,1.);
#2186=VECTOR('',#8446,1.);
#2187=VECTOR('',#8447,1.);
#2188=VECTOR('',#8448,1.);
#2189=VECTOR('',#8449,1.);
#2190=VECTOR('',#8450,1.);
#2191=VECTOR('',#8451,1.);
#2192=VECTOR('',#8452,1.);
#2193=VECTOR('',#8453,1.);
#2194=VECTOR('',#8454,1.);
#2195=VECTOR('',#8455,1.);
#2196=VECTOR('',#8456,1.);
#2197=VECTOR('',#8457,1.);
#2198=VECTOR('',#8458,1.);
#2199=VECTOR('',#8459,1.);
#2200=VECTOR('',#8460,1.);
#2201=VECTOR('',#8461,1.);
#2202=VECTOR('',#8462,1.);
#2203=VECTOR('',#8463,1.);
#2204=VECTOR('',#8464,1.);
#2205=VECTOR('',#8465,1.);
#2206=VECTOR('',#8466,1.);
#2207=VECTOR('',#8467,1.);
#2208=VECTOR('',#8468,1.);
#2209=VECTOR('',#8469,1.);
#2210=VECTOR('',#8470,1.);
#2211=VECTOR('',#8471,1.);
#2212=VECTOR('',#8472,1.);
#2213=VECTOR('',#8473,1.);
#2214=VECTOR('',#8474,1.);
#2215=VECTOR('',#8475,1.);
#2216=VECTOR('',#8476,1.);
#2217=VECTOR('',#8477,1.);
#2218=VECTOR('',#8478,1.);
#2219=VECTOR('',#8479,1.);
#2220=VECTOR('',#8480,1.);
#2221=VECTOR('',#8481,1.);
#2222=VECTOR('',#8482,1.);
#2223=VECTOR('',#8483,1.);
#2224=VECTOR('',#8484,1.);
#2225=VECTOR('',#8485,1.);
#2226=VECTOR('',#8486,1.);
#2227=VECTOR('',#8487,1.);
#2228=VECTOR('',#8488,1.);
#2229=VECTOR('',#8489,1.);
#2230=VECTOR('',#8490,1.);
#2231=VECTOR('',#8491,1.);
#2232=VECTOR('',#8492,1.);
#2233=VECTOR('',#8493,1.);
#2234=VECTOR('',#8494,1.);
#2235=VECTOR('',#8495,1.);
#2236=VECTOR('',#8496,1.);
#2237=VECTOR('',#8497,1.);
#2238=VECTOR('',#8498,1.);
#2239=VECTOR('',#8499,1.);
#2240=VECTOR('',#8500,1.);
#2241=VECTOR('',#8501,1.);
#2242=VECTOR('',#8502,1.);
#2243=VECTOR('',#8503,1.);
#2244=VECTOR('',#8504,1.);
#2245=VECTOR('',#8505,1.);
#2246=VECTOR('',#8506,1.);
#2247=VECTOR('',#8507,1.);
#2248=VECTOR('',#8508,1.);
#2249=VECTOR('',#8509,1.);
#2250=VECTOR('',#8510,1.);
#2251=VECTOR('',#8511,1.);
#2252=VECTOR('',#8512,1.);
#2253=VECTOR('',#8513,1.);
#2254=VECTOR('',#8514,1.);
#2255=VECTOR('',#8515,1.);
#2256=VECTOR('',#8516,1.);
#2257=VECTOR('',#8517,1.);
#2258=VECTOR('',#8518,1.);
#2259=VECTOR('',#8519,1.);
#2260=VECTOR('',#8520,1.);
#2261=VECTOR('',#8521,1.);
#2262=VECTOR('',#8522,1.);
#2263=VECTOR('',#8523,1.);
#2264=VECTOR('',#8524,1.);
#2265=VECTOR('',#8525,1.);
#2266=VECTOR('',#8526,1.);
#2267=VECTOR('',#8527,1.);
#2268=VECTOR('',#8528,1.);
#2269=VECTOR('',#8529,1.);
#2270=VECTOR('',#8530,1.);
#2271=VECTOR('',#8531,1.);
#2272=VECTOR('',#8532,1.);
#2273=VECTOR('',#8533,1.);
#2274=VECTOR('',#8534,1.);
#2275=VECTOR('',#8535,1.);
#2276=VECTOR('',#8536,1.);
#2277=VECTOR('',#8539,1.);
#2278=VECTOR('',#8542,1.);
#2279=VECTOR('',#8545,1.);
#2280=VECTOR('',#8548,1.);
#2281=VECTOR('',#8551,1.);
#2282=VECTOR('',#8554,1.);
#2283=VECTOR('',#8557,1.);
#2284=VECTOR('',#8560,1.);
#2285=VECTOR('',#8563,1.);
#2286=VECTOR('',#8566,1.);
#2287=VECTOR('',#8569,1.);
#2288=VECTOR('',#8572,1.);
#2289=VECTOR('',#8575,1.);
#2290=VECTOR('',#8578,1.);
#2291=VECTOR('',#8581,1.);
#2292=VECTOR('',#8584,1.);
#2293=VECTOR('',#8587,1.);
#2294=VECTOR('',#8590,1.);
#2295=VECTOR('',#8593,1.);
#2296=VECTOR('',#8596,1.);
#2297=VECTOR('',#8599,1.);
#2298=VECTOR('',#8602,1.);
#2299=VECTOR('',#8605,1.);
#2300=VECTOR('',#8608,1.);
#2301=VECTOR('',#8611,1.);
#2302=VECTOR('',#8614,1.);
#2303=VECTOR('',#8617,1.);
#2304=VECTOR('',#8620,1.);
#2305=VECTOR('',#8647,1.);
#2306=VECTOR('',#8648,1.);
#2307=VECTOR('',#8651,1.);
#2308=VECTOR('',#8652,1.);
#2309=VECTOR('',#8655,1.);
#2310=VECTOR('',#8656,1.);
#2311=VECTOR('',#8659,1.);
#2312=VECTOR('',#8660,1.);
#2313=VECTOR('',#8663,1.);
#2314=VECTOR('',#8664,1.);
#2315=VECTOR('',#8667,1.);
#2316=VECTOR('',#8668,1.);
#2317=VECTOR('',#8671,1.);
#2318=VECTOR('',#8672,1.);
#2319=VECTOR('',#8675,1.);
#2320=VECTOR('',#8676,1.);
#2321=VECTOR('',#8679,1.);
#2322=VECTOR('',#8680,1.);
#2323=VECTOR('',#8683,1.);
#2324=VECTOR('',#8684,1.);
#2325=VECTOR('',#8687,1.);
#2326=VECTOR('',#8688,1.);
#2327=VECTOR('',#8691,1.);
#2328=VECTOR('',#8692,1.);
#2329=VECTOR('',#8695,1.);
#2330=VECTOR('',#8696,1.);
#2331=VECTOR('',#8703,1.);
#2332=VECTOR('',#8706,1.);
#2333=VECTOR('',#8711,1.);
#2334=VECTOR('',#8714,1.);
#2335=VECTOR('',#8719,1.);
#2336=VECTOR('',#8722,1.);
#2337=VECTOR('',#8727,1.);
#2338=VECTOR('',#8730,1.);
#2339=VECTOR('',#8735,1.);
#2340=VECTOR('',#8738,1.);
#2341=VECTOR('',#8743,1.);
#2342=VECTOR('',#8746,1.);
#2343=VECTOR('',#8751,1.);
#2344=VECTOR('',#8754,1.);
#2345=VECTOR('',#8759,1.);
#2346=VECTOR('',#8762,1.);
#2347=VECTOR('',#8767,1.);
#2348=VECTOR('',#8770,1.);
#2349=VECTOR('',#8775,1.);
#2350=VECTOR('',#8778,1.);
#2351=VECTOR('',#8783,1.);
#2352=VECTOR('',#8786,1.);
#2353=VECTOR('',#8791,1.);
#2354=VECTOR('',#8794,1.);
#2355=VECTOR('',#8799,1.);
#2356=VECTOR('',#8802,1.);
#2357=VECTOR('',#8807,1.);
#2358=VECTOR('',#8808,1.);
#2359=VECTOR('',#8809,1.);
#2360=VECTOR('',#8810,1.);
#2361=VECTOR('',#8811,1.);
#2362=VECTOR('',#8812,1.);
#2363=VECTOR('',#8813,1.);
#2364=VECTOR('',#8816,1.);
#2365=VECTOR('',#8817,1.);
#2366=VECTOR('',#8818,1.);
#2367=VECTOR('',#8819,1.);
#2368=VECTOR('',#8820,1.);
#2369=VECTOR('',#8821,1.);
#2370=VECTOR('',#8822,1.);
#2371=VECTOR('',#8823,1.);
#2372=VECTOR('',#8826,1.);
#2373=VECTOR('',#8827,1.);
#2374=VECTOR('',#8828,1.);
#2375=VECTOR('',#8829,1.);
#2376=VECTOR('',#8830,1.);
#2377=VECTOR('',#8831,1.);
#2378=VECTOR('',#8832,1.);
#2379=VECTOR('',#8833,1.);
#2380=VECTOR('',#8834,1.);
#2381=VECTOR('',#8835,1.);
#2382=VECTOR('',#8836,1.);
#2383=VECTOR('',#8837,1.);
#2384=VECTOR('',#8838,1.);
#2385=VECTOR('',#8839,1.);
#2386=VECTOR('',#8840,1.);
#2387=VECTOR('',#8841,1.);
#2388=VECTOR('',#8844,1.);
#2389=VECTOR('',#8847,1.);
#2390=VECTOR('',#8848,1.);
#2391=VECTOR('',#8849,1.);
#2392=VECTOR('',#8850,1.);
#2393=VECTOR('',#8853,1.);
#2394=VECTOR('',#8854,1.);
#2395=VECTOR('',#8855,1.);
#2396=VECTOR('',#8856,1.);
#2397=VECTOR('',#8861,1.);
#2398=VECTOR('',#8862,1.);
#2399=VECTOR('',#8863,1.);
#2400=VECTOR('',#8864,1.);
#2401=VECTOR('',#8865,1.);
#2402=VECTOR('',#8866,1.);
#2403=VECTOR('',#8867,1.);
#2404=VECTOR('',#8868,1.);
#2405=VECTOR('',#8869,1.);
#2406=VECTOR('',#8870,1.);
#2407=VECTOR('',#8871,1.);
#2408=VECTOR('',#8872,1.);
#2409=VECTOR('',#8873,1.);
#2410=VECTOR('',#8874,1.);
#2411=VECTOR('',#8875,1.);
#2412=VECTOR('',#8876,1.);
#2413=VECTOR('',#8877,1.);
#2414=VECTOR('',#8878,1.);
#2415=VECTOR('',#8881,1.);
#2416=VECTOR('',#8886,1.);
#2417=VECTOR('',#8887,1.);
#2418=VECTOR('',#8890,1.);
#2419=VECTOR('',#8891,1.);
#2420=VECTOR('',#8892,1.);
#2421=VECTOR('',#8893,1.);
#2422=VECTOR('',#8898,1.);
#2423=VECTOR('',#8903,1.);
#2424=VECTOR('',#8904,1.);
#2425=VECTOR('',#8907,1.);
#2426=VECTOR('',#8908,1.);
#2427=VECTOR('',#8911,1.);
#2428=VECTOR('',#8916,1.);
#2429=VECTOR('',#8919,1.);
#2430=VECTOR('',#8920,1.);
#2431=VECTOR('',#8921,1.);
#2432=VECTOR('',#8922,1.);
#2433=VECTOR('',#8923,1.);
#2434=VECTOR('',#8924,1.);
#2435=VECTOR('',#8925,1.);
#2436=VECTOR('',#8926,1.);
#2437=VECTOR('',#8927,1.);
#2438=VECTOR('',#8928,1.);
#2439=VECTOR('',#8929,1.);
#2440=VECTOR('',#8930,1.);
#2441=VECTOR('',#8931,1.);
#2442=VECTOR('',#8932,1.);
#2443=VECTOR('',#8933,1.);
#2444=VECTOR('',#8934,1.);
#2445=VECTOR('',#8935,1.);
#2446=VECTOR('',#8936,1.);
#2447=VECTOR('',#8937,1.);
#2448=VECTOR('',#8938,1.);
#2449=VECTOR('',#8939,1.);
#2450=VECTOR('',#8940,1.);
#2451=VECTOR('',#8941,1.);
#2452=VECTOR('',#8942,1.);
#2453=VECTOR('',#8943,1.);
#2454=VECTOR('',#8944,1.);
#2455=VECTOR('',#8945,1.);
#2456=VECTOR('',#8946,1.);
#2457=VECTOR('',#8949,1.);
#2458=VECTOR('',#8950,1.);
#2459=VECTOR('',#8951,1.);
#2460=VECTOR('',#8954,1.);
#2461=VECTOR('',#8955,1.);
#2462=VECTOR('',#8956,1.);
#2463=VECTOR('',#8957,1.);
#2464=VECTOR('',#8960,1.);
#2465=VECTOR('',#8961,1.);
#2466=VECTOR('',#8962,1.);
#2467=VECTOR('',#8965,1.);
#2468=VECTOR('',#8966,1.);
#2469=VECTOR('',#8967,1.);
#2470=VECTOR('',#8970,1.);
#2471=VECTOR('',#8971,1.);
#2472=VECTOR('',#8972,1.);
#2473=VECTOR('',#8973,1.);
#2474=VECTOR('',#8976,1.);
#2475=VECTOR('',#8977,1.);
#2476=VECTOR('',#8978,1.);
#2477=VECTOR('',#8981,1.);
#2478=VECTOR('',#8982,1.);
#2479=VECTOR('',#8983,1.);
#2480=VECTOR('',#8984,1.);
#2481=VECTOR('',#8987,1.);
#2482=VECTOR('',#8988,1.);
#2483=VECTOR('',#8989,1.);
#2484=VECTOR('',#8992,1.);
#2485=VECTOR('',#8993,1.);
#2486=VECTOR('',#8994,1.);
#2487=VECTOR('',#8995,1.);
#2488=VECTOR('',#8998,1.);
#2489=VECTOR('',#8999,1.);
#2490=VECTOR('',#9000,1.);
#2491=VECTOR('',#9003,1.);
#2492=VECTOR('',#9004,1.);
#2493=VECTOR('',#9005,1.);
#2494=VECTOR('',#9006,1.);
#2495=VECTOR('',#9009,1.);
#2496=VECTOR('',#9010,1.);
#2497=VECTOR('',#9011,1.);
#2498=VECTOR('',#9014,1.);
#2499=VECTOR('',#9015,1.);
#2500=VECTOR('',#9016,1.);
#2501=VECTOR('',#9017,1.);
#2502=VECTOR('',#9020,1.);
#2503=VECTOR('',#9021,1.);
#2504=VECTOR('',#9022,1.);
#2505=VECTOR('',#9025,1.);
#2506=VECTOR('',#9026,1.);
#2507=VECTOR('',#9027,1.);
#2508=VECTOR('',#9028,1.);
#2509=VECTOR('',#9031,1.);
#2510=VECTOR('',#9032,1.);
#2511=VECTOR('',#9033,1.);
#2512=VECTOR('',#9036,1.);
#2513=VECTOR('',#9037,1.);
#2514=VECTOR('',#9038,1.);
#2515=VECTOR('',#9039,1.);
#2516=VECTOR('',#9042,1.);
#2517=VECTOR('',#9043,1.);
#2518=VECTOR('',#9044,1.);
#2519=VECTOR('',#9047,1.);
#2520=VECTOR('',#9048,1.);
#2521=VECTOR('',#9049,1.);
#2522=VECTOR('',#9050,1.);
#2523=VECTOR('',#9053,1.);
#2524=VECTOR('',#9054,1.);
#2525=VECTOR('',#9055,1.);
#2526=VECTOR('',#9058,1.);
#2527=VECTOR('',#9059,1.);
#2528=VECTOR('',#9060,1.);
#2529=VECTOR('',#9061,1.);
#2530=VECTOR('',#9064,1.);
#2531=VECTOR('',#9065,1.);
#2532=VECTOR('',#9066,1.);
#2533=VECTOR('',#9069,1.);
#2534=VECTOR('',#9070,1.);
#2535=VECTOR('',#9071,1.);
#2536=VECTOR('',#9072,1.);
#2537=VECTOR('',#9075,1.);
#2538=VECTOR('',#9076,1.);
#2539=VECTOR('',#9077,1.);
#2540=VECTOR('',#9080,1.);
#2541=VECTOR('',#9081,1.);
#2542=VECTOR('',#9082,1.);
#2543=VECTOR('',#9083,1.);
#2544=VECTOR('',#9086,1.);
#2545=VECTOR('',#9087,1.);
#2546=VECTOR('',#9088,1.);
#2547=VECTOR('',#9091,1.);
#2548=VECTOR('',#9092,1.);
#2549=VECTOR('',#9093,1.);
#2550=VECTOR('',#9094,1.);
#2551=VECTOR('',#9097,1.);
#2552=VECTOR('',#9098,1.);
#2553=VECTOR('',#9099,1.);
#2554=VECTOR('',#9100,1.);
#2555=VECTOR('',#9103,1.);
#2556=VECTOR('',#9104,1.);
#2557=VECTOR('',#9105,1.);
#2558=VECTOR('',#9108,1.);
#2559=VECTOR('',#9109,1.);
#2560=VECTOR('',#9110,1.);
#2561=VECTOR('',#9111,1.);
#2562=VECTOR('',#9112,1.);
#2563=VECTOR('',#9113,1.);
#2564=VECTOR('',#9114,1.);
#2565=VECTOR('',#9115,1.);
#2566=VECTOR('',#9116,1.);
#2567=VECTOR('',#9117,1.);
#2568=VECTOR('',#9118,1.);
#2569=VECTOR('',#9119,1.);
#2570=VECTOR('',#9120,1.);
#2571=VECTOR('',#9121,1.);
#2572=VECTOR('',#9122,1.);
#2573=VECTOR('',#9123,1.);
#2574=VECTOR('',#9124,1.);
#2575=VECTOR('',#9125,1.);
#2576=VECTOR('',#9126,1.);
#2577=VECTOR('',#9127,1.);
#2578=VECTOR('',#9128,1.);
#2579=VECTOR('',#9129,1.);
#2580=VECTOR('',#9130,1.);
#2581=VECTOR('',#9131,1.);
#2582=VECTOR('',#9132,1.);
#2583=VECTOR('',#9133,1.);
#2584=VECTOR('',#9134,1.);
#2585=VECTOR('',#9135,1.);
#2586=VECTOR('',#9136,1.);
#2587=VECTOR('',#9137,1.);
#2588=VECTOR('',#9138,1.);
#2589=VECTOR('',#9139,1.);
#2590=VECTOR('',#9140,1.);
#2591=VECTOR('',#9141,1.);
#2592=VECTOR('',#9142,1.);
#2593=VECTOR('',#9143,1.);
#2594=VECTOR('',#9144,1.);
#2595=VECTOR('',#9145,1.);
#2596=VECTOR('',#9146,1.);
#2597=VECTOR('',#9149,1.);
#2598=VECTOR('',#9150,1.);
#2599=VECTOR('',#9151,1.);
#2600=VECTOR('',#9154,1.);
#2601=VECTOR('',#9155,1.);
#2602=VECTOR('',#9156,1.);
#2603=VECTOR('',#9159,1.);
#2604=VECTOR('',#9160,1.);
#2605=VECTOR('',#9161,1.);
#2606=VECTOR('',#9164,1.);
#2607=VECTOR('',#9165,1.);
#2608=VECTOR('',#9166,1.);
#2609=VECTOR('',#9169,1.);
#2610=VECTOR('',#9170,1.);
#2611=VECTOR('',#9171,1.);
#2612=VECTOR('',#9174,1.);
#2613=VECTOR('',#9175,1.);
#2614=VECTOR('',#9176,1.);
#2615=VECTOR('',#9179,1.);
#2616=VECTOR('',#9180,1.);
#2617=VECTOR('',#9181,1.);
#2618=VECTOR('',#9184,1.);
#2619=VECTOR('',#9185,1.);
#2620=VECTOR('',#9186,1.);
#2621=VECTOR('',#9189,1.);
#2622=VECTOR('',#9190,1.);
#2623=VECTOR('',#9191,1.);
#2624=VECTOR('',#9194,1.);
#2625=VECTOR('',#9195,1.);
#2626=VECTOR('',#9196,1.);
#2627=VECTOR('',#9199,1.);
#2628=VECTOR('',#9200,1.);
#2629=VECTOR('',#9201,1.);
#2630=VECTOR('',#9204,1.);
#2631=VECTOR('',#9205,1.);
#2632=VECTOR('',#9206,1.);
#2633=VECTOR('',#9209,1.);
#2634=VECTOR('',#9210,1.);
#2635=VECTOR('',#9213,1.);
#2636=VECTOR('',#9214,1.);
#2637=VECTOR('',#9215,1.);
#2638=VECTOR('',#9216,1.);
#2639=VECTOR('',#9217,1.);
#2640=VECTOR('',#9218,1.);
#2641=VECTOR('',#9219,1.);
#2642=VECTOR('',#9220,1.);
#2643=VECTOR('',#9221,1.);
#2644=VECTOR('',#9222,1.);
#2645=VECTOR('',#9223,1.);
#2646=VECTOR('',#9224,1.);
#2647=VECTOR('',#9225,1.);
#2648=VECTOR('',#9228,1.);
#2649=VECTOR('',#9229,1.);
#2650=VECTOR('',#9232,1.);
#2651=VECTOR('',#9233,1.);
#2652=VECTOR('',#9236,1.);
#2653=VECTOR('',#9237,1.);
#2654=VECTOR('',#9240,1.);
#2655=VECTOR('',#9241,1.);
#2656=VECTOR('',#9244,1.);
#2657=VECTOR('',#9245,1.);
#2658=VECTOR('',#9248,1.);
#2659=VECTOR('',#9249,1.);
#2660=VECTOR('',#9252,1.);
#2661=VECTOR('',#9253,1.);
#2662=VECTOR('',#9256,1.);
#2663=VECTOR('',#9257,1.);
#2664=VECTOR('',#9260,1.);
#2665=VECTOR('',#9261,1.);
#2666=VECTOR('',#9264,1.);
#2667=VECTOR('',#9265,1.);
#2668=VECTOR('',#9268,1.);
#2669=VECTOR('',#9269,1.);
#2670=VECTOR('',#9272,1.);
#2671=VECTOR('',#9273,1.);
#2672=VECTOR('',#9276,1.);
#2673=VECTOR('',#9277,1.);
#2674=VECTOR('',#9280,1.);
#2675=VECTOR('',#9281,1.);
#2676=VECTOR('',#9284,1.);
#2677=VECTOR('',#9285,1.);
#2678=VECTOR('',#9288,1.);
#2679=VECTOR('',#9289,1.);
#2680=VECTOR('',#9292,1.);
#2681=VECTOR('',#9293,1.);
#2682=VECTOR('',#9296,1.);
#2683=VECTOR('',#9297,1.);
#2684=VECTOR('',#9300,1.);
#2685=VECTOR('',#9301,1.);
#2686=VECTOR('',#9304,1.);
#2687=VECTOR('',#9305,1.);
#2688=VECTOR('',#9308,1.);
#2689=VECTOR('',#9309,1.);
#2690=VECTOR('',#9312,1.);
#2691=VECTOR('',#9313,1.);
#2692=VECTOR('',#9316,1.);
#2693=VECTOR('',#9317,1.);
#2694=VECTOR('',#9320,1.);
#2695=VECTOR('',#9321,1.);
#2696=VECTOR('',#9324,1.);
#2697=VECTOR('',#9325,1.);
#2698=VECTOR('',#9328,1.);
#2699=VECTOR('',#9329,1.);
#2700=VECTOR('',#9332,1.);
#2701=VECTOR('',#9335,1.);
#2702=VECTOR('',#9338,1.);
#2703=VECTOR('',#9341,1.);
#2704=VECTOR('',#9344,1.);
#2705=VECTOR('',#9347,1.);
#2706=VECTOR('',#9350,1.);
#2707=VECTOR('',#9353,1.);
#2708=VECTOR('',#9356,1.);
#2709=VECTOR('',#9359,1.);
#2710=VECTOR('',#9362,1.);
#2711=VECTOR('',#9365,1.);
#2712=VECTOR('',#9368,1.);
#2713=VECTOR('',#9369,1.);
#2714=VECTOR('',#9370,1.);
#2715=VECTOR('',#9371,1.);
#2716=VECTOR('',#9372,1.);
#2717=VECTOR('',#9373,1.);
#2718=VECTOR('',#9374,1.);
#2719=VECTOR('',#9375,1.);
#2720=VECTOR('',#9376,1.);
#2721=VECTOR('',#9377,1.);
#2722=VECTOR('',#9378,1.);
#2723=VECTOR('',#9379,1.);
#2724=VECTOR('',#9380,1.);
#2725=VECTOR('',#9381,1.);
#2726=VECTOR('',#9382,1.);
#2727=VECTOR('',#9383,1.);
#2728=VECTOR('',#9384,1.);
#2729=VECTOR('',#9385,1.);
#2730=VECTOR('',#9386,1.);
#2731=VECTOR('',#9387,1.);
#2732=VECTOR('',#9388,1.);
#2733=VECTOR('',#9389,1.);
#2734=VECTOR('',#9390,1.);
#2735=VECTOR('',#9391,1.);
#2736=VECTOR('',#9392,1.);
#2737=VECTOR('',#9393,1.);
#2738=VECTOR('',#9394,1.);
#2739=VECTOR('',#9395,1.);
#2740=VECTOR('',#9396,1.);
#2741=VECTOR('',#9397,1.);
#2742=VECTOR('',#9398,1.);
#2743=VECTOR('',#9399,1.);
#2744=VECTOR('',#9400,1.);
#2745=VECTOR('',#9401,1.);
#2746=VECTOR('',#9402,1.);
#2747=VECTOR('',#9403,1.);
#2748=VECTOR('',#9404,1.);
#2749=VECTOR('',#9405,1.);
#2750=VECTOR('',#9406,1.);
#2751=VECTOR('',#9407,1.);
#2752=VECTOR('',#9408,1.);
#2753=VECTOR('',#9409,1.);
#2754=VECTOR('',#9410,1.);
#2755=VECTOR('',#9411,1.);
#2756=VECTOR('',#9412,1.);
#2757=VECTOR('',#9413,1.);
#2758=VECTOR('',#9414,1.);
#2759=VECTOR('',#9415,1.);
#2760=VECTOR('',#9416,1.);
#2761=VECTOR('',#9417,1.);
#2762=VECTOR('',#9418,1.);
#2763=VECTOR('',#9419,1.);
#2764=VECTOR('',#9420,1.);
#2765=VECTOR('',#9421,1.);
#2766=VECTOR('',#9422,1.);
#2767=VECTOR('',#9423,1.);
#2768=VECTOR('',#9424,1.);
#2769=VECTOR('',#9425,1.);
#2770=VECTOR('',#9426,1.);
#2771=VECTOR('',#9427,1.);
#2772=VECTOR('',#9428,1.);
#2773=VECTOR('',#9429,1.);
#2774=VECTOR('',#9430,1.);
#2775=VECTOR('',#9431,1.);
#2776=VECTOR('',#9432,1.);
#2777=VECTOR('',#9433,1.);
#2778=VECTOR('',#9434,1.);
#2779=VECTOR('',#9435,1.);
#2780=VECTOR('',#9436,1.);
#2781=VECTOR('',#9437,1.);
#2782=VECTOR('',#9438,1.);
#2783=VECTOR('',#9439,1.);
#2784=VECTOR('',#9440,1.);
#2785=VECTOR('',#9441,1.);
#2786=VECTOR('',#9442,1.);
#2787=VECTOR('',#9443,1.);
#2788=VECTOR('',#9444,1.);
#2789=VECTOR('',#9445,1.);
#2790=VECTOR('',#9446,1.);
#2791=VECTOR('',#9447,1.);
#2792=VECTOR('',#9448,1.);
#2793=VECTOR('',#9449,1.);
#2794=VECTOR('',#9450,1.);
#2795=VECTOR('',#9451,1.);
#2796=VECTOR('',#9452,1.);
#2797=VECTOR('',#9453,1.);
#2798=VECTOR('',#9454,1.);
#2799=VECTOR('',#9455,1.);
#2800=VECTOR('',#9456,1.);
#2801=VECTOR('',#9457,1.);
#2802=VECTOR('',#9458,1.);
#2803=VECTOR('',#9459,1.);
#2804=VECTOR('',#9462,1.);
#2805=VECTOR('',#9465,1.);
#2806=VECTOR('',#9468,1.);
#2807=VECTOR('',#9471,1.);
#2808=VECTOR('',#9474,1.);
#2809=VECTOR('',#9477,1.);
#2810=VECTOR('',#9480,1.);
#2811=VECTOR('',#9483,1.);
#2812=VECTOR('',#9486,1.);
#2813=VECTOR('',#9489,1.);
#2814=VECTOR('',#9492,1.);
#2815=VECTOR('',#9495,1.);
#2816=VECTOR('',#9498,1.);
#2817=VECTOR('',#9501,1.);
#2818=VECTOR('',#9504,1.);
#2819=VECTOR('',#9507,1.);
#2820=VECTOR('',#9510,1.);
#2821=VECTOR('',#9513,1.);
#2822=VECTOR('',#9516,1.);
#2823=VECTOR('',#9519,1.);
#2824=VECTOR('',#9522,1.);
#2825=VECTOR('',#9525,1.);
#2826=VECTOR('',#9528,1.);
#2827=VECTOR('',#9531,1.);
#2828=VECTOR('',#9534,1.);
#2829=VECTOR('',#9537,1.);
#2830=VECTOR('',#9540,1.);
#2831=VECTOR('',#9567,1.);
#2832=VECTOR('',#9568,1.);
#2833=VECTOR('',#9571,1.);
#2834=VECTOR('',#9572,1.);
#2835=VECTOR('',#9575,1.);
#2836=VECTOR('',#9576,1.);
#2837=VECTOR('',#9579,1.);
#2838=VECTOR('',#9580,1.);
#2839=VECTOR('',#9583,1.);
#2840=VECTOR('',#9584,1.);
#2841=VECTOR('',#9587,1.);
#2842=VECTOR('',#9588,1.);
#2843=VECTOR('',#9591,1.);
#2844=VECTOR('',#9592,1.);
#2845=VECTOR('',#9595,1.);
#2846=VECTOR('',#9596,1.);
#2847=VECTOR('',#9599,1.);
#2848=VECTOR('',#9600,1.);
#2849=VECTOR('',#9603,1.);
#2850=VECTOR('',#9604,1.);
#2851=VECTOR('',#9607,1.);
#2852=VECTOR('',#9608,1.);
#2853=VECTOR('',#9611,1.);
#2854=VECTOR('',#9612,1.);
#2855=VECTOR('',#9619,1.);
#2856=VECTOR('',#9622,1.);
#2857=VECTOR('',#9627,1.);
#2858=VECTOR('',#9630,1.);
#2859=VECTOR('',#9635,1.);
#2860=VECTOR('',#9638,1.);
#2861=VECTOR('',#9643,1.);
#2862=VECTOR('',#9646,1.);
#2863=VECTOR('',#9651,1.);
#2864=VECTOR('',#9654,1.);
#2865=VECTOR('',#9659,1.);
#2866=VECTOR('',#9662,1.);
#2867=VECTOR('',#9667,1.);
#2868=VECTOR('',#9670,1.);
#2869=VECTOR('',#9675,1.);
#2870=VECTOR('',#9678,1.);
#2871=VECTOR('',#9683,1.);
#2872=VECTOR('',#9686,1.);
#2873=VECTOR('',#9691,1.);
#2874=VECTOR('',#9694,1.);
#2875=VECTOR('',#9699,1.);
#2876=VECTOR('',#9702,1.);
#2877=VECTOR('',#9707,1.);
#2878=VECTOR('',#9710,1.);
#2879=VECTOR('',#9715,1.);
#2880=VECTOR('',#9718,1.);
#2881=VERTEX_POINT('',#9723);
#2882=VERTEX_POINT('',#9724);
#2883=VERTEX_POINT('',#9726);
#2884=VERTEX_POINT('',#9728);
#2885=VERTEX_POINT('',#9732);
#2886=VERTEX_POINT('',#9733);
#2887=VERTEX_POINT('',#9735);
#2888=VERTEX_POINT('',#9737);
#2889=VERTEX_POINT('',#9741);
#2890=VERTEX_POINT('',#9743);
#2891=VERTEX_POINT('',#9745);
#2892=VERTEX_POINT('',#9747);
#2893=VERTEX_POINT('',#9749);
#2894=VERTEX_POINT('',#9751);
#2895=VERTEX_POINT('',#9753);
#2896=VERTEX_POINT('',#9755);
#2897=VERTEX_POINT('',#9757);
#2898=VERTEX_POINT('',#9759);
#2899=VERTEX_POINT('',#9761);
#2900=VERTEX_POINT('',#9763);
#2901=VERTEX_POINT('',#9765);
#2902=VERTEX_POINT('',#9767);
#2903=VERTEX_POINT('',#9769);
#2904=VERTEX_POINT('',#9771);
#2905=VERTEX_POINT('',#9775);
#2906=VERTEX_POINT('',#9779);
#2907=VERTEX_POINT('',#9783);
#2908=VERTEX_POINT('',#9784);
#2909=VERTEX_POINT('',#9786);
#2910=VERTEX_POINT('',#9788);
#2911=VERTEX_POINT('',#9792);
#2912=VERTEX_POINT('',#9794);
#2913=VERTEX_POINT('',#9798);
#2914=VERTEX_POINT('',#9800);
#2915=VERTEX_POINT('',#9804);
#2916=VERTEX_POINT('',#9805);
#2917=VERTEX_POINT('',#9807);
#2918=VERTEX_POINT('',#9809);
#2919=VERTEX_POINT('',#9813);
#2920=VERTEX_POINT('',#9815);
#2921=VERTEX_POINT('',#9819);
#2922=VERTEX_POINT('',#9821);
#2923=VERTEX_POINT('',#9825);
#2924=VERTEX_POINT('',#9826);
#2925=VERTEX_POINT('',#9828);
#2926=VERTEX_POINT('',#9830);
#2927=VERTEX_POINT('',#9832);
#2928=VERTEX_POINT('',#9834);
#2929=VERTEX_POINT('',#9836);
#2930=VERTEX_POINT('',#9838);
#2931=VERTEX_POINT('',#9840);
#2932=VERTEX_POINT('',#9842);
#2933=VERTEX_POINT('',#9844);
#2934=VERTEX_POINT('',#9846);
#2935=VERTEX_POINT('',#9848);
#2936=VERTEX_POINT('',#9850);
#2937=VERTEX_POINT('',#9852);
#2938=VERTEX_POINT('',#9854);
#2939=VERTEX_POINT('',#9856);
#2940=VERTEX_POINT('',#9858);
#2941=VERTEX_POINT('',#9860);
#2942=VERTEX_POINT('',#9862);
#2943=VERTEX_POINT('',#9864);
#2944=VERTEX_POINT('',#9866);
#2945=VERTEX_POINT('',#9868);
#2946=VERTEX_POINT('',#9870);
#2947=VERTEX_POINT('',#9872);
#2948=VERTEX_POINT('',#9874);
#2949=VERTEX_POINT('',#9876);
#2950=VERTEX_POINT('',#9878);
#2951=VERTEX_POINT('',#9880);
#2952=VERTEX_POINT('',#9890);
#2953=VERTEX_POINT('',#9892);
#2954=VERTEX_POINT('',#9894);
#2955=VERTEX_POINT('',#9898);
#2956=VERTEX_POINT('',#9900);
#2957=VERTEX_POINT('',#9904);
#2958=VERTEX_POINT('',#9906);
#2959=VERTEX_POINT('',#9910);
#2960=VERTEX_POINT('',#9911);
#2961=VERTEX_POINT('',#9913);
#2962=VERTEX_POINT('',#9915);
#2963=VERTEX_POINT('',#9919);
#2964=VERTEX_POINT('',#9921);
#2965=VERTEX_POINT('',#9925);
#2966=VERTEX_POINT('',#9926);
#2967=VERTEX_POINT('',#9928);
#2968=VERTEX_POINT('',#9930);
#2969=VERTEX_POINT('',#9934);
#2970=VERTEX_POINT('',#9936);
#2971=VERTEX_POINT('',#9940);
#2972=VERTEX_POINT('',#9941);
#2973=VERTEX_POINT('',#9943);
#2974=VERTEX_POINT('',#9945);
#2975=VERTEX_POINT('',#9949);
#2976=VERTEX_POINT('',#9951);
#2977=VERTEX_POINT('',#9955);
#2978=VERTEX_POINT('',#9956);
#2979=VERTEX_POINT('',#9958);
#2980=VERTEX_POINT('',#9960);
#2981=VERTEX_POINT('',#9964);
#2982=VERTEX_POINT('',#9966);
#2983=VERTEX_POINT('',#9970);
#2984=VERTEX_POINT('',#9971);
#2985=VERTEX_POINT('',#9973);
#2986=VERTEX_POINT('',#9975);
#2987=VERTEX_POINT('',#9979);
#2988=VERTEX_POINT('',#9981);
#2989=VERTEX_POINT('',#9985);
#2990=VERTEX_POINT('',#9986);
#2991=VERTEX_POINT('',#9988);
#2992=VERTEX_POINT('',#9990);
#2993=VERTEX_POINT('',#9994);
#2994=VERTEX_POINT('',#9996);
#2995=VERTEX_POINT('',#10000);
#2996=VERTEX_POINT('',#10001);
#2997=VERTEX_POINT('',#10003);
#2998=VERTEX_POINT('',#10005);
#2999=VERTEX_POINT('',#10009);
#3000=VERTEX_POINT('',#10011);
#3001=VERTEX_POINT('',#10015);
#3002=VERTEX_POINT('',#10016);
#3003=VERTEX_POINT('',#10018);
#3004=VERTEX_POINT('',#10020);
#3005=VERTEX_POINT('',#10024);
#3006=VERTEX_POINT('',#10026);
#3007=VERTEX_POINT('',#10030);
#3008=VERTEX_POINT('',#10031);
#3009=VERTEX_POINT('',#10033);
#3010=VERTEX_POINT('',#10035);
#3011=VERTEX_POINT('',#10039);
#3012=VERTEX_POINT('',#10041);
#3013=VERTEX_POINT('',#10045);
#3014=VERTEX_POINT('',#10046);
#3015=VERTEX_POINT('',#10048);
#3016=VERTEX_POINT('',#10050);
#3017=VERTEX_POINT('',#10054);
#3018=VERTEX_POINT('',#10056);
#3019=VERTEX_POINT('',#10060);
#3020=VERTEX_POINT('',#10061);
#3021=VERTEX_POINT('',#10063);
#3022=VERTEX_POINT('',#10065);
#3023=VERTEX_POINT('',#10069);
#3024=VERTEX_POINT('',#10071);
#3025=VERTEX_POINT('',#10075);
#3026=VERTEX_POINT('',#10076);
#3027=VERTEX_POINT('',#10078);
#3028=VERTEX_POINT('',#10080);
#3029=VERTEX_POINT('',#10084);
#3030=VERTEX_POINT('',#10086);
#3031=VERTEX_POINT('',#10088);
#3032=VERTEX_POINT('',#10090);
#3033=VERTEX_POINT('',#10092);
#3034=VERTEX_POINT('',#10094);
#3035=VERTEX_POINT('',#10096);
#3036=VERTEX_POINT('',#10098);
#3037=VERTEX_POINT('',#10100);
#3038=VERTEX_POINT('',#10102);
#3039=VERTEX_POINT('',#10104);
#3040=VERTEX_POINT('',#10106);
#3041=VERTEX_POINT('',#10108);
#3042=VERTEX_POINT('',#10110);
#3043=VERTEX_POINT('',#10114);
#3044=VERTEX_POINT('',#10116);
#3045=VERTEX_POINT('',#10118);
#3046=VERTEX_POINT('',#10122);
#3047=VERTEX_POINT('',#10124);
#3048=VERTEX_POINT('',#10126);
#3049=VERTEX_POINT('',#10130);
#3050=VERTEX_POINT('',#10132);
#3051=VERTEX_POINT('',#10135);
#3052=VERTEX_POINT('',#10137);
#3053=VERTEX_POINT('',#10140);
#3054=VERTEX_POINT('',#10142);
#3055=VERTEX_POINT('',#10145);
#3056=VERTEX_POINT('',#10147);
#3057=VERTEX_POINT('',#10150);
#3058=VERTEX_POINT('',#10152);
#3059=VERTEX_POINT('',#10155);
#3060=VERTEX_POINT('',#10157);
#3061=VERTEX_POINT('',#10160);
#3062=VERTEX_POINT('',#10162);
#3063=VERTEX_POINT('',#10165);
#3064=VERTEX_POINT('',#10167);
#3065=VERTEX_POINT('',#10170);
#3066=VERTEX_POINT('',#10172);
#3067=VERTEX_POINT('',#10175);
#3068=VERTEX_POINT('',#10177);
#3069=VERTEX_POINT('',#10180);
#3070=VERTEX_POINT('',#10182);
#3071=VERTEX_POINT('',#10185);
#3072=VERTEX_POINT('',#10187);
#3073=VERTEX_POINT('',#10190);
#3074=VERTEX_POINT('',#10192);
#3075=VERTEX_POINT('',#10196);
#3076=VERTEX_POINT('',#10198);
#3077=VERTEX_POINT('',#10202);
#3078=VERTEX_POINT('',#10204);
#3079=VERTEX_POINT('',#10208);
#3080=VERTEX_POINT('',#10210);
#3081=VERTEX_POINT('',#10214);
#3082=VERTEX_POINT('',#10216);
#3083=VERTEX_POINT('',#10220);
#3084=VERTEX_POINT('',#10222);
#3085=VERTEX_POINT('',#10226);
#3086=VERTEX_POINT('',#10228);
#3087=VERTEX_POINT('',#10232);
#3088=VERTEX_POINT('',#10234);
#3089=VERTEX_POINT('',#10238);
#3090=VERTEX_POINT('',#10240);
#3091=VERTEX_POINT('',#10244);
#3092=VERTEX_POINT('',#10246);
#3093=VERTEX_POINT('',#10250);
#3094=VERTEX_POINT('',#10252);
#3095=VERTEX_POINT('',#10256);
#3096=VERTEX_POINT('',#10258);
#3097=VERTEX_POINT('',#10262);
#3098=VERTEX_POINT('',#10264);
#3099=VERTEX_POINT('',#10268);
#3100=VERTEX_POINT('',#10270);
#3101=VERTEX_POINT('',#10274);
#3102=VERTEX_POINT('',#10276);
#3103=VERTEX_POINT('',#10278);
#3104=VERTEX_POINT('',#10280);
#3105=VERTEX_POINT('',#10282);
#3106=VERTEX_POINT('',#10284);
#3107=VERTEX_POINT('',#10286);
#3108=VERTEX_POINT('',#10288);
#3109=VERTEX_POINT('',#10290);
#3110=VERTEX_POINT('',#10292);
#3111=VERTEX_POINT('',#10294);
#3112=VERTEX_POINT('',#10296);
#3113=VERTEX_POINT('',#10300);
#3114=VERTEX_POINT('',#10304);
#3115=VERTEX_POINT('',#10308);
#3116=VERTEX_POINT('',#10312);
#3117=VERTEX_POINT('',#10316);
#3118=VERTEX_POINT('',#10320);
#3119=VERTEX_POINT('',#10324);
#3120=VERTEX_POINT('',#10328);
#3121=VERTEX_POINT('',#10332);
#3122=VERTEX_POINT('',#10336);
#3123=VERTEX_POINT('',#10340);
#3124=VERTEX_POINT('',#10344);
#3125=VERTEX_POINT('',#10348);
#3126=VERTEX_POINT('',#10352);
#3127=VERTEX_POINT('',#10356);
#3128=VERTEX_POINT('',#10360);
#3129=VERTEX_POINT('',#10364);
#3130=VERTEX_POINT('',#10368);
#3131=VERTEX_POINT('',#10372);
#3132=VERTEX_POINT('',#10376);
#3133=VERTEX_POINT('',#10380);
#3134=VERTEX_POINT('',#10384);
#3135=VERTEX_POINT('',#10388);
#3136=VERTEX_POINT('',#10392);
#3137=VERTEX_POINT('',#10396);
#3138=VERTEX_POINT('',#10400);
#3139=VERTEX_POINT('',#10428);
#3140=VERTEX_POINT('',#10430);
#3141=VERTEX_POINT('',#10432);
#3142=VERTEX_POINT('',#10434);
#3143=VERTEX_POINT('',#10436);
#3144=VERTEX_POINT('',#10438);
#3145=VERTEX_POINT('',#10440);
#3146=VERTEX_POINT('',#10442);
#3147=VERTEX_POINT('',#10444);
#3148=VERTEX_POINT('',#10446);
#3149=VERTEX_POINT('',#10448);
#3150=VERTEX_POINT('',#10450);
#3151=VERTEX_POINT('',#10452);
#3152=VERTEX_POINT('',#10454);
#3153=VERTEX_POINT('',#10456);
#3154=VERTEX_POINT('',#10458);
#3155=VERTEX_POINT('',#10460);
#3156=VERTEX_POINT('',#10462);
#3157=VERTEX_POINT('',#10464);
#3158=VERTEX_POINT('',#10466);
#3159=VERTEX_POINT('',#10468);
#3160=VERTEX_POINT('',#10470);
#3161=VERTEX_POINT('',#10472);
#3162=VERTEX_POINT('',#10474);
#3163=VERTEX_POINT('',#10476);
#3164=VERTEX_POINT('',#10478);
#3165=VERTEX_POINT('',#10480);
#3166=VERTEX_POINT('',#10482);
#3167=VERTEX_POINT('',#10484);
#3168=VERTEX_POINT('',#10486);
#3169=VERTEX_POINT('',#10488);
#3170=VERTEX_POINT('',#10490);
#3171=VERTEX_POINT('',#10492);
#3172=VERTEX_POINT('',#10494);
#3173=VERTEX_POINT('',#10496);
#3174=VERTEX_POINT('',#10498);
#3175=VERTEX_POINT('',#10500);
#3176=VERTEX_POINT('',#10502);
#3177=VERTEX_POINT('',#10504);
#3178=VERTEX_POINT('',#10506);
#3179=VERTEX_POINT('',#10508);
#3180=VERTEX_POINT('',#10510);
#3181=VERTEX_POINT('',#10512);
#3182=VERTEX_POINT('',#10514);
#3183=VERTEX_POINT('',#10516);
#3184=VERTEX_POINT('',#10518);
#3185=VERTEX_POINT('',#10520);
#3186=VERTEX_POINT('',#10522);
#3187=VERTEX_POINT('',#10524);
#3188=VERTEX_POINT('',#10526);
#3189=VERTEX_POINT('',#10528);
#3190=VERTEX_POINT('',#10530);
#3191=VERTEX_POINT('',#10532);
#3192=VERTEX_POINT('',#10535);
#3193=VERTEX_POINT('',#10537);
#3194=VERTEX_POINT('',#10540);
#3195=VERTEX_POINT('',#10542);
#3196=VERTEX_POINT('',#10545);
#3197=VERTEX_POINT('',#10547);
#3198=VERTEX_POINT('',#10550);
#3199=VERTEX_POINT('',#10552);
#3200=VERTEX_POINT('',#10555);
#3201=VERTEX_POINT('',#10557);
#3202=VERTEX_POINT('',#10560);
#3203=VERTEX_POINT('',#10562);
#3204=VERTEX_POINT('',#10565);
#3205=VERTEX_POINT('',#10567);
#3206=VERTEX_POINT('',#10570);
#3207=VERTEX_POINT('',#10572);
#3208=VERTEX_POINT('',#10575);
#3209=VERTEX_POINT('',#10577);
#3210=VERTEX_POINT('',#10580);
#3211=VERTEX_POINT('',#10582);
#3212=VERTEX_POINT('',#10585);
#3213=VERTEX_POINT('',#10587);
#3214=VERTEX_POINT('',#10590);
#3215=VERTEX_POINT('',#10592);
#3216=VERTEX_POINT('',#10595);
#3217=VERTEX_POINT('',#10597);
#3218=VERTEX_POINT('',#10599);
#3219=VERTEX_POINT('',#10777);
#3220=VERTEX_POINT('',#10778);
#3221=VERTEX_POINT('',#10780);
#3222=VERTEX_POINT('',#10782);
#3223=VERTEX_POINT('',#10784);
#3224=VERTEX_POINT('',#10786);
#3225=VERTEX_POINT('',#10788);
#3226=VERTEX_POINT('',#10792);
#3227=VERTEX_POINT('',#10793);
#3228=VERTEX_POINT('',#10795);
#3229=VERTEX_POINT('',#10797);
#3230=VERTEX_POINT('',#10799);
#3231=VERTEX_POINT('',#10801);
#3232=VERTEX_POINT('',#10803);
#3233=VERTEX_POINT('',#10805);
#3234=VERTEX_POINT('',#10809);
#3235=VERTEX_POINT('',#10811);
#3236=VERTEX_POINT('',#10813);
#3237=VERTEX_POINT('',#10815);
#3238=VERTEX_POINT('',#10817);
#3239=VERTEX_POINT('',#10819);
#3240=VERTEX_POINT('',#10821);
#3241=VERTEX_POINT('',#10823);
#3242=VERTEX_POINT('',#10825);
#3243=VERTEX_POINT('',#10827);
#3244=VERTEX_POINT('',#10829);
#3245=VERTEX_POINT('',#10831);
#3246=VERTEX_POINT('',#10833);
#3247=VERTEX_POINT('',#10835);
#3248=VERTEX_POINT('',#10838);
#3249=VERTEX_POINT('',#10840);
#3250=VERTEX_POINT('',#10844);
#3251=VERTEX_POINT('',#10845);
#3252=VERTEX_POINT('',#10847);
#3253=VERTEX_POINT('',#10849);
#3254=VERTEX_POINT('',#10853);
#3255=VERTEX_POINT('',#10854);
#3256=VERTEX_POINT('',#10856);
#3257=VERTEX_POINT('',#10858);
#3258=VERTEX_POINT('',#10862);
#3259=VERTEX_POINT('',#10864);
#3260=VERTEX_POINT('',#10866);
#3261=VERTEX_POINT('',#10868);
#3262=VERTEX_POINT('',#10870);
#3263=VERTEX_POINT('',#10872);
#3264=VERTEX_POINT('',#10874);
#3265=VERTEX_POINT('',#10876);
#3266=VERTEX_POINT('',#10878);
#3267=VERTEX_POINT('',#10880);
#3268=VERTEX_POINT('',#10882);
#3269=VERTEX_POINT('',#10884);
#3270=VERTEX_POINT('',#10886);
#3271=VERTEX_POINT('',#10888);
#3272=VERTEX_POINT('',#10890);
#3273=VERTEX_POINT('',#10892);
#3274=VERTEX_POINT('',#10894);
#3275=VERTEX_POINT('',#10896);
#3276=VERTEX_POINT('',#10900);
#3277=VERTEX_POINT('',#10904);
#3278=VERTEX_POINT('',#10908);
#3279=VERTEX_POINT('',#10909);
#3280=VERTEX_POINT('',#10911);
#3281=VERTEX_POINT('',#10913);
#3282=VERTEX_POINT('',#10917);
#3283=VERTEX_POINT('',#10919);
#3284=VERTEX_POINT('',#10926);
#3285=VERTEX_POINT('',#10930);
#3286=VERTEX_POINT('',#10936);
#3287=VERTEX_POINT('',#10937);
#3288=VERTEX_POINT('',#10939);
#3289=VERTEX_POINT('',#10942);
#3290=VERTEX_POINT('',#10944);
#3291=VERTEX_POINT('',#10946);
#3292=VERTEX_POINT('',#10948);
#3293=VERTEX_POINT('',#10950);
#3294=VERTEX_POINT('',#10952);
#3295=VERTEX_POINT('',#10954);
#3296=VERTEX_POINT('',#10956);
#3297=VERTEX_POINT('',#10958);
#3298=VERTEX_POINT('',#10960);
#3299=VERTEX_POINT('',#10962);
#3300=VERTEX_POINT('',#10964);
#3301=VERTEX_POINT('',#10966);
#3302=VERTEX_POINT('',#10968);
#3303=VERTEX_POINT('',#10970);
#3304=VERTEX_POINT('',#10972);
#3305=VERTEX_POINT('',#10974);
#3306=VERTEX_POINT('',#10976);
#3307=VERTEX_POINT('',#10978);
#3308=VERTEX_POINT('',#10980);
#3309=VERTEX_POINT('',#10982);
#3310=VERTEX_POINT('',#10984);
#3311=VERTEX_POINT('',#10986);
#3312=VERTEX_POINT('',#10988);
#3313=VERTEX_POINT('',#10996);
#3314=VERTEX_POINT('',#10998);
#3315=VERTEX_POINT('',#11000);
#3316=VERTEX_POINT('',#11004);
#3317=VERTEX_POINT('',#11006);
#3318=VERTEX_POINT('',#11010);
#3319=VERTEX_POINT('',#11011);
#3320=VERTEX_POINT('',#11016);
#3321=VERTEX_POINT('',#11017);
#3322=VERTEX_POINT('',#11019);
#3323=VERTEX_POINT('',#11021);
#3324=VERTEX_POINT('',#11025);
#3325=VERTEX_POINT('',#11026);
#3326=VERTEX_POINT('',#11031);
#3327=VERTEX_POINT('',#11032);
#3328=VERTEX_POINT('',#11034);
#3329=VERTEX_POINT('',#11036);
#3330=VERTEX_POINT('',#11040);
#3331=VERTEX_POINT('',#11041);
#3332=VERTEX_POINT('',#11046);
#3333=VERTEX_POINT('',#11047);
#3334=VERTEX_POINT('',#11049);
#3335=VERTEX_POINT('',#11051);
#3336=VERTEX_POINT('',#11055);
#3337=VERTEX_POINT('',#11056);
#3338=VERTEX_POINT('',#11061);
#3339=VERTEX_POINT('',#11062);
#3340=VERTEX_POINT('',#11064);
#3341=VERTEX_POINT('',#11066);
#3342=VERTEX_POINT('',#11070);
#3343=VERTEX_POINT('',#11071);
#3344=VERTEX_POINT('',#11076);
#3345=VERTEX_POINT('',#11077);
#3346=VERTEX_POINT('',#11079);
#3347=VERTEX_POINT('',#11081);
#3348=VERTEX_POINT('',#11085);
#3349=VERTEX_POINT('',#11086);
#3350=VERTEX_POINT('',#11091);
#3351=VERTEX_POINT('',#11092);
#3352=VERTEX_POINT('',#11094);
#3353=VERTEX_POINT('',#11096);
#3354=VERTEX_POINT('',#11100);
#3355=VERTEX_POINT('',#11101);
#3356=VERTEX_POINT('',#11106);
#3357=VERTEX_POINT('',#11107);
#3358=VERTEX_POINT('',#11109);
#3359=VERTEX_POINT('',#11111);
#3360=VERTEX_POINT('',#11115);
#3361=VERTEX_POINT('',#11116);
#3362=VERTEX_POINT('',#11121);
#3363=VERTEX_POINT('',#11122);
#3364=VERTEX_POINT('',#11124);
#3365=VERTEX_POINT('',#11126);
#3366=VERTEX_POINT('',#11130);
#3367=VERTEX_POINT('',#11131);
#3368=VERTEX_POINT('',#11136);
#3369=VERTEX_POINT('',#11137);
#3370=VERTEX_POINT('',#11139);
#3371=VERTEX_POINT('',#11141);
#3372=VERTEX_POINT('',#11145);
#3373=VERTEX_POINT('',#11146);
#3374=VERTEX_POINT('',#11151);
#3375=VERTEX_POINT('',#11152);
#3376=VERTEX_POINT('',#11154);
#3377=VERTEX_POINT('',#11156);
#3378=VERTEX_POINT('',#11160);
#3379=VERTEX_POINT('',#11161);
#3380=VERTEX_POINT('',#11166);
#3381=VERTEX_POINT('',#11167);
#3382=VERTEX_POINT('',#11169);
#3383=VERTEX_POINT('',#11171);
#3384=VERTEX_POINT('',#11175);
#3385=VERTEX_POINT('',#11176);
#3386=VERTEX_POINT('',#11181);
#3387=VERTEX_POINT('',#11182);
#3388=VERTEX_POINT('',#11184);
#3389=VERTEX_POINT('',#11186);
#3390=VERTEX_POINT('',#11190);
#3391=VERTEX_POINT('',#11192);
#3392=VERTEX_POINT('',#11194);
#3393=VERTEX_POINT('',#11198);
#3394=VERTEX_POINT('',#11200);
#3395=VERTEX_POINT('',#11204);
#3396=VERTEX_POINT('',#11206);
#3397=VERTEX_POINT('',#11208);
#3398=VERTEX_POINT('',#11211);
#3399=VERTEX_POINT('',#11213);
#3400=VERTEX_POINT('',#11216);
#3401=VERTEX_POINT('',#11218);
#3402=VERTEX_POINT('',#11221);
#3403=VERTEX_POINT('',#11223);
#3404=VERTEX_POINT('',#11226);
#3405=VERTEX_POINT('',#11228);
#3406=VERTEX_POINT('',#11231);
#3407=VERTEX_POINT('',#11233);
#3408=VERTEX_POINT('',#11236);
#3409=VERTEX_POINT('',#11238);
#3410=VERTEX_POINT('',#11241);
#3411=VERTEX_POINT('',#11243);
#3412=VERTEX_POINT('',#11246);
#3413=VERTEX_POINT('',#11248);
#3414=VERTEX_POINT('',#11251);
#3415=VERTEX_POINT('',#11253);
#3416=VERTEX_POINT('',#11256);
#3417=VERTEX_POINT('',#11258);
#3418=VERTEX_POINT('',#11261);
#3419=VERTEX_POINT('',#11263);
#3420=VERTEX_POINT('',#11266);
#3421=VERTEX_POINT('',#11270);
#3422=VERTEX_POINT('',#11271);
#3423=VERTEX_POINT('',#11276);
#3424=VERTEX_POINT('',#11277);
#3425=VERTEX_POINT('',#11282);
#3426=VERTEX_POINT('',#11283);
#3427=VERTEX_POINT('',#11288);
#3428=VERTEX_POINT('',#11289);
#3429=VERTEX_POINT('',#11294);
#3430=VERTEX_POINT('',#11295);
#3431=VERTEX_POINT('',#11300);
#3432=VERTEX_POINT('',#11301);
#3433=VERTEX_POINT('',#11306);
#3434=VERTEX_POINT('',#11307);
#3435=VERTEX_POINT('',#11312);
#3436=VERTEX_POINT('',#11313);
#3437=VERTEX_POINT('',#11318);
#3438=VERTEX_POINT('',#11319);
#3439=VERTEX_POINT('',#11324);
#3440=VERTEX_POINT('',#11325);
#3441=VERTEX_POINT('',#11330);
#3442=VERTEX_POINT('',#11331);
#3443=VERTEX_POINT('',#11336);
#3444=VERTEX_POINT('',#11337);
#3445=VERTEX_POINT('',#11342);
#3446=VERTEX_POINT('',#11346);
#3447=VERTEX_POINT('',#11348);
#3448=VERTEX_POINT('',#11350);
#3449=VERTEX_POINT('',#11352);
#3450=VERTEX_POINT('',#11354);
#3451=VERTEX_POINT('',#11356);
#3452=VERTEX_POINT('',#11358);
#3453=VERTEX_POINT('',#11360);
#3454=VERTEX_POINT('',#11362);
#3455=VERTEX_POINT('',#11364);
#3456=VERTEX_POINT('',#11366);
#3457=VERTEX_POINT('',#11368);
#3458=VERTEX_POINT('',#11372);
#3459=VERTEX_POINT('',#11376);
#3460=VERTEX_POINT('',#11380);
#3461=VERTEX_POINT('',#11384);
#3462=VERTEX_POINT('',#11388);
#3463=VERTEX_POINT('',#11392);
#3464=VERTEX_POINT('',#11396);
#3465=VERTEX_POINT('',#11400);
#3466=VERTEX_POINT('',#11404);
#3467=VERTEX_POINT('',#11408);
#3468=VERTEX_POINT('',#11412);
#3469=VERTEX_POINT('',#11416);
#3470=VERTEX_POINT('',#11420);
#3471=VERTEX_POINT('',#11424);
#3472=VERTEX_POINT('',#11428);
#3473=VERTEX_POINT('',#11432);
#3474=VERTEX_POINT('',#11436);
#3475=VERTEX_POINT('',#11440);
#3476=VERTEX_POINT('',#11444);
#3477=VERTEX_POINT('',#11448);
#3478=VERTEX_POINT('',#11452);
#3479=VERTEX_POINT('',#11456);
#3480=VERTEX_POINT('',#11460);
#3481=VERTEX_POINT('',#11464);
#3482=VERTEX_POINT('',#11468);
#3483=VERTEX_POINT('',#11472);
#3484=VERTEX_POINT('',#11500);
#3485=VERTEX_POINT('',#11502);
#3486=VERTEX_POINT('',#11504);
#3487=VERTEX_POINT('',#11507);
#3488=VERTEX_POINT('',#11509);
#3489=VERTEX_POINT('',#11512);
#3490=VERTEX_POINT('',#11514);
#3491=VERTEX_POINT('',#11517);
#3492=VERTEX_POINT('',#11519);
#3493=VERTEX_POINT('',#11522);
#3494=VERTEX_POINT('',#11524);
#3495=VERTEX_POINT('',#11527);
#3496=VERTEX_POINT('',#11529);
#3497=VERTEX_POINT('',#11532);
#3498=VERTEX_POINT('',#11534);
#3499=VERTEX_POINT('',#11537);
#3500=VERTEX_POINT('',#11539);
#3501=VERTEX_POINT('',#11542);
#3502=VERTEX_POINT('',#11544);
#3503=VERTEX_POINT('',#11547);
#3504=VERTEX_POINT('',#11549);
#3505=VERTEX_POINT('',#11552);
#3506=VERTEX_POINT('',#11554);
#3507=VERTEX_POINT('',#11557);
#3508=VERTEX_POINT('',#11559);
#3509=VERTEX_POINT('',#11562);
#3510=VERTEX_POINT('',#11564);
#3511=VERTEX_POINT('',#11567);
#3512=VERTEX_POINT('',#11569);
#3513=VERTEX_POINT('',#11571);
#3514=VERTEX_POINT('',#11573);
#3515=VERTEX_POINT('',#11575);
#3516=VERTEX_POINT('',#11577);
#3517=VERTEX_POINT('',#11579);
#3518=VERTEX_POINT('',#11581);
#3519=VERTEX_POINT('',#11583);
#3520=VERTEX_POINT('',#11585);
#3521=VERTEX_POINT('',#11587);
#3522=VERTEX_POINT('',#11589);
#3523=VERTEX_POINT('',#11591);
#3524=VERTEX_POINT('',#11593);
#3525=VERTEX_POINT('',#11596);
#3526=VERTEX_POINT('',#11598);
#3527=VERTEX_POINT('',#11600);
#3528=VERTEX_POINT('',#11602);
#3529=VERTEX_POINT('',#11604);
#3530=VERTEX_POINT('',#11606);
#3531=VERTEX_POINT('',#11608);
#3532=VERTEX_POINT('',#11610);
#3533=VERTEX_POINT('',#11612);
#3534=VERTEX_POINT('',#11614);
#3535=VERTEX_POINT('',#11616);
#3536=VERTEX_POINT('',#11618);
#3537=VERTEX_POINT('',#11620);
#3538=VERTEX_POINT('',#11622);
#3539=VERTEX_POINT('',#11624);
#3540=VERTEX_POINT('',#11626);
#3541=VERTEX_POINT('',#11628);
#3542=VERTEX_POINT('',#11630);
#3543=VERTEX_POINT('',#11632);
#3544=VERTEX_POINT('',#11634);
#3545=VERTEX_POINT('',#11636);
#3546=VERTEX_POINT('',#11638);
#3547=VERTEX_POINT('',#11640);
#3548=VERTEX_POINT('',#11642);
#3549=VERTEX_POINT('',#11644);
#3550=VERTEX_POINT('',#11646);
#3551=VERTEX_POINT('',#11648);
#3552=VERTEX_POINT('',#11650);
#3553=VERTEX_POINT('',#11652);
#3554=VERTEX_POINT('',#11654);
#3555=VERTEX_POINT('',#11656);
#3556=VERTEX_POINT('',#11658);
#3557=VERTEX_POINT('',#11660);
#3558=VERTEX_POINT('',#11662);
#3559=VERTEX_POINT('',#11664);
#3560=VERTEX_POINT('',#11666);
#3561=EDGE_CURVE('',#2881,#2882,#793,.T.);
#3562=EDGE_CURVE('',#2881,#2883,#794,.T.);
#3563=EDGE_CURVE('',#2884,#2883,#795,.T.);
#3564=EDGE_CURVE('',#2882,#2884,#796,.T.);
#3565=EDGE_CURVE('',#2885,#2886,#797,.T.);
#3566=EDGE_CURVE('',#2885,#2887,#798,.T.);
#3567=EDGE_CURVE('',#2888,#2887,#799,.T.);
#3568=EDGE_CURVE('',#2886,#2888,#800,.T.);
#3569=EDGE_CURVE('',#2882,#2889,#21,.T.);
#3570=EDGE_CURVE('',#2889,#2890,#801,.T.);
#3571=EDGE_CURVE('',#2891,#2890,#802,.T.);
#3572=EDGE_CURVE('',#2891,#2892,#803,.T.);
#3573=EDGE_CURVE('',#2892,#2893,#804,.T.);
#3574=EDGE_CURVE('',#2894,#2893,#805,.T.);
#3575=EDGE_CURVE('',#2895,#2894,#806,.T.);
#3576=EDGE_CURVE('',#2895,#2896,#807,.T.);
#3577=EDGE_CURVE('',#2896,#2897,#808,.T.);
#3578=EDGE_CURVE('',#2898,#2897,#809,.T.);
#3579=EDGE_CURVE('',#2899,#2898,#810,.T.);
#3580=EDGE_CURVE('',#2899,#2900,#811,.T.);
#3581=EDGE_CURVE('',#2900,#2901,#812,.T.);
#3582=EDGE_CURVE('',#2902,#2901,#813,.T.);
#3583=EDGE_CURVE('',#2903,#2902,#814,.T.);
#3584=EDGE_CURVE('',#2903,#2904,#815,.T.);
#3585=EDGE_CURVE('',#2904,#2881,#816,.T.);
#3586=EDGE_CURVE('',#2905,#2884,#22,.T.);
#3587=EDGE_CURVE('',#2889,#2905,#817,.T.);
#3588=EDGE_CURVE('',#2906,#2905,#818,.T.);
#3589=EDGE_CURVE('',#2890,#2906,#819,.T.);
#3590=EDGE_CURVE('',#2907,#2908,#820,.T.);
#3591=EDGE_CURVE('',#2907,#2909,#821,.T.);
#3592=EDGE_CURVE('',#2910,#2909,#822,.T.);
#3593=EDGE_CURVE('',#2908,#2910,#823,.T.);
#3594=EDGE_CURVE('',#2908,#2911,#23,.T.);
#3595=EDGE_CURVE('',#2912,#2910,#24,.T.);
#3596=EDGE_CURVE('',#2911,#2912,#824,.T.);
#3597=EDGE_CURVE('',#2911,#2913,#825,.T.);
#3598=EDGE_CURVE('',#2914,#2912,#826,.T.);
#3599=EDGE_CURVE('',#2913,#2914,#827,.T.);
#3600=EDGE_CURVE('',#2915,#2916,#828,.T.);
#3601=EDGE_CURVE('',#2915,#2917,#829,.T.);
#3602=EDGE_CURVE('',#2918,#2917,#830,.T.);
#3603=EDGE_CURVE('',#2916,#2918,#831,.T.);
#3604=EDGE_CURVE('',#2916,#2919,#25,.T.);
#3605=EDGE_CURVE('',#2920,#2918,#26,.T.);
#3606=EDGE_CURVE('',#2919,#2920,#832,.T.);
#3607=EDGE_CURVE('',#2919,#2921,#833,.T.);
#3608=EDGE_CURVE('',#2922,#2920,#834,.T.);
#3609=EDGE_CURVE('',#2921,#2922,#835,.T.);
#3610=EDGE_CURVE('',#2923,#2924,#836,.T.);
#3611=EDGE_CURVE('',#2925,#2923,#837,.T.);
#3612=EDGE_CURVE('',#2926,#2925,#838,.T.);
#3613=EDGE_CURVE('',#2927,#2926,#839,.T.);
#3614=EDGE_CURVE('',#2928,#2927,#840,.T.);
#3615=EDGE_CURVE('',#2929,#2928,#841,.T.);
#3616=EDGE_CURVE('',#2930,#2929,#842,.T.);
#3617=EDGE_CURVE('',#2931,#2930,#843,.T.);
#3618=EDGE_CURVE('',#2932,#2931,#844,.T.);
#3619=EDGE_CURVE('',#2933,#2932,#845,.T.);
#3620=EDGE_CURVE('',#2934,#2933,#846,.T.);
#3621=EDGE_CURVE('',#2935,#2934,#847,.T.);
#3622=EDGE_CURVE('',#2936,#2935,#848,.T.);
#3623=EDGE_CURVE('',#2937,#2936,#849,.T.);
#3624=EDGE_CURVE('',#2938,#2937,#850,.T.);
#3625=EDGE_CURVE('',#2939,#2938,#851,.T.);
#3626=EDGE_CURVE('',#2940,#2939,#852,.T.);
#3627=EDGE_CURVE('',#2941,#2940,#853,.T.);
#3628=EDGE_CURVE('',#2942,#2941,#854,.T.);
#3629=EDGE_CURVE('',#2943,#2942,#855,.T.);
#3630=EDGE_CURVE('',#2944,#2943,#856,.T.);
#3631=EDGE_CURVE('',#2945,#2944,#857,.T.);
#3632=EDGE_CURVE('',#2946,#2945,#858,.T.);
#3633=EDGE_CURVE('',#2947,#2946,#859,.T.);
#3634=EDGE_CURVE('',#2948,#2947,#860,.T.);
#3635=EDGE_CURVE('',#2949,#2948,#861,.T.);
#3636=EDGE_CURVE('',#2949,#2950,#862,.T.);
#3637=EDGE_CURVE('',#2951,#2950,#863,.T.);
#3638=EDGE_CURVE('',#2924,#2951,#864,.T.);
#3639=EDGE_CURVE('',#2950,#2922,#865,.T.);
#3640=EDGE_CURVE('',#2917,#2914,#866,.T.);
#3641=EDGE_CURVE('',#2909,#2906,#867,.T.);
#3642=EDGE_CURVE('',#2883,#2888,#868,.T.);
#3643=EDGE_CURVE('',#2887,#2951,#869,.T.);
#3644=EDGE_CURVE('',#2924,#2952,#870,.T.);
#3645=EDGE_CURVE('',#2952,#2953,#871,.T.);
#3646=EDGE_CURVE('',#2954,#2953,#872,.T.);
#3647=EDGE_CURVE('',#2954,#2924,#873,.T.);
#3648=EDGE_CURVE('',#2924,#2955,#874,.T.);
#3649=EDGE_CURVE('',#2956,#2955,#875,.T.);
#3650=EDGE_CURVE('',#2956,#2923,#876,.T.);
#3651=EDGE_CURVE('',#2925,#2957,#877,.T.);
#3652=EDGE_CURVE('',#2958,#2957,#878,.T.);
#3653=EDGE_CURVE('',#2958,#2926,#879,.T.);
#3654=EDGE_CURVE('',#2959,#2960,#880,.T.);
#3655=EDGE_CURVE('',#2960,#2961,#881,.T.);
#3656=EDGE_CURVE('',#2962,#2961,#882,.T.);
#3657=EDGE_CURVE('',#2962,#2959,#883,.T.);
#3658=EDGE_CURVE('',#2927,#2963,#884,.T.);
#3659=EDGE_CURVE('',#2964,#2963,#885,.T.);
#3660=EDGE_CURVE('',#2964,#2928,#886,.T.);
#3661=EDGE_CURVE('',#2965,#2966,#887,.T.);
#3662=EDGE_CURVE('',#2966,#2967,#888,.T.);
#3663=EDGE_CURVE('',#2968,#2967,#889,.T.);
#3664=EDGE_CURVE('',#2968,#2965,#890,.T.);
#3665=EDGE_CURVE('',#2929,#2969,#891,.T.);
#3666=EDGE_CURVE('',#2970,#2969,#892,.T.);
#3667=EDGE_CURVE('',#2970,#2930,#893,.T.);
#3668=EDGE_CURVE('',#2971,#2972,#894,.T.);
#3669=EDGE_CURVE('',#2972,#2973,#895,.T.);
#3670=EDGE_CURVE('',#2974,#2973,#896,.T.);
#3671=EDGE_CURVE('',#2974,#2971,#897,.T.);
#3672=EDGE_CURVE('',#2931,#2975,#898,.T.);
#3673=EDGE_CURVE('',#2976,#2975,#899,.T.);
#3674=EDGE_CURVE('',#2976,#2932,#900,.T.);
#3675=EDGE_CURVE('',#2977,#2978,#901,.T.);
#3676=EDGE_CURVE('',#2978,#2979,#902,.T.);
#3677=EDGE_CURVE('',#2980,#2979,#903,.T.);
#3678=EDGE_CURVE('',#2980,#2977,#904,.T.);
#3679=EDGE_CURVE('',#2933,#2981,#905,.T.);
#3680=EDGE_CURVE('',#2982,#2981,#906,.T.);
#3681=EDGE_CURVE('',#2982,#2934,#907,.T.);
#3682=EDGE_CURVE('',#2983,#2984,#908,.T.);
#3683=EDGE_CURVE('',#2984,#2985,#909,.T.);
#3684=EDGE_CURVE('',#2986,#2985,#910,.T.);
#3685=EDGE_CURVE('',#2986,#2983,#911,.T.);
#3686=EDGE_CURVE('',#2935,#2987,#912,.T.);
#3687=EDGE_CURVE('',#2988,#2987,#913,.T.);
#3688=EDGE_CURVE('',#2988,#2936,#914,.T.);
#3689=EDGE_CURVE('',#2989,#2990,#915,.T.);
#3690=EDGE_CURVE('',#2990,#2991,#916,.T.);
#3691=EDGE_CURVE('',#2992,#2991,#917,.T.);
#3692=EDGE_CURVE('',#2992,#2989,#918,.T.);
#3693=EDGE_CURVE('',#2937,#2993,#919,.T.);
#3694=EDGE_CURVE('',#2994,#2993,#920,.T.);
#3695=EDGE_CURVE('',#2994,#2938,#921,.T.);
#3696=EDGE_CURVE('',#2995,#2996,#922,.T.);
#3697=EDGE_CURVE('',#2996,#2997,#923,.T.);
#3698=EDGE_CURVE('',#2998,#2997,#924,.T.);
#3699=EDGE_CURVE('',#2998,#2995,#925,.T.);
#3700=EDGE_CURVE('',#2939,#2999,#926,.T.);
#3701=EDGE_CURVE('',#3000,#2999,#927,.T.);
#3702=EDGE_CURVE('',#3000,#2940,#928,.T.);
#3703=EDGE_CURVE('',#3001,#3002,#929,.T.);
#3704=EDGE_CURVE('',#3002,#3003,#930,.T.);
#3705=EDGE_CURVE('',#3004,#3003,#931,.T.);
#3706=EDGE_CURVE('',#3004,#3001,#932,.T.);
#3707=EDGE_CURVE('',#2941,#3005,#933,.T.);
#3708=EDGE_CURVE('',#3006,#3005,#934,.T.);
#3709=EDGE_CURVE('',#3006,#2942,#935,.T.);
#3710=EDGE_CURVE('',#3007,#3008,#936,.T.);
#3711=EDGE_CURVE('',#3008,#3009,#937,.T.);
#3712=EDGE_CURVE('',#3010,#3009,#938,.T.);
#3713=EDGE_CURVE('',#3010,#3007,#939,.T.);
#3714=EDGE_CURVE('',#2943,#3011,#940,.T.);
#3715=EDGE_CURVE('',#3012,#3011,#941,.T.);
#3716=EDGE_CURVE('',#3012,#2944,#942,.T.);
#3717=EDGE_CURVE('',#3013,#3014,#943,.T.);
#3718=EDGE_CURVE('',#3014,#3015,#944,.T.);
#3719=EDGE_CURVE('',#3016,#3015,#945,.T.);
#3720=EDGE_CURVE('',#3016,#3013,#946,.T.);
#3721=EDGE_CURVE('',#2945,#3017,#947,.T.);
#3722=EDGE_CURVE('',#3018,#3017,#948,.T.);
#3723=EDGE_CURVE('',#3018,#2946,#949,.T.);
#3724=EDGE_CURVE('',#3019,#3020,#950,.T.);
#3725=EDGE_CURVE('',#3020,#3021,#951,.T.);
#3726=EDGE_CURVE('',#3022,#3021,#952,.T.);
#3727=EDGE_CURVE('',#3022,#3019,#953,.T.);
#3728=EDGE_CURVE('',#2947,#3023,#954,.T.);
#3729=EDGE_CURVE('',#3024,#3023,#955,.T.);
#3730=EDGE_CURVE('',#3024,#2948,#956,.T.);
#3731=EDGE_CURVE('',#3025,#3026,#957,.T.);
#3732=EDGE_CURVE('',#3026,#3027,#958,.T.);
#3733=EDGE_CURVE('',#3028,#3027,#959,.T.);
#3734=EDGE_CURVE('',#3028,#3025,#960,.T.);
#3735=EDGE_CURVE('',#3029,#2921,#961,.T.);
#3736=EDGE_CURVE('',#3030,#3029,#962,.T.);
#3737=EDGE_CURVE('',#3030,#3031,#963,.T.);
#3738=EDGE_CURVE('',#3032,#3031,#964,.T.);
#3739=EDGE_CURVE('',#3033,#3032,#965,.T.);
#3740=EDGE_CURVE('',#3033,#3034,#966,.T.);
#3741=EDGE_CURVE('',#3034,#3035,#967,.T.);
#3742=EDGE_CURVE('',#3036,#3035,#968,.T.);
#3743=EDGE_CURVE('',#3037,#3036,#969,.T.);
#3744=EDGE_CURVE('',#3037,#3038,#970,.T.);
#3745=EDGE_CURVE('',#3038,#3039,#971,.T.);
#3746=EDGE_CURVE('',#3040,#3039,#972,.T.);
#3747=EDGE_CURVE('',#3041,#3040,#973,.T.);
#3748=EDGE_CURVE('',#3041,#3042,#974,.T.);
#3749=EDGE_CURVE('',#3042,#2915,#975,.T.);
#3750=EDGE_CURVE('',#3043,#2907,#976,.T.);
#3751=EDGE_CURVE('',#3044,#2907,#977,.T.);
#3752=EDGE_CURVE('',#3044,#3045,#978,.T.);
#3753=EDGE_CURVE('',#3045,#3043,#979,.T.);
#3754=EDGE_CURVE('',#2913,#3046,#980,.T.);
#3755=EDGE_CURVE('',#3047,#3046,#981,.T.);
#3756=EDGE_CURVE('',#3047,#3048,#982,.T.);
#3757=EDGE_CURVE('',#3048,#2913,#983,.T.);
#3758=EDGE_CURVE('',#3049,#2885,#984,.T.);
#3759=EDGE_CURVE('',#3050,#3049,#985,.T.);
#3760=EDGE_CURVE('',#3026,#3050,#986,.T.);
#3761=EDGE_CURVE('',#3025,#3051,#987,.T.);
#3762=EDGE_CURVE('',#3052,#3051,#988,.T.);
#3763=EDGE_CURVE('',#3020,#3052,#989,.T.);
#3764=EDGE_CURVE('',#3019,#3053,#990,.T.);
#3765=EDGE_CURVE('',#3054,#3053,#991,.T.);
#3766=EDGE_CURVE('',#3014,#3054,#992,.T.);
#3767=EDGE_CURVE('',#3013,#3055,#993,.T.);
#3768=EDGE_CURVE('',#3056,#3055,#994,.T.);
#3769=EDGE_CURVE('',#3008,#3056,#995,.T.);
#3770=EDGE_CURVE('',#3007,#3057,#996,.T.);
#3771=EDGE_CURVE('',#3058,#3057,#997,.T.);
#3772=EDGE_CURVE('',#3002,#3058,#998,.T.);
#3773=EDGE_CURVE('',#3001,#3059,#999,.T.);
#3774=EDGE_CURVE('',#3060,#3059,#1000,.T.);
#3775=EDGE_CURVE('',#2996,#3060,#1001,.T.);
#3776=EDGE_CURVE('',#2995,#3061,#1002,.T.);
#3777=EDGE_CURVE('',#3062,#3061,#1003,.T.);
#3778=EDGE_CURVE('',#2990,#3062,#1004,.T.);
#3779=EDGE_CURVE('',#2989,#3063,#1005,.T.);
#3780=EDGE_CURVE('',#3064,#3063,#1006,.T.);
#3781=EDGE_CURVE('',#2984,#3064,#1007,.T.);
#3782=EDGE_CURVE('',#2983,#3065,#1008,.T.);
#3783=EDGE_CURVE('',#3066,#3065,#1009,.T.);
#3784=EDGE_CURVE('',#2978,#3066,#1010,.T.);
#3785=EDGE_CURVE('',#2977,#3067,#1011,.T.);
#3786=EDGE_CURVE('',#3068,#3067,#1012,.T.);
#3787=EDGE_CURVE('',#2972,#3068,#1013,.T.);
#3788=EDGE_CURVE('',#2971,#3069,#1014,.T.);
#3789=EDGE_CURVE('',#3070,#3069,#1015,.T.);
#3790=EDGE_CURVE('',#2966,#3070,#1016,.T.);
#3791=EDGE_CURVE('',#2965,#3071,#1017,.T.);
#3792=EDGE_CURVE('',#3072,#3071,#1018,.T.);
#3793=EDGE_CURVE('',#2960,#3072,#1019,.T.);
#3794=EDGE_CURVE('',#2959,#3073,#1020,.T.);
#3795=EDGE_CURVE('',#3074,#3073,#1021,.T.);
#3796=EDGE_CURVE('',#2952,#3074,#1022,.T.);
#3797=EDGE_CURVE('',#3075,#2928,#1023,.T.);
#3798=EDGE_CURVE('',#3076,#3075,#1024,.T.);
#3799=EDGE_CURVE('',#3076,#2929,#1025,.T.);
#3800=EDGE_CURVE('',#3077,#2926,#1026,.T.);
#3801=EDGE_CURVE('',#3078,#3077,#1027,.T.);
#3802=EDGE_CURVE('',#3078,#2927,#1028,.T.);
#3803=EDGE_CURVE('',#3079,#2936,#1029,.T.);
#3804=EDGE_CURVE('',#3080,#3079,#1030,.T.);
#3805=EDGE_CURVE('',#3080,#2937,#1031,.T.);
#3806=EDGE_CURVE('',#3081,#2938,#1032,.T.);
#3807=EDGE_CURVE('',#3082,#3081,#1033,.T.);
#3808=EDGE_CURVE('',#3082,#2939,#1034,.T.);
#3809=EDGE_CURVE('',#3083,#2934,#1035,.T.);
#3810=EDGE_CURVE('',#3084,#3083,#1036,.T.);
#3811=EDGE_CURVE('',#3084,#2935,#1037,.T.);
#3812=EDGE_CURVE('',#3085,#2940,#1038,.T.);
#3813=EDGE_CURVE('',#3086,#3085,#1039,.T.);
#3814=EDGE_CURVE('',#3086,#2941,#1040,.T.);
#3815=EDGE_CURVE('',#3087,#2932,#1041,.T.);
#3816=EDGE_CURVE('',#3088,#3087,#1042,.T.);
#3817=EDGE_CURVE('',#3088,#2933,#1043,.T.);
#3818=EDGE_CURVE('',#3089,#2942,#1044,.T.);
#3819=EDGE_CURVE('',#3090,#3089,#1045,.T.);
#3820=EDGE_CURVE('',#3090,#2943,#1046,.T.);
#3821=EDGE_CURVE('',#3091,#2930,#1047,.T.);
#3822=EDGE_CURVE('',#3092,#3091,#1048,.T.);
#3823=EDGE_CURVE('',#3092,#2931,#1049,.T.);
#3824=EDGE_CURVE('',#3093,#2944,#1050,.T.);
#3825=EDGE_CURVE('',#3094,#3093,#1051,.T.);
#3826=EDGE_CURVE('',#3094,#2945,#1052,.T.);
#3827=EDGE_CURVE('',#3095,#2923,#1053,.T.);
#3828=EDGE_CURVE('',#3096,#3095,#1054,.T.);
#3829=EDGE_CURVE('',#3096,#2925,#1055,.T.);
#3830=EDGE_CURVE('',#3097,#2946,#1056,.T.);
#3831=EDGE_CURVE('',#3098,#3097,#1057,.T.);
#3832=EDGE_CURVE('',#3098,#2947,#1058,.T.);
#3833=EDGE_CURVE('',#3099,#2948,#1059,.T.);
#3834=EDGE_CURVE('',#3100,#3099,#1060,.T.);
#3835=EDGE_CURVE('',#2949,#3100,#1061,.T.);
#3836=EDGE_CURVE('',#3101,#2913,#1062,.T.);
#3837=EDGE_CURVE('',#3102,#3101,#1063,.T.);
#3838=EDGE_CURVE('',#3102,#3103,#1064,.T.);
#3839=EDGE_CURVE('',#3103,#3104,#1065,.T.);
#3840=EDGE_CURVE('',#3105,#3104,#1066,.T.);
#3841=EDGE_CURVE('',#3106,#3105,#1067,.T.);
#3842=EDGE_CURVE('',#3106,#3107,#1068,.T.);
#3843=EDGE_CURVE('',#3107,#3108,#1069,.T.);
#3844=EDGE_CURVE('',#3109,#3108,#1070,.T.);
#3845=EDGE_CURVE('',#3110,#3109,#1071,.T.);
#3846=EDGE_CURVE('',#3110,#3111,#1072,.T.);
#3847=EDGE_CURVE('',#3111,#3112,#1073,.T.);
#3848=EDGE_CURVE('',#2907,#3112,#1074,.T.);
#3849=EDGE_CURVE('',#3113,#3072,#1075,.T.);
#3850=EDGE_CURVE('',#2961,#3113,#1076,.T.);
#3851=EDGE_CURVE('',#3114,#2968,#1077,.T.);
#3852=EDGE_CURVE('',#3071,#3114,#1078,.T.);
#3853=EDGE_CURVE('',#3115,#3064,#1079,.T.);
#3854=EDGE_CURVE('',#2985,#3115,#1080,.T.);
#3855=EDGE_CURVE('',#3116,#2992,#1081,.T.);
#3856=EDGE_CURVE('',#3063,#3116,#1082,.T.);
#3857=EDGE_CURVE('',#3117,#3056,#1083,.T.);
#3858=EDGE_CURVE('',#3009,#3117,#1084,.T.);
#3859=EDGE_CURVE('',#3118,#3016,#1085,.T.);
#3860=EDGE_CURVE('',#3055,#3118,#1086,.T.);
#3861=EDGE_CURVE('',#3119,#3050,#1087,.T.);
#3862=EDGE_CURVE('',#3027,#3119,#1088,.T.);
#3863=EDGE_CURVE('',#3120,#3058,#1089,.T.);
#3864=EDGE_CURVE('',#3003,#3120,#1090,.T.);
#3865=EDGE_CURVE('',#3121,#3010,#1091,.T.);
#3866=EDGE_CURVE('',#3057,#3121,#1092,.T.);
#3867=EDGE_CURVE('',#3122,#3066,#1093,.T.);
#3868=EDGE_CURVE('',#2979,#3122,#1094,.T.);
#3869=EDGE_CURVE('',#3123,#2986,#1095,.T.);
#3870=EDGE_CURVE('',#3065,#3123,#1096,.T.);
#3871=EDGE_CURVE('',#3124,#3074,#1097,.T.);
#3872=EDGE_CURVE('',#2953,#3124,#1098,.T.);
#3873=EDGE_CURVE('',#3125,#2962,#1099,.T.);
#3874=EDGE_CURVE('',#3073,#3125,#1100,.T.);
#3875=EDGE_CURVE('',#3126,#3070,#1101,.T.);
#3876=EDGE_CURVE('',#2967,#3126,#1102,.T.);
#3877=EDGE_CURVE('',#3127,#2974,#1103,.T.);
#3878=EDGE_CURVE('',#3069,#3127,#1104,.T.);
#3879=EDGE_CURVE('',#3128,#3062,#1105,.T.);
#3880=EDGE_CURVE('',#2991,#3128,#1106,.T.);
#3881=EDGE_CURVE('',#3129,#2998,#1107,.T.);
#3882=EDGE_CURVE('',#3061,#3129,#1108,.T.);
#3883=EDGE_CURVE('',#3130,#3054,#1109,.T.);
#3884=EDGE_CURVE('',#3015,#3130,#1110,.T.);
#3885=EDGE_CURVE('',#3131,#3022,#1111,.T.);
#3886=EDGE_CURVE('',#3053,#3131,#1112,.T.);
#3887=EDGE_CURVE('',#3132,#3052,#1113,.T.);
#3888=EDGE_CURVE('',#3021,#3132,#1114,.T.);
#3889=EDGE_CURVE('',#3133,#3028,#1115,.T.);
#3890=EDGE_CURVE('',#3051,#3133,#1116,.T.);
#3891=EDGE_CURVE('',#3134,#3060,#1117,.T.);
#3892=EDGE_CURVE('',#2997,#3134,#1118,.T.);
#3893=EDGE_CURVE('',#3135,#3004,#1119,.T.);
#3894=EDGE_CURVE('',#3059,#3135,#1120,.T.);
#3895=EDGE_CURVE('',#3136,#3068,#1121,.T.);
#3896=EDGE_CURVE('',#2973,#3136,#1122,.T.);
#3897=EDGE_CURVE('',#3137,#2980,#1123,.T.);
#3898=EDGE_CURVE('',#3067,#3137,#1124,.T.);
#3899=EDGE_CURVE('',#3124,#3138,#1125,.T.);
#3900=EDGE_CURVE('',#3138,#2954,#1126,.T.);
#3901=EDGE_CURVE('',#3122,#3137,#1127,.T.);
#3902=EDGE_CURVE('',#3120,#3135,#1128,.T.);
#3903=EDGE_CURVE('',#3119,#3133,#1129,.T.);
#3904=EDGE_CURVE('',#3132,#3131,#1130,.T.);
#3905=EDGE_CURVE('',#3134,#3129,#1131,.T.);
#3906=EDGE_CURVE('',#3136,#3127,#1132,.T.);
#3907=EDGE_CURVE('',#3113,#3125,#1133,.T.);
#3908=EDGE_CURVE('',#3115,#3123,#1134,.T.);
#3909=EDGE_CURVE('',#3117,#3121,#1135,.T.);
#3910=EDGE_CURVE('',#3130,#3118,#1136,.T.);
#3911=EDGE_CURVE('',#3128,#3116,#1137,.T.);
#3912=EDGE_CURVE('',#3126,#3114,#1138,.T.);
#3913=EDGE_CURVE('',#3139,#3049,#1139,.T.);
#3914=EDGE_CURVE('',#3140,#3139,#1140,.T.);
#3915=EDGE_CURVE('',#3141,#3140,#1141,.T.);
#3916=EDGE_CURVE('',#3141,#3142,#1142,.T.);
#3917=EDGE_CURVE('',#3142,#3143,#1143,.T.);
#3918=EDGE_CURVE('',#3144,#3143,#1144,.T.);
#3919=EDGE_CURVE('',#3145,#3144,#1145,.T.);
#3920=EDGE_CURVE('',#3145,#3146,#1146,.T.);
#3921=EDGE_CURVE('',#3146,#3147,#1147,.T.);
#3922=EDGE_CURVE('',#3148,#3147,#1148,.T.);
#3923=EDGE_CURVE('',#3149,#3148,#1149,.T.);
#3924=EDGE_CURVE('',#3149,#3150,#1150,.T.);
#3925=EDGE_CURVE('',#3150,#3151,#1151,.T.);
#3926=EDGE_CURVE('',#3152,#3151,#1152,.T.);
#3927=EDGE_CURVE('',#3153,#3152,#1153,.T.);
#3928=EDGE_CURVE('',#3153,#3154,#1154,.T.);
#3929=EDGE_CURVE('',#3154,#3155,#1155,.T.);
#3930=EDGE_CURVE('',#3156,#3155,#1156,.T.);
#3931=EDGE_CURVE('',#3157,#3156,#1157,.T.);
#3932=EDGE_CURVE('',#3157,#3158,#1158,.T.);
#3933=EDGE_CURVE('',#3158,#3159,#1159,.T.);
#3934=EDGE_CURVE('',#3160,#3159,#1160,.T.);
#3935=EDGE_CURVE('',#3161,#3160,#1161,.T.);
#3936=EDGE_CURVE('',#3161,#3162,#1162,.T.);
#3937=EDGE_CURVE('',#3162,#3163,#1163,.T.);
#3938=EDGE_CURVE('',#3164,#3163,#1164,.T.);
#3939=EDGE_CURVE('',#3165,#3164,#1165,.T.);
#3940=EDGE_CURVE('',#3165,#3166,#1166,.T.);
#3941=EDGE_CURVE('',#3166,#3167,#1167,.T.);
#3942=EDGE_CURVE('',#3168,#3167,#1168,.T.);
#3943=EDGE_CURVE('',#3169,#3168,#1169,.T.);
#3944=EDGE_CURVE('',#3169,#3170,#1170,.T.);
#3945=EDGE_CURVE('',#3170,#3171,#1171,.T.);
#3946=EDGE_CURVE('',#3172,#3171,#1172,.T.);
#3947=EDGE_CURVE('',#3173,#3172,#1173,.T.);
#3948=EDGE_CURVE('',#3173,#3174,#1174,.T.);
#3949=EDGE_CURVE('',#3174,#3175,#1175,.T.);
#3950=EDGE_CURVE('',#3176,#3175,#1176,.T.);
#3951=EDGE_CURVE('',#3177,#3176,#1177,.T.);
#3952=EDGE_CURVE('',#3177,#3178,#1178,.T.);
#3953=EDGE_CURVE('',#3178,#3179,#1179,.T.);
#3954=EDGE_CURVE('',#3180,#3179,#1180,.T.);
#3955=EDGE_CURVE('',#3181,#3180,#1181,.T.);
#3956=EDGE_CURVE('',#3181,#3182,#1182,.T.);
#3957=EDGE_CURVE('',#3182,#3183,#1183,.T.);
#3958=EDGE_CURVE('',#3184,#3183,#1184,.T.);
#3959=EDGE_CURVE('',#3185,#3184,#1185,.T.);
#3960=EDGE_CURVE('',#3185,#3186,#1186,.T.);
#3961=EDGE_CURVE('',#3186,#3187,#1187,.T.);
#3962=EDGE_CURVE('',#3188,#3187,#1188,.T.);
#3963=EDGE_CURVE('',#3189,#3188,#1189,.T.);
#3964=EDGE_CURVE('',#3190,#3189,#1190,.T.);
#3965=EDGE_CURVE('',#3190,#3191,#1191,.T.);
#3966=EDGE_CURVE('',#3100,#3191,#1192,.T.);
#3967=EDGE_CURVE('',#3099,#3192,#1193,.T.);
#3968=EDGE_CURVE('',#3192,#3193,#1194,.T.);
#3969=EDGE_CURVE('',#3193,#3098,#1195,.T.);
#3970=EDGE_CURVE('',#3097,#3194,#1196,.T.);
#3971=EDGE_CURVE('',#3194,#3195,#1197,.T.);
#3972=EDGE_CURVE('',#3195,#3094,#1198,.T.);
#3973=EDGE_CURVE('',#3093,#3196,#1199,.T.);
#3974=EDGE_CURVE('',#3196,#3197,#1200,.T.);
#3975=EDGE_CURVE('',#3197,#3090,#1201,.T.);
#3976=EDGE_CURVE('',#3089,#3198,#1202,.T.);
#3977=EDGE_CURVE('',#3198,#3199,#1203,.T.);
#3978=EDGE_CURVE('',#3199,#3086,#1204,.T.);
#3979=EDGE_CURVE('',#3085,#3200,#1205,.T.);
#3980=EDGE_CURVE('',#3200,#3201,#1206,.T.);
#3981=EDGE_CURVE('',#3201,#3082,#1207,.T.);
#3982=EDGE_CURVE('',#3081,#3202,#1208,.T.);
#3983=EDGE_CURVE('',#3202,#3203,#1209,.T.);
#3984=EDGE_CURVE('',#3203,#3080,#1210,.T.);
#3985=EDGE_CURVE('',#3079,#3204,#1211,.T.);
#3986=EDGE_CURVE('',#3204,#3205,#1212,.T.);
#3987=EDGE_CURVE('',#3205,#3084,#1213,.T.);
#3988=EDGE_CURVE('',#3083,#3206,#1214,.T.);
#3989=EDGE_CURVE('',#3206,#3207,#1215,.T.);
#3990=EDGE_CURVE('',#3207,#3088,#1216,.T.);
#3991=EDGE_CURVE('',#3087,#3208,#1217,.T.);
#3992=EDGE_CURVE('',#3208,#3209,#1218,.T.);
#3993=EDGE_CURVE('',#3209,#3092,#1219,.T.);
#3994=EDGE_CURVE('',#3091,#3210,#1220,.T.);
#3995=EDGE_CURVE('',#3210,#3211,#1221,.T.);
#3996=EDGE_CURVE('',#3211,#3076,#1222,.T.);
#3997=EDGE_CURVE('',#3075,#3212,#1223,.T.);
#3998=EDGE_CURVE('',#3212,#3213,#1224,.T.);
#3999=EDGE_CURVE('',#3213,#3078,#1225,.T.);
#4000=EDGE_CURVE('',#3077,#3214,#1226,.T.);
#4001=EDGE_CURVE('',#3214,#3215,#1227,.T.);
#4002=EDGE_CURVE('',#3215,#3096,#1228,.T.);
#4003=EDGE_CURVE('',#3095,#3216,#1229,.T.);
#4004=EDGE_CURVE('',#3216,#3217,#1230,.T.);
#4005=EDGE_CURVE('',#3217,#3218,#1231,.T.);
#4006=EDGE_CURVE('',#3218,#3138,#1232,.T.);
#4007=EDGE_CURVE('',#3214,#2958,#1233,.T.);
#4008=EDGE_CURVE('',#2963,#3213,#1234,.T.);
#4009=EDGE_CURVE('',#3206,#2982,#1235,.T.);
#4010=EDGE_CURVE('',#2987,#3205,#1236,.T.);
#4011=EDGE_CURVE('',#3011,#3197,#1237,.T.);
#4012=EDGE_CURVE('',#3198,#3006,#1238,.T.);
#4013=EDGE_CURVE('',#3192,#3024,#1239,.T.);
#4014=EDGE_CURVE('',#3005,#3199,#1240,.T.);
#4015=EDGE_CURVE('',#3200,#3000,#1241,.T.);
#4016=EDGE_CURVE('',#3208,#2976,#1242,.T.);
#4017=EDGE_CURVE('',#2981,#3207,#1243,.T.);
#4018=EDGE_CURVE('',#3216,#2956,#1244,.T.);
#4019=EDGE_CURVE('',#2957,#3215,#1245,.T.);
#4020=EDGE_CURVE('',#3212,#2964,#1246,.T.);
#4021=EDGE_CURVE('',#2969,#3211,#1247,.T.);
#4022=EDGE_CURVE('',#2993,#3203,#1248,.T.);
#4023=EDGE_CURVE('',#3204,#2988,#1249,.T.);
#4024=EDGE_CURVE('',#3017,#3195,#1250,.T.);
#4025=EDGE_CURVE('',#3196,#3012,#1251,.T.);
#4026=EDGE_CURVE('',#3023,#3193,#1252,.T.);
#4027=EDGE_CURVE('',#3194,#3018,#1253,.T.);
#4028=EDGE_CURVE('',#2999,#3201,#1254,.T.);
#4029=EDGE_CURVE('',#3202,#2994,#1255,.T.);
#4030=EDGE_CURVE('',#3210,#2970,#1256,.T.);
#4031=EDGE_CURVE('',#2975,#3209,#1257,.T.);
#4032=EDGE_CURVE('',#3218,#2924,#1258,.T.);
#4033=EDGE_CURVE('',#2955,#3217,#1259,.T.);
#4034=EDGE_CURVE('',#3191,#2921,#1260,.T.);
#4035=EDGE_CURVE('',#2881,#3140,#1261,.T.);
#4036=EDGE_CURVE('',#3139,#2886,#1262,.T.);
#4037=EDGE_CURVE('',#3039,#3180,#1263,.T.);
#4038=EDGE_CURVE('',#3179,#3040,#1264,.T.);
#4039=EDGE_CURVE('',#3031,#3188,#1265,.T.);
#4040=EDGE_CURVE('',#3187,#3032,#1266,.T.);
#4041=EDGE_CURVE('',#2901,#3144,#1267,.T.);
#4042=EDGE_CURVE('',#3143,#2902,#1268,.T.);
#4043=EDGE_CURVE('',#3043,#3156,#1269,.T.);
#4044=EDGE_CURVE('',#3155,#2890,#1270,.T.);
#4045=EDGE_CURVE('',#3108,#3164,#1271,.T.);
#4046=EDGE_CURVE('',#3163,#3109,#1272,.T.);
#4047=EDGE_CURVE('',#2913,#3172,#1273,.T.);
#4048=EDGE_CURVE('',#3171,#3101,#1274,.T.);
#4049=EDGE_CURVE('',#3175,#3046,#1275,.T.);
#4050=EDGE_CURVE('',#2915,#3176,#1276,.T.);
#4051=EDGE_CURVE('',#3183,#3036,#1277,.T.);
#4052=EDGE_CURVE('',#3035,#3184,#1278,.T.);
#4053=EDGE_CURVE('',#3159,#2907,#1279,.T.);
#4054=EDGE_CURVE('',#3112,#3160,#1280,.T.);
#4055=EDGE_CURVE('',#2897,#3148,#1281,.T.);
#4056=EDGE_CURVE('',#3147,#2898,#1282,.T.);
#4057=EDGE_CURVE('',#3151,#2894,#1283,.T.);
#4058=EDGE_CURVE('',#2893,#3152,#1284,.T.);
#4059=EDGE_CURVE('',#3167,#3105,#1285,.T.);
#4060=EDGE_CURVE('',#3104,#3168,#1286,.T.);
#4061=EDGE_CURVE('',#3042,#3177,#1287,.T.);
#4062=EDGE_CURVE('',#3178,#3041,#1288,.T.);
#4063=EDGE_CURVE('',#3034,#3185,#1289,.T.);
#4064=EDGE_CURVE('',#3186,#3033,#1290,.T.);
#4065=EDGE_CURVE('',#2904,#3141,#1291,.T.);
#4066=EDGE_CURVE('',#3142,#2903,#1292,.T.);
#4067=EDGE_CURVE('',#2892,#3153,#1293,.T.);
#4068=EDGE_CURVE('',#3154,#2891,#1294,.T.);
#4069=EDGE_CURVE('',#3111,#3161,#1295,.T.);
#4070=EDGE_CURVE('',#3162,#3110,#1296,.T.);
#4071=EDGE_CURVE('',#3103,#3169,#1297,.T.);
#4072=EDGE_CURVE('',#3170,#3102,#1298,.T.);
#4073=EDGE_CURVE('',#3048,#3173,#1299,.T.);
#4074=EDGE_CURVE('',#3174,#3047,#1300,.T.);
#4075=EDGE_CURVE('',#3038,#3181,#1301,.T.);
#4076=EDGE_CURVE('',#3182,#3037,#1302,.T.);
#4077=EDGE_CURVE('',#3045,#3157,#1303,.T.);
#4078=EDGE_CURVE('',#3158,#3044,#1304,.T.);
#4079=EDGE_CURVE('',#2900,#3145,#1305,.T.);
#4080=EDGE_CURVE('',#3146,#2899,#1306,.T.);
#4081=EDGE_CURVE('',#2896,#3149,#1307,.T.);
#4082=EDGE_CURVE('',#3150,#2895,#1308,.T.);
#4083=EDGE_CURVE('',#3107,#3165,#1309,.T.);
#4084=EDGE_CURVE('',#3166,#3106,#1310,.T.);
#4085=EDGE_CURVE('',#3029,#3190,#1311,.T.);
#4086=EDGE_CURVE('',#3189,#3030,#1312,.T.);
#4087=EDGE_CURVE('',#3219,#3220,#1313,.T.);
#4088=EDGE_CURVE('',#3221,#3220,#1314,.T.);
#4089=EDGE_CURVE('',#3222,#3221,#1315,.T.);
#4090=EDGE_CURVE('',#3223,#3222,#1316,.F.);
#4091=EDGE_CURVE('',#3223,#3224,#1317,.F.);
#4092=EDGE_CURVE('',#3224,#3225,#1318,.F.);
#4093=EDGE_CURVE('',#3219,#3225,#1319,.T.);
#4094=EDGE_CURVE('',#3226,#3227,#1320,.T.);
#4095=EDGE_CURVE('',#3227,#3228,#1321,.F.);
#4096=EDGE_CURVE('',#3228,#3229,#1322,.F.);
#4097=EDGE_CURVE('',#3230,#3229,#1323,.T.);
#4098=EDGE_CURVE('',#3230,#3231,#1324,.T.);
#4099=EDGE_CURVE('',#3232,#3231,#1325,.T.);
#4100=EDGE_CURVE('',#3233,#3232,#1326,.T.);
#4101=EDGE_CURVE('',#3226,#3233,#1327,.T.);
#4102=EDGE_CURVE('',#3234,#3226,#1328,.T.);
#4103=EDGE_CURVE('',#3235,#3234,#1329,.F.);
#4104=EDGE_CURVE('',#3235,#3236,#1330,.F.);
#4105=EDGE_CURVE('',#3237,#3236,#1331,.T.);
#4106=EDGE_CURVE('',#3238,#3237,#1332,.T.);
#4107=EDGE_CURVE('',#3239,#3238,#1333,.F.);
#4108=EDGE_CURVE('',#3239,#3240,#1334,.F.);
#4109=EDGE_CURVE('',#3241,#3240,#1335,.T.);
#4110=EDGE_CURVE('',#3242,#3241,#1336,.T.);
#4111=EDGE_CURVE('',#3243,#3242,#1337,.F.);
#4112=EDGE_CURVE('',#3243,#3244,#1338,.F.);
#4113=EDGE_CURVE('',#3245,#3244,#1339,.T.);
#4114=EDGE_CURVE('',#3246,#3245,#1340,.T.);
#4115=EDGE_CURVE('',#3246,#3247,#1341,.T.);
#4116=EDGE_CURVE('',#3247,#3220,#1342,.F.);
#4117=EDGE_CURVE('',#3248,#3219,#1343,.T.);
#4118=EDGE_CURVE('',#3249,#3248,#27,.T.);
#4119=EDGE_CURVE('',#3227,#3249,#1344,.T.);
#4120=EDGE_CURVE('',#3250,#3251,#1345,.T.);
#4121=EDGE_CURVE('',#3251,#3252,#1346,.T.);
#4122=EDGE_CURVE('',#3252,#3253,#1347,.F.);
#4123=EDGE_CURVE('',#3250,#3253,#1348,.F.);
#4124=EDGE_CURVE('',#3254,#3255,#1349,.T.);
#4125=EDGE_CURVE('',#3255,#3256,#1350,.T.);
#4126=EDGE_CURVE('',#3256,#3257,#1351,.F.);
#4127=EDGE_CURVE('',#3254,#3257,#1352,.F.);
#4128=EDGE_CURVE('',#3251,#3258,#28,.F.);
#4129=EDGE_CURVE('',#3250,#3259,#1353,.T.);
#4130=EDGE_CURVE('',#3260,#3259,#1354,.T.);
#4131=EDGE_CURVE('',#3261,#3260,#1355,.F.);
#4132=EDGE_CURVE('',#3261,#3262,#1356,.F.);
#4133=EDGE_CURVE('',#3262,#3263,#1357,.T.);
#4134=EDGE_CURVE('',#3264,#3263,#1358,.T.);
#4135=EDGE_CURVE('',#3265,#3264,#1359,.F.);
#4136=EDGE_CURVE('',#3265,#3266,#1360,.F.);
#4137=EDGE_CURVE('',#3266,#3267,#1361,.T.);
#4138=EDGE_CURVE('',#3268,#3267,#1362,.T.);
#4139=EDGE_CURVE('',#3269,#3268,#1363,.F.);
#4140=EDGE_CURVE('',#3269,#3270,#1364,.F.);
#4141=EDGE_CURVE('',#3270,#3271,#1365,.T.);
#4142=EDGE_CURVE('',#3272,#3271,#1366,.T.);
#4143=EDGE_CURVE('',#3273,#3272,#1367,.F.);
#4144=EDGE_CURVE('',#3273,#3274,#1368,.F.);
#4145=EDGE_CURVE('',#3274,#3275,#1369,.T.);
#4146=EDGE_CURVE('',#3258,#3275,#1370,.F.);
#4147=EDGE_CURVE('',#3258,#3276,#1371,.T.);
#4148=EDGE_CURVE('',#3276,#3252,#29,.F.);
#4149=EDGE_CURVE('',#3275,#3277,#1372,.T.);
#4150=EDGE_CURVE('',#3277,#3276,#1373,.F.);
#4151=EDGE_CURVE('',#3278,#3279,#1374,.T.);
#4152=EDGE_CURVE('',#3279,#3280,#1375,.T.);
#4153=EDGE_CURVE('',#3280,#3281,#1376,.F.);
#4154=EDGE_CURVE('',#3278,#3281,#1377,.F.);
#4155=EDGE_CURVE('',#3279,#3282,#30,.T.);
#4156=EDGE_CURVE('',#3282,#3283,#1378,.T.);
#4157=EDGE_CURVE('',#3283,#3280,#31,.F.);
#4158=EDGE_CURVE('',#3282,#3230,#1379,.T.);
#4159=EDGE_CURVE('',#3229,#3283,#1380,.F.);
#4160=EDGE_CURVE('',#3249,#3284,#1381,.T.);
#4161=EDGE_CURVE('',#3284,#3228,#1382,.F.);
#4162=EDGE_CURVE('',#3248,#3285,#1383,.T.);
#4163=EDGE_CURVE('',#3285,#3284,#32,.F.);
#4164=EDGE_CURVE('',#3225,#3285,#1384,.F.);
#4165=EDGE_CURVE('',#3286,#3287,#1385,.T.);
#4166=EDGE_CURVE('',#3287,#3288,#1386,.T.);
#4167=EDGE_CURVE('',#3288,#3224,#1387,.F.);
#4168=EDGE_CURVE('',#3223,#3289,#1388,.T.);
#4169=EDGE_CURVE('',#3289,#3290,#1389,.T.);
#4170=EDGE_CURVE('',#3290,#3291,#1390,.T.);
#4171=EDGE_CURVE('',#3291,#3292,#1391,.T.);
#4172=EDGE_CURVE('',#3292,#3293,#1392,.T.);
#4173=EDGE_CURVE('',#3293,#3294,#1393,.T.);
#4174=EDGE_CURVE('',#3294,#3295,#1394,.T.);
#4175=EDGE_CURVE('',#3295,#3296,#1395,.T.);
#4176=EDGE_CURVE('',#3296,#3297,#1396,.T.);
#4177=EDGE_CURVE('',#3297,#3298,#1397,.T.);
#4178=EDGE_CURVE('',#3298,#3299,#1398,.T.);
#4179=EDGE_CURVE('',#3299,#3300,#1399,.T.);
#4180=EDGE_CURVE('',#3300,#3301,#1400,.T.);
#4181=EDGE_CURVE('',#3301,#3302,#1401,.T.);
#4182=EDGE_CURVE('',#3302,#3303,#1402,.T.);
#4183=EDGE_CURVE('',#3303,#3304,#1403,.T.);
#4184=EDGE_CURVE('',#3304,#3305,#1404,.T.);
#4185=EDGE_CURVE('',#3305,#3306,#1405,.T.);
#4186=EDGE_CURVE('',#3306,#3307,#1406,.T.);
#4187=EDGE_CURVE('',#3307,#3308,#1407,.T.);
#4188=EDGE_CURVE('',#3308,#3309,#1408,.T.);
#4189=EDGE_CURVE('',#3309,#3310,#1409,.T.);
#4190=EDGE_CURVE('',#3310,#3311,#1410,.T.);
#4191=EDGE_CURVE('',#3311,#3312,#1411,.T.);
#4192=EDGE_CURVE('',#3312,#3286,#1412,.T.);
#4193=EDGE_CURVE('',#3257,#3288,#1413,.F.);
#4194=EDGE_CURVE('',#3253,#3256,#1414,.F.);
#4195=EDGE_CURVE('',#3281,#3277,#1415,.F.);
#4196=EDGE_CURVE('',#3287,#3313,#1416,.T.);
#4197=EDGE_CURVE('',#3314,#3287,#1417,.F.);
#4198=EDGE_CURVE('',#3314,#3315,#1418,.F.);
#4199=EDGE_CURVE('',#3313,#3315,#1419,.F.);
#4200=EDGE_CURVE('',#3287,#3316,#1420,.F.);
#4201=EDGE_CURVE('',#3317,#3286,#1421,.F.);
#4202=EDGE_CURVE('',#3317,#3316,#1422,.F.);
#4203=EDGE_CURVE('',#3318,#3319,#1423,.F.);
#4204=EDGE_CURVE('',#3312,#3319,#1424,.F.);
#4205=EDGE_CURVE('',#3318,#3311,#1425,.F.);
#4206=EDGE_CURVE('',#3320,#3321,#1426,.T.);
#4207=EDGE_CURVE('',#3322,#3320,#1427,.F.);
#4208=EDGE_CURVE('',#3322,#3323,#1428,.F.);
#4209=EDGE_CURVE('',#3321,#3323,#1429,.F.);
#4210=EDGE_CURVE('',#3324,#3325,#1430,.F.);
#4211=EDGE_CURVE('',#3310,#3325,#1431,.F.);
#4212=EDGE_CURVE('',#3324,#3309,#1432,.F.);
#4213=EDGE_CURVE('',#3326,#3327,#1433,.T.);
#4214=EDGE_CURVE('',#3328,#3326,#1434,.F.);
#4215=EDGE_CURVE('',#3328,#3329,#1435,.F.);
#4216=EDGE_CURVE('',#3327,#3329,#1436,.F.);
#4217=EDGE_CURVE('',#3330,#3331,#1437,.F.);
#4218=EDGE_CURVE('',#3308,#3331,#1438,.F.);
#4219=EDGE_CURVE('',#3330,#3307,#1439,.F.);
#4220=EDGE_CURVE('',#3332,#3333,#1440,.T.);
#4221=EDGE_CURVE('',#3334,#3332,#1441,.F.);
#4222=EDGE_CURVE('',#3334,#3335,#1442,.F.);
#4223=EDGE_CURVE('',#3333,#3335,#1443,.F.);
#4224=EDGE_CURVE('',#3336,#3337,#1444,.F.);
#4225=EDGE_CURVE('',#3306,#3337,#1445,.F.);
#4226=EDGE_CURVE('',#3336,#3305,#1446,.F.);
#4227=EDGE_CURVE('',#3338,#3339,#1447,.T.);
#4228=EDGE_CURVE('',#3340,#3338,#1448,.F.);
#4229=EDGE_CURVE('',#3340,#3341,#1449,.F.);
#4230=EDGE_CURVE('',#3339,#3341,#1450,.F.);
#4231=EDGE_CURVE('',#3342,#3343,#1451,.F.);
#4232=EDGE_CURVE('',#3304,#3343,#1452,.F.);
#4233=EDGE_CURVE('',#3342,#3303,#1453,.F.);
#4234=EDGE_CURVE('',#3344,#3345,#1454,.T.);
#4235=EDGE_CURVE('',#3346,#3344,#1455,.F.);
#4236=EDGE_CURVE('',#3346,#3347,#1456,.F.);
#4237=EDGE_CURVE('',#3345,#3347,#1457,.F.);
#4238=EDGE_CURVE('',#3348,#3349,#1458,.F.);
#4239=EDGE_CURVE('',#3302,#3349,#1459,.F.);
#4240=EDGE_CURVE('',#3348,#3301,#1460,.F.);
#4241=EDGE_CURVE('',#3350,#3351,#1461,.T.);
#4242=EDGE_CURVE('',#3352,#3350,#1462,.F.);
#4243=EDGE_CURVE('',#3352,#3353,#1463,.F.);
#4244=EDGE_CURVE('',#3351,#3353,#1464,.F.);
#4245=EDGE_CURVE('',#3354,#3355,#1465,.F.);
#4246=EDGE_CURVE('',#3300,#3355,#1466,.F.);
#4247=EDGE_CURVE('',#3354,#3299,#1467,.F.);
#4248=EDGE_CURVE('',#3356,#3357,#1468,.T.);
#4249=EDGE_CURVE('',#3358,#3356,#1469,.F.);
#4250=EDGE_CURVE('',#3358,#3359,#1470,.F.);
#4251=EDGE_CURVE('',#3357,#3359,#1471,.F.);
#4252=EDGE_CURVE('',#3360,#3361,#1472,.F.);
#4253=EDGE_CURVE('',#3298,#3361,#1473,.F.);
#4254=EDGE_CURVE('',#3360,#3297,#1474,.F.);
#4255=EDGE_CURVE('',#3362,#3363,#1475,.T.);
#4256=EDGE_CURVE('',#3364,#3362,#1476,.F.);
#4257=EDGE_CURVE('',#3364,#3365,#1477,.F.);
#4258=EDGE_CURVE('',#3363,#3365,#1478,.F.);
#4259=EDGE_CURVE('',#3366,#3367,#1479,.F.);
#4260=EDGE_CURVE('',#3296,#3367,#1480,.F.);
#4261=EDGE_CURVE('',#3366,#3295,#1481,.F.);
#4262=EDGE_CURVE('',#3368,#3369,#1482,.T.);
#4263=EDGE_CURVE('',#3370,#3368,#1483,.F.);
#4264=EDGE_CURVE('',#3370,#3371,#1484,.F.);
#4265=EDGE_CURVE('',#3369,#3371,#1485,.F.);
#4266=EDGE_CURVE('',#3372,#3373,#1486,.F.);
#4267=EDGE_CURVE('',#3294,#3373,#1487,.F.);
#4268=EDGE_CURVE('',#3372,#3293,#1488,.F.);
#4269=EDGE_CURVE('',#3374,#3375,#1489,.T.);
#4270=EDGE_CURVE('',#3376,#3374,#1490,.F.);
#4271=EDGE_CURVE('',#3376,#3377,#1491,.F.);
#4272=EDGE_CURVE('',#3375,#3377,#1492,.F.);
#4273=EDGE_CURVE('',#3378,#3379,#1493,.F.);
#4274=EDGE_CURVE('',#3292,#3379,#1494,.F.);
#4275=EDGE_CURVE('',#3378,#3291,#1495,.F.);
#4276=EDGE_CURVE('',#3380,#3381,#1496,.T.);
#4277=EDGE_CURVE('',#3382,#3380,#1497,.F.);
#4278=EDGE_CURVE('',#3382,#3383,#1498,.F.);
#4279=EDGE_CURVE('',#3381,#3383,#1499,.F.);
#4280=EDGE_CURVE('',#3384,#3385,#1500,.F.);
#4281=EDGE_CURVE('',#3290,#3385,#1501,.F.);
#4282=EDGE_CURVE('',#3384,#3289,#1502,.F.);
#4283=EDGE_CURVE('',#3386,#3387,#1503,.T.);
#4284=EDGE_CURVE('',#3388,#3386,#1504,.F.);
#4285=EDGE_CURVE('',#3388,#3389,#1505,.F.);
#4286=EDGE_CURVE('',#3387,#3389,#1506,.F.);
#4287=EDGE_CURVE('',#3390,#3278,#1507,.T.);
#4288=EDGE_CURVE('',#3391,#3390,#1508,.T.);
#4289=EDGE_CURVE('',#3392,#3391,#1509,.F.);
#4290=EDGE_CURVE('',#3392,#3278,#1510,.F.);
#4291=EDGE_CURVE('',#3393,#3230,#1511,.T.);
#4292=EDGE_CURVE('',#3394,#3393,#1512,.F.);
#4293=EDGE_CURVE('',#3394,#3231,#1513,.F.);
#4294=EDGE_CURVE('',#3395,#3254,#1514,.T.);
#4295=EDGE_CURVE('',#3313,#3396,#1515,.T.);
#4296=EDGE_CURVE('',#3396,#3397,#1516,.T.);
#4297=EDGE_CURVE('',#3320,#3397,#1517,.F.);
#4298=EDGE_CURVE('',#3321,#3398,#1518,.T.);
#4299=EDGE_CURVE('',#3398,#3399,#1519,.T.);
#4300=EDGE_CURVE('',#3326,#3399,#1520,.F.);
#4301=EDGE_CURVE('',#3327,#3400,#1521,.T.);
#4302=EDGE_CURVE('',#3400,#3401,#1522,.T.);
#4303=EDGE_CURVE('',#3332,#3401,#1523,.F.);
#4304=EDGE_CURVE('',#3333,#3402,#1524,.T.);
#4305=EDGE_CURVE('',#3402,#3403,#1525,.T.);
#4306=EDGE_CURVE('',#3338,#3403,#1526,.F.);
#4307=EDGE_CURVE('',#3339,#3404,#1527,.T.);
#4308=EDGE_CURVE('',#3404,#3405,#1528,.T.);
#4309=EDGE_CURVE('',#3344,#3405,#1529,.F.);
#4310=EDGE_CURVE('',#3345,#3406,#1530,.T.);
#4311=EDGE_CURVE('',#3406,#3407,#1531,.T.);
#4312=EDGE_CURVE('',#3350,#3407,#1532,.F.);
#4313=EDGE_CURVE('',#3351,#3408,#1533,.T.);
#4314=EDGE_CURVE('',#3408,#3409,#1534,.T.);
#4315=EDGE_CURVE('',#3356,#3409,#1535,.F.);
#4316=EDGE_CURVE('',#3357,#3410,#1536,.T.);
#4317=EDGE_CURVE('',#3410,#3411,#1537,.T.);
#4318=EDGE_CURVE('',#3362,#3411,#1538,.F.);
#4319=EDGE_CURVE('',#3363,#3412,#1539,.T.);
#4320=EDGE_CURVE('',#3412,#3413,#1540,.T.);
#4321=EDGE_CURVE('',#3368,#3413,#1541,.F.);
#4322=EDGE_CURVE('',#3369,#3414,#1542,.T.);
#4323=EDGE_CURVE('',#3414,#3415,#1543,.T.);
#4324=EDGE_CURVE('',#3374,#3415,#1544,.F.);
#4325=EDGE_CURVE('',#3375,#3416,#1545,.T.);
#4326=EDGE_CURVE('',#3416,#3417,#1546,.T.);
#4327=EDGE_CURVE('',#3380,#3417,#1547,.F.);
#4328=EDGE_CURVE('',#3381,#3418,#1548,.T.);
#4329=EDGE_CURVE('',#3418,#3419,#1549,.T.);
#4330=EDGE_CURVE('',#3386,#3419,#1550,.F.);
#4331=EDGE_CURVE('',#3387,#3420,#1551,.T.);
#4332=EDGE_CURVE('',#3420,#3395,#1552,.T.);
#4333=EDGE_CURVE('',#3421,#3422,#1553,.T.);
#4334=EDGE_CURVE('',#3422,#3309,#1554,.T.);
#4335=EDGE_CURVE('',#3421,#3308,#1555,.F.);
#4336=EDGE_CURVE('',#3423,#3424,#1556,.T.);
#4337=EDGE_CURVE('',#3424,#3311,#1557,.T.);
#4338=EDGE_CURVE('',#3423,#3310,#1558,.F.);
#4339=EDGE_CURVE('',#3425,#3426,#1559,.T.);
#4340=EDGE_CURVE('',#3426,#3301,#1560,.T.);
#4341=EDGE_CURVE('',#3425,#3300,#1561,.F.);
#4342=EDGE_CURVE('',#3427,#3428,#1562,.T.);
#4343=EDGE_CURVE('',#3428,#3299,#1563,.T.);
#4344=EDGE_CURVE('',#3427,#3298,#1564,.F.);
#4345=EDGE_CURVE('',#3429,#3430,#1565,.T.);
#4346=EDGE_CURVE('',#3430,#3303,#1566,.T.);
#4347=EDGE_CURVE('',#3429,#3302,#1567,.F.);
#4348=EDGE_CURVE('',#3431,#3432,#1568,.T.);
#4349=EDGE_CURVE('',#3432,#3297,#1569,.T.);
#4350=EDGE_CURVE('',#3431,#3296,#1570,.F.);
#4351=EDGE_CURVE('',#3433,#3434,#1571,.T.);
#4352=EDGE_CURVE('',#3434,#3305,#1572,.T.);
#4353=EDGE_CURVE('',#3433,#3304,#1573,.F.);
#4354=EDGE_CURVE('',#3435,#3436,#1574,.T.);
#4355=EDGE_CURVE('',#3436,#3295,#1575,.T.);
#4356=EDGE_CURVE('',#3435,#3294,#1576,.F.);
#4357=EDGE_CURVE('',#3437,#3438,#1577,.T.);
#4358=EDGE_CURVE('',#3438,#3307,#1578,.T.);
#4359=EDGE_CURVE('',#3437,#3306,#1579,.F.);
#4360=EDGE_CURVE('',#3439,#3440,#1580,.T.);
#4361=EDGE_CURVE('',#3440,#3293,#1581,.T.);
#4362=EDGE_CURVE('',#3439,#3292,#1582,.F.);
#4363=EDGE_CURVE('',#3441,#3442,#1583,.T.);
#4364=EDGE_CURVE('',#3442,#3286,#1584,.T.);
#4365=EDGE_CURVE('',#3441,#3312,#1585,.F.);
#4366=EDGE_CURVE('',#3443,#3444,#1586,.T.);
#4367=EDGE_CURVE('',#3444,#3291,#1587,.T.);
#4368=EDGE_CURVE('',#3443,#3290,#1588,.F.);
#4369=EDGE_CURVE('',#3222,#3445,#1589,.T.);
#4370=EDGE_CURVE('',#3445,#3289,#1590,.T.);
#4371=EDGE_CURVE('',#3278,#3446,#1591,.T.);
#4372=EDGE_CURVE('',#3447,#3446,#1592,.T.);
#4373=EDGE_CURVE('',#3448,#3447,#1593,.F.);
#4374=EDGE_CURVE('',#3448,#3449,#1594,.F.);
#4375=EDGE_CURVE('',#3449,#3450,#1595,.T.);
#4376=EDGE_CURVE('',#3451,#3450,#1596,.T.);
#4377=EDGE_CURVE('',#3452,#3451,#1597,.F.);
#4378=EDGE_CURVE('',#3452,#3453,#1598,.F.);
#4379=EDGE_CURVE('',#3453,#3454,#1599,.T.);
#4380=EDGE_CURVE('',#3455,#3454,#1600,.T.);
#4381=EDGE_CURVE('',#3456,#3455,#1601,.F.);
#4382=EDGE_CURVE('',#3456,#3457,#1602,.F.);
#4383=EDGE_CURVE('',#3457,#3230,#1603,.T.);
#4384=EDGE_CURVE('',#3323,#3458,#1604,.T.);
#4385=EDGE_CURVE('',#3458,#3398,#1605,.T.);
#4386=EDGE_CURVE('',#3399,#3459,#1606,.T.);
#4387=EDGE_CURVE('',#3459,#3328,#1607,.T.);
#4388=EDGE_CURVE('',#3347,#3460,#1608,.T.);
#4389=EDGE_CURVE('',#3460,#3406,#1609,.T.);
#4390=EDGE_CURVE('',#3407,#3461,#1610,.T.);
#4391=EDGE_CURVE('',#3461,#3352,#1611,.T.);
#4392=EDGE_CURVE('',#3371,#3462,#1612,.T.);
#4393=EDGE_CURVE('',#3462,#3414,#1613,.T.);
#4394=EDGE_CURVE('',#3415,#3463,#1614,.T.);
#4395=EDGE_CURVE('',#3463,#3376,#1615,.T.);
#4396=EDGE_CURVE('',#3389,#3464,#1616,.T.);
#4397=EDGE_CURVE('',#3464,#3420,#1617,.T.);
#4398=EDGE_CURVE('',#3365,#3465,#1618,.T.);
#4399=EDGE_CURVE('',#3465,#3412,#1619,.T.);
#4400=EDGE_CURVE('',#3413,#3466,#1620,.T.);
#4401=EDGE_CURVE('',#3466,#3370,#1621,.T.);
#4402=EDGE_CURVE('',#3341,#3467,#1622,.T.);
#4403=EDGE_CURVE('',#3467,#3404,#1623,.T.);
#4404=EDGE_CURVE('',#3405,#3468,#1624,.T.);
#4405=EDGE_CURVE('',#3468,#3346,#1625,.T.);
#4406=EDGE_CURVE('',#3315,#3469,#1626,.T.);
#4407=EDGE_CURVE('',#3469,#3396,#1627,.T.);
#4408=EDGE_CURVE('',#3397,#3470,#1628,.T.);
#4409=EDGE_CURVE('',#3470,#3322,#1629,.T.);
#4410=EDGE_CURVE('',#3329,#3471,#1630,.T.);
#4411=EDGE_CURVE('',#3471,#3400,#1631,.T.);
#4412=EDGE_CURVE('',#3401,#3472,#1632,.T.);
#4413=EDGE_CURVE('',#3472,#3334,#1633,.T.);
#4414=EDGE_CURVE('',#3353,#3473,#1634,.T.);
#4415=EDGE_CURVE('',#3473,#3408,#1635,.T.);
#4416=EDGE_CURVE('',#3409,#3474,#1636,.T.);
#4417=EDGE_CURVE('',#3474,#3358,#1637,.T.);
#4418=EDGE_CURVE('',#3377,#3475,#1638,.T.);
#4419=EDGE_CURVE('',#3475,#3416,#1639,.T.);
#4420=EDGE_CURVE('',#3417,#3476,#1640,.T.);
#4421=EDGE_CURVE('',#3476,#3382,#1641,.T.);
#4422=EDGE_CURVE('',#3383,#3477,#1642,.T.);
#4423=EDGE_CURVE('',#3477,#3418,#1643,.T.);
#4424=EDGE_CURVE('',#3419,#3478,#1644,.T.);
#4425=EDGE_CURVE('',#3478,#3388,#1645,.T.);
#4426=EDGE_CURVE('',#3359,#3479,#1646,.T.);
#4427=EDGE_CURVE('',#3479,#3410,#1647,.T.);
#4428=EDGE_CURVE('',#3411,#3480,#1648,.T.);
#4429=EDGE_CURVE('',#3480,#3364,#1649,.T.);
#4430=EDGE_CURVE('',#3335,#3481,#1650,.T.);
#4431=EDGE_CURVE('',#3481,#3402,#1651,.T.);
#4432=EDGE_CURVE('',#3403,#3482,#1652,.T.);
#4433=EDGE_CURVE('',#3482,#3340,#1653,.T.);
#4434=EDGE_CURVE('',#3483,#3314,#1654,.F.);
#4435=EDGE_CURVE('',#3469,#3483,#1655,.T.);
#4436=EDGE_CURVE('',#3467,#3482,#1656,.T.);
#4437=EDGE_CURVE('',#3465,#3480,#1657,.T.);
#4438=EDGE_CURVE('',#3464,#3478,#1658,.T.);
#4439=EDGE_CURVE('',#3477,#3476,#1659,.T.);
#4440=EDGE_CURVE('',#3479,#3474,#1660,.T.);
#4441=EDGE_CURVE('',#3481,#3472,#1661,.T.);
#4442=EDGE_CURVE('',#3458,#3470,#1662,.T.);
#4443=EDGE_CURVE('',#3460,#3468,#1663,.T.);
#4444=EDGE_CURVE('',#3462,#3466,#1664,.T.);
#4445=EDGE_CURVE('',#3475,#3463,#1665,.T.);
#4446=EDGE_CURVE('',#3473,#3461,#1666,.T.);
#4447=EDGE_CURVE('',#3471,#3459,#1667,.T.);
#4448=EDGE_CURVE('',#3484,#3483,#1668,.F.);
#4449=EDGE_CURVE('',#3485,#3484,#1669,.F.);
#4450=EDGE_CURVE('',#3486,#3485,#1670,.T.);
#4451=EDGE_CURVE('',#3442,#3486,#1671,.F.);
#4452=EDGE_CURVE('',#3487,#3441,#1672,.F.);
#4453=EDGE_CURVE('',#3488,#3487,#1673,.T.);
#4454=EDGE_CURVE('',#3424,#3488,#1674,.F.);
#4455=EDGE_CURVE('',#3489,#3423,#1675,.F.);
#4456=EDGE_CURVE('',#3490,#3489,#1676,.T.);
#4457=EDGE_CURVE('',#3422,#3490,#1677,.F.);
#4458=EDGE_CURVE('',#3491,#3421,#1678,.F.);
#4459=EDGE_CURVE('',#3492,#3491,#1679,.T.);
#4460=EDGE_CURVE('',#3438,#3492,#1680,.F.);
#4461=EDGE_CURVE('',#3493,#3437,#1681,.F.);
#4462=EDGE_CURVE('',#3494,#3493,#1682,.T.);
#4463=EDGE_CURVE('',#3434,#3494,#1683,.F.);
#4464=EDGE_CURVE('',#3495,#3433,#1684,.F.);
#4465=EDGE_CURVE('',#3496,#3495,#1685,.T.);
#4466=EDGE_CURVE('',#3430,#3496,#1686,.F.);
#4467=EDGE_CURVE('',#3497,#3429,#1687,.F.);
#4468=EDGE_CURVE('',#3498,#3497,#1688,.T.);
#4469=EDGE_CURVE('',#3426,#3498,#1689,.F.);
#4470=EDGE_CURVE('',#3499,#3425,#1690,.F.);
#4471=EDGE_CURVE('',#3500,#3499,#1691,.T.);
#4472=EDGE_CURVE('',#3428,#3500,#1692,.F.);
#4473=EDGE_CURVE('',#3501,#3427,#1693,.F.);
#4474=EDGE_CURVE('',#3502,#3501,#1694,.T.);
#4475=EDGE_CURVE('',#3432,#3502,#1695,.F.);
#4476=EDGE_CURVE('',#3503,#3431,#1696,.F.);
#4477=EDGE_CURVE('',#3504,#3503,#1697,.T.);
#4478=EDGE_CURVE('',#3436,#3504,#1698,.F.);
#4479=EDGE_CURVE('',#3505,#3435,#1699,.F.);
#4480=EDGE_CURVE('',#3506,#3505,#1700,.T.);
#4481=EDGE_CURVE('',#3440,#3506,#1701,.F.);
#4482=EDGE_CURVE('',#3507,#3439,#1702,.F.);
#4483=EDGE_CURVE('',#3508,#3507,#1703,.T.);
#4484=EDGE_CURVE('',#3444,#3508,#1704,.F.);
#4485=EDGE_CURVE('',#3509,#3443,#1705,.F.);
#4486=EDGE_CURVE('',#3510,#3509,#1706,.T.);
#4487=EDGE_CURVE('',#3445,#3510,#1707,.F.);
#4488=EDGE_CURVE('',#3511,#3221,#1708,.T.);
#4489=EDGE_CURVE('',#3511,#3512,#1709,.T.);
#4490=EDGE_CURVE('',#3512,#3513,#1710,.F.);
#4491=EDGE_CURVE('',#3513,#3514,#1711,.T.);
#4492=EDGE_CURVE('',#3515,#3514,#1712,.T.);
#4493=EDGE_CURVE('',#3516,#3515,#1713,.F.);
#4494=EDGE_CURVE('',#3516,#3517,#1714,.F.);
#4495=EDGE_CURVE('',#3517,#3518,#1715,.T.);
#4496=EDGE_CURVE('',#3519,#3518,#1716,.T.);
#4497=EDGE_CURVE('',#3520,#3519,#1717,.F.);
#4498=EDGE_CURVE('',#3520,#3521,#1718,.F.);
#4499=EDGE_CURVE('',#3521,#3522,#1719,.T.);
#4500=EDGE_CURVE('',#3523,#3522,#1720,.T.);
#4501=EDGE_CURVE('',#3524,#3523,#1721,.F.);
#4502=EDGE_CURVE('',#3524,#3233,#1722,.F.);
#4503=EDGE_CURVE('',#3525,#3232,#1723,.T.);
#4504=EDGE_CURVE('',#3526,#3525,#1724,.F.);
#4505=EDGE_CURVE('',#3526,#3527,#1725,.F.);
#4506=EDGE_CURVE('',#3527,#3528,#1726,.T.);
#4507=EDGE_CURVE('',#3529,#3528,#1727,.T.);
#4508=EDGE_CURVE('',#3530,#3529,#1728,.F.);
#4509=EDGE_CURVE('',#3530,#3531,#1729,.F.);
#4510=EDGE_CURVE('',#3531,#3532,#1730,.T.);
#4511=EDGE_CURVE('',#3533,#3532,#1731,.T.);
#4512=EDGE_CURVE('',#3534,#3533,#1732,.F.);
#4513=EDGE_CURVE('',#3534,#3535,#1733,.F.);
#4514=EDGE_CURVE('',#3535,#3536,#1734,.T.);
#4515=EDGE_CURVE('',#3537,#3536,#1735,.T.);
#4516=EDGE_CURVE('',#3538,#3537,#1736,.F.);
#4517=EDGE_CURVE('',#3538,#3539,#1737,.F.);
#4518=EDGE_CURVE('',#3539,#3540,#1738,.T.);
#4519=EDGE_CURVE('',#3541,#3540,#1739,.T.);
#4520=EDGE_CURVE('',#3542,#3541,#1740,.F.);
#4521=EDGE_CURVE('',#3542,#3543,#1741,.F.);
#4522=EDGE_CURVE('',#3543,#3544,#1742,.T.);
#4523=EDGE_CURVE('',#3545,#3544,#1743,.T.);
#4524=EDGE_CURVE('',#3546,#3545,#1744,.F.);
#4525=EDGE_CURVE('',#3546,#3547,#1745,.F.);
#4526=EDGE_CURVE('',#3547,#3548,#1746,.T.);
#4527=EDGE_CURVE('',#3549,#3548,#1747,.T.);
#4528=EDGE_CURVE('',#3550,#3549,#1748,.F.);
#4529=EDGE_CURVE('',#3550,#3551,#1749,.F.);
#4530=EDGE_CURVE('',#3551,#3552,#1750,.T.);
#4531=EDGE_CURVE('',#3553,#3552,#1751,.T.);
#4532=EDGE_CURVE('',#3554,#3553,#1752,.F.);
#4533=EDGE_CURVE('',#3554,#3555,#1753,.F.);
#4534=EDGE_CURVE('',#3555,#3556,#1754,.T.);
#4535=EDGE_CURVE('',#3557,#3556,#1755,.T.);
#4536=EDGE_CURVE('',#3558,#3557,#1756,.F.);
#4537=EDGE_CURVE('',#3558,#3559,#1757,.F.);
#4538=EDGE_CURVE('',#3559,#3560,#1758,.T.);
#4539=EDGE_CURVE('',#3560,#3395,#1759,.F.);
#4540=EDGE_CURVE('',#3488,#3318,#1760,.T.);
#4541=EDGE_CURVE('',#3325,#3489,#1761,.T.);
#4542=EDGE_CURVE('',#3496,#3342,#1762,.T.);
#4543=EDGE_CURVE('',#3349,#3497,#1763,.T.);
#4544=EDGE_CURVE('',#3373,#3505,#1764,.T.);
#4545=EDGE_CURVE('',#3504,#3366,#1765,.T.);
#4546=EDGE_CURVE('',#3510,#3384,#1766,.T.);
#4547=EDGE_CURVE('',#3367,#3503,#1767,.T.);
#4548=EDGE_CURVE('',#3502,#3360,#1768,.T.);
#4549=EDGE_CURVE('',#3494,#3336,#1769,.T.);
#4550=EDGE_CURVE('',#3343,#3495,#1770,.T.);
#4551=EDGE_CURVE('',#3486,#3317,#1771,.T.);
#4552=EDGE_CURVE('',#3319,#3487,#1772,.T.);
#4553=EDGE_CURVE('',#3490,#3324,#1773,.T.);
#4554=EDGE_CURVE('',#3331,#3491,#1774,.T.);
#4555=EDGE_CURVE('',#3355,#3499,#1775,.T.);
#4556=EDGE_CURVE('',#3498,#3348,#1776,.T.);
#4557=EDGE_CURVE('',#3379,#3507,#1777,.T.);
#4558=EDGE_CURVE('',#3506,#3372,#1778,.T.);
#4559=EDGE_CURVE('',#3385,#3509,#1779,.T.);
#4560=EDGE_CURVE('',#3508,#3378,#1780,.T.);
#4561=EDGE_CURVE('',#3361,#3501,#1781,.T.);
#4562=EDGE_CURVE('',#3500,#3354,#1782,.T.);
#4563=EDGE_CURVE('',#3492,#3330,#1783,.T.);
#4564=EDGE_CURVE('',#3337,#3493,#1784,.T.);
#4565=EDGE_CURVE('',#3484,#3287,#1785,.F.);
#4566=EDGE_CURVE('',#3316,#3485,#1786,.T.);
#4567=EDGE_CURVE('',#3259,#3559,#1787,.T.);
#4568=EDGE_CURVE('',#3560,#3255,#1788,.F.);
#4569=EDGE_CURVE('',#3237,#3521,#1789,.T.);
#4570=EDGE_CURVE('',#3522,#3236,#1790,.T.);
#4571=EDGE_CURVE('',#3245,#3513,#1791,.T.);
#4572=EDGE_CURVE('',#3514,#3244,#1792,.T.);
#4573=EDGE_CURVE('',#3263,#3555,#1793,.T.);
#4574=EDGE_CURVE('',#3556,#3262,#1794,.T.);
#4575=EDGE_CURVE('',#3390,#3543,#1795,.T.);
#4576=EDGE_CURVE('',#3544,#3274,#1796,.T.);
#4577=EDGE_CURVE('',#3450,#3535,#1797,.T.);
#4578=EDGE_CURVE('',#3536,#3449,#1798,.T.);
#4579=EDGE_CURVE('',#3230,#3527,#1799,.T.);
#4580=EDGE_CURVE('',#3528,#3457,#1800,.T.);
#4581=EDGE_CURVE('',#3518,#3240,#1801,.T.);
#4582=EDGE_CURVE('',#3241,#3517,#1802,.T.);
#4583=EDGE_CURVE('',#3540,#3278,#1803,.T.);
#4584=EDGE_CURVE('',#3446,#3539,#1804,.T.);
#4585=EDGE_CURVE('',#3267,#3551,#1805,.T.);
#4586=EDGE_CURVE('',#3552,#3266,#1806,.T.);
#4587=EDGE_CURVE('',#3548,#3270,#1807,.T.);
#4588=EDGE_CURVE('',#3271,#3547,#1808,.T.);
#4589=EDGE_CURVE('',#3532,#3453,#1809,.T.);
#4590=EDGE_CURVE('',#3454,#3531,#1810,.T.);
#4591=EDGE_CURVE('',#3234,#3524,#1811,.F.);
#4592=EDGE_CURVE('',#3523,#3235,#1812,.F.);
#4593=EDGE_CURVE('',#3242,#3516,#1813,.F.);
#4594=EDGE_CURVE('',#3515,#3243,#1814,.F.);
#4595=EDGE_CURVE('',#3260,#3558,#1815,.F.);
#4596=EDGE_CURVE('',#3557,#3261,#1816,.F.);
#4597=EDGE_CURVE('',#3272,#3546,#1817,.F.);
#4598=EDGE_CURVE('',#3545,#3273,#1818,.F.);
#4599=EDGE_CURVE('',#3447,#3538,#1819,.F.);
#4600=EDGE_CURVE('',#3537,#3448,#1820,.F.);
#4601=EDGE_CURVE('',#3455,#3530,#1821,.F.);
#4602=EDGE_CURVE('',#3529,#3456,#1822,.F.);
#4603=EDGE_CURVE('',#3393,#3526,#1823,.F.);
#4604=EDGE_CURVE('',#3525,#3394,#1824,.F.);
#4605=EDGE_CURVE('',#3238,#3520,#1825,.F.);
#4606=EDGE_CURVE('',#3519,#3239,#1826,.F.);
#4607=EDGE_CURVE('',#3391,#3542,#1827,.F.);
#4608=EDGE_CURVE('',#3541,#3392,#1828,.F.);
#4609=EDGE_CURVE('',#3264,#3554,#1829,.F.);
#4610=EDGE_CURVE('',#3553,#3265,#1830,.F.);
#4611=EDGE_CURVE('',#3268,#3550,#1831,.F.);
#4612=EDGE_CURVE('',#3549,#3269,#1832,.F.);
#4613=EDGE_CURVE('',#3451,#3534,#1833,.F.);
#4614=EDGE_CURVE('',#3533,#3452,#1834,.F.);
#4615=EDGE_CURVE('',#3247,#3511,#1835,.T.);
#4616=EDGE_CURVE('',#3512,#3246,#1836,.T.);
#4617=ORIENTED_EDGE('',*,*,#3561,.F.);
#4618=ORIENTED_EDGE('',*,*,#3562,.T.);
#4619=ORIENTED_EDGE('',*,*,#3563,.F.);
#4620=ORIENTED_EDGE('',*,*,#3564,.F.);
#4621=ORIENTED_EDGE('',*,*,#3565,.F.);
#4622=ORIENTED_EDGE('',*,*,#3566,.T.);
#4623=ORIENTED_EDGE('',*,*,#3567,.F.);
#4624=ORIENTED_EDGE('',*,*,#3568,.F.);
#4625=ORIENTED_EDGE('',*,*,#3561,.T.);
#4626=ORIENTED_EDGE('',*,*,#3569,.T.);
#4627=ORIENTED_EDGE('',*,*,#3570,.T.);
#4628=ORIENTED_EDGE('',*,*,#3571,.F.);
#4629=ORIENTED_EDGE('',*,*,#3572,.T.);
#4630=ORIENTED_EDGE('',*,*,#3573,.T.);
#4631=ORIENTED_EDGE('',*,*,#3574,.F.);
#4632=ORIENTED_EDGE('',*,*,#3575,.F.);
#4633=ORIENTED_EDGE('',*,*,#3576,.T.);
#4634=ORIENTED_EDGE('',*,*,#3577,.T.);
#4635=ORIENTED_EDGE('',*,*,#3578,.F.);
#4636=ORIENTED_EDGE('',*,*,#3579,.F.);
#4637=ORIENTED_EDGE('',*,*,#3580,.T.);
#4638=ORIENTED_EDGE('',*,*,#3581,.T.);
#4639=ORIENTED_EDGE('',*,*,#3582,.F.);
#4640=ORIENTED_EDGE('',*,*,#3583,.F.);
#4641=ORIENTED_EDGE('',*,*,#3584,.T.);
#4642=ORIENTED_EDGE('',*,*,#3585,.T.);
#4643=ORIENTED_EDGE('',*,*,#3569,.F.);
#4644=ORIENTED_EDGE('',*,*,#3564,.T.);
#4645=ORIENTED_EDGE('',*,*,#3586,.F.);
#4646=ORIENTED_EDGE('',*,*,#3587,.F.);
#4647=ORIENTED_EDGE('',*,*,#3570,.F.);
#4648=ORIENTED_EDGE('',*,*,#3587,.T.);
#4649=ORIENTED_EDGE('',*,*,#3588,.F.);
#4650=ORIENTED_EDGE('',*,*,#3589,.F.);
#4651=ORIENTED_EDGE('',*,*,#3590,.F.);
#4652=ORIENTED_EDGE('',*,*,#3591,.T.);
#4653=ORIENTED_EDGE('',*,*,#3592,.F.);
#4654=ORIENTED_EDGE('',*,*,#3593,.F.);
#4655=ORIENTED_EDGE('',*,*,#3594,.F.);
#4656=ORIENTED_EDGE('',*,*,#3593,.T.);
#4657=ORIENTED_EDGE('',*,*,#3595,.F.);
#4658=ORIENTED_EDGE('',*,*,#3596,.F.);
#4659=ORIENTED_EDGE('',*,*,#3597,.F.);
#4660=ORIENTED_EDGE('',*,*,#3596,.T.);
#4661=ORIENTED_EDGE('',*,*,#3598,.F.);
#4662=ORIENTED_EDGE('',*,*,#3599,.F.);
#4663=ORIENTED_EDGE('',*,*,#3600,.F.);
#4664=ORIENTED_EDGE('',*,*,#3601,.T.);
#4665=ORIENTED_EDGE('',*,*,#3602,.F.);
#4666=ORIENTED_EDGE('',*,*,#3603,.F.);
#4667=ORIENTED_EDGE('',*,*,#3604,.F.);
#4668=ORIENTED_EDGE('',*,*,#3603,.T.);
#4669=ORIENTED_EDGE('',*,*,#3605,.F.);
#4670=ORIENTED_EDGE('',*,*,#3606,.F.);
#4671=ORIENTED_EDGE('',*,*,#3607,.F.);
#4672=ORIENTED_EDGE('',*,*,#3606,.T.);
#4673=ORIENTED_EDGE('',*,*,#3608,.F.);
#4674=ORIENTED_EDGE('',*,*,#3609,.F.);
#4675=ORIENTED_EDGE('',*,*,#3610,.F.);
#4676=ORIENTED_EDGE('',*,*,#3611,.F.);
#4677=ORIENTED_EDGE('',*,*,#3612,.F.);
#4678=ORIENTED_EDGE('',*,*,#3613,.F.);
#4679=ORIENTED_EDGE('',*,*,#3614,.F.);
#4680=ORIENTED_EDGE('',*,*,#3615,.F.);
#4681=ORIENTED_EDGE('',*,*,#3616,.F.);
#4682=ORIENTED_EDGE('',*,*,#3617,.F.);
#4683=ORIENTED_EDGE('',*,*,#3618,.F.);
#4684=ORIENTED_EDGE('',*,*,#3619,.F.);
#4685=ORIENTED_EDGE('',*,*,#3620,.F.);
#4686=ORIENTED_EDGE('',*,*,#3621,.F.);
#4687=ORIENTED_EDGE('',*,*,#3622,.F.);
#4688=ORIENTED_EDGE('',*,*,#3623,.F.);
#4689=ORIENTED_EDGE('',*,*,#3624,.F.);
#4690=ORIENTED_EDGE('',*,*,#3625,.F.);
#4691=ORIENTED_EDGE('',*,*,#3626,.F.);
#4692=ORIENTED_EDGE('',*,*,#3627,.F.);
#4693=ORIENTED_EDGE('',*,*,#3628,.F.);
#4694=ORIENTED_EDGE('',*,*,#3629,.F.);
#4695=ORIENTED_EDGE('',*,*,#3630,.F.);
#4696=ORIENTED_EDGE('',*,*,#3631,.F.);
#4697=ORIENTED_EDGE('',*,*,#3632,.F.);
#4698=ORIENTED_EDGE('',*,*,#3633,.F.);
#4699=ORIENTED_EDGE('',*,*,#3634,.F.);
#4700=ORIENTED_EDGE('',*,*,#3635,.F.);
#4701=ORIENTED_EDGE('',*,*,#3636,.T.);
#4702=ORIENTED_EDGE('',*,*,#3637,.F.);
#4703=ORIENTED_EDGE('',*,*,#3638,.F.);
#4704=ORIENTED_EDGE('',*,*,#3637,.T.);
#4705=ORIENTED_EDGE('',*,*,#3639,.T.);
#4706=ORIENTED_EDGE('',*,*,#3608,.T.);
#4707=ORIENTED_EDGE('',*,*,#3605,.T.);
#4708=ORIENTED_EDGE('',*,*,#3602,.T.);
#4709=ORIENTED_EDGE('',*,*,#3640,.T.);
#4710=ORIENTED_EDGE('',*,*,#3598,.T.);
#4711=ORIENTED_EDGE('',*,*,#3595,.T.);
#4712=ORIENTED_EDGE('',*,*,#3592,.T.);
#4713=ORIENTED_EDGE('',*,*,#3641,.T.);
#4714=ORIENTED_EDGE('',*,*,#3588,.T.);
#4715=ORIENTED_EDGE('',*,*,#3586,.T.);
#4716=ORIENTED_EDGE('',*,*,#3563,.T.);
#4717=ORIENTED_EDGE('',*,*,#3642,.T.);
#4718=ORIENTED_EDGE('',*,*,#3567,.T.);
#4719=ORIENTED_EDGE('',*,*,#3643,.T.);
#4720=ORIENTED_EDGE('',*,*,#3644,.T.);
#4721=ORIENTED_EDGE('',*,*,#3645,.T.);
#4722=ORIENTED_EDGE('',*,*,#3646,.F.);
#4723=ORIENTED_EDGE('',*,*,#3647,.T.);
#4724=ORIENTED_EDGE('',*,*,#3610,.T.);
#4725=ORIENTED_EDGE('',*,*,#3648,.T.);
#4726=ORIENTED_EDGE('',*,*,#3649,.F.);
#4727=ORIENTED_EDGE('',*,*,#3650,.T.);
#4728=ORIENTED_EDGE('',*,*,#3612,.T.);
#4729=ORIENTED_EDGE('',*,*,#3651,.T.);
#4730=ORIENTED_EDGE('',*,*,#3652,.F.);
#4731=ORIENTED_EDGE('',*,*,#3653,.T.);
#4732=ORIENTED_EDGE('',*,*,#3654,.T.);
#4733=ORIENTED_EDGE('',*,*,#3655,.T.);
#4734=ORIENTED_EDGE('',*,*,#3656,.F.);
#4735=ORIENTED_EDGE('',*,*,#3657,.T.);
#4736=ORIENTED_EDGE('',*,*,#3614,.T.);
#4737=ORIENTED_EDGE('',*,*,#3658,.T.);
#4738=ORIENTED_EDGE('',*,*,#3659,.F.);
#4739=ORIENTED_EDGE('',*,*,#3660,.T.);
#4740=ORIENTED_EDGE('',*,*,#3661,.T.);
#4741=ORIENTED_EDGE('',*,*,#3662,.T.);
#4742=ORIENTED_EDGE('',*,*,#3663,.F.);
#4743=ORIENTED_EDGE('',*,*,#3664,.T.);
#4744=ORIENTED_EDGE('',*,*,#3616,.T.);
#4745=ORIENTED_EDGE('',*,*,#3665,.T.);
#4746=ORIENTED_EDGE('',*,*,#3666,.F.);
#4747=ORIENTED_EDGE('',*,*,#3667,.T.);
#4748=ORIENTED_EDGE('',*,*,#3668,.T.);
#4749=ORIENTED_EDGE('',*,*,#3669,.T.);
#4750=ORIENTED_EDGE('',*,*,#3670,.F.);
#4751=ORIENTED_EDGE('',*,*,#3671,.T.);
#4752=ORIENTED_EDGE('',*,*,#3618,.T.);
#4753=ORIENTED_EDGE('',*,*,#3672,.T.);
#4754=ORIENTED_EDGE('',*,*,#3673,.F.);
#4755=ORIENTED_EDGE('',*,*,#3674,.T.);
#4756=ORIENTED_EDGE('',*,*,#3675,.T.);
#4757=ORIENTED_EDGE('',*,*,#3676,.T.);
#4758=ORIENTED_EDGE('',*,*,#3677,.F.);
#4759=ORIENTED_EDGE('',*,*,#3678,.T.);
#4760=ORIENTED_EDGE('',*,*,#3620,.T.);
#4761=ORIENTED_EDGE('',*,*,#3679,.T.);
#4762=ORIENTED_EDGE('',*,*,#3680,.F.);
#4763=ORIENTED_EDGE('',*,*,#3681,.T.);
#4764=ORIENTED_EDGE('',*,*,#3682,.T.);
#4765=ORIENTED_EDGE('',*,*,#3683,.T.);
#4766=ORIENTED_EDGE('',*,*,#3684,.F.);
#4767=ORIENTED_EDGE('',*,*,#3685,.T.);
#4768=ORIENTED_EDGE('',*,*,#3622,.T.);
#4769=ORIENTED_EDGE('',*,*,#3686,.T.);
#4770=ORIENTED_EDGE('',*,*,#3687,.F.);
#4771=ORIENTED_EDGE('',*,*,#3688,.T.);
#4772=ORIENTED_EDGE('',*,*,#3689,.T.);
#4773=ORIENTED_EDGE('',*,*,#3690,.T.);
#4774=ORIENTED_EDGE('',*,*,#3691,.F.);
#4775=ORIENTED_EDGE('',*,*,#3692,.T.);
#4776=ORIENTED_EDGE('',*,*,#3624,.T.);
#4777=ORIENTED_EDGE('',*,*,#3693,.T.);
#4778=ORIENTED_EDGE('',*,*,#3694,.F.);
#4779=ORIENTED_EDGE('',*,*,#3695,.T.);
#4780=ORIENTED_EDGE('',*,*,#3696,.T.);
#4781=ORIENTED_EDGE('',*,*,#3697,.T.);
#4782=ORIENTED_EDGE('',*,*,#3698,.F.);
#4783=ORIENTED_EDGE('',*,*,#3699,.T.);
#4784=ORIENTED_EDGE('',*,*,#3626,.T.);
#4785=ORIENTED_EDGE('',*,*,#3700,.T.);
#4786=ORIENTED_EDGE('',*,*,#3701,.F.);
#4787=ORIENTED_EDGE('',*,*,#3702,.T.);
#4788=ORIENTED_EDGE('',*,*,#3703,.T.);
#4789=ORIENTED_EDGE('',*,*,#3704,.T.);
#4790=ORIENTED_EDGE('',*,*,#3705,.F.);
#4791=ORIENTED_EDGE('',*,*,#3706,.T.);
#4792=ORIENTED_EDGE('',*,*,#3628,.T.);
#4793=ORIENTED_EDGE('',*,*,#3707,.T.);
#4794=ORIENTED_EDGE('',*,*,#3708,.F.);
#4795=ORIENTED_EDGE('',*,*,#3709,.T.);
#4796=ORIENTED_EDGE('',*,*,#3710,.T.);
#4797=ORIENTED_EDGE('',*,*,#3711,.T.);
#4798=ORIENTED_EDGE('',*,*,#3712,.F.);
#4799=ORIENTED_EDGE('',*,*,#3713,.T.);
#4800=ORIENTED_EDGE('',*,*,#3630,.T.);
#4801=ORIENTED_EDGE('',*,*,#3714,.T.);
#4802=ORIENTED_EDGE('',*,*,#3715,.F.);
#4803=ORIENTED_EDGE('',*,*,#3716,.T.);
#4804=ORIENTED_EDGE('',*,*,#3717,.T.);
#4805=ORIENTED_EDGE('',*,*,#3718,.T.);
#4806=ORIENTED_EDGE('',*,*,#3719,.F.);
#4807=ORIENTED_EDGE('',*,*,#3720,.T.);
#4808=ORIENTED_EDGE('',*,*,#3632,.T.);
#4809=ORIENTED_EDGE('',*,*,#3721,.T.);
#4810=ORIENTED_EDGE('',*,*,#3722,.F.);
#4811=ORIENTED_EDGE('',*,*,#3723,.T.);
#4812=ORIENTED_EDGE('',*,*,#3724,.T.);
#4813=ORIENTED_EDGE('',*,*,#3725,.T.);
#4814=ORIENTED_EDGE('',*,*,#3726,.F.);
#4815=ORIENTED_EDGE('',*,*,#3727,.T.);
#4816=ORIENTED_EDGE('',*,*,#3634,.T.);
#4817=ORIENTED_EDGE('',*,*,#3728,.T.);
#4818=ORIENTED_EDGE('',*,*,#3729,.F.);
#4819=ORIENTED_EDGE('',*,*,#3730,.T.);
#4820=ORIENTED_EDGE('',*,*,#3731,.T.);
#4821=ORIENTED_EDGE('',*,*,#3732,.T.);
#4822=ORIENTED_EDGE('',*,*,#3733,.F.);
#4823=ORIENTED_EDGE('',*,*,#3734,.T.);
#4824=ORIENTED_EDGE('',*,*,#3600,.T.);
#4825=ORIENTED_EDGE('',*,*,#3604,.T.);
#4826=ORIENTED_EDGE('',*,*,#3607,.T.);
#4827=ORIENTED_EDGE('',*,*,#3735,.F.);
#4828=ORIENTED_EDGE('',*,*,#3736,.F.);
#4829=ORIENTED_EDGE('',*,*,#3737,.T.);
#4830=ORIENTED_EDGE('',*,*,#3738,.F.);
#4831=ORIENTED_EDGE('',*,*,#3739,.F.);
#4832=ORIENTED_EDGE('',*,*,#3740,.T.);
#4833=ORIENTED_EDGE('',*,*,#3741,.T.);
#4834=ORIENTED_EDGE('',*,*,#3742,.F.);
#4835=ORIENTED_EDGE('',*,*,#3743,.F.);
#4836=ORIENTED_EDGE('',*,*,#3744,.T.);
#4837=ORIENTED_EDGE('',*,*,#3745,.T.);
#4838=ORIENTED_EDGE('',*,*,#3746,.F.);
#4839=ORIENTED_EDGE('',*,*,#3747,.F.);
#4840=ORIENTED_EDGE('',*,*,#3748,.T.);
#4841=ORIENTED_EDGE('',*,*,#3749,.T.);
#4842=ORIENTED_EDGE('',*,*,#3750,.T.);
#4843=ORIENTED_EDGE('',*,*,#3751,.F.);
#4844=ORIENTED_EDGE('',*,*,#3752,.T.);
#4845=ORIENTED_EDGE('',*,*,#3753,.T.);
#4846=ORIENTED_EDGE('',*,*,#3754,.T.);
#4847=ORIENTED_EDGE('',*,*,#3755,.F.);
#4848=ORIENTED_EDGE('',*,*,#3756,.T.);
#4849=ORIENTED_EDGE('',*,*,#3757,.T.);
#4850=ORIENTED_EDGE('',*,*,#3758,.F.);
#4851=ORIENTED_EDGE('',*,*,#3759,.F.);
#4852=ORIENTED_EDGE('',*,*,#3760,.F.);
#4853=ORIENTED_EDGE('',*,*,#3731,.F.);
#4854=ORIENTED_EDGE('',*,*,#3761,.T.);
#4855=ORIENTED_EDGE('',*,*,#3762,.F.);
#4856=ORIENTED_EDGE('',*,*,#3763,.F.);
#4857=ORIENTED_EDGE('',*,*,#3724,.F.);
#4858=ORIENTED_EDGE('',*,*,#3764,.T.);
#4859=ORIENTED_EDGE('',*,*,#3765,.F.);
#4860=ORIENTED_EDGE('',*,*,#3766,.F.);
#4861=ORIENTED_EDGE('',*,*,#3717,.F.);
#4862=ORIENTED_EDGE('',*,*,#3767,.T.);
#4863=ORIENTED_EDGE('',*,*,#3768,.F.);
#4864=ORIENTED_EDGE('',*,*,#3769,.F.);
#4865=ORIENTED_EDGE('',*,*,#3710,.F.);
#4866=ORIENTED_EDGE('',*,*,#3770,.T.);
#4867=ORIENTED_EDGE('',*,*,#3771,.F.);
#4868=ORIENTED_EDGE('',*,*,#3772,.F.);
#4869=ORIENTED_EDGE('',*,*,#3703,.F.);
#4870=ORIENTED_EDGE('',*,*,#3773,.T.);
#4871=ORIENTED_EDGE('',*,*,#3774,.F.);
#4872=ORIENTED_EDGE('',*,*,#3775,.F.);
#4873=ORIENTED_EDGE('',*,*,#3696,.F.);
#4874=ORIENTED_EDGE('',*,*,#3776,.T.);
#4875=ORIENTED_EDGE('',*,*,#3777,.F.);
#4876=ORIENTED_EDGE('',*,*,#3778,.F.);
#4877=ORIENTED_EDGE('',*,*,#3689,.F.);
#4878=ORIENTED_EDGE('',*,*,#3779,.T.);
#4879=ORIENTED_EDGE('',*,*,#3780,.F.);
#4880=ORIENTED_EDGE('',*,*,#3781,.F.);
#4881=ORIENTED_EDGE('',*,*,#3682,.F.);
#4882=ORIENTED_EDGE('',*,*,#3782,.T.);
#4883=ORIENTED_EDGE('',*,*,#3783,.F.);
#4884=ORIENTED_EDGE('',*,*,#3784,.F.);
#4885=ORIENTED_EDGE('',*,*,#3675,.F.);
#4886=ORIENTED_EDGE('',*,*,#3785,.T.);
#4887=ORIENTED_EDGE('',*,*,#3786,.F.);
#4888=ORIENTED_EDGE('',*,*,#3787,.F.);
#4889=ORIENTED_EDGE('',*,*,#3668,.F.);
#4890=ORIENTED_EDGE('',*,*,#3788,.T.);
#4891=ORIENTED_EDGE('',*,*,#3789,.F.);
#4892=ORIENTED_EDGE('',*,*,#3790,.F.);
#4893=ORIENTED_EDGE('',*,*,#3661,.F.);
#4894=ORIENTED_EDGE('',*,*,#3791,.T.);
#4895=ORIENTED_EDGE('',*,*,#3792,.F.);
#4896=ORIENTED_EDGE('',*,*,#3793,.F.);
#4897=ORIENTED_EDGE('',*,*,#3654,.F.);
#4898=ORIENTED_EDGE('',*,*,#3794,.T.);
#4899=ORIENTED_EDGE('',*,*,#3795,.F.);
#4900=ORIENTED_EDGE('',*,*,#3796,.F.);
#4901=ORIENTED_EDGE('',*,*,#3644,.F.);
#4902=ORIENTED_EDGE('',*,*,#3638,.T.);
#4903=ORIENTED_EDGE('',*,*,#3643,.F.);
#4904=ORIENTED_EDGE('',*,*,#3566,.F.);
#4905=ORIENTED_EDGE('',*,*,#3615,.T.);
#4906=ORIENTED_EDGE('',*,*,#3797,.F.);
#4907=ORIENTED_EDGE('',*,*,#3798,.F.);
#4908=ORIENTED_EDGE('',*,*,#3799,.T.);
#4909=ORIENTED_EDGE('',*,*,#3613,.T.);
#4910=ORIENTED_EDGE('',*,*,#3800,.F.);
#4911=ORIENTED_EDGE('',*,*,#3801,.F.);
#4912=ORIENTED_EDGE('',*,*,#3802,.T.);
#4913=ORIENTED_EDGE('',*,*,#3623,.T.);
#4914=ORIENTED_EDGE('',*,*,#3803,.F.);
#4915=ORIENTED_EDGE('',*,*,#3804,.F.);
#4916=ORIENTED_EDGE('',*,*,#3805,.T.);
#4917=ORIENTED_EDGE('',*,*,#3625,.T.);
#4918=ORIENTED_EDGE('',*,*,#3806,.F.);
#4919=ORIENTED_EDGE('',*,*,#3807,.F.);
#4920=ORIENTED_EDGE('',*,*,#3808,.T.);
#4921=ORIENTED_EDGE('',*,*,#3621,.T.);
#4922=ORIENTED_EDGE('',*,*,#3809,.F.);
#4923=ORIENTED_EDGE('',*,*,#3810,.F.);
#4924=ORIENTED_EDGE('',*,*,#3811,.T.);
#4925=ORIENTED_EDGE('',*,*,#3627,.T.);
#4926=ORIENTED_EDGE('',*,*,#3812,.F.);
#4927=ORIENTED_EDGE('',*,*,#3813,.F.);
#4928=ORIENTED_EDGE('',*,*,#3814,.T.);
#4929=ORIENTED_EDGE('',*,*,#3619,.T.);
#4930=ORIENTED_EDGE('',*,*,#3815,.F.);
#4931=ORIENTED_EDGE('',*,*,#3816,.F.);
#4932=ORIENTED_EDGE('',*,*,#3817,.T.);
#4933=ORIENTED_EDGE('',*,*,#3629,.T.);
#4934=ORIENTED_EDGE('',*,*,#3818,.F.);
#4935=ORIENTED_EDGE('',*,*,#3819,.F.);
#4936=ORIENTED_EDGE('',*,*,#3820,.T.);
#4937=ORIENTED_EDGE('',*,*,#3617,.T.);
#4938=ORIENTED_EDGE('',*,*,#3821,.F.);
#4939=ORIENTED_EDGE('',*,*,#3822,.F.);
#4940=ORIENTED_EDGE('',*,*,#3823,.T.);
#4941=ORIENTED_EDGE('',*,*,#3631,.T.);
#4942=ORIENTED_EDGE('',*,*,#3824,.F.);
#4943=ORIENTED_EDGE('',*,*,#3825,.F.);
#4944=ORIENTED_EDGE('',*,*,#3826,.T.);
#4945=ORIENTED_EDGE('',*,*,#3611,.T.);
#4946=ORIENTED_EDGE('',*,*,#3827,.F.);
#4947=ORIENTED_EDGE('',*,*,#3828,.F.);
#4948=ORIENTED_EDGE('',*,*,#3829,.T.);
#4949=ORIENTED_EDGE('',*,*,#3633,.T.);
#4950=ORIENTED_EDGE('',*,*,#3830,.F.);
#4951=ORIENTED_EDGE('',*,*,#3831,.F.);
#4952=ORIENTED_EDGE('',*,*,#3832,.T.);
#4953=ORIENTED_EDGE('',*,*,#3635,.T.);
#4954=ORIENTED_EDGE('',*,*,#3833,.F.);
#4955=ORIENTED_EDGE('',*,*,#3834,.F.);
#4956=ORIENTED_EDGE('',*,*,#3835,.F.);
#4957=ORIENTED_EDGE('',*,*,#3597,.T.);
#4958=ORIENTED_EDGE('',*,*,#3836,.F.);
#4959=ORIENTED_EDGE('',*,*,#3837,.F.);
#4960=ORIENTED_EDGE('',*,*,#3838,.T.);
#4961=ORIENTED_EDGE('',*,*,#3839,.T.);
#4962=ORIENTED_EDGE('',*,*,#3840,.F.);
#4963=ORIENTED_EDGE('',*,*,#3841,.F.);
#4964=ORIENTED_EDGE('',*,*,#3842,.T.);
#4965=ORIENTED_EDGE('',*,*,#3843,.T.);
#4966=ORIENTED_EDGE('',*,*,#3844,.F.);
#4967=ORIENTED_EDGE('',*,*,#3845,.F.);
#4968=ORIENTED_EDGE('',*,*,#3846,.T.);
#4969=ORIENTED_EDGE('',*,*,#3847,.T.);
#4970=ORIENTED_EDGE('',*,*,#3848,.F.);
#4971=ORIENTED_EDGE('',*,*,#3590,.T.);
#4972=ORIENTED_EDGE('',*,*,#3594,.T.);
#4973=ORIENTED_EDGE('',*,*,#3655,.F.);
#4974=ORIENTED_EDGE('',*,*,#3793,.T.);
#4975=ORIENTED_EDGE('',*,*,#3849,.F.);
#4976=ORIENTED_EDGE('',*,*,#3850,.F.);
#4977=ORIENTED_EDGE('',*,*,#3664,.F.);
#4978=ORIENTED_EDGE('',*,*,#3851,.F.);
#4979=ORIENTED_EDGE('',*,*,#3852,.F.);
#4980=ORIENTED_EDGE('',*,*,#3791,.F.);
#4981=ORIENTED_EDGE('',*,*,#3683,.F.);
#4982=ORIENTED_EDGE('',*,*,#3781,.T.);
#4983=ORIENTED_EDGE('',*,*,#3853,.F.);
#4984=ORIENTED_EDGE('',*,*,#3854,.F.);
#4985=ORIENTED_EDGE('',*,*,#3692,.F.);
#4986=ORIENTED_EDGE('',*,*,#3855,.F.);
#4987=ORIENTED_EDGE('',*,*,#3856,.F.);
#4988=ORIENTED_EDGE('',*,*,#3779,.F.);
#4989=ORIENTED_EDGE('',*,*,#3711,.F.);
#4990=ORIENTED_EDGE('',*,*,#3769,.T.);
#4991=ORIENTED_EDGE('',*,*,#3857,.F.);
#4992=ORIENTED_EDGE('',*,*,#3858,.F.);
#4993=ORIENTED_EDGE('',*,*,#3720,.F.);
#4994=ORIENTED_EDGE('',*,*,#3859,.F.);
#4995=ORIENTED_EDGE('',*,*,#3860,.F.);
#4996=ORIENTED_EDGE('',*,*,#3767,.F.);
#4997=ORIENTED_EDGE('',*,*,#3732,.F.);
#4998=ORIENTED_EDGE('',*,*,#3760,.T.);
#4999=ORIENTED_EDGE('',*,*,#3861,.F.);
#5000=ORIENTED_EDGE('',*,*,#3862,.F.);
#5001=ORIENTED_EDGE('',*,*,#3704,.F.);
#5002=ORIENTED_EDGE('',*,*,#3772,.T.);
#5003=ORIENTED_EDGE('',*,*,#3863,.F.);
#5004=ORIENTED_EDGE('',*,*,#3864,.F.);
#5005=ORIENTED_EDGE('',*,*,#3713,.F.);
#5006=ORIENTED_EDGE('',*,*,#3865,.F.);
#5007=ORIENTED_EDGE('',*,*,#3866,.F.);
#5008=ORIENTED_EDGE('',*,*,#3770,.F.);
#5009=ORIENTED_EDGE('',*,*,#3676,.F.);
#5010=ORIENTED_EDGE('',*,*,#3784,.T.);
#5011=ORIENTED_EDGE('',*,*,#3867,.F.);
#5012=ORIENTED_EDGE('',*,*,#3868,.F.);
#5013=ORIENTED_EDGE('',*,*,#3685,.F.);
#5014=ORIENTED_EDGE('',*,*,#3869,.F.);
#5015=ORIENTED_EDGE('',*,*,#3870,.F.);
#5016=ORIENTED_EDGE('',*,*,#3782,.F.);
#5017=ORIENTED_EDGE('',*,*,#3645,.F.);
#5018=ORIENTED_EDGE('',*,*,#3796,.T.);
#5019=ORIENTED_EDGE('',*,*,#3871,.F.);
#5020=ORIENTED_EDGE('',*,*,#3872,.F.);
#5021=ORIENTED_EDGE('',*,*,#3657,.F.);
#5022=ORIENTED_EDGE('',*,*,#3873,.F.);
#5023=ORIENTED_EDGE('',*,*,#3874,.F.);
#5024=ORIENTED_EDGE('',*,*,#3794,.F.);
#5025=ORIENTED_EDGE('',*,*,#3662,.F.);
#5026=ORIENTED_EDGE('',*,*,#3790,.T.);
#5027=ORIENTED_EDGE('',*,*,#3875,.F.);
#5028=ORIENTED_EDGE('',*,*,#3876,.F.);
#5029=ORIENTED_EDGE('',*,*,#3671,.F.);
#5030=ORIENTED_EDGE('',*,*,#3877,.F.);
#5031=ORIENTED_EDGE('',*,*,#3878,.F.);
#5032=ORIENTED_EDGE('',*,*,#3788,.F.);
#5033=ORIENTED_EDGE('',*,*,#3690,.F.);
#5034=ORIENTED_EDGE('',*,*,#3778,.T.);
#5035=ORIENTED_EDGE('',*,*,#3879,.F.);
#5036=ORIENTED_EDGE('',*,*,#3880,.F.);
#5037=ORIENTED_EDGE('',*,*,#3699,.F.);
#5038=ORIENTED_EDGE('',*,*,#3881,.F.);
#5039=ORIENTED_EDGE('',*,*,#3882,.F.);
#5040=ORIENTED_EDGE('',*,*,#3776,.F.);
#5041=ORIENTED_EDGE('',*,*,#3718,.F.);
#5042=ORIENTED_EDGE('',*,*,#3766,.T.);
#5043=ORIENTED_EDGE('',*,*,#3883,.F.);
#5044=ORIENTED_EDGE('',*,*,#3884,.F.);
#5045=ORIENTED_EDGE('',*,*,#3727,.F.);
#5046=ORIENTED_EDGE('',*,*,#3885,.F.);
#5047=ORIENTED_EDGE('',*,*,#3886,.F.);
#5048=ORIENTED_EDGE('',*,*,#3764,.F.);
#5049=ORIENTED_EDGE('',*,*,#3725,.F.);
#5050=ORIENTED_EDGE('',*,*,#3763,.T.);
#5051=ORIENTED_EDGE('',*,*,#3887,.F.);
#5052=ORIENTED_EDGE('',*,*,#3888,.F.);
#5053=ORIENTED_EDGE('',*,*,#3734,.F.);
#5054=ORIENTED_EDGE('',*,*,#3889,.F.);
#5055=ORIENTED_EDGE('',*,*,#3890,.F.);
#5056=ORIENTED_EDGE('',*,*,#3761,.F.);
#5057=ORIENTED_EDGE('',*,*,#3697,.F.);
#5058=ORIENTED_EDGE('',*,*,#3775,.T.);
#5059=ORIENTED_EDGE('',*,*,#3891,.F.);
#5060=ORIENTED_EDGE('',*,*,#3892,.F.);
#5061=ORIENTED_EDGE('',*,*,#3706,.F.);
#5062=ORIENTED_EDGE('',*,*,#3893,.F.);
#5063=ORIENTED_EDGE('',*,*,#3894,.F.);
#5064=ORIENTED_EDGE('',*,*,#3773,.F.);
#5065=ORIENTED_EDGE('',*,*,#3669,.F.);
#5066=ORIENTED_EDGE('',*,*,#3787,.T.);
#5067=ORIENTED_EDGE('',*,*,#3895,.F.);
#5068=ORIENTED_EDGE('',*,*,#3896,.F.);
#5069=ORIENTED_EDGE('',*,*,#3678,.F.);
#5070=ORIENTED_EDGE('',*,*,#3897,.F.);
#5071=ORIENTED_EDGE('',*,*,#3898,.F.);
#5072=ORIENTED_EDGE('',*,*,#3785,.F.);
#5073=ORIENTED_EDGE('',*,*,#3872,.T.);
#5074=ORIENTED_EDGE('',*,*,#3899,.T.);
#5075=ORIENTED_EDGE('',*,*,#3900,.T.);
#5076=ORIENTED_EDGE('',*,*,#3646,.T.);
#5077=ORIENTED_EDGE('',*,*,#3868,.T.);
#5078=ORIENTED_EDGE('',*,*,#3901,.T.);
#5079=ORIENTED_EDGE('',*,*,#3897,.T.);
#5080=ORIENTED_EDGE('',*,*,#3677,.T.);
#5081=ORIENTED_EDGE('',*,*,#3864,.T.);
#5082=ORIENTED_EDGE('',*,*,#3902,.T.);
#5083=ORIENTED_EDGE('',*,*,#3893,.T.);
#5084=ORIENTED_EDGE('',*,*,#3705,.T.);
#5085=ORIENTED_EDGE('',*,*,#3862,.T.);
#5086=ORIENTED_EDGE('',*,*,#3903,.T.);
#5087=ORIENTED_EDGE('',*,*,#3889,.T.);
#5088=ORIENTED_EDGE('',*,*,#3733,.T.);
#5089=ORIENTED_EDGE('',*,*,#3885,.T.);
#5090=ORIENTED_EDGE('',*,*,#3726,.T.);
#5091=ORIENTED_EDGE('',*,*,#3888,.T.);
#5092=ORIENTED_EDGE('',*,*,#3904,.T.);
#5093=ORIENTED_EDGE('',*,*,#3881,.T.);
#5094=ORIENTED_EDGE('',*,*,#3698,.T.);
#5095=ORIENTED_EDGE('',*,*,#3892,.T.);
#5096=ORIENTED_EDGE('',*,*,#3905,.T.);
#5097=ORIENTED_EDGE('',*,*,#3877,.T.);
#5098=ORIENTED_EDGE('',*,*,#3670,.T.);
#5099=ORIENTED_EDGE('',*,*,#3896,.T.);
#5100=ORIENTED_EDGE('',*,*,#3906,.T.);
#5101=ORIENTED_EDGE('',*,*,#3850,.T.);
#5102=ORIENTED_EDGE('',*,*,#3907,.T.);
#5103=ORIENTED_EDGE('',*,*,#3873,.T.);
#5104=ORIENTED_EDGE('',*,*,#3656,.T.);
#5105=ORIENTED_EDGE('',*,*,#3854,.T.);
#5106=ORIENTED_EDGE('',*,*,#3908,.T.);
#5107=ORIENTED_EDGE('',*,*,#3869,.T.);
#5108=ORIENTED_EDGE('',*,*,#3684,.T.);
#5109=ORIENTED_EDGE('',*,*,#3858,.T.);
#5110=ORIENTED_EDGE('',*,*,#3909,.T.);
#5111=ORIENTED_EDGE('',*,*,#3865,.T.);
#5112=ORIENTED_EDGE('',*,*,#3712,.T.);
#5113=ORIENTED_EDGE('',*,*,#3859,.T.);
#5114=ORIENTED_EDGE('',*,*,#3719,.T.);
#5115=ORIENTED_EDGE('',*,*,#3884,.T.);
#5116=ORIENTED_EDGE('',*,*,#3910,.T.);
#5117=ORIENTED_EDGE('',*,*,#3855,.T.);
#5118=ORIENTED_EDGE('',*,*,#3691,.T.);
#5119=ORIENTED_EDGE('',*,*,#3880,.T.);
#5120=ORIENTED_EDGE('',*,*,#3911,.T.);
#5121=ORIENTED_EDGE('',*,*,#3851,.T.);
#5122=ORIENTED_EDGE('',*,*,#3663,.T.);
#5123=ORIENTED_EDGE('',*,*,#3876,.T.);
#5124=ORIENTED_EDGE('',*,*,#3912,.T.);
#5125=ORIENTED_EDGE('',*,*,#3849,.T.);
#5126=ORIENTED_EDGE('',*,*,#3792,.T.);
#5127=ORIENTED_EDGE('',*,*,#3852,.T.);
#5128=ORIENTED_EDGE('',*,*,#3912,.F.);
#5129=ORIENTED_EDGE('',*,*,#3875,.T.);
#5130=ORIENTED_EDGE('',*,*,#3789,.T.);
#5131=ORIENTED_EDGE('',*,*,#3878,.T.);
#5132=ORIENTED_EDGE('',*,*,#3906,.F.);
#5133=ORIENTED_EDGE('',*,*,#3895,.T.);
#5134=ORIENTED_EDGE('',*,*,#3786,.T.);
#5135=ORIENTED_EDGE('',*,*,#3898,.T.);
#5136=ORIENTED_EDGE('',*,*,#3901,.F.);
#5137=ORIENTED_EDGE('',*,*,#3867,.T.);
#5138=ORIENTED_EDGE('',*,*,#3783,.T.);
#5139=ORIENTED_EDGE('',*,*,#3870,.T.);
#5140=ORIENTED_EDGE('',*,*,#3908,.F.);
#5141=ORIENTED_EDGE('',*,*,#3853,.T.);
#5142=ORIENTED_EDGE('',*,*,#3780,.T.);
#5143=ORIENTED_EDGE('',*,*,#3856,.T.);
#5144=ORIENTED_EDGE('',*,*,#3911,.F.);
#5145=ORIENTED_EDGE('',*,*,#3879,.T.);
#5146=ORIENTED_EDGE('',*,*,#3777,.T.);
#5147=ORIENTED_EDGE('',*,*,#3882,.T.);
#5148=ORIENTED_EDGE('',*,*,#3905,.F.);
#5149=ORIENTED_EDGE('',*,*,#3891,.T.);
#5150=ORIENTED_EDGE('',*,*,#3774,.T.);
#5151=ORIENTED_EDGE('',*,*,#3894,.T.);
#5152=ORIENTED_EDGE('',*,*,#3902,.F.);
#5153=ORIENTED_EDGE('',*,*,#3863,.T.);
#5154=ORIENTED_EDGE('',*,*,#3771,.T.);
#5155=ORIENTED_EDGE('',*,*,#3866,.T.);
#5156=ORIENTED_EDGE('',*,*,#3909,.F.);
#5157=ORIENTED_EDGE('',*,*,#3857,.T.);
#5158=ORIENTED_EDGE('',*,*,#3768,.T.);
#5159=ORIENTED_EDGE('',*,*,#3860,.T.);
#5160=ORIENTED_EDGE('',*,*,#3910,.F.);
#5161=ORIENTED_EDGE('',*,*,#3883,.T.);
#5162=ORIENTED_EDGE('',*,*,#3765,.T.);
#5163=ORIENTED_EDGE('',*,*,#3886,.T.);
#5164=ORIENTED_EDGE('',*,*,#3904,.F.);
#5165=ORIENTED_EDGE('',*,*,#3887,.T.);
#5166=ORIENTED_EDGE('',*,*,#3762,.T.);
#5167=ORIENTED_EDGE('',*,*,#3890,.T.);
#5168=ORIENTED_EDGE('',*,*,#3903,.F.);
#5169=ORIENTED_EDGE('',*,*,#3861,.T.);
#5170=ORIENTED_EDGE('',*,*,#3759,.T.);
#5171=ORIENTED_EDGE('',*,*,#3913,.F.);
#5172=ORIENTED_EDGE('',*,*,#3914,.F.);
#5173=ORIENTED_EDGE('',*,*,#3915,.F.);
#5174=ORIENTED_EDGE('',*,*,#3916,.T.);
#5175=ORIENTED_EDGE('',*,*,#3917,.T.);
#5176=ORIENTED_EDGE('',*,*,#3918,.F.);
#5177=ORIENTED_EDGE('',*,*,#3919,.F.);
#5178=ORIENTED_EDGE('',*,*,#3920,.T.);
#5179=ORIENTED_EDGE('',*,*,#3921,.T.);
#5180=ORIENTED_EDGE('',*,*,#3922,.F.);
#5181=ORIENTED_EDGE('',*,*,#3923,.F.);
#5182=ORIENTED_EDGE('',*,*,#3924,.T.);
#5183=ORIENTED_EDGE('',*,*,#3925,.T.);
#5184=ORIENTED_EDGE('',*,*,#3926,.F.);
#5185=ORIENTED_EDGE('',*,*,#3927,.F.);
#5186=ORIENTED_EDGE('',*,*,#3928,.T.);
#5187=ORIENTED_EDGE('',*,*,#3929,.T.);
#5188=ORIENTED_EDGE('',*,*,#3930,.F.);
#5189=ORIENTED_EDGE('',*,*,#3931,.F.);
#5190=ORIENTED_EDGE('',*,*,#3932,.T.);
#5191=ORIENTED_EDGE('',*,*,#3933,.T.);
#5192=ORIENTED_EDGE('',*,*,#3934,.F.);
#5193=ORIENTED_EDGE('',*,*,#3935,.F.);
#5194=ORIENTED_EDGE('',*,*,#3936,.T.);
#5195=ORIENTED_EDGE('',*,*,#3937,.T.);
#5196=ORIENTED_EDGE('',*,*,#3938,.F.);
#5197=ORIENTED_EDGE('',*,*,#3939,.F.);
#5198=ORIENTED_EDGE('',*,*,#3940,.T.);
#5199=ORIENTED_EDGE('',*,*,#3941,.T.);
#5200=ORIENTED_EDGE('',*,*,#3942,.F.);
#5201=ORIENTED_EDGE('',*,*,#3943,.F.);
#5202=ORIENTED_EDGE('',*,*,#3944,.T.);
#5203=ORIENTED_EDGE('',*,*,#3945,.T.);
#5204=ORIENTED_EDGE('',*,*,#3946,.F.);
#5205=ORIENTED_EDGE('',*,*,#3947,.F.);
#5206=ORIENTED_EDGE('',*,*,#3948,.T.);
#5207=ORIENTED_EDGE('',*,*,#3949,.T.);
#5208=ORIENTED_EDGE('',*,*,#3950,.F.);
#5209=ORIENTED_EDGE('',*,*,#3951,.F.);
#5210=ORIENTED_EDGE('',*,*,#3952,.T.);
#5211=ORIENTED_EDGE('',*,*,#3953,.T.);
#5212=ORIENTED_EDGE('',*,*,#3954,.F.);
#5213=ORIENTED_EDGE('',*,*,#3955,.F.);
#5214=ORIENTED_EDGE('',*,*,#3956,.T.);
#5215=ORIENTED_EDGE('',*,*,#3957,.T.);
#5216=ORIENTED_EDGE('',*,*,#3958,.F.);
#5217=ORIENTED_EDGE('',*,*,#3959,.F.);
#5218=ORIENTED_EDGE('',*,*,#3960,.T.);
#5219=ORIENTED_EDGE('',*,*,#3961,.T.);
#5220=ORIENTED_EDGE('',*,*,#3962,.F.);
#5221=ORIENTED_EDGE('',*,*,#3963,.F.);
#5222=ORIENTED_EDGE('',*,*,#3964,.F.);
#5223=ORIENTED_EDGE('',*,*,#3965,.T.);
#5224=ORIENTED_EDGE('',*,*,#3966,.F.);
#5225=ORIENTED_EDGE('',*,*,#3834,.T.);
#5226=ORIENTED_EDGE('',*,*,#3967,.T.);
#5227=ORIENTED_EDGE('',*,*,#3968,.T.);
#5228=ORIENTED_EDGE('',*,*,#3969,.T.);
#5229=ORIENTED_EDGE('',*,*,#3831,.T.);
#5230=ORIENTED_EDGE('',*,*,#3970,.T.);
#5231=ORIENTED_EDGE('',*,*,#3971,.T.);
#5232=ORIENTED_EDGE('',*,*,#3972,.T.);
#5233=ORIENTED_EDGE('',*,*,#3825,.T.);
#5234=ORIENTED_EDGE('',*,*,#3973,.T.);
#5235=ORIENTED_EDGE('',*,*,#3974,.T.);
#5236=ORIENTED_EDGE('',*,*,#3975,.T.);
#5237=ORIENTED_EDGE('',*,*,#3819,.T.);
#5238=ORIENTED_EDGE('',*,*,#3976,.T.);
#5239=ORIENTED_EDGE('',*,*,#3977,.T.);
#5240=ORIENTED_EDGE('',*,*,#3978,.T.);
#5241=ORIENTED_EDGE('',*,*,#3813,.T.);
#5242=ORIENTED_EDGE('',*,*,#3979,.T.);
#5243=ORIENTED_EDGE('',*,*,#3980,.T.);
#5244=ORIENTED_EDGE('',*,*,#3981,.T.);
#5245=ORIENTED_EDGE('',*,*,#3807,.T.);
#5246=ORIENTED_EDGE('',*,*,#3982,.T.);
#5247=ORIENTED_EDGE('',*,*,#3983,.T.);
#5248=ORIENTED_EDGE('',*,*,#3984,.T.);
#5249=ORIENTED_EDGE('',*,*,#3804,.T.);
#5250=ORIENTED_EDGE('',*,*,#3985,.T.);
#5251=ORIENTED_EDGE('',*,*,#3986,.T.);
#5252=ORIENTED_EDGE('',*,*,#3987,.T.);
#5253=ORIENTED_EDGE('',*,*,#3810,.T.);
#5254=ORIENTED_EDGE('',*,*,#3988,.T.);
#5255=ORIENTED_EDGE('',*,*,#3989,.T.);
#5256=ORIENTED_EDGE('',*,*,#3990,.T.);
#5257=ORIENTED_EDGE('',*,*,#3816,.T.);
#5258=ORIENTED_EDGE('',*,*,#3991,.T.);
#5259=ORIENTED_EDGE('',*,*,#3992,.T.);
#5260=ORIENTED_EDGE('',*,*,#3993,.T.);
#5261=ORIENTED_EDGE('',*,*,#3822,.T.);
#5262=ORIENTED_EDGE('',*,*,#3994,.T.);
#5263=ORIENTED_EDGE('',*,*,#3995,.T.);
#5264=ORIENTED_EDGE('',*,*,#3996,.T.);
#5265=ORIENTED_EDGE('',*,*,#3798,.T.);
#5266=ORIENTED_EDGE('',*,*,#3997,.T.);
#5267=ORIENTED_EDGE('',*,*,#3998,.T.);
#5268=ORIENTED_EDGE('',*,*,#3999,.T.);
#5269=ORIENTED_EDGE('',*,*,#3801,.T.);
#5270=ORIENTED_EDGE('',*,*,#4000,.T.);
#5271=ORIENTED_EDGE('',*,*,#4001,.T.);
#5272=ORIENTED_EDGE('',*,*,#4002,.T.);
#5273=ORIENTED_EDGE('',*,*,#3828,.T.);
#5274=ORIENTED_EDGE('',*,*,#4003,.T.);
#5275=ORIENTED_EDGE('',*,*,#4004,.T.);
#5276=ORIENTED_EDGE('',*,*,#4005,.T.);
#5277=ORIENTED_EDGE('',*,*,#4006,.T.);
#5278=ORIENTED_EDGE('',*,*,#3899,.F.);
#5279=ORIENTED_EDGE('',*,*,#3871,.T.);
#5280=ORIENTED_EDGE('',*,*,#3795,.T.);
#5281=ORIENTED_EDGE('',*,*,#3874,.T.);
#5282=ORIENTED_EDGE('',*,*,#3907,.F.);
#5283=ORIENTED_EDGE('',*,*,#4000,.F.);
#5284=ORIENTED_EDGE('',*,*,#3800,.T.);
#5285=ORIENTED_EDGE('',*,*,#3653,.F.);
#5286=ORIENTED_EDGE('',*,*,#4007,.F.);
#5287=ORIENTED_EDGE('',*,*,#3999,.F.);
#5288=ORIENTED_EDGE('',*,*,#4008,.F.);
#5289=ORIENTED_EDGE('',*,*,#3658,.F.);
#5290=ORIENTED_EDGE('',*,*,#3802,.F.);
#5291=ORIENTED_EDGE('',*,*,#3988,.F.);
#5292=ORIENTED_EDGE('',*,*,#3809,.T.);
#5293=ORIENTED_EDGE('',*,*,#3681,.F.);
#5294=ORIENTED_EDGE('',*,*,#4009,.F.);
#5295=ORIENTED_EDGE('',*,*,#3987,.F.);
#5296=ORIENTED_EDGE('',*,*,#4010,.F.);
#5297=ORIENTED_EDGE('',*,*,#3686,.F.);
#5298=ORIENTED_EDGE('',*,*,#3811,.F.);
#5299=ORIENTED_EDGE('',*,*,#3975,.F.);
#5300=ORIENTED_EDGE('',*,*,#4011,.F.);
#5301=ORIENTED_EDGE('',*,*,#3714,.F.);
#5302=ORIENTED_EDGE('',*,*,#3820,.F.);
#5303=ORIENTED_EDGE('',*,*,#3976,.F.);
#5304=ORIENTED_EDGE('',*,*,#3818,.T.);
#5305=ORIENTED_EDGE('',*,*,#3709,.F.);
#5306=ORIENTED_EDGE('',*,*,#4012,.F.);
#5307=ORIENTED_EDGE('',*,*,#3967,.F.);
#5308=ORIENTED_EDGE('',*,*,#3833,.T.);
#5309=ORIENTED_EDGE('',*,*,#3730,.F.);
#5310=ORIENTED_EDGE('',*,*,#4013,.F.);
#5311=ORIENTED_EDGE('',*,*,#3978,.F.);
#5312=ORIENTED_EDGE('',*,*,#4014,.F.);
#5313=ORIENTED_EDGE('',*,*,#3707,.F.);
#5314=ORIENTED_EDGE('',*,*,#3814,.F.);
#5315=ORIENTED_EDGE('',*,*,#3979,.F.);
#5316=ORIENTED_EDGE('',*,*,#3812,.T.);
#5317=ORIENTED_EDGE('',*,*,#3702,.F.);
#5318=ORIENTED_EDGE('',*,*,#4015,.F.);
#5319=ORIENTED_EDGE('',*,*,#3991,.F.);
#5320=ORIENTED_EDGE('',*,*,#3815,.T.);
#5321=ORIENTED_EDGE('',*,*,#3674,.F.);
#5322=ORIENTED_EDGE('',*,*,#4016,.F.);
#5323=ORIENTED_EDGE('',*,*,#3990,.F.);
#5324=ORIENTED_EDGE('',*,*,#4017,.F.);
#5325=ORIENTED_EDGE('',*,*,#3679,.F.);
#5326=ORIENTED_EDGE('',*,*,#3817,.F.);
#5327=ORIENTED_EDGE('',*,*,#4003,.F.);
#5328=ORIENTED_EDGE('',*,*,#3827,.T.);
#5329=ORIENTED_EDGE('',*,*,#3650,.F.);
#5330=ORIENTED_EDGE('',*,*,#4018,.F.);
#5331=ORIENTED_EDGE('',*,*,#4002,.F.);
#5332=ORIENTED_EDGE('',*,*,#4019,.F.);
#5333=ORIENTED_EDGE('',*,*,#3651,.F.);
#5334=ORIENTED_EDGE('',*,*,#3829,.F.);
#5335=ORIENTED_EDGE('',*,*,#3997,.F.);
#5336=ORIENTED_EDGE('',*,*,#3797,.T.);
#5337=ORIENTED_EDGE('',*,*,#3660,.F.);
#5338=ORIENTED_EDGE('',*,*,#4020,.F.);
#5339=ORIENTED_EDGE('',*,*,#3996,.F.);
#5340=ORIENTED_EDGE('',*,*,#4021,.F.);
#5341=ORIENTED_EDGE('',*,*,#3665,.F.);
#5342=ORIENTED_EDGE('',*,*,#3799,.F.);
#5343=ORIENTED_EDGE('',*,*,#3984,.F.);
#5344=ORIENTED_EDGE('',*,*,#4022,.F.);
#5345=ORIENTED_EDGE('',*,*,#3693,.F.);
#5346=ORIENTED_EDGE('',*,*,#3805,.F.);
#5347=ORIENTED_EDGE('',*,*,#3985,.F.);
#5348=ORIENTED_EDGE('',*,*,#3803,.T.);
#5349=ORIENTED_EDGE('',*,*,#3688,.F.);
#5350=ORIENTED_EDGE('',*,*,#4023,.F.);
#5351=ORIENTED_EDGE('',*,*,#3972,.F.);
#5352=ORIENTED_EDGE('',*,*,#4024,.F.);
#5353=ORIENTED_EDGE('',*,*,#3721,.F.);
#5354=ORIENTED_EDGE('',*,*,#3826,.F.);
#5355=ORIENTED_EDGE('',*,*,#3973,.F.);
#5356=ORIENTED_EDGE('',*,*,#3824,.T.);
#5357=ORIENTED_EDGE('',*,*,#3716,.F.);
#5358=ORIENTED_EDGE('',*,*,#4025,.F.);
#5359=ORIENTED_EDGE('',*,*,#3969,.F.);
#5360=ORIENTED_EDGE('',*,*,#4026,.F.);
#5361=ORIENTED_EDGE('',*,*,#3728,.F.);
#5362=ORIENTED_EDGE('',*,*,#3832,.F.);
#5363=ORIENTED_EDGE('',*,*,#3970,.F.);
#5364=ORIENTED_EDGE('',*,*,#3830,.T.);
#5365=ORIENTED_EDGE('',*,*,#3723,.F.);
#5366=ORIENTED_EDGE('',*,*,#4027,.F.);
#5367=ORIENTED_EDGE('',*,*,#3981,.F.);
#5368=ORIENTED_EDGE('',*,*,#4028,.F.);
#5369=ORIENTED_EDGE('',*,*,#3700,.F.);
#5370=ORIENTED_EDGE('',*,*,#3808,.F.);
#5371=ORIENTED_EDGE('',*,*,#3982,.F.);
#5372=ORIENTED_EDGE('',*,*,#3806,.T.);
#5373=ORIENTED_EDGE('',*,*,#3695,.F.);
#5374=ORIENTED_EDGE('',*,*,#4029,.F.);
#5375=ORIENTED_EDGE('',*,*,#3994,.F.);
#5376=ORIENTED_EDGE('',*,*,#3821,.T.);
#5377=ORIENTED_EDGE('',*,*,#3667,.F.);
#5378=ORIENTED_EDGE('',*,*,#4030,.F.);
#5379=ORIENTED_EDGE('',*,*,#3993,.F.);
#5380=ORIENTED_EDGE('',*,*,#4031,.F.);
#5381=ORIENTED_EDGE('',*,*,#3672,.F.);
#5382=ORIENTED_EDGE('',*,*,#3823,.F.);
#5383=ORIENTED_EDGE('',*,*,#4006,.F.);
#5384=ORIENTED_EDGE('',*,*,#4032,.T.);
#5385=ORIENTED_EDGE('',*,*,#3647,.F.);
#5386=ORIENTED_EDGE('',*,*,#3900,.F.);
#5387=ORIENTED_EDGE('',*,*,#4005,.F.);
#5388=ORIENTED_EDGE('',*,*,#4033,.F.);
#5389=ORIENTED_EDGE('',*,*,#3648,.F.);
#5390=ORIENTED_EDGE('',*,*,#4032,.F.);
#5391=ORIENTED_EDGE('',*,*,#3835,.T.);
#5392=ORIENTED_EDGE('',*,*,#3966,.T.);
#5393=ORIENTED_EDGE('',*,*,#4034,.T.);
#5394=ORIENTED_EDGE('',*,*,#3609,.T.);
#5395=ORIENTED_EDGE('',*,*,#3639,.F.);
#5396=ORIENTED_EDGE('',*,*,#3636,.F.);
#5397=ORIENTED_EDGE('',*,*,#4013,.T.);
#5398=ORIENTED_EDGE('',*,*,#3729,.T.);
#5399=ORIENTED_EDGE('',*,*,#4026,.T.);
#5400=ORIENTED_EDGE('',*,*,#3968,.F.);
#5401=ORIENTED_EDGE('',*,*,#4024,.T.);
#5402=ORIENTED_EDGE('',*,*,#3971,.F.);
#5403=ORIENTED_EDGE('',*,*,#4027,.T.);
#5404=ORIENTED_EDGE('',*,*,#3722,.T.);
#5405=ORIENTED_EDGE('',*,*,#4022,.T.);
#5406=ORIENTED_EDGE('',*,*,#3983,.F.);
#5407=ORIENTED_EDGE('',*,*,#4029,.T.);
#5408=ORIENTED_EDGE('',*,*,#3694,.T.);
#5409=ORIENTED_EDGE('',*,*,#4021,.T.);
#5410=ORIENTED_EDGE('',*,*,#3995,.F.);
#5411=ORIENTED_EDGE('',*,*,#4030,.T.);
#5412=ORIENTED_EDGE('',*,*,#3666,.T.);
#5413=ORIENTED_EDGE('',*,*,#4018,.T.);
#5414=ORIENTED_EDGE('',*,*,#3649,.T.);
#5415=ORIENTED_EDGE('',*,*,#4033,.T.);
#5416=ORIENTED_EDGE('',*,*,#4004,.F.);
#5417=ORIENTED_EDGE('',*,*,#4016,.T.);
#5418=ORIENTED_EDGE('',*,*,#3673,.T.);
#5419=ORIENTED_EDGE('',*,*,#4031,.T.);
#5420=ORIENTED_EDGE('',*,*,#3992,.F.);
#5421=ORIENTED_EDGE('',*,*,#4015,.T.);
#5422=ORIENTED_EDGE('',*,*,#3701,.T.);
#5423=ORIENTED_EDGE('',*,*,#4028,.T.);
#5424=ORIENTED_EDGE('',*,*,#3980,.F.);
#5425=ORIENTED_EDGE('',*,*,#4011,.T.);
#5426=ORIENTED_EDGE('',*,*,#3974,.F.);
#5427=ORIENTED_EDGE('',*,*,#4025,.T.);
#5428=ORIENTED_EDGE('',*,*,#3715,.T.);
#5429=ORIENTED_EDGE('',*,*,#4012,.T.);
#5430=ORIENTED_EDGE('',*,*,#3708,.T.);
#5431=ORIENTED_EDGE('',*,*,#4014,.T.);
#5432=ORIENTED_EDGE('',*,*,#3977,.F.);
#5433=ORIENTED_EDGE('',*,*,#4010,.T.);
#5434=ORIENTED_EDGE('',*,*,#3986,.F.);
#5435=ORIENTED_EDGE('',*,*,#4023,.T.);
#5436=ORIENTED_EDGE('',*,*,#3687,.T.);
#5437=ORIENTED_EDGE('',*,*,#4009,.T.);
#5438=ORIENTED_EDGE('',*,*,#3680,.T.);
#5439=ORIENTED_EDGE('',*,*,#4017,.T.);
#5440=ORIENTED_EDGE('',*,*,#3989,.F.);
#5441=ORIENTED_EDGE('',*,*,#4008,.T.);
#5442=ORIENTED_EDGE('',*,*,#3998,.F.);
#5443=ORIENTED_EDGE('',*,*,#4020,.T.);
#5444=ORIENTED_EDGE('',*,*,#3659,.T.);
#5445=ORIENTED_EDGE('',*,*,#4035,.T.);
#5446=ORIENTED_EDGE('',*,*,#3914,.T.);
#5447=ORIENTED_EDGE('',*,*,#4036,.T.);
#5448=ORIENTED_EDGE('',*,*,#3568,.T.);
#5449=ORIENTED_EDGE('',*,*,#3642,.F.);
#5450=ORIENTED_EDGE('',*,*,#3562,.F.);
#5451=ORIENTED_EDGE('',*,*,#4037,.T.);
#5452=ORIENTED_EDGE('',*,*,#3954,.T.);
#5453=ORIENTED_EDGE('',*,*,#4038,.T.);
#5454=ORIENTED_EDGE('',*,*,#3746,.T.);
#5455=ORIENTED_EDGE('',*,*,#4039,.T.);
#5456=ORIENTED_EDGE('',*,*,#3962,.T.);
#5457=ORIENTED_EDGE('',*,*,#4040,.T.);
#5458=ORIENTED_EDGE('',*,*,#3738,.T.);
#5459=ORIENTED_EDGE('',*,*,#4041,.T.);
#5460=ORIENTED_EDGE('',*,*,#3918,.T.);
#5461=ORIENTED_EDGE('',*,*,#4042,.T.);
#5462=ORIENTED_EDGE('',*,*,#3582,.T.);
#5463=ORIENTED_EDGE('',*,*,#4043,.T.);
#5464=ORIENTED_EDGE('',*,*,#3930,.T.);
#5465=ORIENTED_EDGE('',*,*,#4044,.T.);
#5466=ORIENTED_EDGE('',*,*,#3589,.T.);
#5467=ORIENTED_EDGE('',*,*,#3641,.F.);
#5468=ORIENTED_EDGE('',*,*,#3591,.F.);
#5469=ORIENTED_EDGE('',*,*,#3750,.F.);
#5470=ORIENTED_EDGE('',*,*,#4045,.T.);
#5471=ORIENTED_EDGE('',*,*,#3938,.T.);
#5472=ORIENTED_EDGE('',*,*,#4046,.T.);
#5473=ORIENTED_EDGE('',*,*,#3844,.T.);
#5474=ORIENTED_EDGE('',*,*,#4047,.T.);
#5475=ORIENTED_EDGE('',*,*,#3946,.T.);
#5476=ORIENTED_EDGE('',*,*,#4048,.T.);
#5477=ORIENTED_EDGE('',*,*,#3836,.T.);
#5478=ORIENTED_EDGE('',*,*,#4049,.T.);
#5479=ORIENTED_EDGE('',*,*,#3754,.F.);
#5480=ORIENTED_EDGE('',*,*,#3599,.T.);
#5481=ORIENTED_EDGE('',*,*,#3640,.F.);
#5482=ORIENTED_EDGE('',*,*,#3601,.F.);
#5483=ORIENTED_EDGE('',*,*,#4050,.T.);
#5484=ORIENTED_EDGE('',*,*,#3950,.T.);
#5485=ORIENTED_EDGE('',*,*,#4051,.T.);
#5486=ORIENTED_EDGE('',*,*,#3742,.T.);
#5487=ORIENTED_EDGE('',*,*,#4052,.T.);
#5488=ORIENTED_EDGE('',*,*,#3958,.T.);
#5489=ORIENTED_EDGE('',*,*,#4053,.T.);
#5490=ORIENTED_EDGE('',*,*,#3848,.T.);
#5491=ORIENTED_EDGE('',*,*,#4054,.T.);
#5492=ORIENTED_EDGE('',*,*,#3934,.T.);
#5493=ORIENTED_EDGE('',*,*,#4055,.T.);
#5494=ORIENTED_EDGE('',*,*,#3922,.T.);
#5495=ORIENTED_EDGE('',*,*,#4056,.T.);
#5496=ORIENTED_EDGE('',*,*,#3578,.T.);
#5497=ORIENTED_EDGE('',*,*,#4057,.T.);
#5498=ORIENTED_EDGE('',*,*,#3574,.T.);
#5499=ORIENTED_EDGE('',*,*,#4058,.T.);
#5500=ORIENTED_EDGE('',*,*,#3926,.T.);
#5501=ORIENTED_EDGE('',*,*,#4059,.T.);
#5502=ORIENTED_EDGE('',*,*,#3840,.T.);
#5503=ORIENTED_EDGE('',*,*,#4060,.T.);
#5504=ORIENTED_EDGE('',*,*,#3942,.T.);
#5505=ORIENTED_EDGE('',*,*,#3565,.T.);
#5506=ORIENTED_EDGE('',*,*,#4036,.F.);
#5507=ORIENTED_EDGE('',*,*,#3913,.T.);
#5508=ORIENTED_EDGE('',*,*,#3758,.T.);
#5509=ORIENTED_EDGE('',*,*,#4007,.T.);
#5510=ORIENTED_EDGE('',*,*,#3652,.T.);
#5511=ORIENTED_EDGE('',*,*,#4019,.T.);
#5512=ORIENTED_EDGE('',*,*,#4001,.F.);
#5513=ORIENTED_EDGE('',*,*,#4061,.T.);
#5514=ORIENTED_EDGE('',*,*,#3951,.T.);
#5515=ORIENTED_EDGE('',*,*,#4050,.F.);
#5516=ORIENTED_EDGE('',*,*,#3749,.F.);
#5517=ORIENTED_EDGE('',*,*,#4062,.T.);
#5518=ORIENTED_EDGE('',*,*,#3747,.T.);
#5519=ORIENTED_EDGE('',*,*,#4038,.F.);
#5520=ORIENTED_EDGE('',*,*,#3953,.F.);
#5521=ORIENTED_EDGE('',*,*,#3952,.F.);
#5522=ORIENTED_EDGE('',*,*,#4061,.F.);
#5523=ORIENTED_EDGE('',*,*,#3748,.F.);
#5524=ORIENTED_EDGE('',*,*,#4062,.F.);
#5525=ORIENTED_EDGE('',*,*,#4063,.T.);
#5526=ORIENTED_EDGE('',*,*,#3959,.T.);
#5527=ORIENTED_EDGE('',*,*,#4052,.F.);
#5528=ORIENTED_EDGE('',*,*,#3741,.F.);
#5529=ORIENTED_EDGE('',*,*,#4064,.T.);
#5530=ORIENTED_EDGE('',*,*,#3739,.T.);
#5531=ORIENTED_EDGE('',*,*,#4040,.F.);
#5532=ORIENTED_EDGE('',*,*,#3961,.F.);
#5533=ORIENTED_EDGE('',*,*,#3960,.F.);
#5534=ORIENTED_EDGE('',*,*,#4063,.F.);
#5535=ORIENTED_EDGE('',*,*,#3740,.F.);
#5536=ORIENTED_EDGE('',*,*,#4064,.F.);
#5537=ORIENTED_EDGE('',*,*,#4065,.T.);
#5538=ORIENTED_EDGE('',*,*,#3915,.T.);
#5539=ORIENTED_EDGE('',*,*,#4035,.F.);
#5540=ORIENTED_EDGE('',*,*,#3585,.F.);
#5541=ORIENTED_EDGE('',*,*,#4066,.T.);
#5542=ORIENTED_EDGE('',*,*,#3583,.T.);
#5543=ORIENTED_EDGE('',*,*,#4042,.F.);
#5544=ORIENTED_EDGE('',*,*,#3917,.F.);
#5545=ORIENTED_EDGE('',*,*,#3916,.F.);
#5546=ORIENTED_EDGE('',*,*,#4065,.F.);
#5547=ORIENTED_EDGE('',*,*,#3584,.F.);
#5548=ORIENTED_EDGE('',*,*,#4066,.F.);
#5549=ORIENTED_EDGE('',*,*,#4067,.T.);
#5550=ORIENTED_EDGE('',*,*,#3927,.T.);
#5551=ORIENTED_EDGE('',*,*,#4058,.F.);
#5552=ORIENTED_EDGE('',*,*,#3573,.F.);
#5553=ORIENTED_EDGE('',*,*,#4068,.T.);
#5554=ORIENTED_EDGE('',*,*,#3571,.T.);
#5555=ORIENTED_EDGE('',*,*,#4044,.F.);
#5556=ORIENTED_EDGE('',*,*,#3929,.F.);
#5557=ORIENTED_EDGE('',*,*,#3928,.F.);
#5558=ORIENTED_EDGE('',*,*,#4067,.F.);
#5559=ORIENTED_EDGE('',*,*,#3572,.F.);
#5560=ORIENTED_EDGE('',*,*,#4068,.F.);
#5561=ORIENTED_EDGE('',*,*,#4069,.T.);
#5562=ORIENTED_EDGE('',*,*,#3935,.T.);
#5563=ORIENTED_EDGE('',*,*,#4054,.F.);
#5564=ORIENTED_EDGE('',*,*,#3847,.F.);
#5565=ORIENTED_EDGE('',*,*,#4070,.T.);
#5566=ORIENTED_EDGE('',*,*,#3845,.T.);
#5567=ORIENTED_EDGE('',*,*,#4046,.F.);
#5568=ORIENTED_EDGE('',*,*,#3937,.F.);
#5569=ORIENTED_EDGE('',*,*,#3936,.F.);
#5570=ORIENTED_EDGE('',*,*,#4069,.F.);
#5571=ORIENTED_EDGE('',*,*,#3846,.F.);
#5572=ORIENTED_EDGE('',*,*,#4070,.F.);
#5573=ORIENTED_EDGE('',*,*,#4071,.T.);
#5574=ORIENTED_EDGE('',*,*,#3943,.T.);
#5575=ORIENTED_EDGE('',*,*,#4060,.F.);
#5576=ORIENTED_EDGE('',*,*,#3839,.F.);
#5577=ORIENTED_EDGE('',*,*,#4072,.T.);
#5578=ORIENTED_EDGE('',*,*,#3837,.T.);
#5579=ORIENTED_EDGE('',*,*,#4048,.F.);
#5580=ORIENTED_EDGE('',*,*,#3945,.F.);
#5581=ORIENTED_EDGE('',*,*,#3944,.F.);
#5582=ORIENTED_EDGE('',*,*,#4071,.F.);
#5583=ORIENTED_EDGE('',*,*,#3838,.F.);
#5584=ORIENTED_EDGE('',*,*,#4072,.F.);
#5585=ORIENTED_EDGE('',*,*,#4073,.T.);
#5586=ORIENTED_EDGE('',*,*,#3947,.T.);
#5587=ORIENTED_EDGE('',*,*,#4047,.F.);
#5588=ORIENTED_EDGE('',*,*,#3757,.F.);
#5589=ORIENTED_EDGE('',*,*,#4074,.T.);
#5590=ORIENTED_EDGE('',*,*,#3755,.T.);
#5591=ORIENTED_EDGE('',*,*,#4049,.F.);
#5592=ORIENTED_EDGE('',*,*,#3949,.F.);
#5593=ORIENTED_EDGE('',*,*,#3948,.F.);
#5594=ORIENTED_EDGE('',*,*,#4073,.F.);
#5595=ORIENTED_EDGE('',*,*,#3756,.F.);
#5596=ORIENTED_EDGE('',*,*,#4074,.F.);
#5597=ORIENTED_EDGE('',*,*,#4075,.T.);
#5598=ORIENTED_EDGE('',*,*,#3955,.T.);
#5599=ORIENTED_EDGE('',*,*,#4037,.F.);
#5600=ORIENTED_EDGE('',*,*,#3745,.F.);
#5601=ORIENTED_EDGE('',*,*,#4076,.T.);
#5602=ORIENTED_EDGE('',*,*,#3743,.T.);
#5603=ORIENTED_EDGE('',*,*,#4051,.F.);
#5604=ORIENTED_EDGE('',*,*,#3957,.F.);
#5605=ORIENTED_EDGE('',*,*,#3956,.F.);
#5606=ORIENTED_EDGE('',*,*,#4075,.F.);
#5607=ORIENTED_EDGE('',*,*,#3744,.F.);
#5608=ORIENTED_EDGE('',*,*,#4076,.F.);
#5609=ORIENTED_EDGE('',*,*,#4077,.T.);
#5610=ORIENTED_EDGE('',*,*,#3931,.T.);
#5611=ORIENTED_EDGE('',*,*,#4043,.F.);
#5612=ORIENTED_EDGE('',*,*,#3753,.F.);
#5613=ORIENTED_EDGE('',*,*,#4078,.T.);
#5614=ORIENTED_EDGE('',*,*,#3751,.T.);
#5615=ORIENTED_EDGE('',*,*,#4053,.F.);
#5616=ORIENTED_EDGE('',*,*,#3933,.F.);
#5617=ORIENTED_EDGE('',*,*,#3932,.F.);
#5618=ORIENTED_EDGE('',*,*,#4077,.F.);
#5619=ORIENTED_EDGE('',*,*,#3752,.F.);
#5620=ORIENTED_EDGE('',*,*,#4078,.F.);
#5621=ORIENTED_EDGE('',*,*,#4079,.T.);
#5622=ORIENTED_EDGE('',*,*,#3919,.T.);
#5623=ORIENTED_EDGE('',*,*,#4041,.F.);
#5624=ORIENTED_EDGE('',*,*,#3581,.F.);
#5625=ORIENTED_EDGE('',*,*,#4080,.T.);
#5626=ORIENTED_EDGE('',*,*,#3579,.T.);
#5627=ORIENTED_EDGE('',*,*,#4056,.F.);
#5628=ORIENTED_EDGE('',*,*,#3921,.F.);
#5629=ORIENTED_EDGE('',*,*,#3920,.F.);
#5630=ORIENTED_EDGE('',*,*,#4079,.F.);
#5631=ORIENTED_EDGE('',*,*,#3580,.F.);
#5632=ORIENTED_EDGE('',*,*,#4080,.F.);
#5633=ORIENTED_EDGE('',*,*,#4081,.T.);
#5634=ORIENTED_EDGE('',*,*,#3923,.T.);
#5635=ORIENTED_EDGE('',*,*,#4055,.F.);
#5636=ORIENTED_EDGE('',*,*,#3577,.F.);
#5637=ORIENTED_EDGE('',*,*,#4082,.T.);
#5638=ORIENTED_EDGE('',*,*,#3575,.T.);
#5639=ORIENTED_EDGE('',*,*,#4057,.F.);
#5640=ORIENTED_EDGE('',*,*,#3925,.F.);
#5641=ORIENTED_EDGE('',*,*,#3924,.F.);
#5642=ORIENTED_EDGE('',*,*,#4081,.F.);
#5643=ORIENTED_EDGE('',*,*,#3576,.F.);
#5644=ORIENTED_EDGE('',*,*,#4082,.F.);
#5645=ORIENTED_EDGE('',*,*,#4083,.T.);
#5646=ORIENTED_EDGE('',*,*,#3939,.T.);
#5647=ORIENTED_EDGE('',*,*,#4045,.F.);
#5648=ORIENTED_EDGE('',*,*,#3843,.F.);
#5649=ORIENTED_EDGE('',*,*,#4084,.T.);
#5650=ORIENTED_EDGE('',*,*,#3841,.T.);
#5651=ORIENTED_EDGE('',*,*,#4059,.F.);
#5652=ORIENTED_EDGE('',*,*,#3941,.F.);
#5653=ORIENTED_EDGE('',*,*,#3940,.F.);
#5654=ORIENTED_EDGE('',*,*,#4083,.F.);
#5655=ORIENTED_EDGE('',*,*,#3842,.F.);
#5656=ORIENTED_EDGE('',*,*,#4084,.F.);
#5657=ORIENTED_EDGE('',*,*,#4085,.F.);
#5658=ORIENTED_EDGE('',*,*,#3735,.T.);
#5659=ORIENTED_EDGE('',*,*,#4034,.F.);
#5660=ORIENTED_EDGE('',*,*,#3965,.F.);
#5661=ORIENTED_EDGE('',*,*,#4086,.F.);
#5662=ORIENTED_EDGE('',*,*,#3963,.T.);
#5663=ORIENTED_EDGE('',*,*,#4039,.F.);
#5664=ORIENTED_EDGE('',*,*,#3737,.F.);
#5665=ORIENTED_EDGE('',*,*,#4086,.T.);
#5666=ORIENTED_EDGE('',*,*,#3736,.T.);
#5667=ORIENTED_EDGE('',*,*,#4085,.T.);
#5668=ORIENTED_EDGE('',*,*,#3964,.T.);
#5669=ORIENTED_EDGE('',*,*,#4087,.T.);
#5670=ORIENTED_EDGE('',*,*,#4088,.F.);
#5671=ORIENTED_EDGE('',*,*,#4089,.F.);
#5672=ORIENTED_EDGE('',*,*,#4090,.F.);
#5673=ORIENTED_EDGE('',*,*,#4091,.T.);
#5674=ORIENTED_EDGE('',*,*,#4092,.T.);
#5675=ORIENTED_EDGE('',*,*,#4093,.F.);
#5676=ORIENTED_EDGE('',*,*,#4094,.T.);
#5677=ORIENTED_EDGE('',*,*,#4095,.T.);
#5678=ORIENTED_EDGE('',*,*,#4096,.T.);
#5679=ORIENTED_EDGE('',*,*,#4097,.F.);
#5680=ORIENTED_EDGE('',*,*,#4098,.T.);
#5681=ORIENTED_EDGE('',*,*,#4099,.F.);
#5682=ORIENTED_EDGE('',*,*,#4100,.F.);
#5683=ORIENTED_EDGE('',*,*,#4101,.F.);
#5684=ORIENTED_EDGE('',*,*,#4094,.F.);
#5685=ORIENTED_EDGE('',*,*,#4102,.F.);
#5686=ORIENTED_EDGE('',*,*,#4103,.F.);
#5687=ORIENTED_EDGE('',*,*,#4104,.T.);
#5688=ORIENTED_EDGE('',*,*,#4105,.F.);
#5689=ORIENTED_EDGE('',*,*,#4106,.F.);
#5690=ORIENTED_EDGE('',*,*,#4107,.F.);
#5691=ORIENTED_EDGE('',*,*,#4108,.T.);
#5692=ORIENTED_EDGE('',*,*,#4109,.F.);
#5693=ORIENTED_EDGE('',*,*,#4110,.F.);
#5694=ORIENTED_EDGE('',*,*,#4111,.F.);
#5695=ORIENTED_EDGE('',*,*,#4112,.T.);
#5696=ORIENTED_EDGE('',*,*,#4113,.F.);
#5697=ORIENTED_EDGE('',*,*,#4114,.F.);
#5698=ORIENTED_EDGE('',*,*,#4115,.T.);
#5699=ORIENTED_EDGE('',*,*,#4116,.T.);
#5700=ORIENTED_EDGE('',*,*,#4087,.F.);
#5701=ORIENTED_EDGE('',*,*,#4117,.F.);
#5702=ORIENTED_EDGE('',*,*,#4118,.F.);
#5703=ORIENTED_EDGE('',*,*,#4119,.F.);
#5704=ORIENTED_EDGE('',*,*,#4120,.T.);
#5705=ORIENTED_EDGE('',*,*,#4121,.T.);
#5706=ORIENTED_EDGE('',*,*,#4122,.T.);
#5707=ORIENTED_EDGE('',*,*,#4123,.F.);
#5708=ORIENTED_EDGE('',*,*,#4124,.T.);
#5709=ORIENTED_EDGE('',*,*,#4125,.T.);
#5710=ORIENTED_EDGE('',*,*,#4126,.T.);
#5711=ORIENTED_EDGE('',*,*,#4127,.F.);
#5712=ORIENTED_EDGE('',*,*,#4128,.F.);
#5713=ORIENTED_EDGE('',*,*,#4120,.F.);
#5714=ORIENTED_EDGE('',*,*,#4129,.T.);
#5715=ORIENTED_EDGE('',*,*,#4130,.F.);
#5716=ORIENTED_EDGE('',*,*,#4131,.F.);
#5717=ORIENTED_EDGE('',*,*,#4132,.T.);
#5718=ORIENTED_EDGE('',*,*,#4133,.T.);
#5719=ORIENTED_EDGE('',*,*,#4134,.F.);
#5720=ORIENTED_EDGE('',*,*,#4135,.F.);
#5721=ORIENTED_EDGE('',*,*,#4136,.T.);
#5722=ORIENTED_EDGE('',*,*,#4137,.T.);
#5723=ORIENTED_EDGE('',*,*,#4138,.F.);
#5724=ORIENTED_EDGE('',*,*,#4139,.F.);
#5725=ORIENTED_EDGE('',*,*,#4140,.T.);
#5726=ORIENTED_EDGE('',*,*,#4141,.T.);
#5727=ORIENTED_EDGE('',*,*,#4142,.F.);
#5728=ORIENTED_EDGE('',*,*,#4143,.F.);
#5729=ORIENTED_EDGE('',*,*,#4144,.T.);
#5730=ORIENTED_EDGE('',*,*,#4145,.T.);
#5731=ORIENTED_EDGE('',*,*,#4146,.F.);
#5732=ORIENTED_EDGE('',*,*,#4128,.T.);
#5733=ORIENTED_EDGE('',*,*,#4147,.T.);
#5734=ORIENTED_EDGE('',*,*,#4148,.T.);
#5735=ORIENTED_EDGE('',*,*,#4121,.F.);
#5736=ORIENTED_EDGE('',*,*,#4147,.F.);
#5737=ORIENTED_EDGE('',*,*,#4146,.T.);
#5738=ORIENTED_EDGE('',*,*,#4149,.T.);
#5739=ORIENTED_EDGE('',*,*,#4150,.T.);
#5740=ORIENTED_EDGE('',*,*,#4151,.T.);
#5741=ORIENTED_EDGE('',*,*,#4152,.T.);
#5742=ORIENTED_EDGE('',*,*,#4153,.T.);
#5743=ORIENTED_EDGE('',*,*,#4154,.F.);
#5744=ORIENTED_EDGE('',*,*,#4155,.T.);
#5745=ORIENTED_EDGE('',*,*,#4156,.T.);
#5746=ORIENTED_EDGE('',*,*,#4157,.T.);
#5747=ORIENTED_EDGE('',*,*,#4152,.F.);
#5748=ORIENTED_EDGE('',*,*,#4158,.T.);
#5749=ORIENTED_EDGE('',*,*,#4097,.T.);
#5750=ORIENTED_EDGE('',*,*,#4159,.T.);
#5751=ORIENTED_EDGE('',*,*,#4156,.F.);
#5752=ORIENTED_EDGE('',*,*,#4095,.F.);
#5753=ORIENTED_EDGE('',*,*,#4119,.T.);
#5754=ORIENTED_EDGE('',*,*,#4160,.T.);
#5755=ORIENTED_EDGE('',*,*,#4161,.T.);
#5756=ORIENTED_EDGE('',*,*,#4118,.T.);
#5757=ORIENTED_EDGE('',*,*,#4162,.T.);
#5758=ORIENTED_EDGE('',*,*,#4163,.T.);
#5759=ORIENTED_EDGE('',*,*,#4160,.F.);
#5760=ORIENTED_EDGE('',*,*,#4117,.T.);
#5761=ORIENTED_EDGE('',*,*,#4093,.T.);
#5762=ORIENTED_EDGE('',*,*,#4164,.T.);
#5763=ORIENTED_EDGE('',*,*,#4162,.F.);
#5764=ORIENTED_EDGE('',*,*,#4165,.T.);
#5765=ORIENTED_EDGE('',*,*,#4166,.T.);
#5766=ORIENTED_EDGE('',*,*,#4167,.T.);
#5767=ORIENTED_EDGE('',*,*,#4091,.F.);
#5768=ORIENTED_EDGE('',*,*,#4168,.T.);
#5769=ORIENTED_EDGE('',*,*,#4169,.T.);
#5770=ORIENTED_EDGE('',*,*,#4170,.T.);
#5771=ORIENTED_EDGE('',*,*,#4171,.T.);
#5772=ORIENTED_EDGE('',*,*,#4172,.T.);
#5773=ORIENTED_EDGE('',*,*,#4173,.T.);
#5774=ORIENTED_EDGE('',*,*,#4174,.T.);
#5775=ORIENTED_EDGE('',*,*,#4175,.T.);
#5776=ORIENTED_EDGE('',*,*,#4176,.T.);
#5777=ORIENTED_EDGE('',*,*,#4177,.T.);
#5778=ORIENTED_EDGE('',*,*,#4178,.T.);
#5779=ORIENTED_EDGE('',*,*,#4179,.T.);
#5780=ORIENTED_EDGE('',*,*,#4180,.T.);
#5781=ORIENTED_EDGE('',*,*,#4181,.T.);
#5782=ORIENTED_EDGE('',*,*,#4182,.T.);
#5783=ORIENTED_EDGE('',*,*,#4183,.T.);
#5784=ORIENTED_EDGE('',*,*,#4184,.T.);
#5785=ORIENTED_EDGE('',*,*,#4185,.T.);
#5786=ORIENTED_EDGE('',*,*,#4186,.T.);
#5787=ORIENTED_EDGE('',*,*,#4187,.T.);
#5788=ORIENTED_EDGE('',*,*,#4188,.T.);
#5789=ORIENTED_EDGE('',*,*,#4189,.T.);
#5790=ORIENTED_EDGE('',*,*,#4190,.T.);
#5791=ORIENTED_EDGE('',*,*,#4191,.T.);
#5792=ORIENTED_EDGE('',*,*,#4192,.T.);
#5793=ORIENTED_EDGE('',*,*,#4167,.F.);
#5794=ORIENTED_EDGE('',*,*,#4193,.F.);
#5795=ORIENTED_EDGE('',*,*,#4126,.F.);
#5796=ORIENTED_EDGE('',*,*,#4194,.F.);
#5797=ORIENTED_EDGE('',*,*,#4122,.F.);
#5798=ORIENTED_EDGE('',*,*,#4148,.F.);
#5799=ORIENTED_EDGE('',*,*,#4150,.F.);
#5800=ORIENTED_EDGE('',*,*,#4195,.F.);
#5801=ORIENTED_EDGE('',*,*,#4153,.F.);
#5802=ORIENTED_EDGE('',*,*,#4157,.F.);
#5803=ORIENTED_EDGE('',*,*,#4159,.F.);
#5804=ORIENTED_EDGE('',*,*,#4096,.F.);
#5805=ORIENTED_EDGE('',*,*,#4161,.F.);
#5806=ORIENTED_EDGE('',*,*,#4163,.F.);
#5807=ORIENTED_EDGE('',*,*,#4164,.F.);
#5808=ORIENTED_EDGE('',*,*,#4092,.F.);
#5809=ORIENTED_EDGE('',*,*,#4196,.F.);
#5810=ORIENTED_EDGE('',*,*,#4197,.F.);
#5811=ORIENTED_EDGE('',*,*,#4198,.T.);
#5812=ORIENTED_EDGE('',*,*,#4199,.F.);
#5813=ORIENTED_EDGE('',*,*,#4200,.F.);
#5814=ORIENTED_EDGE('',*,*,#4165,.F.);
#5815=ORIENTED_EDGE('',*,*,#4201,.F.);
#5816=ORIENTED_EDGE('',*,*,#4202,.T.);
#5817=ORIENTED_EDGE('',*,*,#4203,.T.);
#5818=ORIENTED_EDGE('',*,*,#4204,.F.);
#5819=ORIENTED_EDGE('',*,*,#4191,.F.);
#5820=ORIENTED_EDGE('',*,*,#4205,.F.);
#5821=ORIENTED_EDGE('',*,*,#4206,.F.);
#5822=ORIENTED_EDGE('',*,*,#4207,.F.);
#5823=ORIENTED_EDGE('',*,*,#4208,.T.);
#5824=ORIENTED_EDGE('',*,*,#4209,.F.);
#5825=ORIENTED_EDGE('',*,*,#4210,.T.);
#5826=ORIENTED_EDGE('',*,*,#4211,.F.);
#5827=ORIENTED_EDGE('',*,*,#4189,.F.);
#5828=ORIENTED_EDGE('',*,*,#4212,.F.);
#5829=ORIENTED_EDGE('',*,*,#4213,.F.);
#5830=ORIENTED_EDGE('',*,*,#4214,.F.);
#5831=ORIENTED_EDGE('',*,*,#4215,.T.);
#5832=ORIENTED_EDGE('',*,*,#4216,.F.);
#5833=ORIENTED_EDGE('',*,*,#4217,.T.);
#5834=ORIENTED_EDGE('',*,*,#4218,.F.);
#5835=ORIENTED_EDGE('',*,*,#4187,.F.);
#5836=ORIENTED_EDGE('',*,*,#4219,.F.);
#5837=ORIENTED_EDGE('',*,*,#4220,.F.);
#5838=ORIENTED_EDGE('',*,*,#4221,.F.);
#5839=ORIENTED_EDGE('',*,*,#4222,.T.);
#5840=ORIENTED_EDGE('',*,*,#4223,.F.);
#5841=ORIENTED_EDGE('',*,*,#4224,.T.);
#5842=ORIENTED_EDGE('',*,*,#4225,.F.);
#5843=ORIENTED_EDGE('',*,*,#4185,.F.);
#5844=ORIENTED_EDGE('',*,*,#4226,.F.);
#5845=ORIENTED_EDGE('',*,*,#4227,.F.);
#5846=ORIENTED_EDGE('',*,*,#4228,.F.);
#5847=ORIENTED_EDGE('',*,*,#4229,.T.);
#5848=ORIENTED_EDGE('',*,*,#4230,.F.);
#5849=ORIENTED_EDGE('',*,*,#4231,.T.);
#5850=ORIENTED_EDGE('',*,*,#4232,.F.);
#5851=ORIENTED_EDGE('',*,*,#4183,.F.);
#5852=ORIENTED_EDGE('',*,*,#4233,.F.);
#5853=ORIENTED_EDGE('',*,*,#4234,.F.);
#5854=ORIENTED_EDGE('',*,*,#4235,.F.);
#5855=ORIENTED_EDGE('',*,*,#4236,.T.);
#5856=ORIENTED_EDGE('',*,*,#4237,.F.);
#5857=ORIENTED_EDGE('',*,*,#4238,.T.);
#5858=ORIENTED_EDGE('',*,*,#4239,.F.);
#5859=ORIENTED_EDGE('',*,*,#4181,.F.);
#5860=ORIENTED_EDGE('',*,*,#4240,.F.);
#5861=ORIENTED_EDGE('',*,*,#4241,.F.);
#5862=ORIENTED_EDGE('',*,*,#4242,.F.);
#5863=ORIENTED_EDGE('',*,*,#4243,.T.);
#5864=ORIENTED_EDGE('',*,*,#4244,.F.);
#5865=ORIENTED_EDGE('',*,*,#4245,.T.);
#5866=ORIENTED_EDGE('',*,*,#4246,.F.);
#5867=ORIENTED_EDGE('',*,*,#4179,.F.);
#5868=ORIENTED_EDGE('',*,*,#4247,.F.);
#5869=ORIENTED_EDGE('',*,*,#4248,.F.);
#5870=ORIENTED_EDGE('',*,*,#4249,.F.);
#5871=ORIENTED_EDGE('',*,*,#4250,.T.);
#5872=ORIENTED_EDGE('',*,*,#4251,.F.);
#5873=ORIENTED_EDGE('',*,*,#4252,.T.);
#5874=ORIENTED_EDGE('',*,*,#4253,.F.);
#5875=ORIENTED_EDGE('',*,*,#4177,.F.);
#5876=ORIENTED_EDGE('',*,*,#4254,.F.);
#5877=ORIENTED_EDGE('',*,*,#4255,.F.);
#5878=ORIENTED_EDGE('',*,*,#4256,.F.);
#5879=ORIENTED_EDGE('',*,*,#4257,.T.);
#5880=ORIENTED_EDGE('',*,*,#4258,.F.);
#5881=ORIENTED_EDGE('',*,*,#4259,.T.);
#5882=ORIENTED_EDGE('',*,*,#4260,.F.);
#5883=ORIENTED_EDGE('',*,*,#4175,.F.);
#5884=ORIENTED_EDGE('',*,*,#4261,.F.);
#5885=ORIENTED_EDGE('',*,*,#4262,.F.);
#5886=ORIENTED_EDGE('',*,*,#4263,.F.);
#5887=ORIENTED_EDGE('',*,*,#4264,.T.);
#5888=ORIENTED_EDGE('',*,*,#4265,.F.);
#5889=ORIENTED_EDGE('',*,*,#4266,.T.);
#5890=ORIENTED_EDGE('',*,*,#4267,.F.);
#5891=ORIENTED_EDGE('',*,*,#4173,.F.);
#5892=ORIENTED_EDGE('',*,*,#4268,.F.);
#5893=ORIENTED_EDGE('',*,*,#4269,.F.);
#5894=ORIENTED_EDGE('',*,*,#4270,.F.);
#5895=ORIENTED_EDGE('',*,*,#4271,.T.);
#5896=ORIENTED_EDGE('',*,*,#4272,.F.);
#5897=ORIENTED_EDGE('',*,*,#4273,.T.);
#5898=ORIENTED_EDGE('',*,*,#4274,.F.);
#5899=ORIENTED_EDGE('',*,*,#4171,.F.);
#5900=ORIENTED_EDGE('',*,*,#4275,.F.);
#5901=ORIENTED_EDGE('',*,*,#4276,.F.);
#5902=ORIENTED_EDGE('',*,*,#4277,.F.);
#5903=ORIENTED_EDGE('',*,*,#4278,.T.);
#5904=ORIENTED_EDGE('',*,*,#4279,.F.);
#5905=ORIENTED_EDGE('',*,*,#4280,.T.);
#5906=ORIENTED_EDGE('',*,*,#4281,.F.);
#5907=ORIENTED_EDGE('',*,*,#4169,.F.);
#5908=ORIENTED_EDGE('',*,*,#4282,.F.);
#5909=ORIENTED_EDGE('',*,*,#4283,.F.);
#5910=ORIENTED_EDGE('',*,*,#4284,.F.);
#5911=ORIENTED_EDGE('',*,*,#4285,.T.);
#5912=ORIENTED_EDGE('',*,*,#4286,.F.);
#5913=ORIENTED_EDGE('',*,*,#4287,.F.);
#5914=ORIENTED_EDGE('',*,*,#4288,.F.);
#5915=ORIENTED_EDGE('',*,*,#4289,.F.);
#5916=ORIENTED_EDGE('',*,*,#4290,.T.);
#5917=ORIENTED_EDGE('',*,*,#4098,.F.);
#5918=ORIENTED_EDGE('',*,*,#4291,.F.);
#5919=ORIENTED_EDGE('',*,*,#4292,.F.);
#5920=ORIENTED_EDGE('',*,*,#4293,.T.);
#5921=ORIENTED_EDGE('',*,*,#4294,.T.);
#5922=ORIENTED_EDGE('',*,*,#4127,.T.);
#5923=ORIENTED_EDGE('',*,*,#4193,.T.);
#5924=ORIENTED_EDGE('',*,*,#4166,.F.);
#5925=ORIENTED_EDGE('',*,*,#4196,.T.);
#5926=ORIENTED_EDGE('',*,*,#4295,.T.);
#5927=ORIENTED_EDGE('',*,*,#4296,.T.);
#5928=ORIENTED_EDGE('',*,*,#4297,.F.);
#5929=ORIENTED_EDGE('',*,*,#4206,.T.);
#5930=ORIENTED_EDGE('',*,*,#4298,.T.);
#5931=ORIENTED_EDGE('',*,*,#4299,.T.);
#5932=ORIENTED_EDGE('',*,*,#4300,.F.);
#5933=ORIENTED_EDGE('',*,*,#4213,.T.);
#5934=ORIENTED_EDGE('',*,*,#4301,.T.);
#5935=ORIENTED_EDGE('',*,*,#4302,.T.);
#5936=ORIENTED_EDGE('',*,*,#4303,.F.);
#5937=ORIENTED_EDGE('',*,*,#4220,.T.);
#5938=ORIENTED_EDGE('',*,*,#4304,.T.);
#5939=ORIENTED_EDGE('',*,*,#4305,.T.);
#5940=ORIENTED_EDGE('',*,*,#4306,.F.);
#5941=ORIENTED_EDGE('',*,*,#4227,.T.);
#5942=ORIENTED_EDGE('',*,*,#4307,.T.);
#5943=ORIENTED_EDGE('',*,*,#4308,.T.);
#5944=ORIENTED_EDGE('',*,*,#4309,.F.);
#5945=ORIENTED_EDGE('',*,*,#4234,.T.);
#5946=ORIENTED_EDGE('',*,*,#4310,.T.);
#5947=ORIENTED_EDGE('',*,*,#4311,.T.);
#5948=ORIENTED_EDGE('',*,*,#4312,.F.);
#5949=ORIENTED_EDGE('',*,*,#4241,.T.);
#5950=ORIENTED_EDGE('',*,*,#4313,.T.);
#5951=ORIENTED_EDGE('',*,*,#4314,.T.);
#5952=ORIENTED_EDGE('',*,*,#4315,.F.);
#5953=ORIENTED_EDGE('',*,*,#4248,.T.);
#5954=ORIENTED_EDGE('',*,*,#4316,.T.);
#5955=ORIENTED_EDGE('',*,*,#4317,.T.);
#5956=ORIENTED_EDGE('',*,*,#4318,.F.);
#5957=ORIENTED_EDGE('',*,*,#4255,.T.);
#5958=ORIENTED_EDGE('',*,*,#4319,.T.);
#5959=ORIENTED_EDGE('',*,*,#4320,.T.);
#5960=ORIENTED_EDGE('',*,*,#4321,.F.);
#5961=ORIENTED_EDGE('',*,*,#4262,.T.);
#5962=ORIENTED_EDGE('',*,*,#4322,.T.);
#5963=ORIENTED_EDGE('',*,*,#4323,.T.);
#5964=ORIENTED_EDGE('',*,*,#4324,.F.);
#5965=ORIENTED_EDGE('',*,*,#4269,.T.);
#5966=ORIENTED_EDGE('',*,*,#4325,.T.);
#5967=ORIENTED_EDGE('',*,*,#4326,.T.);
#5968=ORIENTED_EDGE('',*,*,#4327,.F.);
#5969=ORIENTED_EDGE('',*,*,#4276,.T.);
#5970=ORIENTED_EDGE('',*,*,#4328,.T.);
#5971=ORIENTED_EDGE('',*,*,#4329,.T.);
#5972=ORIENTED_EDGE('',*,*,#4330,.F.);
#5973=ORIENTED_EDGE('',*,*,#4283,.T.);
#5974=ORIENTED_EDGE('',*,*,#4331,.T.);
#5975=ORIENTED_EDGE('',*,*,#4332,.T.);
#5976=ORIENTED_EDGE('',*,*,#4333,.T.);
#5977=ORIENTED_EDGE('',*,*,#4334,.T.);
#5978=ORIENTED_EDGE('',*,*,#4188,.F.);
#5979=ORIENTED_EDGE('',*,*,#4335,.F.);
#5980=ORIENTED_EDGE('',*,*,#4336,.T.);
#5981=ORIENTED_EDGE('',*,*,#4337,.T.);
#5982=ORIENTED_EDGE('',*,*,#4190,.F.);
#5983=ORIENTED_EDGE('',*,*,#4338,.F.);
#5984=ORIENTED_EDGE('',*,*,#4339,.T.);
#5985=ORIENTED_EDGE('',*,*,#4340,.T.);
#5986=ORIENTED_EDGE('',*,*,#4180,.F.);
#5987=ORIENTED_EDGE('',*,*,#4341,.F.);
#5988=ORIENTED_EDGE('',*,*,#4342,.T.);
#5989=ORIENTED_EDGE('',*,*,#4343,.T.);
#5990=ORIENTED_EDGE('',*,*,#4178,.F.);
#5991=ORIENTED_EDGE('',*,*,#4344,.F.);
#5992=ORIENTED_EDGE('',*,*,#4345,.T.);
#5993=ORIENTED_EDGE('',*,*,#4346,.T.);
#5994=ORIENTED_EDGE('',*,*,#4182,.F.);
#5995=ORIENTED_EDGE('',*,*,#4347,.F.);
#5996=ORIENTED_EDGE('',*,*,#4348,.T.);
#5997=ORIENTED_EDGE('',*,*,#4349,.T.);
#5998=ORIENTED_EDGE('',*,*,#4176,.F.);
#5999=ORIENTED_EDGE('',*,*,#4350,.F.);
#6000=ORIENTED_EDGE('',*,*,#4351,.T.);
#6001=ORIENTED_EDGE('',*,*,#4352,.T.);
#6002=ORIENTED_EDGE('',*,*,#4184,.F.);
#6003=ORIENTED_EDGE('',*,*,#4353,.F.);
#6004=ORIENTED_EDGE('',*,*,#4354,.T.);
#6005=ORIENTED_EDGE('',*,*,#4355,.T.);
#6006=ORIENTED_EDGE('',*,*,#4174,.F.);
#6007=ORIENTED_EDGE('',*,*,#4356,.F.);
#6008=ORIENTED_EDGE('',*,*,#4357,.T.);
#6009=ORIENTED_EDGE('',*,*,#4358,.T.);
#6010=ORIENTED_EDGE('',*,*,#4186,.F.);
#6011=ORIENTED_EDGE('',*,*,#4359,.F.);
#6012=ORIENTED_EDGE('',*,*,#4360,.T.);
#6013=ORIENTED_EDGE('',*,*,#4361,.T.);
#6014=ORIENTED_EDGE('',*,*,#4172,.F.);
#6015=ORIENTED_EDGE('',*,*,#4362,.F.);
#6016=ORIENTED_EDGE('',*,*,#4363,.T.);
#6017=ORIENTED_EDGE('',*,*,#4364,.T.);
#6018=ORIENTED_EDGE('',*,*,#4192,.F.);
#6019=ORIENTED_EDGE('',*,*,#4365,.F.);
#6020=ORIENTED_EDGE('',*,*,#4366,.T.);
#6021=ORIENTED_EDGE('',*,*,#4367,.T.);
#6022=ORIENTED_EDGE('',*,*,#4170,.F.);
#6023=ORIENTED_EDGE('',*,*,#4368,.F.);
#6024=ORIENTED_EDGE('',*,*,#4168,.F.);
#6025=ORIENTED_EDGE('',*,*,#4090,.T.);
#6026=ORIENTED_EDGE('',*,*,#4369,.T.);
#6027=ORIENTED_EDGE('',*,*,#4370,.T.);
#6028=ORIENTED_EDGE('',*,*,#4158,.F.);
#6029=ORIENTED_EDGE('',*,*,#4155,.F.);
#6030=ORIENTED_EDGE('',*,*,#4151,.F.);
#6031=ORIENTED_EDGE('',*,*,#4371,.T.);
#6032=ORIENTED_EDGE('',*,*,#4372,.F.);
#6033=ORIENTED_EDGE('',*,*,#4373,.F.);
#6034=ORIENTED_EDGE('',*,*,#4374,.T.);
#6035=ORIENTED_EDGE('',*,*,#4375,.T.);
#6036=ORIENTED_EDGE('',*,*,#4376,.F.);
#6037=ORIENTED_EDGE('',*,*,#4377,.F.);
#6038=ORIENTED_EDGE('',*,*,#4378,.T.);
#6039=ORIENTED_EDGE('',*,*,#4379,.T.);
#6040=ORIENTED_EDGE('',*,*,#4380,.F.);
#6041=ORIENTED_EDGE('',*,*,#4381,.F.);
#6042=ORIENTED_EDGE('',*,*,#4382,.T.);
#6043=ORIENTED_EDGE('',*,*,#4383,.T.);
#6044=ORIENTED_EDGE('',*,*,#4209,.T.);
#6045=ORIENTED_EDGE('',*,*,#4384,.T.);
#6046=ORIENTED_EDGE('',*,*,#4385,.T.);
#6047=ORIENTED_EDGE('',*,*,#4298,.F.);
#6048=ORIENTED_EDGE('',*,*,#4214,.T.);
#6049=ORIENTED_EDGE('',*,*,#4300,.T.);
#6050=ORIENTED_EDGE('',*,*,#4386,.T.);
#6051=ORIENTED_EDGE('',*,*,#4387,.T.);
#6052=ORIENTED_EDGE('',*,*,#4237,.T.);
#6053=ORIENTED_EDGE('',*,*,#4388,.T.);
#6054=ORIENTED_EDGE('',*,*,#4389,.T.);
#6055=ORIENTED_EDGE('',*,*,#4310,.F.);
#6056=ORIENTED_EDGE('',*,*,#4242,.T.);
#6057=ORIENTED_EDGE('',*,*,#4312,.T.);
#6058=ORIENTED_EDGE('',*,*,#4390,.T.);
#6059=ORIENTED_EDGE('',*,*,#4391,.T.);
#6060=ORIENTED_EDGE('',*,*,#4265,.T.);
#6061=ORIENTED_EDGE('',*,*,#4392,.T.);
#6062=ORIENTED_EDGE('',*,*,#4393,.T.);
#6063=ORIENTED_EDGE('',*,*,#4322,.F.);
#6064=ORIENTED_EDGE('',*,*,#4270,.T.);
#6065=ORIENTED_EDGE('',*,*,#4324,.T.);
#6066=ORIENTED_EDGE('',*,*,#4394,.T.);
#6067=ORIENTED_EDGE('',*,*,#4395,.T.);
#6068=ORIENTED_EDGE('',*,*,#4286,.T.);
#6069=ORIENTED_EDGE('',*,*,#4396,.T.);
#6070=ORIENTED_EDGE('',*,*,#4397,.T.);
#6071=ORIENTED_EDGE('',*,*,#4331,.F.);
#6072=ORIENTED_EDGE('',*,*,#4258,.T.);
#6073=ORIENTED_EDGE('',*,*,#4398,.T.);
#6074=ORIENTED_EDGE('',*,*,#4399,.T.);
#6075=ORIENTED_EDGE('',*,*,#4319,.F.);
#6076=ORIENTED_EDGE('',*,*,#4263,.T.);
#6077=ORIENTED_EDGE('',*,*,#4321,.T.);
#6078=ORIENTED_EDGE('',*,*,#4400,.T.);
#6079=ORIENTED_EDGE('',*,*,#4401,.T.);
#6080=ORIENTED_EDGE('',*,*,#4230,.T.);
#6081=ORIENTED_EDGE('',*,*,#4402,.T.);
#6082=ORIENTED_EDGE('',*,*,#4403,.T.);
#6083=ORIENTED_EDGE('',*,*,#4307,.F.);
#6084=ORIENTED_EDGE('',*,*,#4235,.T.);
#6085=ORIENTED_EDGE('',*,*,#4309,.T.);
#6086=ORIENTED_EDGE('',*,*,#4404,.T.);
#6087=ORIENTED_EDGE('',*,*,#4405,.T.);
#6088=ORIENTED_EDGE('',*,*,#4199,.T.);
#6089=ORIENTED_EDGE('',*,*,#4406,.T.);
#6090=ORIENTED_EDGE('',*,*,#4407,.T.);
#6091=ORIENTED_EDGE('',*,*,#4295,.F.);
#6092=ORIENTED_EDGE('',*,*,#4207,.T.);
#6093=ORIENTED_EDGE('',*,*,#4297,.T.);
#6094=ORIENTED_EDGE('',*,*,#4408,.T.);
#6095=ORIENTED_EDGE('',*,*,#4409,.T.);
#6096=ORIENTED_EDGE('',*,*,#4216,.T.);
#6097=ORIENTED_EDGE('',*,*,#4410,.T.);
#6098=ORIENTED_EDGE('',*,*,#4411,.T.);
#6099=ORIENTED_EDGE('',*,*,#4301,.F.);
#6100=ORIENTED_EDGE('',*,*,#4221,.T.);
#6101=ORIENTED_EDGE('',*,*,#4303,.T.);
#6102=ORIENTED_EDGE('',*,*,#4412,.T.);
#6103=ORIENTED_EDGE('',*,*,#4413,.T.);
#6104=ORIENTED_EDGE('',*,*,#4244,.T.);
#6105=ORIENTED_EDGE('',*,*,#4414,.T.);
#6106=ORIENTED_EDGE('',*,*,#4415,.T.);
#6107=ORIENTED_EDGE('',*,*,#4313,.F.);
#6108=ORIENTED_EDGE('',*,*,#4249,.T.);
#6109=ORIENTED_EDGE('',*,*,#4315,.T.);
#6110=ORIENTED_EDGE('',*,*,#4416,.T.);
#6111=ORIENTED_EDGE('',*,*,#4417,.T.);
#6112=ORIENTED_EDGE('',*,*,#4272,.T.);
#6113=ORIENTED_EDGE('',*,*,#4418,.T.);
#6114=ORIENTED_EDGE('',*,*,#4419,.T.);
#6115=ORIENTED_EDGE('',*,*,#4325,.F.);
#6116=ORIENTED_EDGE('',*,*,#4277,.T.);
#6117=ORIENTED_EDGE('',*,*,#4327,.T.);
#6118=ORIENTED_EDGE('',*,*,#4420,.T.);
#6119=ORIENTED_EDGE('',*,*,#4421,.T.);
#6120=ORIENTED_EDGE('',*,*,#4279,.T.);
#6121=ORIENTED_EDGE('',*,*,#4422,.T.);
#6122=ORIENTED_EDGE('',*,*,#4423,.T.);
#6123=ORIENTED_EDGE('',*,*,#4328,.F.);
#6124=ORIENTED_EDGE('',*,*,#4284,.T.);
#6125=ORIENTED_EDGE('',*,*,#4330,.T.);
#6126=ORIENTED_EDGE('',*,*,#4424,.T.);
#6127=ORIENTED_EDGE('',*,*,#4425,.T.);
#6128=ORIENTED_EDGE('',*,*,#4251,.T.);
#6129=ORIENTED_EDGE('',*,*,#4426,.T.);
#6130=ORIENTED_EDGE('',*,*,#4427,.T.);
#6131=ORIENTED_EDGE('',*,*,#4316,.F.);
#6132=ORIENTED_EDGE('',*,*,#4256,.T.);
#6133=ORIENTED_EDGE('',*,*,#4318,.T.);
#6134=ORIENTED_EDGE('',*,*,#4428,.T.);
#6135=ORIENTED_EDGE('',*,*,#4429,.T.);
#6136=ORIENTED_EDGE('',*,*,#4223,.T.);
#6137=ORIENTED_EDGE('',*,*,#4430,.T.);
#6138=ORIENTED_EDGE('',*,*,#4431,.T.);
#6139=ORIENTED_EDGE('',*,*,#4304,.F.);
#6140=ORIENTED_EDGE('',*,*,#4228,.T.);
#6141=ORIENTED_EDGE('',*,*,#4306,.T.);
#6142=ORIENTED_EDGE('',*,*,#4432,.T.);
#6143=ORIENTED_EDGE('',*,*,#4433,.T.);
#6144=ORIENTED_EDGE('',*,*,#4406,.F.);
#6145=ORIENTED_EDGE('',*,*,#4198,.F.);
#6146=ORIENTED_EDGE('',*,*,#4434,.F.);
#6147=ORIENTED_EDGE('',*,*,#4435,.F.);
#6148=ORIENTED_EDGE('',*,*,#4402,.F.);
#6149=ORIENTED_EDGE('',*,*,#4229,.F.);
#6150=ORIENTED_EDGE('',*,*,#4433,.F.);
#6151=ORIENTED_EDGE('',*,*,#4436,.F.);
#6152=ORIENTED_EDGE('',*,*,#4398,.F.);
#6153=ORIENTED_EDGE('',*,*,#4257,.F.);
#6154=ORIENTED_EDGE('',*,*,#4429,.F.);
#6155=ORIENTED_EDGE('',*,*,#4437,.F.);
#6156=ORIENTED_EDGE('',*,*,#4396,.F.);
#6157=ORIENTED_EDGE('',*,*,#4285,.F.);
#6158=ORIENTED_EDGE('',*,*,#4425,.F.);
#6159=ORIENTED_EDGE('',*,*,#4438,.F.);
#6160=ORIENTED_EDGE('',*,*,#4421,.F.);
#6161=ORIENTED_EDGE('',*,*,#4439,.F.);
#6162=ORIENTED_EDGE('',*,*,#4422,.F.);
#6163=ORIENTED_EDGE('',*,*,#4278,.F.);
#6164=ORIENTED_EDGE('',*,*,#4417,.F.);
#6165=ORIENTED_EDGE('',*,*,#4440,.F.);
#6166=ORIENTED_EDGE('',*,*,#4426,.F.);
#6167=ORIENTED_EDGE('',*,*,#4250,.F.);
#6168=ORIENTED_EDGE('',*,*,#4413,.F.);
#6169=ORIENTED_EDGE('',*,*,#4441,.F.);
#6170=ORIENTED_EDGE('',*,*,#4430,.F.);
#6171=ORIENTED_EDGE('',*,*,#4222,.F.);
#6172=ORIENTED_EDGE('',*,*,#4384,.F.);
#6173=ORIENTED_EDGE('',*,*,#4208,.F.);
#6174=ORIENTED_EDGE('',*,*,#4409,.F.);
#6175=ORIENTED_EDGE('',*,*,#4442,.F.);
#6176=ORIENTED_EDGE('',*,*,#4388,.F.);
#6177=ORIENTED_EDGE('',*,*,#4236,.F.);
#6178=ORIENTED_EDGE('',*,*,#4405,.F.);
#6179=ORIENTED_EDGE('',*,*,#4443,.F.);
#6180=ORIENTED_EDGE('',*,*,#4392,.F.);
#6181=ORIENTED_EDGE('',*,*,#4264,.F.);
#6182=ORIENTED_EDGE('',*,*,#4401,.F.);
#6183=ORIENTED_EDGE('',*,*,#4444,.F.);
#6184=ORIENTED_EDGE('',*,*,#4395,.F.);
#6185=ORIENTED_EDGE('',*,*,#4445,.F.);
#6186=ORIENTED_EDGE('',*,*,#4418,.F.);
#6187=ORIENTED_EDGE('',*,*,#4271,.F.);
#6188=ORIENTED_EDGE('',*,*,#4391,.F.);
#6189=ORIENTED_EDGE('',*,*,#4446,.F.);
#6190=ORIENTED_EDGE('',*,*,#4414,.F.);
#6191=ORIENTED_EDGE('',*,*,#4243,.F.);
#6192=ORIENTED_EDGE('',*,*,#4387,.F.);
#6193=ORIENTED_EDGE('',*,*,#4447,.F.);
#6194=ORIENTED_EDGE('',*,*,#4410,.F.);
#6195=ORIENTED_EDGE('',*,*,#4215,.F.);
#6196=ORIENTED_EDGE('',*,*,#4385,.F.);
#6197=ORIENTED_EDGE('',*,*,#4442,.T.);
#6198=ORIENTED_EDGE('',*,*,#4408,.F.);
#6199=ORIENTED_EDGE('',*,*,#4296,.F.);
#6200=ORIENTED_EDGE('',*,*,#4407,.F.);
#6201=ORIENTED_EDGE('',*,*,#4435,.T.);
#6202=ORIENTED_EDGE('',*,*,#4448,.F.);
#6203=ORIENTED_EDGE('',*,*,#4449,.F.);
#6204=ORIENTED_EDGE('',*,*,#4450,.F.);
#6205=ORIENTED_EDGE('',*,*,#4451,.F.);
#6206=ORIENTED_EDGE('',*,*,#4363,.F.);
#6207=ORIENTED_EDGE('',*,*,#4452,.F.);
#6208=ORIENTED_EDGE('',*,*,#4453,.F.);
#6209=ORIENTED_EDGE('',*,*,#4454,.F.);
#6210=ORIENTED_EDGE('',*,*,#4336,.F.);
#6211=ORIENTED_EDGE('',*,*,#4455,.F.);
#6212=ORIENTED_EDGE('',*,*,#4456,.F.);
#6213=ORIENTED_EDGE('',*,*,#4457,.F.);
#6214=ORIENTED_EDGE('',*,*,#4333,.F.);
#6215=ORIENTED_EDGE('',*,*,#4458,.F.);
#6216=ORIENTED_EDGE('',*,*,#4459,.F.);
#6217=ORIENTED_EDGE('',*,*,#4460,.F.);
#6218=ORIENTED_EDGE('',*,*,#4357,.F.);
#6219=ORIENTED_EDGE('',*,*,#4461,.F.);
#6220=ORIENTED_EDGE('',*,*,#4462,.F.);
#6221=ORIENTED_EDGE('',*,*,#4463,.F.);
#6222=ORIENTED_EDGE('',*,*,#4351,.F.);
#6223=ORIENTED_EDGE('',*,*,#4464,.F.);
#6224=ORIENTED_EDGE('',*,*,#4465,.F.);
#6225=ORIENTED_EDGE('',*,*,#4466,.F.);
#6226=ORIENTED_EDGE('',*,*,#4345,.F.);
#6227=ORIENTED_EDGE('',*,*,#4467,.F.);
#6228=ORIENTED_EDGE('',*,*,#4468,.F.);
#6229=ORIENTED_EDGE('',*,*,#4469,.F.);
#6230=ORIENTED_EDGE('',*,*,#4339,.F.);
#6231=ORIENTED_EDGE('',*,*,#4470,.F.);
#6232=ORIENTED_EDGE('',*,*,#4471,.F.);
#6233=ORIENTED_EDGE('',*,*,#4472,.F.);
#6234=ORIENTED_EDGE('',*,*,#4342,.F.);
#6235=ORIENTED_EDGE('',*,*,#4473,.F.);
#6236=ORIENTED_EDGE('',*,*,#4474,.F.);
#6237=ORIENTED_EDGE('',*,*,#4475,.F.);
#6238=ORIENTED_EDGE('',*,*,#4348,.F.);
#6239=ORIENTED_EDGE('',*,*,#4476,.F.);
#6240=ORIENTED_EDGE('',*,*,#4477,.F.);
#6241=ORIENTED_EDGE('',*,*,#4478,.F.);
#6242=ORIENTED_EDGE('',*,*,#4354,.F.);
#6243=ORIENTED_EDGE('',*,*,#4479,.F.);
#6244=ORIENTED_EDGE('',*,*,#4480,.F.);
#6245=ORIENTED_EDGE('',*,*,#4481,.F.);
#6246=ORIENTED_EDGE('',*,*,#4360,.F.);
#6247=ORIENTED_EDGE('',*,*,#4482,.F.);
#6248=ORIENTED_EDGE('',*,*,#4483,.F.);
#6249=ORIENTED_EDGE('',*,*,#4484,.F.);
#6250=ORIENTED_EDGE('',*,*,#4366,.F.);
#6251=ORIENTED_EDGE('',*,*,#4485,.F.);
#6252=ORIENTED_EDGE('',*,*,#4486,.F.);
#6253=ORIENTED_EDGE('',*,*,#4487,.F.);
#6254=ORIENTED_EDGE('',*,*,#4369,.F.);
#6255=ORIENTED_EDGE('',*,*,#4089,.T.);
#6256=ORIENTED_EDGE('',*,*,#4488,.F.);
#6257=ORIENTED_EDGE('',*,*,#4489,.T.);
#6258=ORIENTED_EDGE('',*,*,#4490,.T.);
#6259=ORIENTED_EDGE('',*,*,#4491,.T.);
#6260=ORIENTED_EDGE('',*,*,#4492,.F.);
#6261=ORIENTED_EDGE('',*,*,#4493,.F.);
#6262=ORIENTED_EDGE('',*,*,#4494,.T.);
#6263=ORIENTED_EDGE('',*,*,#4495,.T.);
#6264=ORIENTED_EDGE('',*,*,#4496,.F.);
#6265=ORIENTED_EDGE('',*,*,#4497,.F.);
#6266=ORIENTED_EDGE('',*,*,#4498,.T.);
#6267=ORIENTED_EDGE('',*,*,#4499,.T.);
#6268=ORIENTED_EDGE('',*,*,#4500,.F.);
#6269=ORIENTED_EDGE('',*,*,#4501,.F.);
#6270=ORIENTED_EDGE('',*,*,#4502,.T.);
#6271=ORIENTED_EDGE('',*,*,#4100,.T.);
#6272=ORIENTED_EDGE('',*,*,#4503,.F.);
#6273=ORIENTED_EDGE('',*,*,#4504,.F.);
#6274=ORIENTED_EDGE('',*,*,#4505,.T.);
#6275=ORIENTED_EDGE('',*,*,#4506,.T.);
#6276=ORIENTED_EDGE('',*,*,#4507,.F.);
#6277=ORIENTED_EDGE('',*,*,#4508,.F.);
#6278=ORIENTED_EDGE('',*,*,#4509,.T.);
#6279=ORIENTED_EDGE('',*,*,#4510,.T.);
#6280=ORIENTED_EDGE('',*,*,#4511,.F.);
#6281=ORIENTED_EDGE('',*,*,#4512,.F.);
#6282=ORIENTED_EDGE('',*,*,#4513,.T.);
#6283=ORIENTED_EDGE('',*,*,#4514,.T.);
#6284=ORIENTED_EDGE('',*,*,#4515,.F.);
#6285=ORIENTED_EDGE('',*,*,#4516,.F.);
#6286=ORIENTED_EDGE('',*,*,#4517,.T.);
#6287=ORIENTED_EDGE('',*,*,#4518,.T.);
#6288=ORIENTED_EDGE('',*,*,#4519,.F.);
#6289=ORIENTED_EDGE('',*,*,#4520,.F.);
#6290=ORIENTED_EDGE('',*,*,#4521,.T.);
#6291=ORIENTED_EDGE('',*,*,#4522,.T.);
#6292=ORIENTED_EDGE('',*,*,#4523,.F.);
#6293=ORIENTED_EDGE('',*,*,#4524,.F.);
#6294=ORIENTED_EDGE('',*,*,#4525,.T.);
#6295=ORIENTED_EDGE('',*,*,#4526,.T.);
#6296=ORIENTED_EDGE('',*,*,#4527,.F.);
#6297=ORIENTED_EDGE('',*,*,#4528,.F.);
#6298=ORIENTED_EDGE('',*,*,#4529,.T.);
#6299=ORIENTED_EDGE('',*,*,#4530,.T.);
#6300=ORIENTED_EDGE('',*,*,#4531,.F.);
#6301=ORIENTED_EDGE('',*,*,#4532,.F.);
#6302=ORIENTED_EDGE('',*,*,#4533,.T.);
#6303=ORIENTED_EDGE('',*,*,#4534,.T.);
#6304=ORIENTED_EDGE('',*,*,#4535,.F.);
#6305=ORIENTED_EDGE('',*,*,#4536,.F.);
#6306=ORIENTED_EDGE('',*,*,#4537,.T.);
#6307=ORIENTED_EDGE('',*,*,#4538,.T.);
#6308=ORIENTED_EDGE('',*,*,#4539,.T.);
#6309=ORIENTED_EDGE('',*,*,#4332,.F.);
#6310=ORIENTED_EDGE('',*,*,#4397,.F.);
#6311=ORIENTED_EDGE('',*,*,#4438,.T.);
#6312=ORIENTED_EDGE('',*,*,#4424,.F.);
#6313=ORIENTED_EDGE('',*,*,#4329,.F.);
#6314=ORIENTED_EDGE('',*,*,#4423,.F.);
#6315=ORIENTED_EDGE('',*,*,#4439,.T.);
#6316=ORIENTED_EDGE('',*,*,#4420,.F.);
#6317=ORIENTED_EDGE('',*,*,#4326,.F.);
#6318=ORIENTED_EDGE('',*,*,#4419,.F.);
#6319=ORIENTED_EDGE('',*,*,#4445,.T.);
#6320=ORIENTED_EDGE('',*,*,#4394,.F.);
#6321=ORIENTED_EDGE('',*,*,#4323,.F.);
#6322=ORIENTED_EDGE('',*,*,#4393,.F.);
#6323=ORIENTED_EDGE('',*,*,#4444,.T.);
#6324=ORIENTED_EDGE('',*,*,#4400,.F.);
#6325=ORIENTED_EDGE('',*,*,#4320,.F.);
#6326=ORIENTED_EDGE('',*,*,#4399,.F.);
#6327=ORIENTED_EDGE('',*,*,#4437,.T.);
#6328=ORIENTED_EDGE('',*,*,#4428,.F.);
#6329=ORIENTED_EDGE('',*,*,#4317,.F.);
#6330=ORIENTED_EDGE('',*,*,#4427,.F.);
#6331=ORIENTED_EDGE('',*,*,#4440,.T.);
#6332=ORIENTED_EDGE('',*,*,#4416,.F.);
#6333=ORIENTED_EDGE('',*,*,#4314,.F.);
#6334=ORIENTED_EDGE('',*,*,#4415,.F.);
#6335=ORIENTED_EDGE('',*,*,#4446,.T.);
#6336=ORIENTED_EDGE('',*,*,#4390,.F.);
#6337=ORIENTED_EDGE('',*,*,#4311,.F.);
#6338=ORIENTED_EDGE('',*,*,#4389,.F.);
#6339=ORIENTED_EDGE('',*,*,#4443,.T.);
#6340=ORIENTED_EDGE('',*,*,#4404,.F.);
#6341=ORIENTED_EDGE('',*,*,#4308,.F.);
#6342=ORIENTED_EDGE('',*,*,#4403,.F.);
#6343=ORIENTED_EDGE('',*,*,#4436,.T.);
#6344=ORIENTED_EDGE('',*,*,#4432,.F.);
#6345=ORIENTED_EDGE('',*,*,#4305,.F.);
#6346=ORIENTED_EDGE('',*,*,#4431,.F.);
#6347=ORIENTED_EDGE('',*,*,#4441,.T.);
#6348=ORIENTED_EDGE('',*,*,#4412,.F.);
#6349=ORIENTED_EDGE('',*,*,#4302,.F.);
#6350=ORIENTED_EDGE('',*,*,#4411,.F.);
#6351=ORIENTED_EDGE('',*,*,#4447,.T.);
#6352=ORIENTED_EDGE('',*,*,#4386,.F.);
#6353=ORIENTED_EDGE('',*,*,#4299,.F.);
#6354=ORIENTED_EDGE('',*,*,#4454,.T.);
#6355=ORIENTED_EDGE('',*,*,#4540,.T.);
#6356=ORIENTED_EDGE('',*,*,#4205,.T.);
#6357=ORIENTED_EDGE('',*,*,#4337,.F.);
#6358=ORIENTED_EDGE('',*,*,#4455,.T.);
#6359=ORIENTED_EDGE('',*,*,#4338,.T.);
#6360=ORIENTED_EDGE('',*,*,#4211,.T.);
#6361=ORIENTED_EDGE('',*,*,#4541,.T.);
#6362=ORIENTED_EDGE('',*,*,#4466,.T.);
#6363=ORIENTED_EDGE('',*,*,#4542,.T.);
#6364=ORIENTED_EDGE('',*,*,#4233,.T.);
#6365=ORIENTED_EDGE('',*,*,#4346,.F.);
#6366=ORIENTED_EDGE('',*,*,#4467,.T.);
#6367=ORIENTED_EDGE('',*,*,#4347,.T.);
#6368=ORIENTED_EDGE('',*,*,#4239,.T.);
#6369=ORIENTED_EDGE('',*,*,#4543,.T.);
#6370=ORIENTED_EDGE('',*,*,#4479,.T.);
#6371=ORIENTED_EDGE('',*,*,#4356,.T.);
#6372=ORIENTED_EDGE('',*,*,#4267,.T.);
#6373=ORIENTED_EDGE('',*,*,#4544,.T.);
#6374=ORIENTED_EDGE('',*,*,#4478,.T.);
#6375=ORIENTED_EDGE('',*,*,#4545,.T.);
#6376=ORIENTED_EDGE('',*,*,#4261,.T.);
#6377=ORIENTED_EDGE('',*,*,#4355,.F.);
#6378=ORIENTED_EDGE('',*,*,#4487,.T.);
#6379=ORIENTED_EDGE('',*,*,#4546,.T.);
#6380=ORIENTED_EDGE('',*,*,#4282,.T.);
#6381=ORIENTED_EDGE('',*,*,#4370,.F.);
#6382=ORIENTED_EDGE('',*,*,#4476,.T.);
#6383=ORIENTED_EDGE('',*,*,#4350,.T.);
#6384=ORIENTED_EDGE('',*,*,#4260,.T.);
#6385=ORIENTED_EDGE('',*,*,#4547,.T.);
#6386=ORIENTED_EDGE('',*,*,#4475,.T.);
#6387=ORIENTED_EDGE('',*,*,#4548,.T.);
#6388=ORIENTED_EDGE('',*,*,#4254,.T.);
#6389=ORIENTED_EDGE('',*,*,#4349,.F.);
#6390=ORIENTED_EDGE('',*,*,#4463,.T.);
#6391=ORIENTED_EDGE('',*,*,#4549,.T.);
#6392=ORIENTED_EDGE('',*,*,#4226,.T.);
#6393=ORIENTED_EDGE('',*,*,#4352,.F.);
#6394=ORIENTED_EDGE('',*,*,#4464,.T.);
#6395=ORIENTED_EDGE('',*,*,#4353,.T.);
#6396=ORIENTED_EDGE('',*,*,#4232,.T.);
#6397=ORIENTED_EDGE('',*,*,#4550,.T.);
#6398=ORIENTED_EDGE('',*,*,#4451,.T.);
#6399=ORIENTED_EDGE('',*,*,#4551,.T.);
#6400=ORIENTED_EDGE('',*,*,#4201,.T.);
#6401=ORIENTED_EDGE('',*,*,#4364,.F.);
#6402=ORIENTED_EDGE('',*,*,#4452,.T.);
#6403=ORIENTED_EDGE('',*,*,#4365,.T.);
#6404=ORIENTED_EDGE('',*,*,#4204,.T.);
#6405=ORIENTED_EDGE('',*,*,#4552,.T.);
#6406=ORIENTED_EDGE('',*,*,#4457,.T.);
#6407=ORIENTED_EDGE('',*,*,#4553,.T.);
#6408=ORIENTED_EDGE('',*,*,#4212,.T.);
#6409=ORIENTED_EDGE('',*,*,#4334,.F.);
#6410=ORIENTED_EDGE('',*,*,#4458,.T.);
#6411=ORIENTED_EDGE('',*,*,#4335,.T.);
#6412=ORIENTED_EDGE('',*,*,#4218,.T.);
#6413=ORIENTED_EDGE('',*,*,#4554,.T.);
#6414=ORIENTED_EDGE('',*,*,#4470,.T.);
#6415=ORIENTED_EDGE('',*,*,#4341,.T.);
#6416=ORIENTED_EDGE('',*,*,#4246,.T.);
#6417=ORIENTED_EDGE('',*,*,#4555,.T.);
#6418=ORIENTED_EDGE('',*,*,#4469,.T.);
#6419=ORIENTED_EDGE('',*,*,#4556,.T.);
#6420=ORIENTED_EDGE('',*,*,#4240,.T.);
#6421=ORIENTED_EDGE('',*,*,#4340,.F.);
#6422=ORIENTED_EDGE('',*,*,#4482,.T.);
#6423=ORIENTED_EDGE('',*,*,#4362,.T.);
#6424=ORIENTED_EDGE('',*,*,#4274,.T.);
#6425=ORIENTED_EDGE('',*,*,#4557,.T.);
#6426=ORIENTED_EDGE('',*,*,#4481,.T.);
#6427=ORIENTED_EDGE('',*,*,#4558,.T.);
#6428=ORIENTED_EDGE('',*,*,#4268,.T.);
#6429=ORIENTED_EDGE('',*,*,#4361,.F.);
#6430=ORIENTED_EDGE('',*,*,#4485,.T.);
#6431=ORIENTED_EDGE('',*,*,#4368,.T.);
#6432=ORIENTED_EDGE('',*,*,#4281,.T.);
#6433=ORIENTED_EDGE('',*,*,#4559,.T.);
#6434=ORIENTED_EDGE('',*,*,#4484,.T.);
#6435=ORIENTED_EDGE('',*,*,#4560,.T.);
#6436=ORIENTED_EDGE('',*,*,#4275,.T.);
#6437=ORIENTED_EDGE('',*,*,#4367,.F.);
#6438=ORIENTED_EDGE('',*,*,#4473,.T.);
#6439=ORIENTED_EDGE('',*,*,#4344,.T.);
#6440=ORIENTED_EDGE('',*,*,#4253,.T.);
#6441=ORIENTED_EDGE('',*,*,#4561,.T.);
#6442=ORIENTED_EDGE('',*,*,#4472,.T.);
#6443=ORIENTED_EDGE('',*,*,#4562,.T.);
#6444=ORIENTED_EDGE('',*,*,#4247,.T.);
#6445=ORIENTED_EDGE('',*,*,#4343,.F.);
#6446=ORIENTED_EDGE('',*,*,#4460,.T.);
#6447=ORIENTED_EDGE('',*,*,#4563,.T.);
#6448=ORIENTED_EDGE('',*,*,#4219,.T.);
#6449=ORIENTED_EDGE('',*,*,#4358,.F.);
#6450=ORIENTED_EDGE('',*,*,#4461,.T.);
#6451=ORIENTED_EDGE('',*,*,#4359,.T.);
#6452=ORIENTED_EDGE('',*,*,#4225,.T.);
#6453=ORIENTED_EDGE('',*,*,#4564,.T.);
#6454=ORIENTED_EDGE('',*,*,#4448,.T.);
#6455=ORIENTED_EDGE('',*,*,#4434,.T.);
#6456=ORIENTED_EDGE('',*,*,#4197,.T.);
#6457=ORIENTED_EDGE('',*,*,#4565,.F.);
#6458=ORIENTED_EDGE('',*,*,#4449,.T.);
#6459=ORIENTED_EDGE('',*,*,#4565,.T.);
#6460=ORIENTED_EDGE('',*,*,#4200,.T.);
#6461=ORIENTED_EDGE('',*,*,#4566,.T.);
#6462=ORIENTED_EDGE('',*,*,#4546,.F.);
#6463=ORIENTED_EDGE('',*,*,#4486,.T.);
#6464=ORIENTED_EDGE('',*,*,#4559,.F.);
#6465=ORIENTED_EDGE('',*,*,#4280,.F.);
#6466=ORIENTED_EDGE('',*,*,#4557,.F.);
#6467=ORIENTED_EDGE('',*,*,#4273,.F.);
#6468=ORIENTED_EDGE('',*,*,#4560,.F.);
#6469=ORIENTED_EDGE('',*,*,#4483,.T.);
#6470=ORIENTED_EDGE('',*,*,#4555,.F.);
#6471=ORIENTED_EDGE('',*,*,#4245,.F.);
#6472=ORIENTED_EDGE('',*,*,#4562,.F.);
#6473=ORIENTED_EDGE('',*,*,#4471,.T.);
#6474=ORIENTED_EDGE('',*,*,#4554,.F.);
#6475=ORIENTED_EDGE('',*,*,#4217,.F.);
#6476=ORIENTED_EDGE('',*,*,#4563,.F.);
#6477=ORIENTED_EDGE('',*,*,#4459,.T.);
#6478=ORIENTED_EDGE('',*,*,#4551,.F.);
#6479=ORIENTED_EDGE('',*,*,#4450,.T.);
#6480=ORIENTED_EDGE('',*,*,#4566,.F.);
#6481=ORIENTED_EDGE('',*,*,#4202,.F.);
#6482=ORIENTED_EDGE('',*,*,#4549,.F.);
#6483=ORIENTED_EDGE('',*,*,#4462,.T.);
#6484=ORIENTED_EDGE('',*,*,#4564,.F.);
#6485=ORIENTED_EDGE('',*,*,#4224,.F.);
#6486=ORIENTED_EDGE('',*,*,#4548,.F.);
#6487=ORIENTED_EDGE('',*,*,#4474,.T.);
#6488=ORIENTED_EDGE('',*,*,#4561,.F.);
#6489=ORIENTED_EDGE('',*,*,#4252,.F.);
#6490=ORIENTED_EDGE('',*,*,#4544,.F.);
#6491=ORIENTED_EDGE('',*,*,#4266,.F.);
#6492=ORIENTED_EDGE('',*,*,#4558,.F.);
#6493=ORIENTED_EDGE('',*,*,#4480,.T.);
#6494=ORIENTED_EDGE('',*,*,#4545,.F.);
#6495=ORIENTED_EDGE('',*,*,#4477,.T.);
#6496=ORIENTED_EDGE('',*,*,#4547,.F.);
#6497=ORIENTED_EDGE('',*,*,#4259,.F.);
#6498=ORIENTED_EDGE('',*,*,#4543,.F.);
#6499=ORIENTED_EDGE('',*,*,#4238,.F.);
#6500=ORIENTED_EDGE('',*,*,#4556,.F.);
#6501=ORIENTED_EDGE('',*,*,#4468,.T.);
#6502=ORIENTED_EDGE('',*,*,#4542,.F.);
#6503=ORIENTED_EDGE('',*,*,#4465,.T.);
#6504=ORIENTED_EDGE('',*,*,#4550,.F.);
#6505=ORIENTED_EDGE('',*,*,#4231,.F.);
#6506=ORIENTED_EDGE('',*,*,#4541,.F.);
#6507=ORIENTED_EDGE('',*,*,#4210,.F.);
#6508=ORIENTED_EDGE('',*,*,#4553,.F.);
#6509=ORIENTED_EDGE('',*,*,#4456,.T.);
#6510=ORIENTED_EDGE('',*,*,#4538,.F.);
#6511=ORIENTED_EDGE('',*,*,#4567,.F.);
#6512=ORIENTED_EDGE('',*,*,#4129,.F.);
#6513=ORIENTED_EDGE('',*,*,#4123,.T.);
#6514=ORIENTED_EDGE('',*,*,#4194,.T.);
#6515=ORIENTED_EDGE('',*,*,#4125,.F.);
#6516=ORIENTED_EDGE('',*,*,#4568,.F.);
#6517=ORIENTED_EDGE('',*,*,#4569,.F.);
#6518=ORIENTED_EDGE('',*,*,#4105,.T.);
#6519=ORIENTED_EDGE('',*,*,#4570,.F.);
#6520=ORIENTED_EDGE('',*,*,#4499,.F.);
#6521=ORIENTED_EDGE('',*,*,#4571,.F.);
#6522=ORIENTED_EDGE('',*,*,#4113,.T.);
#6523=ORIENTED_EDGE('',*,*,#4572,.F.);
#6524=ORIENTED_EDGE('',*,*,#4491,.F.);
#6525=ORIENTED_EDGE('',*,*,#4573,.F.);
#6526=ORIENTED_EDGE('',*,*,#4133,.F.);
#6527=ORIENTED_EDGE('',*,*,#4574,.F.);
#6528=ORIENTED_EDGE('',*,*,#4534,.F.);
#6529=ORIENTED_EDGE('',*,*,#4575,.F.);
#6530=ORIENTED_EDGE('',*,*,#4287,.T.);
#6531=ORIENTED_EDGE('',*,*,#4154,.T.);
#6532=ORIENTED_EDGE('',*,*,#4195,.T.);
#6533=ORIENTED_EDGE('',*,*,#4149,.F.);
#6534=ORIENTED_EDGE('',*,*,#4145,.F.);
#6535=ORIENTED_EDGE('',*,*,#4576,.F.);
#6536=ORIENTED_EDGE('',*,*,#4522,.F.);
#6537=ORIENTED_EDGE('',*,*,#4577,.F.);
#6538=ORIENTED_EDGE('',*,*,#4375,.F.);
#6539=ORIENTED_EDGE('',*,*,#4578,.F.);
#6540=ORIENTED_EDGE('',*,*,#4514,.F.);
#6541=ORIENTED_EDGE('',*,*,#4579,.F.);
#6542=ORIENTED_EDGE('',*,*,#4383,.F.);
#6543=ORIENTED_EDGE('',*,*,#4580,.F.);
#6544=ORIENTED_EDGE('',*,*,#4506,.F.);
#6545=ORIENTED_EDGE('',*,*,#4581,.F.);
#6546=ORIENTED_EDGE('',*,*,#4495,.F.);
#6547=ORIENTED_EDGE('',*,*,#4582,.F.);
#6548=ORIENTED_EDGE('',*,*,#4109,.T.);
#6549=ORIENTED_EDGE('',*,*,#4583,.F.);
#6550=ORIENTED_EDGE('',*,*,#4518,.F.);
#6551=ORIENTED_EDGE('',*,*,#4584,.F.);
#6552=ORIENTED_EDGE('',*,*,#4371,.F.);
#6553=ORIENTED_EDGE('',*,*,#4585,.F.);
#6554=ORIENTED_EDGE('',*,*,#4137,.F.);
#6555=ORIENTED_EDGE('',*,*,#4586,.F.);
#6556=ORIENTED_EDGE('',*,*,#4530,.F.);
#6557=ORIENTED_EDGE('',*,*,#4587,.F.);
#6558=ORIENTED_EDGE('',*,*,#4526,.F.);
#6559=ORIENTED_EDGE('',*,*,#4588,.F.);
#6560=ORIENTED_EDGE('',*,*,#4141,.F.);
#6561=ORIENTED_EDGE('',*,*,#4589,.F.);
#6562=ORIENTED_EDGE('',*,*,#4510,.F.);
#6563=ORIENTED_EDGE('',*,*,#4590,.F.);
#6564=ORIENTED_EDGE('',*,*,#4379,.F.);
#6565=ORIENTED_EDGE('',*,*,#4124,.F.);
#6566=ORIENTED_EDGE('',*,*,#4294,.F.);
#6567=ORIENTED_EDGE('',*,*,#4539,.F.);
#6568=ORIENTED_EDGE('',*,*,#4568,.T.);
#6569=ORIENTED_EDGE('',*,*,#4540,.F.);
#6570=ORIENTED_EDGE('',*,*,#4453,.T.);
#6571=ORIENTED_EDGE('',*,*,#4552,.F.);
#6572=ORIENTED_EDGE('',*,*,#4203,.F.);
#6573=ORIENTED_EDGE('',*,*,#4102,.T.);
#6574=ORIENTED_EDGE('',*,*,#4101,.T.);
#6575=ORIENTED_EDGE('',*,*,#4502,.F.);
#6576=ORIENTED_EDGE('',*,*,#4591,.F.);
#6577=ORIENTED_EDGE('',*,*,#4592,.F.);
#6578=ORIENTED_EDGE('',*,*,#4500,.T.);
#6579=ORIENTED_EDGE('',*,*,#4570,.T.);
#6580=ORIENTED_EDGE('',*,*,#4104,.F.);
#6581=ORIENTED_EDGE('',*,*,#4501,.T.);
#6582=ORIENTED_EDGE('',*,*,#4592,.T.);
#6583=ORIENTED_EDGE('',*,*,#4103,.T.);
#6584=ORIENTED_EDGE('',*,*,#4591,.T.);
#6585=ORIENTED_EDGE('',*,*,#4593,.F.);
#6586=ORIENTED_EDGE('',*,*,#4110,.T.);
#6587=ORIENTED_EDGE('',*,*,#4582,.T.);
#6588=ORIENTED_EDGE('',*,*,#4494,.F.);
#6589=ORIENTED_EDGE('',*,*,#4594,.F.);
#6590=ORIENTED_EDGE('',*,*,#4492,.T.);
#6591=ORIENTED_EDGE('',*,*,#4572,.T.);
#6592=ORIENTED_EDGE('',*,*,#4112,.F.);
#6593=ORIENTED_EDGE('',*,*,#4493,.T.);
#6594=ORIENTED_EDGE('',*,*,#4594,.T.);
#6595=ORIENTED_EDGE('',*,*,#4111,.T.);
#6596=ORIENTED_EDGE('',*,*,#4593,.T.);
#6597=ORIENTED_EDGE('',*,*,#4595,.F.);
#6598=ORIENTED_EDGE('',*,*,#4130,.T.);
#6599=ORIENTED_EDGE('',*,*,#4567,.T.);
#6600=ORIENTED_EDGE('',*,*,#4537,.F.);
#6601=ORIENTED_EDGE('',*,*,#4596,.F.);
#6602=ORIENTED_EDGE('',*,*,#4535,.T.);
#6603=ORIENTED_EDGE('',*,*,#4574,.T.);
#6604=ORIENTED_EDGE('',*,*,#4132,.F.);
#6605=ORIENTED_EDGE('',*,*,#4536,.T.);
#6606=ORIENTED_EDGE('',*,*,#4596,.T.);
#6607=ORIENTED_EDGE('',*,*,#4131,.T.);
#6608=ORIENTED_EDGE('',*,*,#4595,.T.);
#6609=ORIENTED_EDGE('',*,*,#4597,.F.);
#6610=ORIENTED_EDGE('',*,*,#4142,.T.);
#6611=ORIENTED_EDGE('',*,*,#4588,.T.);
#6612=ORIENTED_EDGE('',*,*,#4525,.F.);
#6613=ORIENTED_EDGE('',*,*,#4598,.F.);
#6614=ORIENTED_EDGE('',*,*,#4523,.T.);
#6615=ORIENTED_EDGE('',*,*,#4576,.T.);
#6616=ORIENTED_EDGE('',*,*,#4144,.F.);
#6617=ORIENTED_EDGE('',*,*,#4524,.T.);
#6618=ORIENTED_EDGE('',*,*,#4598,.T.);
#6619=ORIENTED_EDGE('',*,*,#4143,.T.);
#6620=ORIENTED_EDGE('',*,*,#4597,.T.);
#6621=ORIENTED_EDGE('',*,*,#4599,.F.);
#6622=ORIENTED_EDGE('',*,*,#4372,.T.);
#6623=ORIENTED_EDGE('',*,*,#4584,.T.);
#6624=ORIENTED_EDGE('',*,*,#4517,.F.);
#6625=ORIENTED_EDGE('',*,*,#4600,.F.);
#6626=ORIENTED_EDGE('',*,*,#4515,.T.);
#6627=ORIENTED_EDGE('',*,*,#4578,.T.);
#6628=ORIENTED_EDGE('',*,*,#4374,.F.);
#6629=ORIENTED_EDGE('',*,*,#4516,.T.);
#6630=ORIENTED_EDGE('',*,*,#4600,.T.);
#6631=ORIENTED_EDGE('',*,*,#4373,.T.);
#6632=ORIENTED_EDGE('',*,*,#4599,.T.);
#6633=ORIENTED_EDGE('',*,*,#4601,.F.);
#6634=ORIENTED_EDGE('',*,*,#4380,.T.);
#6635=ORIENTED_EDGE('',*,*,#4590,.T.);
#6636=ORIENTED_EDGE('',*,*,#4509,.F.);
#6637=ORIENTED_EDGE('',*,*,#4602,.F.);
#6638=ORIENTED_EDGE('',*,*,#4507,.T.);
#6639=ORIENTED_EDGE('',*,*,#4580,.T.);
#6640=ORIENTED_EDGE('',*,*,#4382,.F.);
#6641=ORIENTED_EDGE('',*,*,#4508,.T.);
#6642=ORIENTED_EDGE('',*,*,#4602,.T.);
#6643=ORIENTED_EDGE('',*,*,#4381,.T.);
#6644=ORIENTED_EDGE('',*,*,#4601,.T.);
#6645=ORIENTED_EDGE('',*,*,#4603,.F.);
#6646=ORIENTED_EDGE('',*,*,#4291,.T.);
#6647=ORIENTED_EDGE('',*,*,#4579,.T.);
#6648=ORIENTED_EDGE('',*,*,#4505,.F.);
#6649=ORIENTED_EDGE('',*,*,#4604,.F.);
#6650=ORIENTED_EDGE('',*,*,#4503,.T.);
#6651=ORIENTED_EDGE('',*,*,#4099,.T.);
#6652=ORIENTED_EDGE('',*,*,#4293,.F.);
#6653=ORIENTED_EDGE('',*,*,#4504,.T.);
#6654=ORIENTED_EDGE('',*,*,#4604,.T.);
#6655=ORIENTED_EDGE('',*,*,#4292,.T.);
#6656=ORIENTED_EDGE('',*,*,#4603,.T.);
#6657=ORIENTED_EDGE('',*,*,#4605,.F.);
#6658=ORIENTED_EDGE('',*,*,#4106,.T.);
#6659=ORIENTED_EDGE('',*,*,#4569,.T.);
#6660=ORIENTED_EDGE('',*,*,#4498,.F.);
#6661=ORIENTED_EDGE('',*,*,#4606,.F.);
#6662=ORIENTED_EDGE('',*,*,#4496,.T.);
#6663=ORIENTED_EDGE('',*,*,#4581,.T.);
#6664=ORIENTED_EDGE('',*,*,#4108,.F.);
#6665=ORIENTED_EDGE('',*,*,#4497,.T.);
#6666=ORIENTED_EDGE('',*,*,#4606,.T.);
#6667=ORIENTED_EDGE('',*,*,#4107,.T.);
#6668=ORIENTED_EDGE('',*,*,#4605,.T.);
#6669=ORIENTED_EDGE('',*,*,#4607,.F.);
#6670=ORIENTED_EDGE('',*,*,#4288,.T.);
#6671=ORIENTED_EDGE('',*,*,#4575,.T.);
#6672=ORIENTED_EDGE('',*,*,#4521,.F.);
#6673=ORIENTED_EDGE('',*,*,#4608,.F.);
#6674=ORIENTED_EDGE('',*,*,#4519,.T.);
#6675=ORIENTED_EDGE('',*,*,#4583,.T.);
#6676=ORIENTED_EDGE('',*,*,#4290,.F.);
#6677=ORIENTED_EDGE('',*,*,#4520,.T.);
#6678=ORIENTED_EDGE('',*,*,#4608,.T.);
#6679=ORIENTED_EDGE('',*,*,#4289,.T.);
#6680=ORIENTED_EDGE('',*,*,#4607,.T.);
#6681=ORIENTED_EDGE('',*,*,#4609,.F.);
#6682=ORIENTED_EDGE('',*,*,#4134,.T.);
#6683=ORIENTED_EDGE('',*,*,#4573,.T.);
#6684=ORIENTED_EDGE('',*,*,#4533,.F.);
#6685=ORIENTED_EDGE('',*,*,#4610,.F.);
#6686=ORIENTED_EDGE('',*,*,#4531,.T.);
#6687=ORIENTED_EDGE('',*,*,#4586,.T.);
#6688=ORIENTED_EDGE('',*,*,#4136,.F.);
#6689=ORIENTED_EDGE('',*,*,#4532,.T.);
#6690=ORIENTED_EDGE('',*,*,#4610,.T.);
#6691=ORIENTED_EDGE('',*,*,#4135,.T.);
#6692=ORIENTED_EDGE('',*,*,#4609,.T.);
#6693=ORIENTED_EDGE('',*,*,#4611,.F.);
#6694=ORIENTED_EDGE('',*,*,#4138,.T.);
#6695=ORIENTED_EDGE('',*,*,#4585,.T.);
#6696=ORIENTED_EDGE('',*,*,#4529,.F.);
#6697=ORIENTED_EDGE('',*,*,#4612,.F.);
#6698=ORIENTED_EDGE('',*,*,#4527,.T.);
#6699=ORIENTED_EDGE('',*,*,#4587,.T.);
#6700=ORIENTED_EDGE('',*,*,#4140,.F.);
#6701=ORIENTED_EDGE('',*,*,#4528,.T.);
#6702=ORIENTED_EDGE('',*,*,#4612,.T.);
#6703=ORIENTED_EDGE('',*,*,#4139,.T.);
#6704=ORIENTED_EDGE('',*,*,#4611,.T.);
#6705=ORIENTED_EDGE('',*,*,#4613,.F.);
#6706=ORIENTED_EDGE('',*,*,#4376,.T.);
#6707=ORIENTED_EDGE('',*,*,#4577,.T.);
#6708=ORIENTED_EDGE('',*,*,#4513,.F.);
#6709=ORIENTED_EDGE('',*,*,#4614,.F.);
#6710=ORIENTED_EDGE('',*,*,#4511,.T.);
#6711=ORIENTED_EDGE('',*,*,#4589,.T.);
#6712=ORIENTED_EDGE('',*,*,#4378,.F.);
#6713=ORIENTED_EDGE('',*,*,#4512,.T.);
#6714=ORIENTED_EDGE('',*,*,#4614,.T.);
#6715=ORIENTED_EDGE('',*,*,#4377,.T.);
#6716=ORIENTED_EDGE('',*,*,#4613,.T.);
#6717=ORIENTED_EDGE('',*,*,#4088,.T.);
#6718=ORIENTED_EDGE('',*,*,#4116,.F.);
#6719=ORIENTED_EDGE('',*,*,#4615,.T.);
#6720=ORIENTED_EDGE('',*,*,#4488,.T.);
#6721=ORIENTED_EDGE('',*,*,#4616,.T.);
#6722=ORIENTED_EDGE('',*,*,#4114,.T.);
#6723=ORIENTED_EDGE('',*,*,#4571,.T.);
#6724=ORIENTED_EDGE('',*,*,#4490,.F.);
#6725=ORIENTED_EDGE('',*,*,#4616,.F.);
#6726=ORIENTED_EDGE('',*,*,#4489,.F.);
#6727=ORIENTED_EDGE('',*,*,#4615,.F.);
#6728=ORIENTED_EDGE('',*,*,#4115,.F.);
#6729=PLANE('',#7499);
#6730=PLANE('',#7500);
#6731=PLANE('',#7501);
#6732=PLANE('',#7505);
#6733=PLANE('',#7506);
#6734=PLANE('',#7510);
#6735=PLANE('',#7511);
#6736=PLANE('',#7515);
#6737=PLANE('',#7516);
#6738=PLANE('',#7517);
#6739=PLANE('',#7518);
#6740=PLANE('',#7519);
#6741=PLANE('',#7520);
#6742=PLANE('',#7521);
#6743=PLANE('',#7522);
#6744=PLANE('',#7523);
#6745=PLANE('',#7524);
#6746=PLANE('',#7525);
#6747=PLANE('',#7526);
#6748=PLANE('',#7527);
#6749=PLANE('',#7528);
#6750=PLANE('',#7529);
#6751=PLANE('',#7530);
#6752=PLANE('',#7531);
#6753=PLANE('',#7532);
#6754=PLANE('',#7533);
#6755=PLANE('',#7534);
#6756=PLANE('',#7535);
#6757=PLANE('',#7536);
#6758=PLANE('',#7537);
#6759=PLANE('',#7538);
#6760=PLANE('',#7539);
#6761=PLANE('',#7540);
#6762=PLANE('',#7541);
#6763=PLANE('',#7542);
#6764=PLANE('',#7543);
#6765=PLANE('',#7544);
#6766=PLANE('',#7545);
#6767=PLANE('',#7546);
#6768=PLANE('',#7547);
#6769=PLANE('',#7548);
#6770=PLANE('',#7549);
#6771=PLANE('',#7550);
#6772=PLANE('',#7551);
#6773=PLANE('',#7552);
#6774=PLANE('',#7553);
#6775=PLANE('',#7554);
#6776=PLANE('',#7555);
#6777=PLANE('',#7556);
#6778=PLANE('',#7557);
#6779=PLANE('',#7558);
#6780=PLANE('',#7559);
#6781=PLANE('',#7560);
#6782=PLANE('',#7561);
#6783=PLANE('',#7562);
#6784=PLANE('',#7563);
#6785=PLANE('',#7564);
#6786=PLANE('',#7565);
#6787=PLANE('',#7566);
#6788=PLANE('',#7567);
#6789=PLANE('',#7568);
#6790=PLANE('',#7569);
#6791=PLANE('',#7570);
#6792=PLANE('',#7571);
#6793=PLANE('',#7572);
#6794=PLANE('',#7573);
#6795=PLANE('',#7574);
#6796=PLANE('',#7575);
#6797=PLANE('',#7576);
#6798=PLANE('',#7577);
#6799=PLANE('',#7578);
#6800=PLANE('',#7579);
#6801=PLANE('',#7580);
#6802=PLANE('',#7581);
#6803=PLANE('',#7582);
#6804=PLANE('',#7583);
#6805=PLANE('',#7584);
#6806=PLANE('',#7585);
#6807=PLANE('',#7586);
#6808=PLANE('',#7587);
#6809=PLANE('',#7588);
#6810=PLANE('',#7589);
#6811=PLANE('',#7590);
#6812=PLANE('',#7591);
#6813=PLANE('',#7592);
#6814=PLANE('',#7593);
#6815=PLANE('',#7594);
#6816=PLANE('',#7595);
#6817=PLANE('',#7596);
#6818=PLANE('',#7597);
#6819=PLANE('',#7598);
#6820=PLANE('',#7599);
#6821=PLANE('',#7600);
#6822=PLANE('',#7601);
#6823=PLANE('',#7602);
#6824=PLANE('',#7603);
#6825=PLANE('',#7604);
#6826=PLANE('',#7605);
#6827=PLANE('',#7606);
#6828=PLANE('',#7607);
#6829=PLANE('',#7608);
#6830=PLANE('',#7609);
#6831=PLANE('',#7610);
#6832=PLANE('',#7611);
#6833=PLANE('',#7612);
#6834=PLANE('',#7613);
#6835=PLANE('',#7614);
#6836=PLANE('',#7615);
#6837=PLANE('',#7616);
#6838=PLANE('',#7617);
#6839=PLANE('',#7618);
#6840=PLANE('',#7619);
#6841=PLANE('',#7620);
#6842=PLANE('',#7621);
#6843=PLANE('',#7622);
#6844=PLANE('',#7623);
#6845=PLANE('',#7624);
#6846=PLANE('',#7625);
#6847=PLANE('',#7626);
#6848=PLANE('',#7627);
#6849=PLANE('',#7628);
#6850=PLANE('',#7629);
#6851=PLANE('',#7630);
#6852=PLANE('',#7631);
#6853=PLANE('',#7632);
#6854=PLANE('',#7633);
#6855=PLANE('',#7634);
#6856=PLANE('',#7635);
#6857=PLANE('',#7636);
#6858=PLANE('',#7637);
#6859=PLANE('',#7638);
#6860=PLANE('',#7639);
#6861=PLANE('',#7640);
#6862=PLANE('',#7641);
#6863=PLANE('',#7642);
#6864=PLANE('',#7643);
#6865=PLANE('',#7644);
#6866=PLANE('',#7645);
#6867=PLANE('',#7646);
#6868=PLANE('',#7647);
#6869=PLANE('',#7648);
#6870=PLANE('',#7649);
#6871=PLANE('',#7650);
#6872=PLANE('',#7651);
#6873=PLANE('',#7652);
#6874=PLANE('',#7653);
#6875=PLANE('',#7654);
#6876=PLANE('',#7655);
#6877=PLANE('',#7656);
#6878=PLANE('',#7657);
#6879=PLANE('',#7658);
#6880=PLANE('',#7659);
#6881=PLANE('',#7660);
#6882=PLANE('',#7661);
#6883=PLANE('',#7662);
#6884=PLANE('',#7663);
#6885=PLANE('',#7664);
#6886=PLANE('',#7665);
#6887=PLANE('',#7666);
#6888=PLANE('',#7667);
#6889=PLANE('',#7668);
#6890=PLANE('',#7669);
#6891=PLANE('',#7670);
#6892=PLANE('',#7671);
#6893=PLANE('',#7672);
#6894=PLANE('',#7673);
#6895=PLANE('',#7674);
#6896=PLANE('',#7675);
#6897=PLANE('',#7676);
#6898=PLANE('',#7677);
#6899=PLANE('',#7678);
#6900=PLANE('',#7679);
#6901=PLANE('',#7680);
#6902=PLANE('',#7681);
#6903=PLANE('',#7682);
#6904=PLANE('',#7683);
#6905=PLANE('',#7684);
#6906=PLANE('',#7685);
#6907=PLANE('',#7686);
#6908=PLANE('',#7687);
#6909=PLANE('',#7688);
#6910=PLANE('',#7689);
#6911=PLANE('',#7690);
#6912=PLANE('',#7691);
#6913=PLANE('',#7692);
#6914=PLANE('',#7693);
#6915=PLANE('',#7694);
#6916=PLANE('',#7695);
#6917=PLANE('',#7696);
#6918=PLANE('',#7697);
#6919=PLANE('',#7699);
#6920=PLANE('',#7700);
#6921=PLANE('',#7701);
#6922=PLANE('',#7705);
#6923=PLANE('',#7706);
#6924=PLANE('',#7710);
#6925=PLANE('',#7711);
#6926=PLANE('',#7714);
#6927=PLANE('',#7715);
#6928=PLANE('',#7716);
#6929=PLANE('',#7717);
#6930=PLANE('',#7718);
#6931=PLANE('',#7719);
#6932=PLANE('',#7720);
#6933=PLANE('',#7721);
#6934=PLANE('',#7722);
#6935=PLANE('',#7723);
#6936=PLANE('',#7724);
#6937=PLANE('',#7725);
#6938=PLANE('',#7726);
#6939=PLANE('',#7727);
#6940=PLANE('',#7728);
#6941=PLANE('',#7729);
#6942=PLANE('',#7730);
#6943=PLANE('',#7731);
#6944=PLANE('',#7732);
#6945=PLANE('',#7733);
#6946=PLANE('',#7734);
#6947=PLANE('',#7735);
#6948=PLANE('',#7736);
#6949=PLANE('',#7737);
#6950=PLANE('',#7738);
#6951=PLANE('',#7739);
#6952=PLANE('',#7740);
#6953=PLANE('',#7741);
#6954=PLANE('',#7742);
#6955=PLANE('',#7743);
#6956=PLANE('',#7744);
#6957=PLANE('',#7745);
#6958=PLANE('',#7746);
#6959=PLANE('',#7747);
#6960=PLANE('',#7748);
#6961=PLANE('',#7749);
#6962=PLANE('',#7750);
#6963=PLANE('',#7751);
#6964=PLANE('',#7752);
#6965=PLANE('',#7753);
#6966=PLANE('',#7754);
#6967=PLANE('',#7755);
#6968=PLANE('',#7756);
#6969=PLANE('',#7757);
#6970=PLANE('',#7758);
#6971=PLANE('',#7759);
#6972=PLANE('',#7760);
#6973=PLANE('',#7761);
#6974=PLANE('',#7762);
#6975=PLANE('',#7763);
#6976=PLANE('',#7764);
#6977=PLANE('',#7765);
#6978=PLANE('',#7766);
#6979=PLANE('',#7767);
#6980=PLANE('',#7768);
#6981=PLANE('',#7769);
#6982=PLANE('',#7770);
#6983=PLANE('',#7771);
#6984=PLANE('',#7772);
#6985=PLANE('',#7773);
#6986=PLANE('',#7774);
#6987=PLANE('',#7775);
#6988=PLANE('',#7776);
#6989=PLANE('',#7777);
#6990=PLANE('',#7778);
#6991=PLANE('',#7779);
#6992=PLANE('',#7780);
#6993=PLANE('',#7781);
#6994=PLANE('',#7782);
#6995=PLANE('',#7783);
#6996=PLANE('',#7784);
#6997=PLANE('',#7785);
#6998=PLANE('',#7786);
#6999=PLANE('',#7787);
#7000=PLANE('',#7788);
#7001=PLANE('',#7789);
#7002=PLANE('',#7790);
#7003=PLANE('',#7791);
#7004=PLANE('',#7792);
#7005=PLANE('',#7793);
#7006=PLANE('',#7794);
#7007=PLANE('',#7795);
#7008=PLANE('',#7796);
#7009=PLANE('',#7797);
#7010=PLANE('',#7798);
#7011=PLANE('',#7799);
#7012=PLANE('',#7800);
#7013=PLANE('',#7801);
#7014=PLANE('',#7802);
#7015=PLANE('',#7803);
#7016=PLANE('',#7804);
#7017=PLANE('',#7805);
#7018=PLANE('',#7806);
#7019=PLANE('',#7807);
#7020=PLANE('',#7808);
#7021=PLANE('',#7809);
#7022=PLANE('',#7810);
#7023=PLANE('',#7811);
#7024=PLANE('',#7812);
#7025=PLANE('',#7813);
#7026=PLANE('',#7814);
#7027=PLANE('',#7815);
#7028=PLANE('',#7816);
#7029=PLANE('',#7817);
#7030=PLANE('',#7818);
#7031=PLANE('',#7819);
#7032=PLANE('',#7820);
#7033=PLANE('',#7821);
#7034=PLANE('',#7822);
#7035=PLANE('',#7823);
#7036=PLANE('',#7824);
#7037=PLANE('',#7825);
#7038=PLANE('',#7826);
#7039=PLANE('',#7827);
#7040=PLANE('',#7828);
#7041=PLANE('',#7829);
#7042=PLANE('',#7830);
#7043=PLANE('',#7831);
#7044=PLANE('',#7832);
#7045=PLANE('',#7833);
#7046=PLANE('',#7834);
#7047=PLANE('',#7835);
#7048=PLANE('',#7836);
#7049=PLANE('',#7837);
#7050=PLANE('',#7838);
#7051=PLANE('',#7839);
#7052=PLANE('',#7840);
#7053=PLANE('',#7841);
#7054=PLANE('',#7842);
#7055=PLANE('',#7843);
#7056=PLANE('',#7844);
#7057=PLANE('',#7845);
#7058=PLANE('',#7846);
#7059=PLANE('',#7847);
#7060=PLANE('',#7848);
#7061=PLANE('',#7849);
#7062=PLANE('',#7850);
#7063=PLANE('',#7851);
#7064=PLANE('',#7852);
#7065=PLANE('',#7853);
#7066=PLANE('',#7854);
#7067=PLANE('',#7855);
#7068=PLANE('',#7856);
#7069=PLANE('',#7857);
#7070=PLANE('',#7858);
#7071=PLANE('',#7859);
#7072=PLANE('',#7860);
#7073=PLANE('',#7861);
#7074=PLANE('',#7862);
#7075=PLANE('',#7863);
#7076=PLANE('',#7864);
#7077=PLANE('',#7865);
#7078=PLANE('',#7866);
#7079=PLANE('',#7867);
#7080=PLANE('',#7868);
#7081=PLANE('',#7869);
#7082=PLANE('',#7870);
#7083=PLANE('',#7871);
#7084=PLANE('',#7872);
#7085=PLANE('',#7873);
#7086=PLANE('',#7874);
#7087=PLANE('',#7875);
#7088=PLANE('',#7876);
#7089=PLANE('',#7877);
#7090=PLANE('',#7878);
#7091=PLANE('',#7879);
#7092=PLANE('',#7880);
#7093=PLANE('',#7881);
#7094=PLANE('',#7882);
#7095=PLANE('',#7883);
#7096=PLANE('',#7884);
#7097=PLANE('',#7885);
#7098=PLANE('',#7886);
#7099=PLANE('',#7887);
#7100=PLANE('',#7888);
#7101=PLANE('',#7889);
#7102=PLANE('',#7890);
#7103=ADVANCED_FACE('',(#33),#6729,.T.);
#7104=ADVANCED_FACE('',(#34),#6730,.T.);
#7105=ADVANCED_FACE('',(#35),#6731,.T.);
#7106=ADVANCED_FACE('',(#36),#15,.F.);
#7107=ADVANCED_FACE('',(#37),#6732,.T.);
#7108=ADVANCED_FACE('',(#38),#6733,.T.);
#7109=ADVANCED_FACE('',(#39),#16,.F.);
#7110=ADVANCED_FACE('',(#40),#6734,.T.);
#7111=ADVANCED_FACE('',(#41),#6735,.T.);
#7112=ADVANCED_FACE('',(#42),#17,.F.);
#7113=ADVANCED_FACE('',(#43),#6736,.T.);
#7114=ADVANCED_FACE('',(#44),#6737,.T.);
#7115=ADVANCED_FACE('',(#45),#6738,.T.);
#7116=ADVANCED_FACE('',(#46),#6739,.T.);
#7117=ADVANCED_FACE('',(#47),#6740,.T.);
#7118=ADVANCED_FACE('',(#48),#6741,.T.);
#7119=ADVANCED_FACE('',(#49),#6742,.T.);
#7120=ADVANCED_FACE('',(#50),#6743,.T.);
#7121=ADVANCED_FACE('',(#51),#6744,.T.);
#7122=ADVANCED_FACE('',(#52),#6745,.T.);
#7123=ADVANCED_FACE('',(#53),#6746,.T.);
#7124=ADVANCED_FACE('',(#54),#6747,.T.);
#7125=ADVANCED_FACE('',(#55),#6748,.T.);
#7126=ADVANCED_FACE('',(#56),#6749,.T.);
#7127=ADVANCED_FACE('',(#57),#6750,.T.);
#7128=ADVANCED_FACE('',(#58),#6751,.T.);
#7129=ADVANCED_FACE('',(#59),#6752,.T.);
#7130=ADVANCED_FACE('',(#60),#6753,.T.);
#7131=ADVANCED_FACE('',(#61),#6754,.T.);
#7132=ADVANCED_FACE('',(#62),#6755,.T.);
#7133=ADVANCED_FACE('',(#63),#6756,.T.);
#7134=ADVANCED_FACE('',(#64),#6757,.T.);
#7135=ADVANCED_FACE('',(#65),#6758,.T.);
#7136=ADVANCED_FACE('',(#66),#6759,.T.);
#7137=ADVANCED_FACE('',(#67),#6760,.T.);
#7138=ADVANCED_FACE('',(#68),#6761,.T.);
#7139=ADVANCED_FACE('',(#69),#6762,.T.);
#7140=ADVANCED_FACE('',(#70),#6763,.T.);
#7141=ADVANCED_FACE('',(#71),#6764,.T.);
#7142=ADVANCED_FACE('',(#72),#6765,.T.);
#7143=ADVANCED_FACE('',(#73),#6766,.T.);
#7144=ADVANCED_FACE('',(#74),#6767,.T.);
#7145=ADVANCED_FACE('',(#75),#6768,.F.);
#7146=ADVANCED_FACE('',(#76),#6769,.F.);
#7147=ADVANCED_FACE('',(#77),#6770,.F.);
#7148=ADVANCED_FACE('',(#78),#6771,.F.);
#7149=ADVANCED_FACE('',(#79),#6772,.F.);
#7150=ADVANCED_FACE('',(#80),#6773,.F.);
#7151=ADVANCED_FACE('',(#81),#6774,.F.);
#7152=ADVANCED_FACE('',(#82),#6775,.F.);
#7153=ADVANCED_FACE('',(#83),#6776,.F.);
#7154=ADVANCED_FACE('',(#84),#6777,.F.);
#7155=ADVANCED_FACE('',(#85),#6778,.F.);
#7156=ADVANCED_FACE('',(#86),#6779,.F.);
#7157=ADVANCED_FACE('',(#87),#6780,.F.);
#7158=ADVANCED_FACE('',(#88),#6781,.F.);
#7159=ADVANCED_FACE('',(#89),#6782,.T.);
#7160=ADVANCED_FACE('',(#90),#6783,.F.);
#7161=ADVANCED_FACE('',(#91),#6784,.F.);
#7162=ADVANCED_FACE('',(#92),#6785,.F.);
#7163=ADVANCED_FACE('',(#93),#6786,.F.);
#7164=ADVANCED_FACE('',(#94),#6787,.F.);
#7165=ADVANCED_FACE('',(#95),#6788,.F.);
#7166=ADVANCED_FACE('',(#96),#6789,.F.);
#7167=ADVANCED_FACE('',(#97),#6790,.F.);
#7168=ADVANCED_FACE('',(#98),#6791,.F.);
#7169=ADVANCED_FACE('',(#99),#6792,.F.);
#7170=ADVANCED_FACE('',(#100),#6793,.F.);
#7171=ADVANCED_FACE('',(#101),#6794,.F.);
#7172=ADVANCED_FACE('',(#102),#6795,.F.);
#7173=ADVANCED_FACE('',(#103),#6796,.F.);
#7174=ADVANCED_FACE('',(#104),#6797,.F.);
#7175=ADVANCED_FACE('',(#105),#6798,.F.);
#7176=ADVANCED_FACE('',(#106),#6799,.F.);
#7177=ADVANCED_FACE('',(#107),#6800,.F.);
#7178=ADVANCED_FACE('',(#108),#6801,.F.);
#7179=ADVANCED_FACE('',(#109),#6802,.F.);
#7180=ADVANCED_FACE('',(#110),#6803,.F.);
#7181=ADVANCED_FACE('',(#111),#6804,.F.);
#7182=ADVANCED_FACE('',(#112),#6805,.F.);
#7183=ADVANCED_FACE('',(#113),#6806,.F.);
#7184=ADVANCED_FACE('',(#114),#6807,.F.);
#7185=ADVANCED_FACE('',(#115),#6808,.T.);
#7186=ADVANCED_FACE('',(#116),#6809,.T.);
#7187=ADVANCED_FACE('',(#117),#6810,.T.);
#7188=ADVANCED_FACE('',(#118),#6811,.T.);
#7189=ADVANCED_FACE('',(#119),#6812,.T.);
#7190=ADVANCED_FACE('',(#120),#6813,.T.);
#7191=ADVANCED_FACE('',(#121),#6814,.T.);
#7192=ADVANCED_FACE('',(#122),#6815,.T.);
#7193=ADVANCED_FACE('',(#123),#6816,.T.);
#7194=ADVANCED_FACE('',(#124),#6817,.T.);
#7195=ADVANCED_FACE('',(#125),#6818,.T.);
#7196=ADVANCED_FACE('',(#126),#6819,.T.);
#7197=ADVANCED_FACE('',(#127),#6820,.T.);
#7198=ADVANCED_FACE('',(#128),#6821,.T.);
#7199=ADVANCED_FACE('',(#129),#6822,.F.);
#7200=ADVANCED_FACE('',(#130),#6823,.F.);
#7201=ADVANCED_FACE('',(#131),#6824,.F.);
#7202=ADVANCED_FACE('',(#132),#6825,.F.);
#7203=ADVANCED_FACE('',(#133),#6826,.F.);
#7204=ADVANCED_FACE('',(#134),#6827,.F.);
#7205=ADVANCED_FACE('',(#135),#6828,.F.);
#7206=ADVANCED_FACE('',(#136),#6829,.F.);
#7207=ADVANCED_FACE('',(#137),#6830,.F.);
#7208=ADVANCED_FACE('',(#138),#6831,.F.);
#7209=ADVANCED_FACE('',(#139),#6832,.F.);
#7210=ADVANCED_FACE('',(#140),#6833,.F.);
#7211=ADVANCED_FACE('',(#141),#6834,.F.);
#7212=ADVANCED_FACE('',(#142),#6835,.F.);
#7213=ADVANCED_FACE('',(#143),#6836,.F.);
#7214=ADVANCED_FACE('',(#144),#6837,.F.);
#7215=ADVANCED_FACE('',(#145),#6838,.F.);
#7216=ADVANCED_FACE('',(#146),#6839,.F.);
#7217=ADVANCED_FACE('',(#147),#6840,.F.);
#7218=ADVANCED_FACE('',(#148),#6841,.F.);
#7219=ADVANCED_FACE('',(#149),#6842,.F.);
#7220=ADVANCED_FACE('',(#150),#6843,.F.);
#7221=ADVANCED_FACE('',(#151),#6844,.F.);
#7222=ADVANCED_FACE('',(#152),#6845,.F.);
#7223=ADVANCED_FACE('',(#153),#6846,.F.);
#7224=ADVANCED_FACE('',(#154),#6847,.F.);
#7225=ADVANCED_FACE('',(#155),#6848,.F.);
#7226=ADVANCED_FACE('',(#156),#6849,.F.);
#7227=ADVANCED_FACE('',(#157),#6850,.T.);
#7228=ADVANCED_FACE('',(#158),#6851,.T.);
#7229=ADVANCED_FACE('',(#159),#6852,.T.);
#7230=ADVANCED_FACE('',(#160),#6853,.T.);
#7231=ADVANCED_FACE('',(#161),#6854,.T.);
#7232=ADVANCED_FACE('',(#162),#6855,.T.);
#7233=ADVANCED_FACE('',(#163),#6856,.T.);
#7234=ADVANCED_FACE('',(#164),#6857,.T.);
#7235=ADVANCED_FACE('',(#165),#6858,.T.);
#7236=ADVANCED_FACE('',(#166),#6859,.T.);
#7237=ADVANCED_FACE('',(#167),#6860,.T.);
#7238=ADVANCED_FACE('',(#168),#6861,.T.);
#7239=ADVANCED_FACE('',(#169),#6862,.F.);
#7240=ADVANCED_FACE('',(#170),#6863,.F.);
#7241=ADVANCED_FACE('',(#171),#6864,.F.);
#7242=ADVANCED_FACE('',(#172),#6865,.F.);
#7243=ADVANCED_FACE('',(#173),#6866,.F.);
#7244=ADVANCED_FACE('',(#174),#6867,.F.);
#7245=ADVANCED_FACE('',(#175),#6868,.F.);
#7246=ADVANCED_FACE('',(#176),#6869,.F.);
#7247=ADVANCED_FACE('',(#177),#6870,.F.);
#7248=ADVANCED_FACE('',(#178),#6871,.F.);
#7249=ADVANCED_FACE('',(#179),#6872,.F.);
#7250=ADVANCED_FACE('',(#180),#6873,.F.);
#7251=ADVANCED_FACE('',(#181),#6874,.F.);
#7252=ADVANCED_FACE('',(#182),#6875,.T.);
#7253=ADVANCED_FACE('',(#183),#6876,.T.);
#7254=ADVANCED_FACE('',(#184),#6877,.T.);
#7255=ADVANCED_FACE('',(#185),#6878,.T.);
#7256=ADVANCED_FACE('',(#186),#6879,.F.);
#7257=ADVANCED_FACE('',(#187),#6880,.T.);
#7258=ADVANCED_FACE('',(#188),#6881,.T.);
#7259=ADVANCED_FACE('',(#189),#6882,.F.);
#7260=ADVANCED_FACE('',(#190),#6883,.T.);
#7261=ADVANCED_FACE('',(#191),#6884,.T.);
#7262=ADVANCED_FACE('',(#192),#6885,.F.);
#7263=ADVANCED_FACE('',(#193),#6886,.T.);
#7264=ADVANCED_FACE('',(#194),#6887,.T.);
#7265=ADVANCED_FACE('',(#195),#6888,.F.);
#7266=ADVANCED_FACE('',(#196),#6889,.T.);
#7267=ADVANCED_FACE('',(#197),#6890,.T.);
#7268=ADVANCED_FACE('',(#198),#6891,.F.);
#7269=ADVANCED_FACE('',(#199),#6892,.T.);
#7270=ADVANCED_FACE('',(#200),#6893,.T.);
#7271=ADVANCED_FACE('',(#201),#6894,.F.);
#7272=ADVANCED_FACE('',(#202),#6895,.T.);
#7273=ADVANCED_FACE('',(#203),#6896,.T.);
#7274=ADVANCED_FACE('',(#204),#6897,.F.);
#7275=ADVANCED_FACE('',(#205),#6898,.T.);
#7276=ADVANCED_FACE('',(#206),#6899,.T.);
#7277=ADVANCED_FACE('',(#207),#6900,.F.);
#7278=ADVANCED_FACE('',(#208),#6901,.T.);
#7279=ADVANCED_FACE('',(#209),#6902,.T.);
#7280=ADVANCED_FACE('',(#210),#6903,.F.);
#7281=ADVANCED_FACE('',(#211),#6904,.T.);
#7282=ADVANCED_FACE('',(#212),#6905,.T.);
#7283=ADVANCED_FACE('',(#213),#6906,.F.);
#7284=ADVANCED_FACE('',(#214),#6907,.T.);
#7285=ADVANCED_FACE('',(#215),#6908,.T.);
#7286=ADVANCED_FACE('',(#216),#6909,.F.);
#7287=ADVANCED_FACE('',(#217),#6910,.T.);
#7288=ADVANCED_FACE('',(#218),#6911,.T.);
#7289=ADVANCED_FACE('',(#219),#6912,.F.);
#7290=ADVANCED_FACE('',(#220),#6913,.T.);
#7291=ADVANCED_FACE('',(#221),#6914,.T.);
#7292=ADVANCED_FACE('',(#222),#6915,.F.);
#7293=ADVANCED_FACE('',(#223),#6916,.T.);
#7294=ADVANCED_FACE('',(#224),#6917,.T.);
#7295=ADVANCED_FACE('',(#225),#6918,.F.);
#7296=ADVANCED_FACE('',(#226),#6919,.F.);
#7297=ADVANCED_FACE('',(#227),#6920,.F.);
#7298=ADVANCED_FACE('',(#228),#6921,.F.);
#7299=ADVANCED_FACE('',(#229),#18,.T.);
#7300=ADVANCED_FACE('',(#230),#6922,.F.);
#7301=ADVANCED_FACE('',(#231),#6923,.F.);
#7302=ADVANCED_FACE('',(#232),#19,.T.);
#7303=ADVANCED_FACE('',(#233),#6924,.F.);
#7304=ADVANCED_FACE('',(#234),#6925,.F.);
#7305=ADVANCED_FACE('',(#235),#20,.T.);
#7306=ADVANCED_FACE('',(#236),#6926,.F.);
#7307=ADVANCED_FACE('',(#237),#6927,.F.);
#7308=ADVANCED_FACE('',(#238),#6928,.F.);
#7309=ADVANCED_FACE('',(#239),#6929,.F.);
#7310=ADVANCED_FACE('',(#240),#6930,.F.);
#7311=ADVANCED_FACE('',(#241),#6931,.F.);
#7312=ADVANCED_FACE('',(#242),#6932,.F.);
#7313=ADVANCED_FACE('',(#243),#6933,.F.);
#7314=ADVANCED_FACE('',(#244),#6934,.F.);
#7315=ADVANCED_FACE('',(#245),#6935,.F.);
#7316=ADVANCED_FACE('',(#246),#6936,.F.);
#7317=ADVANCED_FACE('',(#247),#6937,.F.);
#7318=ADVANCED_FACE('',(#248),#6938,.F.);
#7319=ADVANCED_FACE('',(#249),#6939,.F.);
#7320=ADVANCED_FACE('',(#250),#6940,.F.);
#7321=ADVANCED_FACE('',(#251),#6941,.F.);
#7322=ADVANCED_FACE('',(#252),#6942,.F.);
#7323=ADVANCED_FACE('',(#253),#6943,.F.);
#7324=ADVANCED_FACE('',(#254),#6944,.F.);
#7325=ADVANCED_FACE('',(#255),#6945,.F.);
#7326=ADVANCED_FACE('',(#256),#6946,.F.);
#7327=ADVANCED_FACE('',(#257),#6947,.F.);
#7328=ADVANCED_FACE('',(#258),#6948,.F.);
#7329=ADVANCED_FACE('',(#259),#6949,.F.);
#7330=ADVANCED_FACE('',(#260),#6950,.F.);
#7331=ADVANCED_FACE('',(#261),#6951,.F.);
#7332=ADVANCED_FACE('',(#262),#6952,.F.);
#7333=ADVANCED_FACE('',(#263),#6953,.F.);
#7334=ADVANCED_FACE('',(#264),#6954,.F.);
#7335=ADVANCED_FACE('',(#265),#6955,.F.);
#7336=ADVANCED_FACE('',(#266),#6956,.F.);
#7337=ADVANCED_FACE('',(#267),#6957,.T.);
#7338=ADVANCED_FACE('',(#268),#6958,.T.);
#7339=ADVANCED_FACE('',(#269),#6959,.T.);
#7340=ADVANCED_FACE('',(#270),#6960,.T.);
#7341=ADVANCED_FACE('',(#271),#6961,.T.);
#7342=ADVANCED_FACE('',(#272),#6962,.T.);
#7343=ADVANCED_FACE('',(#273),#6963,.T.);
#7344=ADVANCED_FACE('',(#274),#6964,.T.);
#7345=ADVANCED_FACE('',(#275),#6965,.T.);
#7346=ADVANCED_FACE('',(#276),#6966,.T.);
#7347=ADVANCED_FACE('',(#277),#6967,.T.);
#7348=ADVANCED_FACE('',(#278),#6968,.T.);
#7349=ADVANCED_FACE('',(#279),#6969,.T.);
#7350=ADVANCED_FACE('',(#280),#6970,.T.);
#7351=ADVANCED_FACE('',(#281),#6971,.F.);
#7352=ADVANCED_FACE('',(#282),#6972,.T.);
#7353=ADVANCED_FACE('',(#283),#6973,.T.);
#7354=ADVANCED_FACE('',(#284),#6974,.T.);
#7355=ADVANCED_FACE('',(#285),#6975,.T.);
#7356=ADVANCED_FACE('',(#286),#6976,.T.);
#7357=ADVANCED_FACE('',(#287),#6977,.T.);
#7358=ADVANCED_FACE('',(#288),#6978,.T.);
#7359=ADVANCED_FACE('',(#289),#6979,.T.);
#7360=ADVANCED_FACE('',(#290),#6980,.T.);
#7361=ADVANCED_FACE('',(#291),#6981,.T.);
#7362=ADVANCED_FACE('',(#292),#6982,.T.);
#7363=ADVANCED_FACE('',(#293),#6983,.T.);
#7364=ADVANCED_FACE('',(#294),#6984,.T.);
#7365=ADVANCED_FACE('',(#295),#6985,.T.);
#7366=ADVANCED_FACE('',(#296),#6986,.T.);
#7367=ADVANCED_FACE('',(#297),#6987,.T.);
#7368=ADVANCED_FACE('',(#298),#6988,.T.);
#7369=ADVANCED_FACE('',(#299),#6989,.T.);
#7370=ADVANCED_FACE('',(#300),#6990,.T.);
#7371=ADVANCED_FACE('',(#301),#6991,.T.);
#7372=ADVANCED_FACE('',(#302),#6992,.T.);
#7373=ADVANCED_FACE('',(#303),#6993,.T.);
#7374=ADVANCED_FACE('',(#304),#6994,.T.);
#7375=ADVANCED_FACE('',(#305),#6995,.T.);
#7376=ADVANCED_FACE('',(#306),#6996,.T.);
#7377=ADVANCED_FACE('',(#307),#6997,.F.);
#7378=ADVANCED_FACE('',(#308),#6998,.F.);
#7379=ADVANCED_FACE('',(#309),#6999,.F.);
#7380=ADVANCED_FACE('',(#310),#7000,.F.);
#7381=ADVANCED_FACE('',(#311),#7001,.F.);
#7382=ADVANCED_FACE('',(#312),#7002,.F.);
#7383=ADVANCED_FACE('',(#313),#7003,.F.);
#7384=ADVANCED_FACE('',(#314),#7004,.F.);
#7385=ADVANCED_FACE('',(#315),#7005,.F.);
#7386=ADVANCED_FACE('',(#316),#7006,.F.);
#7387=ADVANCED_FACE('',(#317),#7007,.F.);
#7388=ADVANCED_FACE('',(#318),#7008,.F.);
#7389=ADVANCED_FACE('',(#319),#7009,.F.);
#7390=ADVANCED_FACE('',(#320),#7010,.F.);
#7391=ADVANCED_FACE('',(#321),#7011,.T.);
#7392=ADVANCED_FACE('',(#322),#7012,.T.);
#7393=ADVANCED_FACE('',(#323),#7013,.T.);
#7394=ADVANCED_FACE('',(#324),#7014,.T.);
#7395=ADVANCED_FACE('',(#325),#7015,.T.);
#7396=ADVANCED_FACE('',(#326),#7016,.T.);
#7397=ADVANCED_FACE('',(#327),#7017,.T.);
#7398=ADVANCED_FACE('',(#328),#7018,.T.);
#7399=ADVANCED_FACE('',(#329),#7019,.T.);
#7400=ADVANCED_FACE('',(#330),#7020,.T.);
#7401=ADVANCED_FACE('',(#331),#7021,.T.);
#7402=ADVANCED_FACE('',(#332),#7022,.T.);
#7403=ADVANCED_FACE('',(#333),#7023,.T.);
#7404=ADVANCED_FACE('',(#334),#7024,.T.);
#7405=ADVANCED_FACE('',(#335),#7025,.T.);
#7406=ADVANCED_FACE('',(#336),#7026,.T.);
#7407=ADVANCED_FACE('',(#337),#7027,.T.);
#7408=ADVANCED_FACE('',(#338),#7028,.T.);
#7409=ADVANCED_FACE('',(#339),#7029,.T.);
#7410=ADVANCED_FACE('',(#340),#7030,.T.);
#7411=ADVANCED_FACE('',(#341),#7031,.T.);
#7412=ADVANCED_FACE('',(#342),#7032,.T.);
#7413=ADVANCED_FACE('',(#343),#7033,.T.);
#7414=ADVANCED_FACE('',(#344),#7034,.T.);
#7415=ADVANCED_FACE('',(#345),#7035,.T.);
#7416=ADVANCED_FACE('',(#346),#7036,.T.);
#7417=ADVANCED_FACE('',(#347),#7037,.T.);
#7418=ADVANCED_FACE('',(#348),#7038,.F.);
#7419=ADVANCED_FACE('',(#349),#7039,.F.);
#7420=ADVANCED_FACE('',(#350),#7040,.F.);
#7421=ADVANCED_FACE('',(#351),#7041,.F.);
#7422=ADVANCED_FACE('',(#352),#7042,.F.);
#7423=ADVANCED_FACE('',(#353),#7043,.F.);
#7424=ADVANCED_FACE('',(#354),#7044,.F.);
#7425=ADVANCED_FACE('',(#355),#7045,.F.);
#7426=ADVANCED_FACE('',(#356),#7046,.F.);
#7427=ADVANCED_FACE('',(#357),#7047,.F.);
#7428=ADVANCED_FACE('',(#358),#7048,.F.);
#7429=ADVANCED_FACE('',(#359),#7049,.F.);
#7430=ADVANCED_FACE('',(#360),#7050,.T.);
#7431=ADVANCED_FACE('',(#361),#7051,.T.);
#7432=ADVANCED_FACE('',(#362),#7052,.T.);
#7433=ADVANCED_FACE('',(#363),#7053,.T.);
#7434=ADVANCED_FACE('',(#364),#7054,.T.);
#7435=ADVANCED_FACE('',(#365),#7055,.T.);
#7436=ADVANCED_FACE('',(#366),#7056,.T.);
#7437=ADVANCED_FACE('',(#367),#7057,.T.);
#7438=ADVANCED_FACE('',(#368),#7058,.T.);
#7439=ADVANCED_FACE('',(#369),#7059,.T.);
#7440=ADVANCED_FACE('',(#370),#7060,.T.);
#7441=ADVANCED_FACE('',(#371),#7061,.T.);
#7442=ADVANCED_FACE('',(#372),#7062,.F.);
#7443=ADVANCED_FACE('',(#373),#7063,.F.);
#7444=ADVANCED_FACE('',(#374),#7064,.F.);
#7445=ADVANCED_FACE('',(#375),#7065,.F.);
#7446=ADVANCED_FACE('',(#376),#7066,.T.);
#7447=ADVANCED_FACE('',(#377),#7067,.F.);
#7448=ADVANCED_FACE('',(#378),#7068,.F.);
#7449=ADVANCED_FACE('',(#379),#7069,.T.);
#7450=ADVANCED_FACE('',(#380),#7070,.F.);
#7451=ADVANCED_FACE('',(#381),#7071,.F.);
#7452=ADVANCED_FACE('',(#382),#7072,.T.);
#7453=ADVANCED_FACE('',(#383),#7073,.F.);
#7454=ADVANCED_FACE('',(#384),#7074,.F.);
#7455=ADVANCED_FACE('',(#385),#7075,.T.);
#7456=ADVANCED_FACE('',(#386),#7076,.F.);
#7457=ADVANCED_FACE('',(#387),#7077,.F.);
#7458=ADVANCED_FACE('',(#388),#7078,.T.);
#7459=ADVANCED_FACE('',(#389),#7079,.F.);
#7460=ADVANCED_FACE('',(#390),#7080,.F.);
#7461=ADVANCED_FACE('',(#391),#7081,.T.);
#7462=ADVANCED_FACE('',(#392),#7082,.F.);
#7463=ADVANCED_FACE('',(#393),#7083,.F.);
#7464=ADVANCED_FACE('',(#394),#7084,.T.);
#7465=ADVANCED_FACE('',(#395),#7085,.F.);
#7466=ADVANCED_FACE('',(#396),#7086,.F.);
#7467=ADVANCED_FACE('',(#397),#7087,.T.);
#7468=ADVANCED_FACE('',(#398),#7088,.F.);
#7469=ADVANCED_FACE('',(#399),#7089,.F.);
#7470=ADVANCED_FACE('',(#400),#7090,.T.);
#7471=ADVANCED_FACE('',(#401),#7091,.F.);
#7472=ADVANCED_FACE('',(#402),#7092,.F.);
#7473=ADVANCED_FACE('',(#403),#7093,.T.);
#7474=ADVANCED_FACE('',(#404),#7094,.F.);
#7475=ADVANCED_FACE('',(#405),#7095,.F.);
#7476=ADVANCED_FACE('',(#406),#7096,.T.);
#7477=ADVANCED_FACE('',(#407),#7097,.F.);
#7478=ADVANCED_FACE('',(#408),#7098,.F.);
#7479=ADVANCED_FACE('',(#409),#7099,.T.);
#7480=ADVANCED_FACE('',(#410),#7100,.F.);
#7481=ADVANCED_FACE('',(#411),#7101,.F.);
#7482=ADVANCED_FACE('',(#412),#7102,.T.);
#7483=CLOSED_SHELL('',(#7103,#7104,#7105,#7106,#7107,#7108,#7109,#7110,
#7111,#7112,#7113,#7114,#7115,#7116,#7117,#7118,#7119,#7120,#7121,#7122,
#7123,#7124,#7125,#7126,#7127,#7128,#7129,#7130,#7131,#7132,#7133,#7134,
#7135,#7136,#7137,#7138,#7139,#7140,#7141,#7142,#7143,#7144,#7145,#7146,
#7147,#7148,#7149,#7150,#7151,#7152,#7153,#7154,#7155,#7156,#7157,#7158,
#7159,#7160,#7161,#7162,#7163,#7164,#7165,#7166,#7167,#7168,#7169,#7170,
#7171,#7172,#7173,#7174,#7175,#7176,#7177,#7178,#7179,#7180,#7181,#7182,
#7183,#7184,#7185,#7186,#7187,#7188,#7189,#7190,#7191,#7192,#7193,#7194,
#7195,#7196,#7197,#7198,#7199,#7200,#7201,#7202,#7203,#7204,#7205,#7206,
#7207,#7208,#7209,#7210,#7211,#7212,#7213,#7214,#7215,#7216,#7217,#7218,
#7219,#7220,#7221,#7222,#7223,#7224,#7225,#7226,#7227,#7228,#7229,#7230,
#7231,#7232,#7233,#7234,#7235,#7236,#7237,#7238,#7239,#7240,#7241,#7242,
#7243,#7244,#7245,#7246,#7247,#7248,#7249,#7250,#7251,#7252,#7253,#7254,
#7255,#7256,#7257,#7258,#7259,#7260,#7261,#7262,#7263,#7264,#7265,#7266,
#7267,#7268,#7269,#7270,#7271,#7272,#7273,#7274,#7275,#7276,#7277,#7278,
#7279,#7280,#7281,#7282,#7283,#7284,#7285,#7286,#7287,#7288,#7289,#7290,
#7291,#7292));
#7484=CLOSED_SHELL('',(#7293,#7294,#7295,#7296,#7297,#7298,#7299,#7300,
#7301,#7302,#7303,#7304,#7305,#7306,#7307,#7308,#7309,#7310,#7311,#7312,
#7313,#7314,#7315,#7316,#7317,#7318,#7319,#7320,#7321,#7322,#7323,#7324,
#7325,#7326,#7327,#7328,#7329,#7330,#7331,#7332,#7333,#7334,#7335,#7336,
#7337,#7338,#7339,#7340,#7341,#7342,#7343,#7344,#7345,#7346,#7347,#7348,
#7349,#7350,#7351,#7352,#7353,#7354,#7355,#7356,#7357,#7358,#7359,#7360,
#7361,#7362,#7363,#7364,#7365,#7366,#7367,#7368,#7369,#7370,#7371,#7372,
#7373,#7374,#7375,#7376,#7377,#7378,#7379,#7380,#7381,#7382,#7383,#7384,
#7385,#7386,#7387,#7388,#7389,#7390,#7391,#7392,#7393,#7394,#7395,#7396,
#7397,#7398,#7399,#7400,#7401,#7402,#7403,#7404,#7405,#7406,#7407,#7408,
#7409,#7410,#7411,#7412,#7413,#7414,#7415,#7416,#7417,#7418,#7419,#7420,
#7421,#7422,#7423,#7424,#7425,#7426,#7427,#7428,#7429,#7430,#7431,#7432,
#7433,#7434,#7435,#7436,#7437,#7438,#7439,#7440,#7441,#7442,#7443,#7444,
#7445,#7446,#7447,#7448,#7449,#7450,#7451,#7452,#7453,#7454,#7455,#7456,
#7457,#7458,#7459,#7460,#7461,#7462,#7463,#7464,#7465,#7466,#7467,#7468,
#7469,#7470,#7471,#7472,#7473,#7474,#7475,#7476,#7477,#7478,#7479,#7480,
#7481,#7482));
#7485=BREP_WITH_VOIDS('Body69',#7483,(#14));
#7486=DERIVED_UNIT_ELEMENT(#7488,1.);
#7487=DERIVED_UNIT_ELEMENT(#11843,-3.);
#7488=(
MASS_UNIT()
NAMED_UNIT(*)
SI_UNIT(.KILO.,.GRAM.)
);
#7489=DERIVED_UNIT((#7486,#7487));
#7490=MEASURE_REPRESENTATION_ITEM('density measure',
POSITIVE_RATIO_MEASURE(7850.),#7489);
#7491=PROPERTY_DEFINITION_REPRESENTATION(#7496,#7493);
#7492=PROPERTY_DEFINITION_REPRESENTATION(#7497,#7494);
#7493=REPRESENTATION('material name',(#7495),#11840);
#7494=REPRESENTATION('density',(#7490),#11840);
#7495=DESCRIPTIVE_REPRESENTATION_ITEM('Steel','Steel');
#7496=PROPERTY_DEFINITION('material property','material name',#11850);
#7497=PROPERTY_DEFINITION('material property','density of part',#11850);
#7498=AXIS2_PLACEMENT_3D('',#9721,#7891,#7892);
#7499=AXIS2_PLACEMENT_3D('',#9722,#7893,#7894);
#7500=AXIS2_PLACEMENT_3D('',#9731,#7899,#7900);
#7501=AXIS2_PLACEMENT_3D('',#9740,#7905,#7906);
#7502=AXIS2_PLACEMENT_3D('',#9742,#7907,#7908);
#7503=AXIS2_PLACEMENT_3D('',#9774,#7925,#7926);
#7504=AXIS2_PLACEMENT_3D('',#9776,#7927,#7928);
#7505=AXIS2_PLACEMENT_3D('',#9778,#7930,#7931);
#7506=AXIS2_PLACEMENT_3D('',#9782,#7934,#7935);
#7507=AXIS2_PLACEMENT_3D('',#9791,#7940,#7941);
#7508=AXIS2_PLACEMENT_3D('',#9793,#7942,#7943);
#7509=AXIS2_PLACEMENT_3D('',#9795,#7944,#7945);
#7510=AXIS2_PLACEMENT_3D('',#9797,#7947,#7948);
#7511=AXIS2_PLACEMENT_3D('',#9803,#7952,#7953);
#7512=AXIS2_PLACEMENT_3D('',#9812,#7958,#7959);
#7513=AXIS2_PLACEMENT_3D('',#9814,#7960,#7961);
#7514=AXIS2_PLACEMENT_3D('',#9816,#7962,#7963);
#7515=AXIS2_PLACEMENT_3D('',#9818,#7965,#7966);
#7516=AXIS2_PLACEMENT_3D('',#9824,#7970,#7971);
#7517=AXIS2_PLACEMENT_3D('',#9883,#8001,#8002);
#7518=AXIS2_PLACEMENT_3D('',#9889,#8008,#8009);
#7519=AXIS2_PLACEMENT_3D('',#9897,#8014,#8015);
#7520=AXIS2_PLACEMENT_3D('',#9903,#8019,#8020);
#7521=AXIS2_PLACEMENT_3D('',#9909,#8024,#8025);
#7522=AXIS2_PLACEMENT_3D('',#9918,#8030,#8031);
#7523=AXIS2_PLACEMENT_3D('',#9924,#8035,#8036);
#7524=AXIS2_PLACEMENT_3D('',#9933,#8041,#8042);
#7525=AXIS2_PLACEMENT_3D('',#9939,#8046,#8047);
#7526=AXIS2_PLACEMENT_3D('',#9948,#8052,#8053);
#7527=AXIS2_PLACEMENT_3D('',#9954,#8057,#8058);
#7528=AXIS2_PLACEMENT_3D('',#9963,#8063,#8064);
#7529=AXIS2_PLACEMENT_3D('',#9969,#8068,#8069);
#7530=AXIS2_PLACEMENT_3D('',#9978,#8074,#8075);
#7531=AXIS2_PLACEMENT_3D('',#9984,#8079,#8080);
#7532=AXIS2_PLACEMENT_3D('',#9993,#8085,#8086);
#7533=AXIS2_PLACEMENT_3D('',#9999,#8090,#8091);
#7534=AXIS2_PLACEMENT_3D('',#10008,#8096,#8097);
#7535=AXIS2_PLACEMENT_3D('',#10014,#8101,#8102);
#7536=AXIS2_PLACEMENT_3D('',#10023,#8107,#8108);
#7537=AXIS2_PLACEMENT_3D('',#10029,#8112,#8113);
#7538=AXIS2_PLACEMENT_3D('',#10038,#8118,#8119);
#7539=AXIS2_PLACEMENT_3D('',#10044,#8123,#8124);
#7540=AXIS2_PLACEMENT_3D('',#10053,#8129,#8130);
#7541=AXIS2_PLACEMENT_3D('',#10059,#8134,#8135);
#7542=AXIS2_PLACEMENT_3D('',#10068,#8140,#8141);
#7543=AXIS2_PLACEMENT_3D('',#10074,#8145,#8146);
#7544=AXIS2_PLACEMENT_3D('',#10083,#8151,#8152);
#7545=AXIS2_PLACEMENT_3D('',#10113,#8168,#8169);
#7546=AXIS2_PLACEMENT_3D('',#10121,#8174,#8175);
#7547=AXIS2_PLACEMENT_3D('',#10129,#8180,#8181);
#7548=AXIS2_PLACEMENT_3D('',#10195,#8221,#8222);
#7549=AXIS2_PLACEMENT_3D('',#10201,#8226,#8227);
#7550=AXIS2_PLACEMENT_3D('',#10207,#8231,#8232);
#7551=AXIS2_PLACEMENT_3D('',#10213,#8236,#8237);
#7552=AXIS2_PLACEMENT_3D('',#10219,#8241,#8242);
#7553=AXIS2_PLACEMENT_3D('',#10225,#8246,#8247);
#7554=AXIS2_PLACEMENT_3D('',#10231,#8251,#8252);
#7555=AXIS2_PLACEMENT_3D('',#10237,#8256,#8257);
#7556=AXIS2_PLACEMENT_3D('',#10243,#8261,#8262);
#7557=AXIS2_PLACEMENT_3D('',#10249,#8266,#8267);
#7558=AXIS2_PLACEMENT_3D('',#10255,#8271,#8272);
#7559=AXIS2_PLACEMENT_3D('',#10261,#8276,#8277);
#7560=AXIS2_PLACEMENT_3D('',#10267,#8281,#8282);
#7561=AXIS2_PLACEMENT_3D('',#10273,#8286,#8287);
#7562=AXIS2_PLACEMENT_3D('',#10299,#8301,#8302);
#7563=AXIS2_PLACEMENT_3D('',#10303,#8305,#8306);
#7564=AXIS2_PLACEMENT_3D('',#10307,#8309,#8310);
#7565=AXIS2_PLACEMENT_3D('',#10311,#8313,#8314);
#7566=AXIS2_PLACEMENT_3D('',#10315,#8317,#8318);
#7567=AXIS2_PLACEMENT_3D('',#10319,#8321,#8322);
#7568=AXIS2_PLACEMENT_3D('',#10323,#8325,#8326);
#7569=AXIS2_PLACEMENT_3D('',#10327,#8329,#8330);
#7570=AXIS2_PLACEMENT_3D('',#10331,#8333,#8334);
#7571=AXIS2_PLACEMENT_3D('',#10335,#8337,#8338);
#7572=AXIS2_PLACEMENT_3D('',#10339,#8341,#8342);
#7573=AXIS2_PLACEMENT_3D('',#10343,#8345,#8346);
#7574=AXIS2_PLACEMENT_3D('',#10347,#8349,#8350);
#7575=AXIS2_PLACEMENT_3D('',#10351,#8353,#8354);
#7576=AXIS2_PLACEMENT_3D('',#10355,#8357,#8358);
#7577=AXIS2_PLACEMENT_3D('',#10359,#8361,#8362);
#7578=AXIS2_PLACEMENT_3D('',#10363,#8365,#8366);
#7579=AXIS2_PLACEMENT_3D('',#10367,#8369,#8370);
#7580=AXIS2_PLACEMENT_3D('',#10371,#8373,#8374);
#7581=AXIS2_PLACEMENT_3D('',#10375,#8377,#8378);
#7582=AXIS2_PLACEMENT_3D('',#10379,#8381,#8382);
#7583=AXIS2_PLACEMENT_3D('',#10383,#8385,#8386);
#7584=AXIS2_PLACEMENT_3D('',#10387,#8389,#8390);
#7585=AXIS2_PLACEMENT_3D('',#10391,#8393,#8394);
#7586=AXIS2_PLACEMENT_3D('',#10395,#8397,#8398);
#7587=AXIS2_PLACEMENT_3D('',#10399,#8401,#8402);
#7588=AXIS2_PLACEMENT_3D('',#10403,#8405,#8406);
#7589=AXIS2_PLACEMENT_3D('',#10405,#8408,#8409);
#7590=AXIS2_PLACEMENT_3D('',#10407,#8411,#8412);
#7591=AXIS2_PLACEMENT_3D('',#10409,#8414,#8415);
#7592=AXIS2_PLACEMENT_3D('',#10411,#8417,#8418);
#7593=AXIS2_PLACEMENT_3D('',#10413,#8420,#8421);
#7594=AXIS2_PLACEMENT_3D('',#10415,#8423,#8424);
#7595=AXIS2_PLACEMENT_3D('',#10417,#8426,#8427);
#7596=AXIS2_PLACEMENT_3D('',#10419,#8429,#8430);
#7597=AXIS2_PLACEMENT_3D('',#10421,#8432,#8433);
#7598=AXIS2_PLACEMENT_3D('',#10423,#8435,#8436);
#7599=AXIS2_PLACEMENT_3D('',#10425,#8438,#8439);
#7600=AXIS2_PLACEMENT_3D('',#10427,#8441,#8442);
#7601=AXIS2_PLACEMENT_3D('',#10602,#8537,#8538);
#7602=AXIS2_PLACEMENT_3D('',#10604,#8540,#8541);
#7603=AXIS2_PLACEMENT_3D('',#10606,#8543,#8544);
#7604=AXIS2_PLACEMENT_3D('',#10608,#8546,#8547);
#7605=AXIS2_PLACEMENT_3D('',#10610,#8549,#8550);
#7606=AXIS2_PLACEMENT_3D('',#10612,#8552,#8553);
#7607=AXIS2_PLACEMENT_3D('',#10614,#8555,#8556);
#7608=AXIS2_PLACEMENT_3D('',#10616,#8558,#8559);
#7609=AXIS2_PLACEMENT_3D('',#10618,#8561,#8562);
#7610=AXIS2_PLACEMENT_3D('',#10620,#8564,#8565);
#7611=AXIS2_PLACEMENT_3D('',#10622,#8567,#8568);
#7612=AXIS2_PLACEMENT_3D('',#10624,#8570,#8571);
#7613=AXIS2_PLACEMENT_3D('',#10626,#8573,#8574);
#7614=AXIS2_PLACEMENT_3D('',#10628,#8576,#8577);
#7615=AXIS2_PLACEMENT_3D('',#10630,#8579,#8580);
#7616=AXIS2_PLACEMENT_3D('',#10632,#8582,#8583);
#7617=AXIS2_PLACEMENT_3D('',#10634,#8585,#8586);
#7618=AXIS2_PLACEMENT_3D('',#10636,#8588,#8589);
#7619=AXIS2_PLACEMENT_3D('',#10638,#8591,#8592);
#7620=AXIS2_PLACEMENT_3D('',#10640,#8594,#8595);
#7621=AXIS2_PLACEMENT_3D('',#10642,#8597,#8598);
#7622=AXIS2_PLACEMENT_3D('',#10644,#8600,#8601);
#7623=AXIS2_PLACEMENT_3D('',#10646,#8603,#8604);
#7624=AXIS2_PLACEMENT_3D('',#10648,#8606,#8607);
#7625=AXIS2_PLACEMENT_3D('',#10650,#8609,#8610);
#7626=AXIS2_PLACEMENT_3D('',#10652,#8612,#8613);
#7627=AXIS2_PLACEMENT_3D('',#10654,#8615,#8616);
#7628=AXIS2_PLACEMENT_3D('',#10656,#8618,#8619);
#7629=AXIS2_PLACEMENT_3D('',#10658,#8621,#8622);
#7630=AXIS2_PLACEMENT_3D('',#10659,#8623,#8624);
#7631=AXIS2_PLACEMENT_3D('',#10660,#8625,#8626);
#7632=AXIS2_PLACEMENT_3D('',#10661,#8627,#8628);
#7633=AXIS2_PLACEMENT_3D('',#10662,#8629,#8630);
#7634=AXIS2_PLACEMENT_3D('',#10663,#8631,#8632);
#7635=AXIS2_PLACEMENT_3D('',#10664,#8633,#8634);
#7636=AXIS2_PLACEMENT_3D('',#10665,#8635,#8636);
#7637=AXIS2_PLACEMENT_3D('',#10666,#8637,#8638);
#7638=AXIS2_PLACEMENT_3D('',#10667,#8639,#8640);
#7639=AXIS2_PLACEMENT_3D('',#10668,#8641,#8642);
#7640=AXIS2_PLACEMENT_3D('',#10669,#8643,#8644);
#7641=AXIS2_PLACEMENT_3D('',#10670,#8645,#8646);
#7642=AXIS2_PLACEMENT_3D('',#10673,#8649,#8650);
#7643=AXIS2_PLACEMENT_3D('',#10676,#8653,#8654);
#7644=AXIS2_PLACEMENT_3D('',#10679,#8657,#8658);
#7645=AXIS2_PLACEMENT_3D('',#10682,#8661,#8662);
#7646=AXIS2_PLACEMENT_3D('',#10685,#8665,#8666);
#7647=AXIS2_PLACEMENT_3D('',#10688,#8669,#8670);
#7648=AXIS2_PLACEMENT_3D('',#10691,#8673,#8674);
#7649=AXIS2_PLACEMENT_3D('',#10694,#8677,#8678);
#7650=AXIS2_PLACEMENT_3D('',#10697,#8681,#8682);
#7651=AXIS2_PLACEMENT_3D('',#10700,#8685,#8686);
#7652=AXIS2_PLACEMENT_3D('',#10703,#8689,#8690);
#7653=AXIS2_PLACEMENT_3D('',#10706,#8693,#8694);
#7654=AXIS2_PLACEMENT_3D('',#10709,#8697,#8698);
#7655=AXIS2_PLACEMENT_3D('',#10710,#8699,#8700);
#7656=AXIS2_PLACEMENT_3D('',#10711,#8701,#8702);
#7657=AXIS2_PLACEMENT_3D('',#10713,#8704,#8705);
#7658=AXIS2_PLACEMENT_3D('',#10715,#8707,#8708);
#7659=AXIS2_PLACEMENT_3D('',#10716,#8709,#8710);
#7660=AXIS2_PLACEMENT_3D('',#10718,#8712,#8713);
#7661=AXIS2_PLACEMENT_3D('',#10720,#8715,#8716);
#7662=AXIS2_PLACEMENT_3D('',#10721,#8717,#8718);
#7663=AXIS2_PLACEMENT_3D('',#10723,#8720,#8721);
#7664=AXIS2_PLACEMENT_3D('',#10725,#8723,#8724);
#7665=AXIS2_PLACEMENT_3D('',#10726,#8725,#8726);
#7666=AXIS2_PLACEMENT_3D('',#10728,#8728,#8729);
#7667=AXIS2_PLACEMENT_3D('',#10730,#8731,#8732);
#7668=AXIS2_PLACEMENT_3D('',#10731,#8733,#8734);
#7669=AXIS2_PLACEMENT_3D('',#10733,#8736,#8737);
#7670=AXIS2_PLACEMENT_3D('',#10735,#8739,#8740);
#7671=AXIS2_PLACEMENT_3D('',#10736,#8741,#8742);
#7672=AXIS2_PLACEMENT_3D('',#10738,#8744,#8745);
#7673=AXIS2_PLACEMENT_3D('',#10740,#8747,#8748);
#7674=AXIS2_PLACEMENT_3D('',#10741,#8749,#8750);
#7675=AXIS2_PLACEMENT_3D('',#10743,#8752,#8753);
#7676=AXIS2_PLACEMENT_3D('',#10745,#8755,#8756);
#7677=AXIS2_PLACEMENT_3D('',#10746,#8757,#8758);
#7678=AXIS2_PLACEMENT_3D('',#10748,#8760,#8761);
#7679=AXIS2_PLACEMENT_3D('',#10750,#8763,#8764);
#7680=AXIS2_PLACEMENT_3D('',#10751,#8765,#8766);
#7681=AXIS2_PLACEMENT_3D('',#10753,#8768,#8769);
#7682=AXIS2_PLACEMENT_3D('',#10755,#8771,#8772);
#7683=AXIS2_PLACEMENT_3D('',#10756,#8773,#8774);
#7684=AXIS2_PLACEMENT_3D('',#10758,#8776,#8777);
#7685=AXIS2_PLACEMENT_3D('',#10760,#8779,#8780);
#7686=AXIS2_PLACEMENT_3D('',#10761,#8781,#8782);
#7687=AXIS2_PLACEMENT_3D('',#10763,#8784,#8785);
#7688=AXIS2_PLACEMENT_3D('',#10765,#8787,#8788);
#7689=AXIS2_PLACEMENT_3D('',#10766,#8789,#8790);
#7690=AXIS2_PLACEMENT_3D('',#10768,#8792,#8793);
#7691=AXIS2_PLACEMENT_3D('',#10770,#8795,#8796);
#7692=AXIS2_PLACEMENT_3D('',#10771,#8797,#8798);
#7693=AXIS2_PLACEMENT_3D('',#10773,#8800,#8801);
#7694=AXIS2_PLACEMENT_3D('',#10775,#8803,#8804);
#7695=AXIS2_PLACEMENT_3D('',#10776,#8805,#8806);
#7696=AXIS2_PLACEMENT_3D('',#10791,#8814,#8815);
#7697=AXIS2_PLACEMENT_3D('',#10808,#8824,#8825);
#7698=AXIS2_PLACEMENT_3D('',#10841,#8842,#8843);
#7699=AXIS2_PLACEMENT_3D('',#10843,#8845,#8846);
#7700=AXIS2_PLACEMENT_3D('',#10852,#8851,#8852);
#7701=AXIS2_PLACEMENT_3D('',#10861,#8857,#8858);
#7702=AXIS2_PLACEMENT_3D('',#10863,#8859,#8860);
#7703=AXIS2_PLACEMENT_3D('',#10899,#8879,#8880);
#7704=AXIS2_PLACEMENT_3D('',#10902,#8882,#8883);
#7705=AXIS2_PLACEMENT_3D('',#10903,#8884,#8885);
#7706=AXIS2_PLACEMENT_3D('',#10907,#8888,#8889);
#7707=AXIS2_PLACEMENT_3D('',#10916,#8894,#8895);
#7708=AXIS2_PLACEMENT_3D('',#10918,#8896,#8897);
#7709=AXIS2_PLACEMENT_3D('',#10921,#8899,#8900);
#7710=AXIS2_PLACEMENT_3D('',#10922,#8901,#8902);
#7711=AXIS2_PLACEMENT_3D('',#10925,#8905,#8906);
#7712=AXIS2_PLACEMENT_3D('',#10929,#8909,#8910);
#7713=AXIS2_PLACEMENT_3D('',#10932,#8912,#8913);
#7714=AXIS2_PLACEMENT_3D('',#10933,#8914,#8915);
#7715=AXIS2_PLACEMENT_3D('',#10935,#8917,#8918);
#7716=AXIS2_PLACEMENT_3D('',#10991,#8947,#8948);
#7717=AXIS2_PLACEMENT_3D('',#10995,#8952,#8953);
#7718=AXIS2_PLACEMENT_3D('',#11003,#8958,#8959);
#7719=AXIS2_PLACEMENT_3D('',#11009,#8963,#8964);
#7720=AXIS2_PLACEMENT_3D('',#11015,#8968,#8969);
#7721=AXIS2_PLACEMENT_3D('',#11024,#8974,#8975);
#7722=AXIS2_PLACEMENT_3D('',#11030,#8979,#8980);
#7723=AXIS2_PLACEMENT_3D('',#11039,#8985,#8986);
#7724=AXIS2_PLACEMENT_3D('',#11045,#8990,#8991);
#7725=AXIS2_PLACEMENT_3D('',#11054,#8996,#8997);
#7726=AXIS2_PLACEMENT_3D('',#11060,#9001,#9002);
#7727=AXIS2_PLACEMENT_3D('',#11069,#9007,#9008);
#7728=AXIS2_PLACEMENT_3D('',#11075,#9012,#9013);
#7729=AXIS2_PLACEMENT_3D('',#11084,#9018,#9019);
#7730=AXIS2_PLACEMENT_3D('',#11090,#9023,#9024);
#7731=AXIS2_PLACEMENT_3D('',#11099,#9029,#9030);
#7732=AXIS2_PLACEMENT_3D('',#11105,#9034,#9035);
#7733=AXIS2_PLACEMENT_3D('',#11114,#9040,#9041);
#7734=AXIS2_PLACEMENT_3D('',#11120,#9045,#9046);
#7735=AXIS2_PLACEMENT_3D('',#11129,#9051,#9052);
#7736=AXIS2_PLACEMENT_3D('',#11135,#9056,#9057);
#7737=AXIS2_PLACEMENT_3D('',#11144,#9062,#9063);
#7738=AXIS2_PLACEMENT_3D('',#11150,#9067,#9068);
#7739=AXIS2_PLACEMENT_3D('',#11159,#9073,#9074);
#7740=AXIS2_PLACEMENT_3D('',#11165,#9078,#9079);
#7741=AXIS2_PLACEMENT_3D('',#11174,#9084,#9085);
#7742=AXIS2_PLACEMENT_3D('',#11180,#9089,#9090);
#7743=AXIS2_PLACEMENT_3D('',#11189,#9095,#9096);
#7744=AXIS2_PLACEMENT_3D('',#11197,#9101,#9102);
#7745=AXIS2_PLACEMENT_3D('',#11203,#9106,#9107);
#7746=AXIS2_PLACEMENT_3D('',#11269,#9147,#9148);
#7747=AXIS2_PLACEMENT_3D('',#11275,#9152,#9153);
#7748=AXIS2_PLACEMENT_3D('',#11281,#9157,#9158);
#7749=AXIS2_PLACEMENT_3D('',#11287,#9162,#9163);
#7750=AXIS2_PLACEMENT_3D('',#11293,#9167,#9168);
#7751=AXIS2_PLACEMENT_3D('',#11299,#9172,#9173);
#7752=AXIS2_PLACEMENT_3D('',#11305,#9177,#9178);
#7753=AXIS2_PLACEMENT_3D('',#11311,#9182,#9183);
#7754=AXIS2_PLACEMENT_3D('',#11317,#9187,#9188);
#7755=AXIS2_PLACEMENT_3D('',#11323,#9192,#9193);
#7756=AXIS2_PLACEMENT_3D('',#11329,#9197,#9198);
#7757=AXIS2_PLACEMENT_3D('',#11335,#9202,#9203);
#7758=AXIS2_PLACEMENT_3D('',#11341,#9207,#9208);
#7759=AXIS2_PLACEMENT_3D('',#11345,#9211,#9212);
#7760=AXIS2_PLACEMENT_3D('',#11371,#9226,#9227);
#7761=AXIS2_PLACEMENT_3D('',#11375,#9230,#9231);
#7762=AXIS2_PLACEMENT_3D('',#11379,#9234,#9235);
#7763=AXIS2_PLACEMENT_3D('',#11383,#9238,#9239);
#7764=AXIS2_PLACEMENT_3D('',#11387,#9242,#9243);
#7765=AXIS2_PLACEMENT_3D('',#11391,#9246,#9247);
#7766=AXIS2_PLACEMENT_3D('',#11395,#9250,#9251);
#7767=AXIS2_PLACEMENT_3D('',#11399,#9254,#9255);
#7768=AXIS2_PLACEMENT_3D('',#11403,#9258,#9259);
#7769=AXIS2_PLACEMENT_3D('',#11407,#9262,#9263);
#7770=AXIS2_PLACEMENT_3D('',#11411,#9266,#9267);
#7771=AXIS2_PLACEMENT_3D('',#11415,#9270,#9271);
#7772=AXIS2_PLACEMENT_3D('',#11419,#9274,#9275);
#7773=AXIS2_PLACEMENT_3D('',#11423,#9278,#9279);
#7774=AXIS2_PLACEMENT_3D('',#11427,#9282,#9283);
#7775=AXIS2_PLACEMENT_3D('',#11431,#9286,#9287);
#7776=AXIS2_PLACEMENT_3D('',#11435,#9290,#9291);
#7777=AXIS2_PLACEMENT_3D('',#11439,#9294,#9295);
#7778=AXIS2_PLACEMENT_3D('',#11443,#9298,#9299);
#7779=AXIS2_PLACEMENT_3D('',#11447,#9302,#9303);
#7780=AXIS2_PLACEMENT_3D('',#11451,#9306,#9307);
#7781=AXIS2_PLACEMENT_3D('',#11455,#9310,#9311);
#7782=AXIS2_PLACEMENT_3D('',#11459,#9314,#9315);
#7783=AXIS2_PLACEMENT_3D('',#11463,#9318,#9319);
#7784=AXIS2_PLACEMENT_3D('',#11467,#9322,#9323);
#7785=AXIS2_PLACEMENT_3D('',#11471,#9326,#9327);
#7786=AXIS2_PLACEMENT_3D('',#11475,#9330,#9331);
#7787=AXIS2_PLACEMENT_3D('',#11477,#9333,#9334);
#7788=AXIS2_PLACEMENT_3D('',#11479,#9336,#9337);
#7789=AXIS2_PLACEMENT_3D('',#11481,#9339,#9340);
#7790=AXIS2_PLACEMENT_3D('',#11483,#9342,#9343);
#7791=AXIS2_PLACEMENT_3D('',#11485,#9345,#9346);
#7792=AXIS2_PLACEMENT_3D('',#11487,#9348,#9349);
#7793=AXIS2_PLACEMENT_3D('',#11489,#9351,#9352);
#7794=AXIS2_PLACEMENT_3D('',#11491,#9354,#9355);
#7795=AXIS2_PLACEMENT_3D('',#11493,#9357,#9358);
#7796=AXIS2_PLACEMENT_3D('',#11495,#9360,#9361);
#7797=AXIS2_PLACEMENT_3D('',#11497,#9363,#9364);
#7798=AXIS2_PLACEMENT_3D('',#11499,#9366,#9367);
#7799=AXIS2_PLACEMENT_3D('',#11669,#9460,#9461);
#7800=AXIS2_PLACEMENT_3D('',#11671,#9463,#9464);
#7801=AXIS2_PLACEMENT_3D('',#11673,#9466,#9467);
#7802=AXIS2_PLACEMENT_3D('',#11675,#9469,#9470);
#7803=AXIS2_PLACEMENT_3D('',#11677,#9472,#9473);
#7804=AXIS2_PLACEMENT_3D('',#11679,#9475,#9476);
#7805=AXIS2_PLACEMENT_3D('',#11681,#9478,#9479);
#7806=AXIS2_PLACEMENT_3D('',#11683,#9481,#9482);
#7807=AXIS2_PLACEMENT_3D('',#11685,#9484,#9485);
#7808=AXIS2_PLACEMENT_3D('',#11687,#9487,#9488);
#7809=AXIS2_PLACEMENT_3D('',#11689,#9490,#9491);
#7810=AXIS2_PLACEMENT_3D('',#11691,#9493,#9494);
#7811=AXIS2_PLACEMENT_3D('',#11693,#9496,#9497);
#7812=AXIS2_PLACEMENT_3D('',#11695,#9499,#9500);
#7813=AXIS2_PLACEMENT_3D('',#11697,#9502,#9503);
#7814=AXIS2_PLACEMENT_3D('',#11699,#9505,#9506);
#7815=AXIS2_PLACEMENT_3D('',#11701,#9508,#9509);
#7816=AXIS2_PLACEMENT_3D('',#11703,#9511,#9512);
#7817=AXIS2_PLACEMENT_3D('',#11705,#9514,#9515);
#7818=AXIS2_PLACEMENT_3D('',#11707,#9517,#9518);
#7819=AXIS2_PLACEMENT_3D('',#11709,#9520,#9521);
#7820=AXIS2_PLACEMENT_3D('',#11711,#9523,#9524);
#7821=AXIS2_PLACEMENT_3D('',#11713,#9526,#9527);
#7822=AXIS2_PLACEMENT_3D('',#11715,#9529,#9530);
#7823=AXIS2_PLACEMENT_3D('',#11717,#9532,#9533);
#7824=AXIS2_PLACEMENT_3D('',#11719,#9535,#9536);
#7825=AXIS2_PLACEMENT_3D('',#11721,#9538,#9539);
#7826=AXIS2_PLACEMENT_3D('',#11723,#9541,#9542);
#7827=AXIS2_PLACEMENT_3D('',#11724,#9543,#9544);
#7828=AXIS2_PLACEMENT_3D('',#11725,#9545,#9546);
#7829=AXIS2_PLACEMENT_3D('',#11726,#9547,#9548);
#7830=AXIS2_PLACEMENT_3D('',#11727,#9549,#9550);
#7831=AXIS2_PLACEMENT_3D('',#11728,#9551,#9552);
#7832=AXIS2_PLACEMENT_3D('',#11729,#9553,#9554);
#7833=AXIS2_PLACEMENT_3D('',#11730,#9555,#9556);
#7834=AXIS2_PLACEMENT_3D('',#11731,#9557,#9558);
#7835=AXIS2_PLACEMENT_3D('',#11732,#9559,#9560);
#7836=AXIS2_PLACEMENT_3D('',#11733,#9561,#9562);
#7837=AXIS2_PLACEMENT_3D('',#11734,#9563,#9564);
#7838=AXIS2_PLACEMENT_3D('',#11735,#9565,#9566);
#7839=AXIS2_PLACEMENT_3D('',#11738,#9569,#9570);
#7840=AXIS2_PLACEMENT_3D('',#11741,#9573,#9574);
#7841=AXIS2_PLACEMENT_3D('',#11744,#9577,#9578);
#7842=AXIS2_PLACEMENT_3D('',#11747,#9581,#9582);
#7843=AXIS2_PLACEMENT_3D('',#11750,#9585,#9586);
#7844=AXIS2_PLACEMENT_3D('',#11753,#9589,#9590);
#7845=AXIS2_PLACEMENT_3D('',#11756,#9593,#9594);
#7846=AXIS2_PLACEMENT_3D('',#11759,#9597,#9598);
#7847=AXIS2_PLACEMENT_3D('',#11762,#9601,#9602);
#7848=AXIS2_PLACEMENT_3D('',#11765,#9605,#9606);
#7849=AXIS2_PLACEMENT_3D('',#11768,#9609,#9610);
#7850=AXIS2_PLACEMENT_3D('',#11771,#9613,#9614);
#7851=AXIS2_PLACEMENT_3D('',#11772,#9615,#9616);
#7852=AXIS2_PLACEMENT_3D('',#11773,#9617,#9618);
#7853=AXIS2_PLACEMENT_3D('',#11775,#9620,#9621);
#7854=AXIS2_PLACEMENT_3D('',#11777,#9623,#9624);
#7855=AXIS2_PLACEMENT_3D('',#11778,#9625,#9626);
#7856=AXIS2_PLACEMENT_3D('',#11780,#9628,#9629);
#7857=AXIS2_PLACEMENT_3D('',#11782,#9631,#9632);
#7858=AXIS2_PLACEMENT_3D('',#11783,#9633,#9634);
#7859=AXIS2_PLACEMENT_3D('',#11785,#9636,#9637);
#7860=AXIS2_PLACEMENT_3D('',#11787,#9639,#9640);
#7861=AXIS2_PLACEMENT_3D('',#11788,#9641,#9642);
#7862=AXIS2_PLACEMENT_3D('',#11790,#9644,#9645);
#7863=AXIS2_PLACEMENT_3D('',#11792,#9647,#9648);
#7864=AXIS2_PLACEMENT_3D('',#11793,#9649,#9650);
#7865=AXIS2_PLACEMENT_3D('',#11795,#9652,#9653);
#7866=AXIS2_PLACEMENT_3D('',#11797,#9655,#9656);
#7867=AXIS2_PLACEMENT_3D('',#11798,#9657,#9658);
#7868=AXIS2_PLACEMENT_3D('',#11800,#9660,#9661);
#7869=AXIS2_PLACEMENT_3D('',#11802,#9663,#9664);
#7870=AXIS2_PLACEMENT_3D('',#11803,#9665,#9666);
#7871=AXIS2_PLACEMENT_3D('',#11805,#9668,#9669);
#7872=AXIS2_PLACEMENT_3D('',#11807,#9671,#9672);
#7873=AXIS2_PLACEMENT_3D('',#11808,#9673,#9674);
#7874=AXIS2_PLACEMENT_3D('',#11810,#9676,#9677);
#7875=AXIS2_PLACEMENT_3D('',#11812,#9679,#9680);
#7876=AXIS2_PLACEMENT_3D('',#11813,#9681,#9682);
#7877=AXIS2_PLACEMENT_3D('',#11815,#9684,#9685);
#7878=AXIS2_PLACEMENT_3D('',#11817,#9687,#9688);
#7879=AXIS2_PLACEMENT_3D('',#11818,#9689,#9690);
#7880=AXIS2_PLACEMENT_3D('',#11820,#9692,#9693);
#7881=AXIS2_PLACEMENT_3D('',#11822,#9695,#9696);
#7882=AXIS2_PLACEMENT_3D('',#11823,#9697,#9698);
#7883=AXIS2_PLACEMENT_3D('',#11825,#9700,#9701);
#7884=AXIS2_PLACEMENT_3D('',#11827,#9703,#9704);
#7885=AXIS2_PLACEMENT_3D('',#11828,#9705,#9706);
#7886=AXIS2_PLACEMENT_3D('',#11830,#9708,#9709);
#7887=AXIS2_PLACEMENT_3D('',#11832,#9711,#9712);
#7888=AXIS2_PLACEMENT_3D('',#11833,#9713,#9714);
#7889=AXIS2_PLACEMENT_3D('',#11835,#9716,#9717);
#7890=AXIS2_PLACEMENT_3D('',#11837,#9719,#9720);
#7891=DIRECTION('axis',(0.,0.,1.));
#7892=DIRECTION('refdir',(1.,0.,0.));
#7893=DIRECTION('center_axis',(0.,1.,-1.86264514923096E-8));
#7894=DIRECTION('ref_axis',(0.,-1.86264514923096E-8,-1.));
#7895=DIRECTION('',(0.,1.86264514923096E-8,1.));
#7896=DIRECTION('',(-1.,0.,0.));
#7897=DIRECTION('',(0.,-1.86264514923096E-8,-1.));
#7898=DIRECTION('',(-1.,0.,0.));
#7899=DIRECTION('center_axis',(0.,-1.,-1.14624316875751E-9));
#7900=DIRECTION('ref_axis',(0.,-1.14624316875751E-9,1.));
#7901=DIRECTION('',(0.,0.,-1.));
#7902=DIRECTION('',(-1.,0.,0.));
#7903=DIRECTION('',(0.,-1.14624316875751E-9,1.));
#7904=DIRECTION('',(-1.,0.,0.));
#7905=DIRECTION('center_axis',(-1.,0.,0.));
#7906=DIRECTION('ref_axis',(0.,-1.,0.));
#7907=DIRECTION('center_axis',(-1.,0.,0.));
#7908=DIRECTION('ref_axis',(0.,-1.,0.));
#7909=DIRECTION('',(0.,-1.34110450744629E-8,-1.));
#7910=DIRECTION('',(0.,0.,1.));
#7911=DIRECTION('',(0.,-1.,0.));
#7912=DIRECTION('',(0.,0.,1.));
#7913=DIRECTION('',(0.,1.,0.));
#7914=DIRECTION('',(0.,0.,1.));
#7915=DIRECTION('',(0.,-1.,0.));
#7916=DIRECTION('',(0.,0.,1.));
#7917=DIRECTION('',(0.,1.,0.));
#7918=DIRECTION('',(0.,0.,1.));
#7919=DIRECTION('',(0.,-1.,0.));
#7920=DIRECTION('',(0.,0.,1.));
#7921=DIRECTION('',(0.,1.,0.));
#7922=DIRECTION('',(0.,0.,1.));
#7923=DIRECTION('',(0.,-1.,0.));
#7924=DIRECTION('',(0.,0.,1.));
#7925=DIRECTION('center_axis',(-1.,0.,0.));
#7926=DIRECTION('ref_axis',(0.,-1.,0.));
#7927=DIRECTION('center_axis',(1.,0.,0.));
#7928=DIRECTION('ref_axis',(0.,-1.,0.));
#7929=DIRECTION('',(-1.,0.,0.));
#7930=DIRECTION('center_axis',(0.,-1.,1.34110450744629E-8));
#7931=DIRECTION('ref_axis',(0.,1.34110450744629E-8,1.));
#7932=DIRECTION('',(0.,1.34110450744629E-8,1.));
#7933=DIRECTION('',(-1.,0.,0.));
#7934=DIRECTION('center_axis',(0.,1.,0.));
#7935=DIRECTION('ref_axis',(0.,0.,-1.));
#7936=DIRECTION('',(0.,0.,1.));
#7937=DIRECTION('',(-1.,0.,0.));
#7938=DIRECTION('',(0.,0.,-1.));
#7939=DIRECTION('',(-1.,0.,0.));
#7940=DIRECTION('center_axis',(-1.,0.,0.));
#7941=DIRECTION('ref_axis',(0.,-1.,0.));
#7942=DIRECTION('center_axis',(-1.,0.,0.));
#7943=DIRECTION('ref_axis',(0.,-1.,0.));
#7944=DIRECTION('center_axis',(1.,0.,0.));
#7945=DIRECTION('ref_axis',(0.,-1.,0.));
#7946=DIRECTION('',(-1.,0.,0.));
#7947=DIRECTION('center_axis',(0.,-1.,6.70552253723145E-9));
#7948=DIRECTION('ref_axis',(0.,6.70552253723145E-9,1.));
#7949=DIRECTION('',(0.,-6.70552253723145E-9,-1.));
#7950=DIRECTION('',(0.,6.70552253723145E-9,1.));
#7951=DIRECTION('',(-1.,0.,0.));
#7952=DIRECTION('center_axis',(0.,1.,0.));
#7953=DIRECTION('ref_axis',(0.,0.,-1.));
#7954=DIRECTION('',(0.,0.,1.));
#7955=DIRECTION('',(-1.,0.,0.));
#7956=DIRECTION('',(0.,0.,-1.));
#7957=DIRECTION('',(-1.,0.,0.));
#7958=DIRECTION('center_axis',(-1.,0.,0.));
#7959=DIRECTION('ref_axis',(0.,-1.,0.));
#7960=DIRECTION('center_axis',(-1.,0.,0.));
#7961=DIRECTION('ref_axis',(0.,-1.,0.));
#7962=DIRECTION('center_axis',(1.,0.,0.));
#7963=DIRECTION('ref_axis',(0.,-1.,0.));
#7964=DIRECTION('',(-1.,0.,0.));
#7965=DIRECTION('center_axis',(0.,-1.,0.));
#7966=DIRECTION('ref_axis',(0.,0.,1.));
#7967=DIRECTION('',(0.,0.,-1.));
#7968=DIRECTION('',(0.,0.,1.));
#7969=DIRECTION('',(-1.,0.,0.));
#7970=DIRECTION('center_axis',(0.,1.,1.14624316875751E-9));
#7971=DIRECTION('ref_axis',(0.,1.14624316875751E-9,-1.));
#7972=DIRECTION('',(0.,-1.14624316875751E-9,1.));
#7973=DIRECTION('',(0.,0.,1.));
#7974=DIRECTION('',(0.,-1.14624316875751E-9,1.));
#7975=DIRECTION('',(0.,0.,1.));
#7976=DIRECTION('',(0.,-1.14624316875751E-9,1.));
#7977=DIRECTION('',(0.,0.,1.));
#7978=DIRECTION('',(0.,-1.14624316875751E-9,1.));
#7979=DIRECTION('',(0.,0.,1.));
#7980=DIRECTION('',(0.,-1.14624316875751E-9,1.));
#7981=DIRECTION('',(0.,0.,1.));
#7982=DIRECTION('',(0.,-1.14624316875751E-9,1.));
#7983=DIRECTION('',(0.,0.,1.));
#7984=DIRECTION('',(0.,-1.14624316875751E-9,1.));
#7985=DIRECTION('',(0.,0.,1.));
#7986=DIRECTION('',(0.,-1.14624316875751E-9,1.));
#7987=DIRECTION('',(0.,0.,1.));
#7988=DIRECTION('',(0.,-1.14624316875751E-9,1.));
#7989=DIRECTION('',(0.,0.,1.));
#7990=DIRECTION('',(0.,-1.14624316875751E-9,1.));
#7991=DIRECTION('',(0.,0.,1.));
#7992=DIRECTION('',(0.,-1.14624316875751E-9,1.));
#7993=DIRECTION('',(0.,0.,1.));
#7994=DIRECTION('',(0.,-1.14624316875751E-9,1.));
#7995=DIRECTION('',(0.,0.,1.));
#7996=DIRECTION('',(0.,-1.14624316875751E-9,1.));
#7997=DIRECTION('',(0.,0.,1.));
#7998=DIRECTION('',(-1.,0.,0.));
#7999=DIRECTION('',(0.,1.14624316875751E-9,-1.));
#8000=DIRECTION('',(-1.,0.,0.));
#8001=DIRECTION('center_axis',(-1.,0.,0.));
#8002=DIRECTION('ref_axis',(0.,-1.,0.));
#8003=DIRECTION('',(0.,-1.,0.));
#8004=DIRECTION('',(0.,-1.,0.));
#8005=DIRECTION('',(0.,-1.,0.));
#8006=DIRECTION('',(0.,-1.,0.));
#8007=DIRECTION('',(0.,1.,0.));
#8008=DIRECTION('center_axis',(-1.,0.,0.));
#8009=DIRECTION('ref_axis',(0.,-1.,0.));
#8010=DIRECTION('',(0.,-1.,0.));
#8011=DIRECTION('',(0.,0.,1.));
#8012=DIRECTION('',(0.,-1.,0.));
#8013=DIRECTION('',(0.,0.,-1.));
#8014=DIRECTION('center_axis',(-1.,0.,0.));
#8015=DIRECTION('ref_axis',(0.,-1.,0.));
#8016=DIRECTION('',(0.,1.,0.));
#8017=DIRECTION('',(0.,0.,1.));
#8018=DIRECTION('',(0.,-1.,0.));
#8019=DIRECTION('center_axis',(-1.,0.,0.));
#8020=DIRECTION('ref_axis',(0.,-1.,0.));
#8021=DIRECTION('',(0.,1.,0.));
#8022=DIRECTION('',(0.,0.,1.));
#8023=DIRECTION('',(0.,-1.,0.));
#8024=DIRECTION('center_axis',(-1.,0.,0.));
#8025=DIRECTION('ref_axis',(0.,-1.,0.));
#8026=DIRECTION('',(0.,-1.,0.));
#8027=DIRECTION('',(0.,0.,1.));
#8028=DIRECTION('',(0.,-1.,0.));
#8029=DIRECTION('',(0.,0.,-1.));
#8030=DIRECTION('center_axis',(-1.,0.,0.));
#8031=DIRECTION('ref_axis',(0.,-1.,0.));
#8032=DIRECTION('',(0.,1.,0.));
#8033=DIRECTION('',(0.,0.,1.));
#8034=DIRECTION('',(0.,-1.,0.));
#8035=DIRECTION('center_axis',(-1.,0.,0.));
#8036=DIRECTION('ref_axis',(0.,-1.,0.));
#8037=DIRECTION('',(0.,-1.,0.));
#8038=DIRECTION('',(0.,0.,1.));
#8039=DIRECTION('',(0.,-1.,0.));
#8040=DIRECTION('',(0.,0.,-1.));
#8041=DIRECTION('center_axis',(-1.,0.,0.));
#8042=DIRECTION('ref_axis',(0.,-1.,0.));
#8043=DIRECTION('',(0.,1.,0.));
#8044=DIRECTION('',(0.,0.,1.));
#8045=DIRECTION('',(0.,-1.,0.));
#8046=DIRECTION('center_axis',(-1.,0.,0.));
#8047=DIRECTION('ref_axis',(0.,-1.,0.));
#8048=DIRECTION('',(0.,-1.,0.));
#8049=DIRECTION('',(0.,0.,1.));
#8050=DIRECTION('',(0.,-1.,0.));
#8051=DIRECTION('',(0.,0.,-1.));
#8052=DIRECTION('center_axis',(-1.,0.,0.));
#8053=DIRECTION('ref_axis',(0.,-1.,0.));
#8054=DIRECTION('',(0.,1.,0.));
#8055=DIRECTION('',(0.,0.,1.));
#8056=DIRECTION('',(0.,-1.,0.));
#8057=DIRECTION('center_axis',(-1.,0.,0.));
#8058=DIRECTION('ref_axis',(0.,-1.,0.));
#8059=DIRECTION('',(0.,-1.,0.));
#8060=DIRECTION('',(0.,0.,1.));
#8061=DIRECTION('',(0.,-1.,0.));
#8062=DIRECTION('',(0.,0.,-1.));
#8063=DIRECTION('center_axis',(-1.,0.,0.));
#8064=DIRECTION('ref_axis',(0.,-1.,0.));
#8065=DIRECTION('',(0.,1.,0.));
#8066=DIRECTION('',(0.,0.,1.));
#8067=DIRECTION('',(0.,-1.,0.));
#8068=DIRECTION('center_axis',(-1.,0.,0.));
#8069=DIRECTION('ref_axis',(0.,-1.,0.));
#8070=DIRECTION('',(0.,-1.,0.));
#8071=DIRECTION('',(0.,0.,1.));
#8072=DIRECTION('',(0.,-1.,0.));
#8073=DIRECTION('',(0.,0.,-1.));
#8074=DIRECTION('center_axis',(-1.,0.,0.));
#8075=DIRECTION('ref_axis',(0.,-1.,0.));
#8076=DIRECTION('',(0.,1.,0.));
#8077=DIRECTION('',(0.,0.,1.));
#8078=DIRECTION('',(0.,-1.,0.));
#8079=DIRECTION('center_axis',(-1.,0.,0.));
#8080=DIRECTION('ref_axis',(0.,-1.,0.));
#8081=DIRECTION('',(0.,-1.,0.));
#8082=DIRECTION('',(0.,0.,1.));
#8083=DIRECTION('',(0.,-1.,0.));
#8084=DIRECTION('',(0.,0.,-1.));
#8085=DIRECTION('center_axis',(-1.,0.,0.));
#8086=DIRECTION('ref_axis',(0.,-1.,0.));
#8087=DIRECTION('',(0.,1.,0.));
#8088=DIRECTION('',(0.,0.,1.));
#8089=DIRECTION('',(0.,-1.,0.));
#8090=DIRECTION('center_axis',(-1.,0.,0.));
#8091=DIRECTION('ref_axis',(0.,-1.,0.));
#8092=DIRECTION('',(0.,-1.,0.));
#8093=DIRECTION('',(0.,0.,1.));
#8094=DIRECTION('',(0.,-1.,0.));
#8095=DIRECTION('',(0.,0.,-1.));
#8096=DIRECTION('center_axis',(-1.,0.,0.));
#8097=DIRECTION('ref_axis',(0.,-1.,0.));
#8098=DIRECTION('',(0.,1.,0.));
#8099=DIRECTION('',(0.,0.,1.));
#8100=DIRECTION('',(0.,-1.,0.));
#8101=DIRECTION('center_axis',(-1.,0.,0.));
#8102=DIRECTION('ref_axis',(0.,-1.,0.));
#8103=DIRECTION('',(0.,-1.,0.));
#8104=DIRECTION('',(0.,0.,1.));
#8105=DIRECTION('',(0.,-1.,0.));
#8106=DIRECTION('',(0.,0.,-1.));
#8107=DIRECTION('center_axis',(-1.,0.,0.));
#8108=DIRECTION('ref_axis',(0.,-1.,0.));
#8109=DIRECTION('',(0.,1.,0.));
#8110=DIRECTION('',(0.,0.,1.));
#8111=DIRECTION('',(0.,-1.,0.));
#8112=DIRECTION('center_axis',(-1.,0.,0.));
#8113=DIRECTION('ref_axis',(0.,-1.,0.));
#8114=DIRECTION('',(0.,-1.,0.));
#8115=DIRECTION('',(0.,0.,1.));
#8116=DIRECTION('',(0.,-1.,0.));
#8117=DIRECTION('',(0.,0.,-1.));
#8118=DIRECTION('center_axis',(-1.,0.,0.));
#8119=DIRECTION('ref_axis',(0.,-1.,0.));
#8120=DIRECTION('',(0.,1.,0.));
#8121=DIRECTION('',(0.,0.,1.));
#8122=DIRECTION('',(0.,-1.,0.));
#8123=DIRECTION('center_axis',(-1.,0.,0.));
#8124=DIRECTION('ref_axis',(0.,-1.,0.));
#8125=DIRECTION('',(0.,-1.,0.));
#8126=DIRECTION('',(0.,0.,1.));
#8127=DIRECTION('',(0.,-1.,0.));
#8128=DIRECTION('',(0.,0.,-1.));
#8129=DIRECTION('center_axis',(-1.,0.,0.));
#8130=DIRECTION('ref_axis',(0.,-1.,0.));
#8131=DIRECTION('',(0.,1.,0.));
#8132=DIRECTION('',(0.,0.,1.));
#8133=DIRECTION('',(0.,-1.,0.));
#8134=DIRECTION('center_axis',(-1.,0.,0.));
#8135=DIRECTION('ref_axis',(0.,-1.,0.));
#8136=DIRECTION('',(0.,-1.,0.));
#8137=DIRECTION('',(0.,0.,1.));
#8138=DIRECTION('',(0.,-1.,0.));
#8139=DIRECTION('',(0.,0.,-1.));
#8140=DIRECTION('center_axis',(-1.,0.,0.));
#8141=DIRECTION('ref_axis',(0.,-1.,0.));
#8142=DIRECTION('',(0.,1.,0.));
#8143=DIRECTION('',(0.,0.,1.));
#8144=DIRECTION('',(0.,-1.,0.));
#8145=DIRECTION('center_axis',(-1.,0.,0.));
#8146=DIRECTION('ref_axis',(0.,-1.,0.));
#8147=DIRECTION('',(0.,-1.,0.));
#8148=DIRECTION('',(0.,0.,1.));
#8149=DIRECTION('',(0.,-1.,0.));
#8150=DIRECTION('',(0.,0.,-1.));
#8151=DIRECTION('center_axis',(-1.,0.,0.));
#8152=DIRECTION('ref_axis',(0.,-1.,0.));
#8153=DIRECTION('',(0.,0.,1.));
#8154=DIRECTION('',(0.,1.,0.));
#8155=DIRECTION('',(0.,0.,1.));
#8156=DIRECTION('',(0.,1.,0.));
#8157=DIRECTION('',(0.,0.,1.));
#8158=DIRECTION('',(0.,-1.,0.));
#8159=DIRECTION('',(0.,0.,1.));
#8160=DIRECTION('',(0.,1.,0.));
#8161=DIRECTION('',(0.,0.,1.));
#8162=DIRECTION('',(0.,-1.,0.));
#8163=DIRECTION('',(0.,0.,1.));
#8164=DIRECTION('',(0.,1.,0.));
#8165=DIRECTION('',(0.,0.,1.));
#8166=DIRECTION('',(0.,-1.,0.));
#8167=DIRECTION('',(0.,0.,1.));
#8168=DIRECTION('center_axis',(-1.,0.,0.));
#8169=DIRECTION('ref_axis',(0.,-1.,0.));
#8170=DIRECTION('',(0.,1.,0.));
#8171=DIRECTION('',(0.,0.,1.));
#8172=DIRECTION('',(0.,-1.,0.));
#8173=DIRECTION('',(0.,0.,1.));
#8174=DIRECTION('center_axis',(-1.,0.,0.));
#8175=DIRECTION('ref_axis',(0.,-1.,0.));
#8176=DIRECTION('',(0.,1.,0.));
#8177=DIRECTION('',(0.,0.,1.));
#8178=DIRECTION('',(0.,-1.,0.));
#8179=DIRECTION('',(0.,0.,1.));
#8180=DIRECTION('center_axis',(0.,0.,-1.));
#8181=DIRECTION('ref_axis',(0.,1.,0.));
#8182=DIRECTION('',(-1.,0.,0.));
#8183=DIRECTION('',(0.,-1.,0.));
#8184=DIRECTION('',(1.,0.,0.));
#8185=DIRECTION('',(1.,0.,0.));
#8186=DIRECTION('',(0.,-1.,0.));
#8187=DIRECTION('',(1.,0.,0.));
#8188=DIRECTION('',(1.,0.,0.));
#8189=DIRECTION('',(0.,-1.,0.));
#8190=DIRECTION('',(1.,0.,0.));
#8191=DIRECTION('',(1.,0.,0.));
#8192=DIRECTION('',(0.,-1.,0.));
#8193=DIRECTION('',(1.,0.,0.));
#8194=DIRECTION('',(1.,0.,0.));
#8195=DIRECTION('',(0.,-1.,0.));
#8196=DIRECTION('',(1.,0.,0.));
#8197=DIRECTION('',(1.,0.,0.));
#8198=DIRECTION('',(0.,-1.,0.));
#8199=DIRECTION('',(1.,0.,0.));
#8200=DIRECTION('',(1.,0.,0.));
#8201=DIRECTION('',(0.,-1.,0.));
#8202=DIRECTION('',(1.,0.,0.));
#8203=DIRECTION('',(1.,0.,0.));
#8204=DIRECTION('',(0.,-1.,0.));
#8205=DIRECTION('',(1.,0.,0.));
#8206=DIRECTION('',(1.,0.,0.));
#8207=DIRECTION('',(0.,-1.,0.));
#8208=DIRECTION('',(1.,0.,0.));
#8209=DIRECTION('',(1.,0.,0.));
#8210=DIRECTION('',(0.,-1.,0.));
#8211=DIRECTION('',(1.,0.,0.));
#8212=DIRECTION('',(1.,0.,0.));
#8213=DIRECTION('',(0.,-1.,0.));
#8214=DIRECTION('',(1.,0.,0.));
#8215=DIRECTION('',(1.,0.,0.));
#8216=DIRECTION('',(0.,-1.,0.));
#8217=DIRECTION('',(1.,0.,0.));
#8218=DIRECTION('',(1.,0.,0.));
#8219=DIRECTION('',(0.,-1.,0.));
#8220=DIRECTION('',(1.,0.,0.));
#8221=DIRECTION('center_axis',(0.,-1.,0.));
#8222=DIRECTION('ref_axis',(0.,0.,1.));
#8223=DIRECTION('',(-1.,0.,0.));
#8224=DIRECTION('',(0.,0.,1.));
#8225=DIRECTION('',(-1.,0.,0.));
#8226=DIRECTION('center_axis',(0.,-1.,0.));
#8227=DIRECTION('ref_axis',(0.,0.,1.));
#8228=DIRECTION('',(-1.,0.,0.));
#8229=DIRECTION('',(0.,0.,1.));
#8230=DIRECTION('',(-1.,0.,0.));
#8231=DIRECTION('center_axis',(0.,-1.,0.));
#8232=DIRECTION('ref_axis',(0.,0.,1.));
#8233=DIRECTION('',(-1.,0.,0.));
#8234=DIRECTION('',(0.,0.,1.));
#8235=DIRECTION('',(-1.,0.,0.));
#8236=DIRECTION('center_axis',(0.,-1.,0.));
#8237=DIRECTION('ref_axis',(0.,0.,1.));
#8238=DIRECTION('',(-1.,0.,0.));
#8239=DIRECTION('',(0.,0.,1.));
#8240=DIRECTION('',(-1.,0.,0.));
#8241=DIRECTION('center_axis',(0.,-1.,0.));
#8242=DIRECTION('ref_axis',(0.,0.,1.));
#8243=DIRECTION('',(-1.,0.,0.));
#8244=DIRECTION('',(0.,0.,1.));
#8245=DIRECTION('',(-1.,0.,0.));
#8246=DIRECTION('center_axis',(0.,-1.,0.));
#8247=DIRECTION('ref_axis',(0.,0.,1.));
#8248=DIRECTION('',(-1.,0.,0.));
#8249=DIRECTION('',(0.,0.,1.));
#8250=DIRECTION('',(-1.,0.,0.));
#8251=DIRECTION('center_axis',(0.,-1.,0.));
#8252=DIRECTION('ref_axis',(0.,0.,1.));
#8253=DIRECTION('',(-1.,0.,0.));
#8254=DIRECTION('',(0.,0.,1.));
#8255=DIRECTION('',(-1.,0.,0.));
#8256=DIRECTION('center_axis',(0.,-1.,0.));
#8257=DIRECTION('ref_axis',(0.,0.,1.));
#8258=DIRECTION('',(-1.,0.,0.));
#8259=DIRECTION('',(0.,0.,1.));
#8260=DIRECTION('',(-1.,0.,0.));
#8261=DIRECTION('center_axis',(0.,-1.,0.));
#8262=DIRECTION('ref_axis',(0.,0.,1.));
#8263=DIRECTION('',(-1.,0.,0.));
#8264=DIRECTION('',(0.,0.,1.));
#8265=DIRECTION('',(-1.,0.,0.));
#8266=DIRECTION('center_axis',(0.,-1.,0.));
#8267=DIRECTION('ref_axis',(0.,0.,1.));
#8268=DIRECTION('',(-1.,0.,0.));
#8269=DIRECTION('',(0.,0.,1.));
#8270=DIRECTION('',(-1.,0.,0.));
#8271=DIRECTION('center_axis',(0.,-1.,0.));
#8272=DIRECTION('ref_axis',(0.,0.,1.));
#8273=DIRECTION('',(-1.,0.,0.));
#8274=DIRECTION('',(0.,0.,1.));
#8275=DIRECTION('',(-1.,0.,0.));
#8276=DIRECTION('center_axis',(0.,-1.,0.));
#8277=DIRECTION('ref_axis',(0.,0.,1.));
#8278=DIRECTION('',(-1.,0.,0.));
#8279=DIRECTION('',(0.,0.,1.));
#8280=DIRECTION('',(-1.,0.,0.));
#8281=DIRECTION('center_axis',(0.,-1.,0.));
#8282=DIRECTION('ref_axis',(0.,0.,1.));
#8283=DIRECTION('',(-1.,0.,0.));
#8284=DIRECTION('',(0.,0.,1.));
#8285=DIRECTION('',(1.,0.,0.));
#8286=DIRECTION('center_axis',(-1.,0.,0.));
#8287=DIRECTION('ref_axis',(0.,-1.,0.));
#8288=DIRECTION('',(0.,1.,0.));
#8289=DIRECTION('',(0.,0.,1.));
#8290=DIRECTION('',(0.,-1.,0.));
#8291=DIRECTION('',(0.,0.,1.));
#8292=DIRECTION('',(0.,1.,0.));
#8293=DIRECTION('',(0.,0.,1.));
#8294=DIRECTION('',(0.,-1.,0.));
#8295=DIRECTION('',(0.,0.,1.));
#8296=DIRECTION('',(0.,1.,0.));
#8297=DIRECTION('',(0.,0.,1.));
#8298=DIRECTION('',(0.,-1.,0.));
#8299=DIRECTION('',(0.,0.,1.));
#8300=DIRECTION('',(0.,1.,0.));
#8301=DIRECTION('center_axis',(0.,1.,0.));
#8302=DIRECTION('ref_axis',(0.,0.,1.));
#8303=DIRECTION('',(0.,0.,-1.));
#8304=DIRECTION('',(1.,0.,0.));
#8305=DIRECTION('center_axis',(0.,-1.,0.));
#8306=DIRECTION('ref_axis',(0.,0.,-1.));
#8307=DIRECTION('',(-1.,0.,0.));
#8308=DIRECTION('',(0.,0.,1.));
#8309=DIRECTION('center_axis',(0.,1.,0.));
#8310=DIRECTION('ref_axis',(0.,0.,1.));
#8311=DIRECTION('',(0.,0.,-1.));
#8312=DIRECTION('',(1.,0.,0.));
#8313=DIRECTION('center_axis',(0.,-1.,0.));
#8314=DIRECTION('ref_axis',(0.,0.,-1.));
#8315=DIRECTION('',(-1.,0.,0.));
#8316=DIRECTION('',(0.,0.,1.));
#8317=DIRECTION('center_axis',(0.,1.,0.));
#8318=DIRECTION('ref_axis',(0.,0.,1.));
#8319=DIRECTION('',(0.,0.,-1.));
#8320=DIRECTION('',(1.,0.,0.));
#8321=DIRECTION('center_axis',(0.,-1.,0.));
#8322=DIRECTION('ref_axis',(0.,0.,-1.));
#8323=DIRECTION('',(-1.,0.,0.));
#8324=DIRECTION('',(0.,0.,1.));
#8325=DIRECTION('center_axis',(0.,1.,0.));
#8326=DIRECTION('ref_axis',(0.,0.,1.));
#8327=DIRECTION('',(0.,0.,-1.));
#8328=DIRECTION('',(1.,0.,0.));
#8329=DIRECTION('center_axis',(0.,1.,0.));
#8330=DIRECTION('ref_axis',(0.,0.,1.));
#8331=DIRECTION('',(0.,0.,-1.));
#8332=DIRECTION('',(1.,0.,0.));
#8333=DIRECTION('center_axis',(0.,-1.,0.));
#8334=DIRECTION('ref_axis',(0.,0.,-1.));
#8335=DIRECTION('',(-1.,0.,0.));
#8336=DIRECTION('',(0.,0.,1.));
#8337=DIRECTION('center_axis',(0.,1.,0.));
#8338=DIRECTION('ref_axis',(0.,0.,1.));
#8339=DIRECTION('',(0.,0.,-1.));
#8340=DIRECTION('',(1.,0.,0.));
#8341=DIRECTION('center_axis',(0.,-1.,0.));
#8342=DIRECTION('ref_axis',(0.,0.,-1.));
#8343=DIRECTION('',(-1.,0.,0.));
#8344=DIRECTION('',(0.,0.,1.));
#8345=DIRECTION('center_axis',(0.,1.,0.));
#8346=DIRECTION('ref_axis',(0.,0.,1.));
#8347=DIRECTION('',(0.,0.,-1.));
#8348=DIRECTION('',(1.,0.,0.));
#8349=DIRECTION('center_axis',(0.,-1.,0.));
#8350=DIRECTION('ref_axis',(0.,0.,-1.));
#8351=DIRECTION('',(-1.,0.,0.));
#8352=DIRECTION('',(0.,0.,1.));
#8353=DIRECTION('center_axis',(0.,1.,0.));
#8354=DIRECTION('ref_axis',(0.,0.,1.));
#8355=DIRECTION('',(0.,0.,-1.));
#8356=DIRECTION('',(1.,0.,0.));
#8357=DIRECTION('center_axis',(0.,-1.,0.));
#8358=DIRECTION('ref_axis',(0.,0.,-1.));
#8359=DIRECTION('',(-1.,0.,0.));
#8360=DIRECTION('',(0.,0.,1.));
#8361=DIRECTION('center_axis',(0.,1.,0.));
#8362=DIRECTION('ref_axis',(0.,0.,1.));
#8363=DIRECTION('',(0.,0.,-1.));
#8364=DIRECTION('',(1.,0.,0.));
#8365=DIRECTION('center_axis',(0.,-1.,0.));
#8366=DIRECTION('ref_axis',(0.,0.,-1.));
#8367=DIRECTION('',(-1.,0.,0.));
#8368=DIRECTION('',(0.,0.,1.));
#8369=DIRECTION('center_axis',(0.,1.,0.));
#8370=DIRECTION('ref_axis',(0.,0.,1.));
#8371=DIRECTION('',(0.,0.,-1.));
#8372=DIRECTION('',(1.,0.,0.));
#8373=DIRECTION('center_axis',(0.,-1.,0.));
#8374=DIRECTION('ref_axis',(0.,0.,-1.));
#8375=DIRECTION('',(-1.,0.,0.));
#8376=DIRECTION('',(0.,0.,1.));
#8377=DIRECTION('center_axis',(0.,1.,0.));
#8378=DIRECTION('ref_axis',(0.,0.,1.));
#8379=DIRECTION('',(0.,0.,-1.));
#8380=DIRECTION('',(1.,0.,0.));
#8381=DIRECTION('center_axis',(0.,-1.,0.));
#8382=DIRECTION('ref_axis',(0.,0.,-1.));
#8383=DIRECTION('',(-1.,0.,0.));
#8384=DIRECTION('',(0.,0.,1.));
#8385=DIRECTION('center_axis',(0.,1.,0.));
#8386=DIRECTION('ref_axis',(0.,0.,1.));
#8387=DIRECTION('',(0.,0.,-1.));
#8388=DIRECTION('',(1.,0.,0.));
#8389=DIRECTION('center_axis',(0.,-1.,0.));
#8390=DIRECTION('ref_axis',(0.,0.,-1.));
#8391=DIRECTION('',(-1.,0.,0.));
#8392=DIRECTION('',(0.,0.,1.));
#8393=DIRECTION('center_axis',(0.,1.,0.));
#8394=DIRECTION('ref_axis',(0.,0.,1.));
#8395=DIRECTION('',(0.,0.,-1.));
#8396=DIRECTION('',(1.,0.,0.));
#8397=DIRECTION('center_axis',(0.,-1.,0.));
#8398=DIRECTION('ref_axis',(0.,0.,-1.));
#8399=DIRECTION('',(-1.,0.,0.));
#8400=DIRECTION('',(0.,0.,1.));
#8401=DIRECTION('center_axis',(0.,0.,1.));
#8402=DIRECTION('ref_axis',(1.,0.,0.));
#8403=DIRECTION('',(0.,1.,0.));
#8404=DIRECTION('',(-1.,0.,0.));
#8405=DIRECTION('center_axis',(0.,0.,1.));
#8406=DIRECTION('ref_axis',(1.,0.,0.));
#8407=DIRECTION('',(0.,1.,0.));
#8408=DIRECTION('center_axis',(0.,0.,1.));
#8409=DIRECTION('ref_axis',(1.,0.,0.));
#8410=DIRECTION('',(0.,1.,0.));
#8411=DIRECTION('center_axis',(0.,0.,1.));
#8412=DIRECTION('ref_axis',(1.,0.,0.));
#8413=DIRECTION('',(0.,1.,0.));
#8414=DIRECTION('center_axis',(0.,0.,1.));
#8415=DIRECTION('ref_axis',(1.,0.,0.));
#8416=DIRECTION('',(0.,1.,0.));
#8417=DIRECTION('center_axis',(0.,0.,1.));
#8418=DIRECTION('ref_axis',(1.,0.,0.));
#8419=DIRECTION('',(0.,1.,0.));
#8420=DIRECTION('center_axis',(0.,0.,1.));
#8421=DIRECTION('ref_axis',(1.,0.,0.));
#8422=DIRECTION('',(0.,1.,0.));
#8423=DIRECTION('center_axis',(0.,0.,1.));
#8424=DIRECTION('ref_axis',(1.,0.,0.));
#8425=DIRECTION('',(0.,1.,0.));
#8426=DIRECTION('center_axis',(0.,0.,1.));
#8427=DIRECTION('ref_axis',(1.,0.,0.));
#8428=DIRECTION('',(0.,1.,0.));
#8429=DIRECTION('center_axis',(0.,0.,1.));
#8430=DIRECTION('ref_axis',(1.,0.,0.));
#8431=DIRECTION('',(0.,1.,0.));
#8432=DIRECTION('center_axis',(0.,0.,1.));
#8433=DIRECTION('ref_axis',(1.,0.,0.));
#8434=DIRECTION('',(0.,1.,0.));
#8435=DIRECTION('center_axis',(0.,0.,1.));
#8436=DIRECTION('ref_axis',(1.,0.,0.));
#8437=DIRECTION('',(0.,1.,0.));
#8438=DIRECTION('center_axis',(0.,0.,1.));
#8439=DIRECTION('ref_axis',(1.,0.,0.));
#8440=DIRECTION('',(0.,1.,0.));
#8441=DIRECTION('center_axis',(1.,0.,0.));
#8442=DIRECTION('ref_axis',(0.,1.,0.));
#8443=DIRECTION('',(0.,0.,1.));
#8444=DIRECTION('',(0.,-1.,0.));
#8445=DIRECTION('',(0.,0.,1.));
#8446=DIRECTION('',(0.,1.,0.));
#8447=DIRECTION('',(0.,0.,1.));
#8448=DIRECTION('',(0.,-1.,0.));
#8449=DIRECTION('',(0.,0.,1.));
#8450=DIRECTION('',(0.,1.,0.));
#8451=DIRECTION('',(0.,0.,1.));
#8452=DIRECTION('',(0.,-1.,0.));
#8453=DIRECTION('',(0.,0.,1.));
#8454=DIRECTION('',(0.,1.,0.));
#8455=DIRECTION('',(0.,0.,1.));
#8456=DIRECTION('',(0.,-1.,0.));
#8457=DIRECTION('',(0.,0.,1.));
#8458=DIRECTION('',(0.,1.,0.));
#8459=DIRECTION('',(0.,0.,1.));
#8460=DIRECTION('',(0.,-1.,0.));
#8461=DIRECTION('',(0.,0.,1.));
#8462=DIRECTION('',(0.,1.,0.));
#8463=DIRECTION('',(0.,0.,1.));
#8464=DIRECTION('',(0.,-1.,0.));
#8465=DIRECTION('',(0.,0.,1.));
#8466=DIRECTION('',(0.,1.,0.));
#8467=DIRECTION('',(0.,0.,1.));
#8468=DIRECTION('',(0.,-1.,0.));
#8469=DIRECTION('',(0.,0.,1.));
#8470=DIRECTION('',(0.,1.,0.));
#8471=DIRECTION('',(0.,0.,1.));
#8472=DIRECTION('',(0.,-1.,0.));
#8473=DIRECTION('',(0.,0.,1.));
#8474=DIRECTION('',(0.,1.,0.));
#8475=DIRECTION('',(0.,0.,1.));
#8476=DIRECTION('',(0.,-1.,0.));
#8477=DIRECTION('',(0.,0.,1.));
#8478=DIRECTION('',(0.,1.,0.));
#8479=DIRECTION('',(0.,0.,1.));
#8480=DIRECTION('',(0.,-1.,0.));
#8481=DIRECTION('',(0.,0.,1.));
#8482=DIRECTION('',(0.,1.,0.));
#8483=DIRECTION('',(0.,0.,1.));
#8484=DIRECTION('',(0.,-1.,0.));
#8485=DIRECTION('',(0.,0.,1.));
#8486=DIRECTION('',(0.,1.,0.));
#8487=DIRECTION('',(0.,0.,1.));
#8488=DIRECTION('',(0.,-1.,0.));
#8489=DIRECTION('',(0.,0.,1.));
#8490=DIRECTION('',(0.,1.,0.));
#8491=DIRECTION('',(0.,0.,1.));
#8492=DIRECTION('',(0.,-1.,0.));
#8493=DIRECTION('',(0.,0.,1.));
#8494=DIRECTION('',(0.,-1.,0.));
#8495=DIRECTION('',(0.,0.,1.));
#8496=DIRECTION('',(0.,-1.,0.));
#8497=DIRECTION('',(0.,1.,0.));
#8498=DIRECTION('',(0.,0.,1.));
#8499=DIRECTION('',(0.,-1.,0.));
#8500=DIRECTION('',(0.,1.,0.));
#8501=DIRECTION('',(0.,0.,1.));
#8502=DIRECTION('',(0.,-1.,0.));
#8503=DIRECTION('',(0.,1.,0.));
#8504=DIRECTION('',(0.,0.,1.));
#8505=DIRECTION('',(0.,-1.,0.));
#8506=DIRECTION('',(0.,1.,0.));
#8507=DIRECTION('',(0.,0.,1.));
#8508=DIRECTION('',(0.,-1.,0.));
#8509=DIRECTION('',(0.,1.,0.));
#8510=DIRECTION('',(0.,0.,1.));
#8511=DIRECTION('',(0.,-1.,0.));
#8512=DIRECTION('',(0.,1.,0.));
#8513=DIRECTION('',(0.,0.,1.));
#8514=DIRECTION('',(0.,-1.,0.));
#8515=DIRECTION('',(0.,1.,0.));
#8516=DIRECTION('',(0.,0.,1.));
#8517=DIRECTION('',(0.,-1.,0.));
#8518=DIRECTION('',(0.,1.,0.));
#8519=DIRECTION('',(0.,0.,1.));
#8520=DIRECTION('',(0.,-1.,0.));
#8521=DIRECTION('',(0.,1.,0.));
#8522=DIRECTION('',(0.,0.,1.));
#8523=DIRECTION('',(0.,-1.,0.));
#8524=DIRECTION('',(0.,1.,0.));
#8525=DIRECTION('',(0.,0.,1.));
#8526=DIRECTION('',(0.,-1.,0.));
#8527=DIRECTION('',(0.,1.,0.));
#8528=DIRECTION('',(0.,0.,1.));
#8529=DIRECTION('',(0.,-1.,0.));
#8530=DIRECTION('',(0.,1.,0.));
#8531=DIRECTION('',(0.,0.,1.));
#8532=DIRECTION('',(0.,-1.,0.));
#8533=DIRECTION('',(0.,1.,0.));
#8534=DIRECTION('',(0.,0.,1.));
#8535=DIRECTION('',(0.,-1.,0.));
#8536=DIRECTION('',(0.,0.,1.));
#8537=DIRECTION('center_axis',(0.,0.,1.));
#8538=DIRECTION('ref_axis',(0.,1.,0.));
#8539=DIRECTION('',(-1.,0.,0.));
#8540=DIRECTION('center_axis',(0.,0.,-1.));
#8541=DIRECTION('ref_axis',(0.,-1.,0.));
#8542=DIRECTION('',(1.,0.,0.));
#8543=DIRECTION('center_axis',(0.,0.,1.));
#8544=DIRECTION('ref_axis',(0.,1.,0.));
#8545=DIRECTION('',(-1.,0.,0.));
#8546=DIRECTION('center_axis',(0.,0.,-1.));
#8547=DIRECTION('ref_axis',(0.,-1.,0.));
#8548=DIRECTION('',(1.,0.,0.));
#8549=DIRECTION('center_axis',(0.,0.,-1.));
#8550=DIRECTION('ref_axis',(0.,-1.,0.));
#8551=DIRECTION('',(1.,0.,0.));
#8552=DIRECTION('center_axis',(0.,0.,1.));
#8553=DIRECTION('ref_axis',(0.,1.,0.));
#8554=DIRECTION('',(-1.,0.,0.));
#8555=DIRECTION('center_axis',(0.,0.,1.));
#8556=DIRECTION('ref_axis',(0.,1.,0.));
#8557=DIRECTION('',(-1.,0.,0.));
#8558=DIRECTION('center_axis',(0.,0.,-1.));
#8559=DIRECTION('ref_axis',(0.,-1.,0.));
#8560=DIRECTION('',(1.,0.,0.));
#8561=DIRECTION('center_axis',(0.,0.,1.));
#8562=DIRECTION('ref_axis',(0.,1.,0.));
#8563=DIRECTION('',(-1.,0.,0.));
#8564=DIRECTION('center_axis',(0.,0.,1.));
#8565=DIRECTION('ref_axis',(0.,1.,0.));
#8566=DIRECTION('',(-1.,0.,0.));
#8567=DIRECTION('center_axis',(0.,0.,-1.));
#8568=DIRECTION('ref_axis',(0.,-1.,0.));
#8569=DIRECTION('',(1.,0.,0.));
#8570=DIRECTION('center_axis',(0.,0.,1.));
#8571=DIRECTION('ref_axis',(0.,1.,0.));
#8572=DIRECTION('',(-1.,0.,0.));
#8573=DIRECTION('center_axis',(0.,0.,-1.));
#8574=DIRECTION('ref_axis',(0.,-1.,0.));
#8575=DIRECTION('',(1.,0.,0.));
#8576=DIRECTION('center_axis',(0.,0.,1.));
#8577=DIRECTION('ref_axis',(0.,1.,0.));
#8578=DIRECTION('',(-1.,0.,0.));
#8579=DIRECTION('center_axis',(0.,0.,-1.));
#8580=DIRECTION('ref_axis',(0.,-1.,0.));
#8581=DIRECTION('',(1.,0.,0.));
#8582=DIRECTION('center_axis',(0.,0.,-1.));
#8583=DIRECTION('ref_axis',(0.,-1.,0.));
#8584=DIRECTION('',(1.,0.,0.));
#8585=DIRECTION('center_axis',(0.,0.,1.));
#8586=DIRECTION('ref_axis',(0.,1.,0.));
#8587=DIRECTION('',(-1.,0.,0.));
#8588=DIRECTION('center_axis',(0.,0.,-1.));
#8589=DIRECTION('ref_axis',(0.,-1.,0.));
#8590=DIRECTION('',(1.,0.,0.));
#8591=DIRECTION('center_axis',(0.,0.,1.));
#8592=DIRECTION('ref_axis',(0.,1.,0.));
#8593=DIRECTION('',(-1.,0.,0.));
#8594=DIRECTION('center_axis',(0.,0.,-1.));
#8595=DIRECTION('ref_axis',(0.,-1.,0.));
#8596=DIRECTION('',(1.,0.,0.));
#8597=DIRECTION('center_axis',(0.,0.,1.));
#8598=DIRECTION('ref_axis',(0.,1.,0.));
#8599=DIRECTION('',(-1.,0.,0.));
#8600=DIRECTION('center_axis',(0.,0.,-1.));
#8601=DIRECTION('ref_axis',(0.,-1.,0.));
#8602=DIRECTION('',(1.,0.,0.));
#8603=DIRECTION('center_axis',(0.,0.,1.));
#8604=DIRECTION('ref_axis',(0.,1.,0.));
#8605=DIRECTION('',(-1.,0.,0.));
#8606=DIRECTION('center_axis',(0.,0.,1.));
#8607=DIRECTION('ref_axis',(0.,1.,0.));
#8608=DIRECTION('',(-1.,0.,0.));
#8609=DIRECTION('center_axis',(0.,0.,-1.));
#8610=DIRECTION('ref_axis',(0.,-1.,0.));
#8611=DIRECTION('',(1.,0.,0.));
#8612=DIRECTION('center_axis',(0.,-1.,0.));
#8613=DIRECTION('ref_axis',(0.,0.,1.));
#8614=DIRECTION('',(-1.,0.,0.));
#8615=DIRECTION('center_axis',(0.,0.,-1.));
#8616=DIRECTION('ref_axis',(0.,-1.,0.));
#8617=DIRECTION('',(1.,0.,0.));
#8618=DIRECTION('center_axis',(0.,0.,1.));
#8619=DIRECTION('ref_axis',(1.,0.,0.));
#8620=DIRECTION('',(-1.,0.,0.));
#8621=DIRECTION('center_axis',(0.,1.,0.));
#8622=DIRECTION('ref_axis',(-1.,0.,0.));
#8623=DIRECTION('center_axis',(0.,1.,0.));
#8624=DIRECTION('ref_axis',(-1.,0.,0.));
#8625=DIRECTION('center_axis',(0.,1.,0.));
#8626=DIRECTION('ref_axis',(-1.,0.,0.));
#8627=DIRECTION('center_axis',(0.,1.,0.));
#8628=DIRECTION('ref_axis',(-1.,0.,0.));
#8629=DIRECTION('center_axis',(0.,1.,0.));
#8630=DIRECTION('ref_axis',(-1.,0.,0.));
#8631=DIRECTION('center_axis',(0.,1.,0.));
#8632=DIRECTION('ref_axis',(-1.,0.,0.));
#8633=DIRECTION('center_axis',(0.,1.,0.));
#8634=DIRECTION('ref_axis',(-1.,0.,0.));
#8635=DIRECTION('center_axis',(0.,1.,0.));
#8636=DIRECTION('ref_axis',(-1.,0.,0.));
#8637=DIRECTION('center_axis',(0.,1.,0.));
#8638=DIRECTION('ref_axis',(-1.,0.,0.));
#8639=DIRECTION('center_axis',(0.,1.,0.));
#8640=DIRECTION('ref_axis',(-1.,0.,0.));
#8641=DIRECTION('center_axis',(0.,1.,0.));
#8642=DIRECTION('ref_axis',(-1.,0.,0.));
#8643=DIRECTION('center_axis',(0.,1.,0.));
#8644=DIRECTION('ref_axis',(-1.,0.,0.));
#8645=DIRECTION('center_axis',(0.,0.,1.));
#8646=DIRECTION('ref_axis',(1.,0.,0.));
#8647=DIRECTION('',(1.,0.,0.));
#8648=DIRECTION('',(-1.,0.,0.));
#8649=DIRECTION('center_axis',(0.,0.,1.));
#8650=DIRECTION('ref_axis',(1.,0.,0.));
#8651=DIRECTION('',(1.,0.,0.));
#8652=DIRECTION('',(-1.,0.,0.));
#8653=DIRECTION('center_axis',(0.,0.,1.));
#8654=DIRECTION('ref_axis',(1.,0.,0.));
#8655=DIRECTION('',(1.,0.,0.));
#8656=DIRECTION('',(-1.,0.,0.));
#8657=DIRECTION('center_axis',(0.,0.,1.));
#8658=DIRECTION('ref_axis',(1.,0.,0.));
#8659=DIRECTION('',(1.,0.,0.));
#8660=DIRECTION('',(-1.,0.,0.));
#8661=DIRECTION('center_axis',(0.,0.,1.));
#8662=DIRECTION('ref_axis',(1.,0.,0.));
#8663=DIRECTION('',(1.,0.,0.));
#8664=DIRECTION('',(-1.,0.,0.));
#8665=DIRECTION('center_axis',(0.,0.,1.));
#8666=DIRECTION('ref_axis',(1.,0.,0.));
#8667=DIRECTION('',(1.,0.,0.));
#8668=DIRECTION('',(-1.,0.,0.));
#8669=DIRECTION('center_axis',(0.,0.,1.));
#8670=DIRECTION('ref_axis',(1.,0.,0.));
#8671=DIRECTION('',(1.,0.,0.));
#8672=DIRECTION('',(-1.,0.,0.));
#8673=DIRECTION('center_axis',(0.,0.,1.));
#8674=DIRECTION('ref_axis',(1.,0.,0.));
#8675=DIRECTION('',(-1.,0.,0.));
#8676=DIRECTION('',(1.,0.,0.));
#8677=DIRECTION('center_axis',(0.,0.,1.));
#8678=DIRECTION('ref_axis',(1.,0.,0.));
#8679=DIRECTION('',(-1.,0.,0.));
#8680=DIRECTION('',(1.,0.,0.));
#8681=DIRECTION('center_axis',(0.,0.,1.));
#8682=DIRECTION('ref_axis',(1.,0.,0.));
#8683=DIRECTION('',(-1.,0.,0.));
#8684=DIRECTION('',(1.,0.,0.));
#8685=DIRECTION('center_axis',(0.,0.,1.));
#8686=DIRECTION('ref_axis',(1.,0.,0.));
#8687=DIRECTION('',(1.,0.,0.));
#8688=DIRECTION('',(-1.,0.,0.));
#8689=DIRECTION('center_axis',(0.,0.,1.));
#8690=DIRECTION('ref_axis',(1.,0.,0.));
#8691=DIRECTION('',(-1.,0.,0.));
#8692=DIRECTION('',(1.,0.,0.));
#8693=DIRECTION('center_axis',(0.,0.,1.));
#8694=DIRECTION('ref_axis',(1.,0.,0.));
#8695=DIRECTION('',(-1.,0.,0.));
#8696=DIRECTION('',(1.,0.,0.));
#8697=DIRECTION('center_axis',(0.,-1.,0.));
#8698=DIRECTION('ref_axis',(1.,0.,0.));
#8699=DIRECTION('center_axis',(0.,1.,0.));
#8700=DIRECTION('ref_axis',(-1.,0.,0.));
#8701=DIRECTION('center_axis',(0.,-1.,0.));
#8702=DIRECTION('ref_axis',(1.,0.,0.));
#8703=DIRECTION('',(1.,0.,0.));
#8704=DIRECTION('center_axis',(0.,1.,0.));
#8705=DIRECTION('ref_axis',(-1.,0.,0.));
#8706=DIRECTION('',(-1.,0.,0.));
#8707=DIRECTION('center_axis',(0.,0.,1.));
#8708=DIRECTION('ref_axis',(1.,0.,0.));
#8709=DIRECTION('center_axis',(0.,-1.,0.));
#8710=DIRECTION('ref_axis',(1.,0.,0.));
#8711=DIRECTION('',(1.,0.,0.));
#8712=DIRECTION('center_axis',(0.,1.,0.));
#8713=DIRECTION('ref_axis',(-1.,0.,0.));
#8714=DIRECTION('',(-1.,0.,0.));
#8715=DIRECTION('center_axis',(0.,0.,1.));
#8716=DIRECTION('ref_axis',(1.,0.,0.));
#8717=DIRECTION('center_axis',(0.,-1.,0.));
#8718=DIRECTION('ref_axis',(1.,0.,0.));
#8719=DIRECTION('',(1.,0.,0.));
#8720=DIRECTION('center_axis',(0.,1.,0.));
#8721=DIRECTION('ref_axis',(-1.,0.,0.));
#8722=DIRECTION('',(-1.,0.,0.));
#8723=DIRECTION('center_axis',(0.,0.,1.));
#8724=DIRECTION('ref_axis',(1.,0.,0.));
#8725=DIRECTION('center_axis',(0.,-1.,0.));
#8726=DIRECTION('ref_axis',(1.,0.,0.));
#8727=DIRECTION('',(1.,0.,0.));
#8728=DIRECTION('center_axis',(0.,1.,0.));
#8729=DIRECTION('ref_axis',(-1.,0.,0.));
#8730=DIRECTION('',(-1.,0.,0.));
#8731=DIRECTION('center_axis',(0.,0.,1.));
#8732=DIRECTION('ref_axis',(1.,0.,0.));
#8733=DIRECTION('center_axis',(0.,-1.,0.));
#8734=DIRECTION('ref_axis',(1.,0.,0.));
#8735=DIRECTION('',(1.,0.,0.));
#8736=DIRECTION('center_axis',(0.,1.,0.));
#8737=DIRECTION('ref_axis',(-1.,0.,0.));
#8738=DIRECTION('',(-1.,0.,0.));
#8739=DIRECTION('center_axis',(0.,0.,1.));
#8740=DIRECTION('ref_axis',(1.,0.,0.));
#8741=DIRECTION('center_axis',(0.,-1.,0.));
#8742=DIRECTION('ref_axis',(1.,0.,0.));
#8743=DIRECTION('',(1.,0.,0.));
#8744=DIRECTION('center_axis',(0.,1.,0.));
#8745=DIRECTION('ref_axis',(-1.,0.,0.));
#8746=DIRECTION('',(-1.,0.,0.));
#8747=DIRECTION('center_axis',(0.,0.,1.));
#8748=DIRECTION('ref_axis',(1.,0.,0.));
#8749=DIRECTION('center_axis',(0.,-1.,0.));
#8750=DIRECTION('ref_axis',(1.,0.,0.));
#8751=DIRECTION('',(1.,0.,0.));
#8752=DIRECTION('center_axis',(0.,1.,0.));
#8753=DIRECTION('ref_axis',(-1.,0.,0.));
#8754=DIRECTION('',(-1.,0.,0.));
#8755=DIRECTION('center_axis',(0.,0.,1.));
#8756=DIRECTION('ref_axis',(1.,0.,0.));
#8757=DIRECTION('center_axis',(0.,-1.,0.));
#8758=DIRECTION('ref_axis',(1.,0.,0.));
#8759=DIRECTION('',(1.,0.,0.));
#8760=DIRECTION('center_axis',(0.,1.,0.));
#8761=DIRECTION('ref_axis',(-1.,0.,0.));
#8762=DIRECTION('',(-1.,0.,0.));
#8763=DIRECTION('center_axis',(0.,0.,1.));
#8764=DIRECTION('ref_axis',(1.,0.,0.));
#8765=DIRECTION('center_axis',(0.,-1.,0.));
#8766=DIRECTION('ref_axis',(1.,0.,0.));
#8767=DIRECTION('',(1.,0.,0.));
#8768=DIRECTION('center_axis',(0.,1.,0.));
#8769=DIRECTION('ref_axis',(-1.,0.,0.));
#8770=DIRECTION('',(-1.,0.,0.));
#8771=DIRECTION('center_axis',(0.,0.,1.));
#8772=DIRECTION('ref_axis',(1.,0.,0.));
#8773=DIRECTION('center_axis',(0.,-1.,0.));
#8774=DIRECTION('ref_axis',(1.,0.,0.));
#8775=DIRECTION('',(1.,0.,0.));
#8776=DIRECTION('center_axis',(0.,1.,0.));
#8777=DIRECTION('ref_axis',(-1.,0.,0.));
#8778=DIRECTION('',(-1.,0.,0.));
#8779=DIRECTION('center_axis',(0.,0.,1.));
#8780=DIRECTION('ref_axis',(1.,0.,0.));
#8781=DIRECTION('center_axis',(0.,-1.,0.));
#8782=DIRECTION('ref_axis',(1.,0.,0.));
#8783=DIRECTION('',(1.,0.,0.));
#8784=DIRECTION('center_axis',(0.,1.,0.));
#8785=DIRECTION('ref_axis',(-1.,0.,0.));
#8786=DIRECTION('',(-1.,0.,0.));
#8787=DIRECTION('center_axis',(0.,0.,1.));
#8788=DIRECTION('ref_axis',(1.,0.,0.));
#8789=DIRECTION('center_axis',(0.,-1.,0.));
#8790=DIRECTION('ref_axis',(1.,0.,0.));
#8791=DIRECTION('',(1.,0.,0.));
#8792=DIRECTION('center_axis',(0.,1.,0.));
#8793=DIRECTION('ref_axis',(-1.,0.,0.));
#8794=DIRECTION('',(-1.,0.,0.));
#8795=DIRECTION('center_axis',(0.,0.,1.));
#8796=DIRECTION('ref_axis',(1.,0.,0.));
#8797=DIRECTION('center_axis',(0.,1.,0.));
#8798=DIRECTION('ref_axis',(-1.,0.,0.));
#8799=DIRECTION('',(1.,0.,0.));
#8800=DIRECTION('center_axis',(0.,-1.,0.));
#8801=DIRECTION('ref_axis',(1.,0.,0.));
#8802=DIRECTION('',(-1.,0.,0.));
#8803=DIRECTION('center_axis',(0.,0.,1.));
#8804=DIRECTION('ref_axis',(1.,0.,0.));
#8805=DIRECTION('center_axis',(0.,0.,1.));
#8806=DIRECTION('ref_axis',(1.,0.,0.));
#8807=DIRECTION('',(0.,-1.,0.));
#8808=DIRECTION('',(-1.,0.,0.));
#8809=DIRECTION('',(0.,-1.,0.));
#8810=DIRECTION('',(-1.,0.,0.));
#8811=DIRECTION('',(1.,0.,0.));
#8812=DIRECTION('',(0.,1.,0.));
#8813=DIRECTION('',(-1.,0.,0.));
#8814=DIRECTION('center_axis',(0.,0.,1.));
#8815=DIRECTION('ref_axis',(1.,0.,0.));
#8816=DIRECTION('',(0.,-1.,0.));
#8817=DIRECTION('',(1.,0.,0.));
#8818=DIRECTION('',(0.,1.,0.));
#8819=DIRECTION('',(-1.,0.,0.));
#8820=DIRECTION('',(0.,1.,0.));
#8821=DIRECTION('',(-1.,0.,0.));
#8822=DIRECTION('',(0.,-1.,0.));
#8823=DIRECTION('',(1.,0.,0.));
#8824=DIRECTION('center_axis',(-1.,0.,0.));
#8825=DIRECTION('ref_axis',(0.,-1.,0.));
#8826=DIRECTION('',(0.,0.,1.));
#8827=DIRECTION('',(0.,1.,0.));
#8828=DIRECTION('',(0.,0.,-1.));
#8829=DIRECTION('',(0.,-1.,0.));
#8830=DIRECTION('',(0.,0.,1.));
#8831=DIRECTION('',(0.,1.,0.));
#8832=DIRECTION('',(0.,0.,-1.));
#8833=DIRECTION('',(0.,-1.,0.));
#8834=DIRECTION('',(0.,0.,1.));
#8835=DIRECTION('',(0.,1.,0.));
#8836=DIRECTION('',(0.,0.,-1.));
#8837=DIRECTION('',(0.,-1.,0.));
#8838=DIRECTION('',(0.,0.,1.));
#8839=DIRECTION('',(0.,1.,0.));
#8840=DIRECTION('',(0.,0.,-1.));
#8841=DIRECTION('',(0.,0.,-1.));
#8842=DIRECTION('center_axis',(-1.,0.,0.));
#8843=DIRECTION('ref_axis',(0.,-1.,0.));
#8844=DIRECTION('',(0.,0.,1.));
#8845=DIRECTION('center_axis',(0.,1.,-1.86264514923096E-8));
#8846=DIRECTION('ref_axis',(0.,-1.86264514923096E-8,-1.));
#8847=DIRECTION('',(0.,1.86264514923096E-8,1.));
#8848=DIRECTION('',(-1.,0.,0.));
#8849=DIRECTION('',(0.,1.86264514923096E-8,1.));
#8850=DIRECTION('',(1.,0.,0.));
#8851=DIRECTION('center_axis',(0.,-1.,-1.14624316875751E-9));
#8852=DIRECTION('ref_axis',(0.,-1.14624316875751E-9,1.));
#8853=DIRECTION('',(0.,0.,-1.));
#8854=DIRECTION('',(-1.,0.,0.));
#8855=DIRECTION('',(0.,1.14624316875751E-9,-1.));
#8856=DIRECTION('',(1.,0.,0.));
#8857=DIRECTION('center_axis',(-1.,0.,0.));
#8858=DIRECTION('ref_axis',(0.,-1.,0.));
#8859=DIRECTION('center_axis',(1.,0.,0.));
#8860=DIRECTION('ref_axis',(0.,-1.,0.));
#8861=DIRECTION('',(0.,1.,0.));
#8862=DIRECTION('',(0.,0.,1.));
#8863=DIRECTION('',(0.,1.,0.));
#8864=DIRECTION('',(0.,0.,-1.));
#8865=DIRECTION('',(0.,1.,0.));
#8866=DIRECTION('',(0.,0.,1.));
#8867=DIRECTION('',(0.,1.,0.));
#8868=DIRECTION('',(0.,0.,-1.));
#8869=DIRECTION('',(0.,1.,0.));
#8870=DIRECTION('',(0.,0.,1.));
#8871=DIRECTION('',(0.,1.,0.));
#8872=DIRECTION('',(0.,0.,-1.));
#8873=DIRECTION('',(0.,1.,0.));
#8874=DIRECTION('',(0.,0.,1.));
#8875=DIRECTION('',(0.,1.,0.));
#8876=DIRECTION('',(0.,0.,-1.));
#8877=DIRECTION('',(0.,1.,0.));
#8878=DIRECTION('',(0.,1.34110450744629E-8,1.));
#8879=DIRECTION('center_axis',(-1.,0.,0.));
#8880=DIRECTION('ref_axis',(0.,-1.04106759381586E-8,1.));
#8881=DIRECTION('',(-1.,0.,0.));
#8882=DIRECTION('center_axis',(-1.,0.,0.));
#8883=DIRECTION('ref_axis',(0.,-1.,0.));
#8884=DIRECTION('center_axis',(0.,-1.,1.34110450744629E-8));
#8885=DIRECTION('ref_axis',(0.,1.34110450744629E-8,1.));
#8886=DIRECTION('',(-1.,0.,0.));
#8887=DIRECTION('',(0.,-1.34110450744629E-8,-1.));
#8888=DIRECTION('center_axis',(0.,1.,0.));
#8889=DIRECTION('ref_axis',(0.,0.,-1.));
#8890=DIRECTION('',(0.,0.,1.));
#8891=DIRECTION('',(-1.,0.,0.));
#8892=DIRECTION('',(0.,0.,1.));
#8893=DIRECTION('',(1.,0.,0.));
#8894=DIRECTION('center_axis',(-1.,0.,0.));
#8895=DIRECTION('ref_axis',(0.,1.81230080772211E-10,1.));
#8896=DIRECTION('center_axis',(-1.,0.,0.));
#8897=DIRECTION('ref_axis',(0.,-1.,0.));
#8898=DIRECTION('',(-1.,0.,0.));
#8899=DIRECTION('center_axis',(-1.,0.,0.));
#8900=DIRECTION('ref_axis',(0.,-1.,0.));
#8901=DIRECTION('center_axis',(0.,-1.,6.70552253723145E-9));
#8902=DIRECTION('ref_axis',(0.,6.70552253723145E-9,1.));
#8903=DIRECTION('',(0.,-6.70552253723145E-9,-1.));
#8904=DIRECTION('',(0.,-6.70552253723145E-9,-1.));
#8905=DIRECTION('center_axis',(0.,1.,0.));
#8906=DIRECTION('ref_axis',(0.,0.,-1.));
#8907=DIRECTION('',(-1.,0.,0.));
#8908=DIRECTION('',(0.,0.,1.));
#8909=DIRECTION('center_axis',(-1.,0.,0.));
#8910=DIRECTION('ref_axis',(0.,-1.,0.));
#8911=DIRECTION('',(-1.,0.,0.));
#8912=DIRECTION('center_axis',(-1.,0.,0.));
#8913=DIRECTION('ref_axis',(0.,-1.,0.));
#8914=DIRECTION('center_axis',(0.,-1.,0.));
#8915=DIRECTION('ref_axis',(0.,0.,1.));
#8916=DIRECTION('',(0.,0.,-1.));
#8917=DIRECTION('center_axis',(0.,1.,1.14624316875751E-9));
#8918=DIRECTION('ref_axis',(0.,1.14624316875751E-9,-1.));
#8919=DIRECTION('',(0.,-1.14624316875751E-9,1.));
#8920=DIRECTION('',(-1.,0.,0.));
#8921=DIRECTION('',(0.,-1.14624316875751E-9,1.));
#8922=DIRECTION('',(0.,0.,1.));
#8923=DIRECTION('',(0.,-1.14624316875751E-9,1.));
#8924=DIRECTION('',(0.,0.,1.));
#8925=DIRECTION('',(0.,-1.14624316875751E-9,1.));
#8926=DIRECTION('',(0.,0.,1.));
#8927=DIRECTION('',(0.,-1.14624316875751E-9,1.));
#8928=DIRECTION('',(0.,0.,1.));
#8929=DIRECTION('',(0.,-1.14624316875751E-9,1.));
#8930=DIRECTION('',(0.,0.,1.));
#8931=DIRECTION('',(0.,-1.14624316875751E-9,1.));
#8932=DIRECTION('',(0.,0.,1.));
#8933=DIRECTION('',(0.,-1.14624316875751E-9,1.));
#8934=DIRECTION('',(0.,0.,1.));
#8935=DIRECTION('',(0.,-1.14624316875751E-9,1.));
#8936=DIRECTION('',(0.,0.,1.));
#8937=DIRECTION('',(0.,-1.14624316875751E-9,1.));
#8938=DIRECTION('',(0.,0.,1.));
#8939=DIRECTION('',(0.,-1.14624316875751E-9,1.));
#8940=DIRECTION('',(0.,0.,1.));
#8941=DIRECTION('',(0.,-1.14624316875751E-9,1.));
#8942=DIRECTION('',(0.,0.,1.));
#8943=DIRECTION('',(0.,-1.14624316875751E-9,1.));
#8944=DIRECTION('',(0.,0.,1.));
#8945=DIRECTION('',(0.,-1.14624316875751E-9,1.));
#8946=DIRECTION('',(0.,0.,1.));
#8947=DIRECTION('center_axis',(-1.,0.,0.));
#8948=DIRECTION('ref_axis',(0.,-1.,0.));
#8949=DIRECTION('',(0.,-1.,0.));
#8950=DIRECTION('',(0.,1.,0.));
#8951=DIRECTION('',(0.,1.,0.));
#8952=DIRECTION('center_axis',(-1.,0.,0.));
#8953=DIRECTION('ref_axis',(0.,-1.,0.));
#8954=DIRECTION('',(0.,-1.,0.));
#8955=DIRECTION('',(0.,0.,1.));
#8956=DIRECTION('',(0.,1.,0.));
#8957=DIRECTION('',(0.,0.,-1.));
#8958=DIRECTION('center_axis',(-1.,0.,0.));
#8959=DIRECTION('ref_axis',(0.,-1.,0.));
#8960=DIRECTION('',(0.,-1.,0.));
#8961=DIRECTION('',(0.,1.,0.));
#8962=DIRECTION('',(0.,0.,-1.));
#8963=DIRECTION('center_axis',(-1.,0.,0.));
#8964=DIRECTION('ref_axis',(0.,-1.,0.));
#8965=DIRECTION('',(0.,0.,-1.));
#8966=DIRECTION('',(0.,-1.,0.));
#8967=DIRECTION('',(0.,1.,0.));
#8968=DIRECTION('center_axis',(-1.,0.,0.));
#8969=DIRECTION('ref_axis',(0.,-1.,0.));
#8970=DIRECTION('',(0.,-1.,0.));
#8971=DIRECTION('',(0.,0.,1.));
#8972=DIRECTION('',(0.,1.,0.));
#8973=DIRECTION('',(0.,0.,-1.));
#8974=DIRECTION('center_axis',(-1.,0.,0.));
#8975=DIRECTION('ref_axis',(0.,-1.,0.));
#8976=DIRECTION('',(0.,0.,-1.));
#8977=DIRECTION('',(0.,-1.,0.));
#8978=DIRECTION('',(0.,1.,0.));
#8979=DIRECTION('center_axis',(-1.,0.,0.));
#8980=DIRECTION('ref_axis',(0.,-1.,0.));
#8981=DIRECTION('',(0.,-1.,0.));
#8982=DIRECTION('',(0.,0.,1.));
#8983=DIRECTION('',(0.,1.,0.));
#8984=DIRECTION('',(0.,0.,-1.));
#8985=DIRECTION('center_axis',(-1.,0.,0.));
#8986=DIRECTION('ref_axis',(0.,-1.,0.));
#8987=DIRECTION('',(0.,0.,-1.));
#8988=DIRECTION('',(0.,-1.,0.));
#8989=DIRECTION('',(0.,1.,0.));
#8990=DIRECTION('center_axis',(-1.,0.,0.));
#8991=DIRECTION('ref_axis',(0.,-1.,0.));
#8992=DIRECTION('',(0.,-1.,0.));
#8993=DIRECTION('',(0.,0.,1.));
#8994=DIRECTION('',(0.,1.,0.));
#8995=DIRECTION('',(0.,0.,-1.));
#8996=DIRECTION('center_axis',(-1.,0.,0.));
#8997=DIRECTION('ref_axis',(0.,-1.,0.));
#8998=DIRECTION('',(0.,0.,-1.));
#8999=DIRECTION('',(0.,-1.,0.));
#9000=DIRECTION('',(0.,1.,0.));
#9001=DIRECTION('center_axis',(-1.,0.,0.));
#9002=DIRECTION('ref_axis',(0.,-1.,0.));
#9003=DIRECTION('',(0.,-1.,0.));
#9004=DIRECTION('',(0.,0.,1.));
#9005=DIRECTION('',(0.,1.,0.));
#9006=DIRECTION('',(0.,0.,-1.));
#9007=DIRECTION('center_axis',(-1.,0.,0.));
#9008=DIRECTION('ref_axis',(0.,-1.,0.));
#9009=DIRECTION('',(0.,0.,-1.));
#9010=DIRECTION('',(0.,-1.,0.));
#9011=DIRECTION('',(0.,1.,0.));
#9012=DIRECTION('center_axis',(-1.,0.,0.));
#9013=DIRECTION('ref_axis',(0.,-1.,0.));
#9014=DIRECTION('',(0.,-1.,0.));
#9015=DIRECTION('',(0.,0.,1.));
#9016=DIRECTION('',(0.,1.,0.));
#9017=DIRECTION('',(0.,0.,-1.));
#9018=DIRECTION('center_axis',(-1.,0.,0.));
#9019=DIRECTION('ref_axis',(0.,-1.,0.));
#9020=DIRECTION('',(0.,0.,-1.));
#9021=DIRECTION('',(0.,-1.,0.));
#9022=DIRECTION('',(0.,1.,0.));
#9023=DIRECTION('center_axis',(-1.,0.,0.));
#9024=DIRECTION('ref_axis',(0.,-1.,0.));
#9025=DIRECTION('',(0.,-1.,0.));
#9026=DIRECTION('',(0.,0.,1.));
#9027=DIRECTION('',(0.,1.,0.));
#9028=DIRECTION('',(0.,0.,-1.));
#9029=DIRECTION('center_axis',(-1.,0.,0.));
#9030=DIRECTION('ref_axis',(0.,-1.,0.));
#9031=DIRECTION('',(0.,0.,-1.));
#9032=DIRECTION('',(0.,-1.,0.));
#9033=DIRECTION('',(0.,1.,0.));
#9034=DIRECTION('center_axis',(-1.,0.,0.));
#9035=DIRECTION('ref_axis',(0.,-1.,0.));
#9036=DIRECTION('',(0.,-1.,0.));
#9037=DIRECTION('',(0.,0.,1.));
#9038=DIRECTION('',(0.,1.,0.));
#9039=DIRECTION('',(0.,0.,-1.));
#9040=DIRECTION('center_axis',(-1.,0.,0.));
#9041=DIRECTION('ref_axis',(0.,-1.,0.));
#9042=DIRECTION('',(0.,0.,-1.));
#9043=DIRECTION('',(0.,-1.,0.));
#9044=DIRECTION('',(0.,1.,0.));
#9045=DIRECTION('center_axis',(-1.,0.,0.));
#9046=DIRECTION('ref_axis',(0.,-1.,0.));
#9047=DIRECTION('',(0.,-1.,0.));
#9048=DIRECTION('',(0.,0.,1.));
#9049=DIRECTION('',(0.,1.,0.));
#9050=DIRECTION('',(0.,0.,-1.));
#9051=DIRECTION('center_axis',(-1.,0.,0.));
#9052=DIRECTION('ref_axis',(0.,-1.,0.));
#9053=DIRECTION('',(0.,0.,-1.));
#9054=DIRECTION('',(0.,-1.,0.));
#9055=DIRECTION('',(0.,1.,0.));
#9056=DIRECTION('center_axis',(-1.,0.,0.));
#9057=DIRECTION('ref_axis',(0.,-1.,0.));
#9058=DIRECTION('',(0.,-1.,0.));
#9059=DIRECTION('',(0.,0.,1.));
#9060=DIRECTION('',(0.,1.,0.));
#9061=DIRECTION('',(0.,0.,-1.));
#9062=DIRECTION('center_axis',(-1.,0.,0.));
#9063=DIRECTION('ref_axis',(0.,-1.,0.));
#9064=DIRECTION('',(0.,0.,-1.));
#9065=DIRECTION('',(0.,-1.,0.));
#9066=DIRECTION('',(0.,1.,0.));
#9067=DIRECTION('center_axis',(-1.,0.,0.));
#9068=DIRECTION('ref_axis',(0.,-1.,0.));
#9069=DIRECTION('',(0.,-1.,0.));
#9070=DIRECTION('',(0.,0.,1.));
#9071=DIRECTION('',(0.,1.,0.));
#9072=DIRECTION('',(0.,0.,-1.));
#9073=DIRECTION('center_axis',(-1.,0.,0.));
#9074=DIRECTION('ref_axis',(0.,-1.,0.));
#9075=DIRECTION('',(0.,0.,-1.));
#9076=DIRECTION('',(0.,-1.,0.));
#9077=DIRECTION('',(0.,1.,0.));
#9078=DIRECTION('center_axis',(-1.,0.,0.));
#9079=DIRECTION('ref_axis',(0.,-1.,0.));
#9080=DIRECTION('',(0.,-1.,0.));
#9081=DIRECTION('',(0.,0.,1.));
#9082=DIRECTION('',(0.,1.,0.));
#9083=DIRECTION('',(0.,0.,-1.));
#9084=DIRECTION('center_axis',(-1.,0.,0.));
#9085=DIRECTION('ref_axis',(0.,-1.,0.));
#9086=DIRECTION('',(0.,0.,-1.));
#9087=DIRECTION('',(0.,-1.,0.));
#9088=DIRECTION('',(0.,1.,0.));
#9089=DIRECTION('center_axis',(-1.,0.,0.));
#9090=DIRECTION('ref_axis',(0.,-1.,0.));
#9091=DIRECTION('',(0.,-1.,0.));
#9092=DIRECTION('',(0.,0.,1.));
#9093=DIRECTION('',(0.,1.,0.));
#9094=DIRECTION('',(0.,0.,-1.));
#9095=DIRECTION('center_axis',(-1.,0.,0.));
#9096=DIRECTION('ref_axis',(0.,-1.,0.));
#9097=DIRECTION('',(0.,1.,0.));
#9098=DIRECTION('',(0.,0.,1.));
#9099=DIRECTION('',(0.,1.,0.));
#9100=DIRECTION('',(0.,0.,-1.));
#9101=DIRECTION('center_axis',(-1.,0.,0.));
#9102=DIRECTION('ref_axis',(0.,-1.,0.));
#9103=DIRECTION('',(0.,0.,1.));
#9104=DIRECTION('',(0.,1.,0.));
#9105=DIRECTION('',(0.,0.,-1.));
#9106=DIRECTION('center_axis',(0.,0.,-1.));
#9107=DIRECTION('ref_axis',(0.,1.,0.));
#9108=DIRECTION('',(-1.,0.,0.));
#9109=DIRECTION('',(1.,0.,0.));
#9110=DIRECTION('',(0.,-1.,0.));
#9111=DIRECTION('',(-1.,0.,0.));
#9112=DIRECTION('',(1.,0.,0.));
#9113=DIRECTION('',(0.,-1.,0.));
#9114=DIRECTION('',(-1.,0.,0.));
#9115=DIRECTION('',(1.,0.,0.));
#9116=DIRECTION('',(0.,-1.,0.));
#9117=DIRECTION('',(-1.,0.,0.));
#9118=DIRECTION('',(1.,0.,0.));
#9119=DIRECTION('',(0.,-1.,0.));
#9120=DIRECTION('',(-1.,0.,0.));
#9121=DIRECTION('',(1.,0.,0.));
#9122=DIRECTION('',(0.,-1.,0.));
#9123=DIRECTION('',(-1.,0.,0.));
#9124=DIRECTION('',(1.,0.,0.));
#9125=DIRECTION('',(0.,-1.,0.));
#9126=DIRECTION('',(-1.,0.,0.));
#9127=DIRECTION('',(1.,0.,0.));
#9128=DIRECTION('',(0.,-1.,0.));
#9129=DIRECTION('',(-1.,0.,0.));
#9130=DIRECTION('',(1.,0.,0.));
#9131=DIRECTION('',(0.,-1.,0.));
#9132=DIRECTION('',(-1.,0.,0.));
#9133=DIRECTION('',(1.,0.,0.));
#9134=DIRECTION('',(0.,-1.,0.));
#9135=DIRECTION('',(-1.,0.,0.));
#9136=DIRECTION('',(1.,0.,0.));
#9137=DIRECTION('',(0.,-1.,0.));
#9138=DIRECTION('',(-1.,0.,0.));
#9139=DIRECTION('',(1.,0.,0.));
#9140=DIRECTION('',(0.,-1.,0.));
#9141=DIRECTION('',(-1.,0.,0.));
#9142=DIRECTION('',(1.,0.,0.));
#9143=DIRECTION('',(0.,-1.,0.));
#9144=DIRECTION('',(-1.,0.,0.));
#9145=DIRECTION('',(1.,0.,0.));
#9146=DIRECTION('',(0.,-1.,0.));
#9147=DIRECTION('center_axis',(0.,-1.,0.));
#9148=DIRECTION('ref_axis',(0.,0.,1.));
#9149=DIRECTION('',(0.,0.,1.));
#9150=DIRECTION('',(-1.,0.,0.));
#9151=DIRECTION('',(1.,0.,0.));
#9152=DIRECTION('center_axis',(0.,-1.,0.));
#9153=DIRECTION('ref_axis',(0.,0.,1.));
#9154=DIRECTION('',(0.,0.,1.));
#9155=DIRECTION('',(-1.,0.,0.));
#9156=DIRECTION('',(1.,0.,0.));
#9157=DIRECTION('center_axis',(0.,-1.,0.));
#9158=DIRECTION('ref_axis',(0.,0.,1.));
#9159=DIRECTION('',(0.,0.,1.));
#9160=DIRECTION('',(-1.,0.,0.));
#9161=DIRECTION('',(1.,0.,0.));
#9162=DIRECTION('center_axis',(0.,-1.,0.));
#9163=DIRECTION('ref_axis',(0.,0.,1.));
#9164=DIRECTION('',(0.,0.,1.));
#9165=DIRECTION('',(-1.,0.,0.));
#9166=DIRECTION('',(1.,0.,0.));
#9167=DIRECTION('center_axis',(0.,-1.,0.));
#9168=DIRECTION('ref_axis',(0.,0.,1.));
#9169=DIRECTION('',(0.,0.,1.));
#9170=DIRECTION('',(-1.,0.,0.));
#9171=DIRECTION('',(1.,0.,0.));
#9172=DIRECTION('center_axis',(0.,-1.,0.));
#9173=DIRECTION('ref_axis',(0.,0.,1.));
#9174=DIRECTION('',(0.,0.,1.));
#9175=DIRECTION('',(-1.,0.,0.));
#9176=DIRECTION('',(1.,0.,0.));
#9177=DIRECTION('center_axis',(0.,-1.,0.));
#9178=DIRECTION('ref_axis',(0.,0.,1.));
#9179=DIRECTION('',(0.,0.,1.));
#9180=DIRECTION('',(-1.,0.,0.));
#9181=DIRECTION('',(1.,0.,0.));
#9182=DIRECTION('center_axis',(0.,-1.,0.));
#9183=DIRECTION('ref_axis',(0.,0.,1.));
#9184=DIRECTION('',(0.,0.,1.));
#9185=DIRECTION('',(-1.,0.,0.));
#9186=DIRECTION('',(1.,0.,0.));
#9187=DIRECTION('center_axis',(0.,-1.,0.));
#9188=DIRECTION('ref_axis',(0.,0.,1.));
#9189=DIRECTION('',(0.,0.,1.));
#9190=DIRECTION('',(-1.,0.,0.));
#9191=DIRECTION('',(1.,0.,0.));
#9192=DIRECTION('center_axis',(0.,-1.,0.));
#9193=DIRECTION('ref_axis',(0.,0.,1.));
#9194=DIRECTION('',(0.,0.,1.));
#9195=DIRECTION('',(-1.,0.,0.));
#9196=DIRECTION('',(1.,0.,0.));
#9197=DIRECTION('center_axis',(0.,-1.,0.));
#9198=DIRECTION('ref_axis',(0.,0.,1.));
#9199=DIRECTION('',(0.,0.,1.));
#9200=DIRECTION('',(-1.,0.,0.));
#9201=DIRECTION('',(1.,0.,0.));
#9202=DIRECTION('center_axis',(0.,-1.,0.));
#9203=DIRECTION('ref_axis',(0.,0.,1.));
#9204=DIRECTION('',(0.,0.,1.));
#9205=DIRECTION('',(-1.,0.,0.));
#9206=DIRECTION('',(1.,0.,0.));
#9207=DIRECTION('center_axis',(0.,-1.,0.));
#9208=DIRECTION('ref_axis',(0.,0.,1.));
#9209=DIRECTION('',(0.,0.,1.));
#9210=DIRECTION('',(-1.,0.,0.));
#9211=DIRECTION('center_axis',(-1.,0.,0.));
#9212=DIRECTION('ref_axis',(0.,-1.,0.));
#9213=DIRECTION('',(0.,1.,0.));
#9214=DIRECTION('',(0.,0.,1.));
#9215=DIRECTION('',(0.,1.,0.));
#9216=DIRECTION('',(0.,0.,-1.));
#9217=DIRECTION('',(0.,1.,0.));
#9218=DIRECTION('',(0.,0.,1.));
#9219=DIRECTION('',(0.,1.,0.));
#9220=DIRECTION('',(0.,0.,-1.));
#9221=DIRECTION('',(0.,1.,0.));
#9222=DIRECTION('',(0.,0.,1.));
#9223=DIRECTION('',(0.,1.,0.));
#9224=DIRECTION('',(0.,0.,-1.));
#9225=DIRECTION('',(0.,1.,0.));
#9226=DIRECTION('center_axis',(0.,1.,0.));
#9227=DIRECTION('ref_axis',(0.,0.,1.));
#9228=DIRECTION('',(1.,0.,0.));
#9229=DIRECTION('',(0.,0.,-1.));
#9230=DIRECTION('center_axis',(0.,-1.,0.));
#9231=DIRECTION('ref_axis',(0.,0.,-1.));
#9232=DIRECTION('',(0.,0.,1.));
#9233=DIRECTION('',(-1.,0.,0.));
#9234=DIRECTION('center_axis',(0.,1.,0.));
#9235=DIRECTION('ref_axis',(0.,0.,1.));
#9236=DIRECTION('',(1.,0.,0.));
#9237=DIRECTION('',(0.,0.,-1.));
#9238=DIRECTION('center_axis',(0.,-1.,0.));
#9239=DIRECTION('ref_axis',(0.,0.,-1.));
#9240=DIRECTION('',(0.,0.,1.));
#9241=DIRECTION('',(-1.,0.,0.));
#9242=DIRECTION('center_axis',(0.,1.,0.));
#9243=DIRECTION('ref_axis',(0.,0.,1.));
#9244=DIRECTION('',(1.,0.,0.));
#9245=DIRECTION('',(0.,0.,-1.));
#9246=DIRECTION('center_axis',(0.,-1.,0.));
#9247=DIRECTION('ref_axis',(0.,0.,-1.));
#9248=DIRECTION('',(0.,0.,1.));
#9249=DIRECTION('',(-1.,0.,0.));
#9250=DIRECTION('center_axis',(0.,1.,0.));
#9251=DIRECTION('ref_axis',(0.,0.,1.));
#9252=DIRECTION('',(1.,0.,0.));
#9253=DIRECTION('',(0.,0.,-1.));
#9254=DIRECTION('center_axis',(0.,1.,0.));
#9255=DIRECTION('ref_axis',(0.,0.,1.));
#9256=DIRECTION('',(1.,0.,0.));
#9257=DIRECTION('',(0.,0.,-1.));
#9258=DIRECTION('center_axis',(0.,-1.,0.));
#9259=DIRECTION('ref_axis',(0.,0.,-1.));
#9260=DIRECTION('',(0.,0.,1.));
#9261=DIRECTION('',(-1.,0.,0.));
#9262=DIRECTION('center_axis',(0.,1.,0.));
#9263=DIRECTION('ref_axis',(0.,0.,1.));
#9264=DIRECTION('',(1.,0.,0.));
#9265=DIRECTION('',(0.,0.,-1.));
#9266=DIRECTION('center_axis',(0.,-1.,0.));
#9267=DIRECTION('ref_axis',(0.,0.,-1.));
#9268=DIRECTION('',(0.,0.,1.));
#9269=DIRECTION('',(-1.,0.,0.));
#9270=DIRECTION('center_axis',(0.,1.,0.));
#9271=DIRECTION('ref_axis',(0.,0.,1.));
#9272=DIRECTION('',(1.,0.,0.));
#9273=DIRECTION('',(0.,0.,-1.));
#9274=DIRECTION('center_axis',(0.,-1.,0.));
#9275=DIRECTION('ref_axis',(0.,0.,-1.));
#9276=DIRECTION('',(0.,0.,1.));
#9277=DIRECTION('',(-1.,0.,0.));
#9278=DIRECTION('center_axis',(0.,1.,0.));
#9279=DIRECTION('ref_axis',(0.,0.,1.));
#9280=DIRECTION('',(1.,0.,0.));
#9281=DIRECTION('',(0.,0.,-1.));
#9282=DIRECTION('center_axis',(0.,-1.,0.));
#9283=DIRECTION('ref_axis',(0.,0.,-1.));
#9284=DIRECTION('',(0.,0.,1.));
#9285=DIRECTION('',(-1.,0.,0.));
#9286=DIRECTION('center_axis',(0.,1.,0.));
#9287=DIRECTION('ref_axis',(0.,0.,1.));
#9288=DIRECTION('',(1.,0.,0.));
#9289=DIRECTION('',(0.,0.,-1.));
#9290=DIRECTION('center_axis',(0.,-1.,0.));
#9291=DIRECTION('ref_axis',(0.,0.,-1.));
#9292=DIRECTION('',(0.,0.,1.));
#9293=DIRECTION('',(-1.,0.,0.));
#9294=DIRECTION('center_axis',(0.,1.,0.));
#9295=DIRECTION('ref_axis',(0.,0.,1.));
#9296=DIRECTION('',(1.,0.,0.));
#9297=DIRECTION('',(0.,0.,-1.));
#9298=DIRECTION('center_axis',(0.,-1.,0.));
#9299=DIRECTION('ref_axis',(0.,0.,-1.));
#9300=DIRECTION('',(0.,0.,1.));
#9301=DIRECTION('',(-1.,0.,0.));
#9302=DIRECTION('center_axis',(0.,1.,0.));
#9303=DIRECTION('ref_axis',(0.,0.,1.));
#9304=DIRECTION('',(1.,0.,0.));
#9305=DIRECTION('',(0.,0.,-1.));
#9306=DIRECTION('center_axis',(0.,-1.,0.));
#9307=DIRECTION('ref_axis',(0.,0.,-1.));
#9308=DIRECTION('',(0.,0.,1.));
#9309=DIRECTION('',(-1.,0.,0.));
#9310=DIRECTION('center_axis',(0.,1.,0.));
#9311=DIRECTION('ref_axis',(0.,0.,1.));
#9312=DIRECTION('',(1.,0.,0.));
#9313=DIRECTION('',(0.,0.,-1.));
#9314=DIRECTION('center_axis',(0.,-1.,0.));
#9315=DIRECTION('ref_axis',(0.,0.,-1.));
#9316=DIRECTION('',(0.,0.,1.));
#9317=DIRECTION('',(-1.,0.,0.));
#9318=DIRECTION('center_axis',(0.,1.,0.));
#9319=DIRECTION('ref_axis',(0.,0.,1.));
#9320=DIRECTION('',(1.,0.,0.));
#9321=DIRECTION('',(0.,0.,-1.));
#9322=DIRECTION('center_axis',(0.,-1.,0.));
#9323=DIRECTION('ref_axis',(0.,0.,-1.));
#9324=DIRECTION('',(0.,0.,1.));
#9325=DIRECTION('',(-1.,0.,0.));
#9326=DIRECTION('center_axis',(0.,0.,1.));
#9327=DIRECTION('ref_axis',(1.,0.,0.));
#9328=DIRECTION('',(1.,0.,0.));
#9329=DIRECTION('',(0.,1.,0.));
#9330=DIRECTION('center_axis',(0.,0.,1.));
#9331=DIRECTION('ref_axis',(1.,0.,0.));
#9332=DIRECTION('',(0.,1.,0.));
#9333=DIRECTION('center_axis',(0.,0.,1.));
#9334=DIRECTION('ref_axis',(1.,0.,0.));
#9335=DIRECTION('',(0.,1.,0.));
#9336=DIRECTION('center_axis',(0.,0.,1.));
#9337=DIRECTION('ref_axis',(1.,0.,0.));
#9338=DIRECTION('',(0.,1.,0.));
#9339=DIRECTION('center_axis',(0.,0.,1.));
#9340=DIRECTION('ref_axis',(1.,0.,0.));
#9341=DIRECTION('',(0.,1.,0.));
#9342=DIRECTION('center_axis',(0.,0.,1.));
#9343=DIRECTION('ref_axis',(1.,0.,0.));
#9344=DIRECTION('',(0.,1.,0.));
#9345=DIRECTION('center_axis',(0.,0.,1.));
#9346=DIRECTION('ref_axis',(1.,0.,0.));
#9347=DIRECTION('',(0.,1.,0.));
#9348=DIRECTION('center_axis',(0.,0.,1.));
#9349=DIRECTION('ref_axis',(1.,0.,0.));
#9350=DIRECTION('',(0.,1.,0.));
#9351=DIRECTION('center_axis',(0.,0.,1.));
#9352=DIRECTION('ref_axis',(1.,0.,0.));
#9353=DIRECTION('',(0.,1.,0.));
#9354=DIRECTION('center_axis',(0.,0.,1.));
#9355=DIRECTION('ref_axis',(1.,0.,0.));
#9356=DIRECTION('',(0.,1.,0.));
#9357=DIRECTION('center_axis',(0.,0.,1.));
#9358=DIRECTION('ref_axis',(1.,0.,0.));
#9359=DIRECTION('',(0.,1.,0.));
#9360=DIRECTION('center_axis',(0.,0.,1.));
#9361=DIRECTION('ref_axis',(1.,0.,0.));
#9362=DIRECTION('',(0.,1.,0.));
#9363=DIRECTION('center_axis',(0.,0.,1.));
#9364=DIRECTION('ref_axis',(1.,0.,0.));
#9365=DIRECTION('',(0.,1.,0.));
#9366=DIRECTION('center_axis',(1.,0.,0.));
#9367=DIRECTION('ref_axis',(0.,1.,0.));
#9368=DIRECTION('',(0.,0.,-1.));
#9369=DIRECTION('',(0.,1.,0.));
#9370=DIRECTION('',(0.,0.,1.));
#9371=DIRECTION('',(0.,-1.,0.));
#9372=DIRECTION('',(0.,1.,0.));
#9373=DIRECTION('',(0.,0.,1.));
#9374=DIRECTION('',(0.,-1.,0.));
#9375=DIRECTION('',(0.,1.,0.));
#9376=DIRECTION('',(0.,0.,1.));
#9377=DIRECTION('',(0.,-1.,0.));
#9378=DIRECTION('',(0.,1.,0.));
#9379=DIRECTION('',(0.,0.,1.));
#9380=DIRECTION('',(0.,-1.,0.));
#9381=DIRECTION('',(0.,1.,0.));
#9382=DIRECTION('',(0.,0.,1.));
#9383=DIRECTION('',(0.,-1.,0.));
#9384=DIRECTION('',(0.,1.,0.));
#9385=DIRECTION('',(0.,0.,1.));
#9386=DIRECTION('',(0.,-1.,0.));
#9387=DIRECTION('',(0.,1.,0.));
#9388=DIRECTION('',(0.,0.,1.));
#9389=DIRECTION('',(0.,-1.,0.));
#9390=DIRECTION('',(0.,1.,0.));
#9391=DIRECTION('',(0.,0.,1.));
#9392=DIRECTION('',(0.,-1.,0.));
#9393=DIRECTION('',(0.,1.,0.));
#9394=DIRECTION('',(0.,0.,1.));
#9395=DIRECTION('',(0.,-1.,0.));
#9396=DIRECTION('',(0.,1.,0.));
#9397=DIRECTION('',(0.,0.,1.));
#9398=DIRECTION('',(0.,-1.,0.));
#9399=DIRECTION('',(0.,1.,0.));
#9400=DIRECTION('',(0.,0.,1.));
#9401=DIRECTION('',(0.,-1.,0.));
#9402=DIRECTION('',(0.,1.,0.));
#9403=DIRECTION('',(0.,0.,1.));
#9404=DIRECTION('',(0.,-1.,0.));
#9405=DIRECTION('',(0.,1.,0.));
#9406=DIRECTION('',(0.,0.,1.));
#9407=DIRECTION('',(0.,-1.,0.));
#9408=DIRECTION('',(0.,0.,1.));
#9409=DIRECTION('',(0.,-1.,0.));
#9410=DIRECTION('',(0.,0.,-1.));
#9411=DIRECTION('',(0.,-1.,0.));
#9412=DIRECTION('',(0.,0.,1.));
#9413=DIRECTION('',(0.,-1.,0.));
#9414=DIRECTION('',(0.,0.,-1.));
#9415=DIRECTION('',(0.,-1.,0.));
#9416=DIRECTION('',(0.,0.,1.));
#9417=DIRECTION('',(0.,-1.,0.));
#9418=DIRECTION('',(0.,0.,-1.));
#9419=DIRECTION('',(0.,-1.,0.));
#9420=DIRECTION('',(0.,0.,1.));
#9421=DIRECTION('',(0.,-1.,0.));
#9422=DIRECTION('',(0.,0.,-1.));
#9423=DIRECTION('',(0.,0.,1.));
#9424=DIRECTION('',(0.,-1.,0.));
#9425=DIRECTION('',(0.,0.,-1.));
#9426=DIRECTION('',(0.,-1.,0.));
#9427=DIRECTION('',(0.,0.,1.));
#9428=DIRECTION('',(0.,-1.,0.));
#9429=DIRECTION('',(0.,0.,-1.));
#9430=DIRECTION('',(0.,-1.,0.));
#9431=DIRECTION('',(0.,0.,1.));
#9432=DIRECTION('',(0.,-1.,0.));
#9433=DIRECTION('',(0.,0.,-1.));
#9434=DIRECTION('',(0.,-1.,0.));
#9435=DIRECTION('',(0.,0.,1.));
#9436=DIRECTION('',(0.,-1.,0.));
#9437=DIRECTION('',(0.,0.,-1.));
#9438=DIRECTION('',(0.,-1.,0.));
#9439=DIRECTION('',(0.,0.,1.));
#9440=DIRECTION('',(0.,-1.,0.));
#9441=DIRECTION('',(0.,0.,-1.));
#9442=DIRECTION('',(0.,-1.,0.));
#9443=DIRECTION('',(0.,0.,1.));
#9444=DIRECTION('',(0.,-1.,0.));
#9445=DIRECTION('',(0.,0.,-1.));
#9446=DIRECTION('',(0.,-1.,0.));
#9447=DIRECTION('',(0.,0.,1.));
#9448=DIRECTION('',(0.,-1.,0.));
#9449=DIRECTION('',(0.,0.,-1.));
#9450=DIRECTION('',(0.,-1.,0.));
#9451=DIRECTION('',(0.,0.,1.));
#9452=DIRECTION('',(0.,-1.,0.));
#9453=DIRECTION('',(0.,0.,-1.));
#9454=DIRECTION('',(0.,-1.,0.));
#9455=DIRECTION('',(0.,0.,1.));
#9456=DIRECTION('',(0.,-1.,0.));
#9457=DIRECTION('',(0.,0.,-1.));
#9458=DIRECTION('',(0.,-1.,0.));
#9459=DIRECTION('',(0.,0.,-1.));
#9460=DIRECTION('center_axis',(0.,0.,1.));
#9461=DIRECTION('ref_axis',(0.,1.,0.));
#9462=DIRECTION('',(-1.,0.,0.));
#9463=DIRECTION('center_axis',(0.,0.,-1.));
#9464=DIRECTION('ref_axis',(0.,-1.,0.));
#9465=DIRECTION('',(1.,0.,0.));
#9466=DIRECTION('center_axis',(0.,0.,1.));
#9467=DIRECTION('ref_axis',(0.,1.,0.));
#9468=DIRECTION('',(-1.,0.,0.));
#9469=DIRECTION('center_axis',(0.,0.,-1.));
#9470=DIRECTION('ref_axis',(0.,-1.,0.));
#9471=DIRECTION('',(1.,0.,0.));
#9472=DIRECTION('center_axis',(0.,0.,-1.));
#9473=DIRECTION('ref_axis',(0.,-1.,0.));
#9474=DIRECTION('',(1.,0.,0.));
#9475=DIRECTION('center_axis',(0.,0.,1.));
#9476=DIRECTION('ref_axis',(0.,1.,0.));
#9477=DIRECTION('',(-1.,0.,0.));
#9478=DIRECTION('center_axis',(0.,0.,1.));
#9479=DIRECTION('ref_axis',(0.,1.,0.));
#9480=DIRECTION('',(-1.,0.,0.));
#9481=DIRECTION('center_axis',(0.,0.,-1.));
#9482=DIRECTION('ref_axis',(0.,-1.,0.));
#9483=DIRECTION('',(1.,0.,0.));
#9484=DIRECTION('center_axis',(0.,0.,1.));
#9485=DIRECTION('ref_axis',(0.,1.,0.));
#9486=DIRECTION('',(-1.,0.,0.));
#9487=DIRECTION('center_axis',(0.,0.,1.));
#9488=DIRECTION('ref_axis',(0.,1.,0.));
#9489=DIRECTION('',(-1.,0.,0.));
#9490=DIRECTION('center_axis',(0.,0.,-1.));
#9491=DIRECTION('ref_axis',(0.,-1.,0.));
#9492=DIRECTION('',(1.,0.,0.));
#9493=DIRECTION('center_axis',(0.,0.,1.));
#9494=DIRECTION('ref_axis',(0.,1.,0.));
#9495=DIRECTION('',(-1.,0.,0.));
#9496=DIRECTION('center_axis',(0.,0.,-1.));
#9497=DIRECTION('ref_axis',(0.,-1.,0.));
#9498=DIRECTION('',(1.,0.,0.));
#9499=DIRECTION('center_axis',(0.,0.,1.));
#9500=DIRECTION('ref_axis',(0.,1.,0.));
#9501=DIRECTION('',(-1.,0.,0.));
#9502=DIRECTION('center_axis',(0.,0.,-1.));
#9503=DIRECTION('ref_axis',(0.,-1.,0.));
#9504=DIRECTION('',(1.,0.,0.));
#9505=DIRECTION('center_axis',(0.,0.,-1.));
#9506=DIRECTION('ref_axis',(0.,-1.,0.));
#9507=DIRECTION('',(1.,0.,0.));
#9508=DIRECTION('center_axis',(0.,0.,1.));
#9509=DIRECTION('ref_axis',(0.,1.,0.));
#9510=DIRECTION('',(-1.,0.,0.));
#9511=DIRECTION('center_axis',(0.,0.,-1.));
#9512=DIRECTION('ref_axis',(0.,-1.,0.));
#9513=DIRECTION('',(1.,0.,0.));
#9514=DIRECTION('center_axis',(0.,0.,1.));
#9515=DIRECTION('ref_axis',(0.,1.,0.));
#9516=DIRECTION('',(-1.,0.,0.));
#9517=DIRECTION('center_axis',(0.,0.,-1.));
#9518=DIRECTION('ref_axis',(0.,-1.,0.));
#9519=DIRECTION('',(1.,0.,0.));
#9520=DIRECTION('center_axis',(0.,0.,1.));
#9521=DIRECTION('ref_axis',(0.,1.,0.));
#9522=DIRECTION('',(-1.,0.,0.));
#9523=DIRECTION('center_axis',(0.,0.,-1.));
#9524=DIRECTION('ref_axis',(0.,-1.,0.));
#9525=DIRECTION('',(1.,0.,0.));
#9526=DIRECTION('center_axis',(0.,0.,1.));
#9527=DIRECTION('ref_axis',(0.,1.,0.));
#9528=DIRECTION('',(-1.,0.,0.));
#9529=DIRECTION('center_axis',(0.,0.,1.));
#9530=DIRECTION('ref_axis',(0.,1.,0.));
#9531=DIRECTION('',(-1.,0.,0.));
#9532=DIRECTION('center_axis',(0.,0.,-1.));
#9533=DIRECTION('ref_axis',(0.,-1.,0.));
#9534=DIRECTION('',(1.,0.,0.));
#9535=DIRECTION('center_axis',(0.,-1.,0.));
#9536=DIRECTION('ref_axis',(0.,0.,1.));
#9537=DIRECTION('',(1.,0.,0.));
#9538=DIRECTION('center_axis',(0.,0.,-1.));
#9539=DIRECTION('ref_axis',(0.,-1.,0.));
#9540=DIRECTION('',(1.,0.,0.));
#9541=DIRECTION('center_axis',(0.,1.,0.));
#9542=DIRECTION('ref_axis',(-1.,0.,0.));
#9543=DIRECTION('center_axis',(0.,1.,0.));
#9544=DIRECTION('ref_axis',(-1.,0.,0.));
#9545=DIRECTION('center_axis',(0.,1.,0.));
#9546=DIRECTION('ref_axis',(-1.,0.,0.));
#9547=DIRECTION('center_axis',(0.,1.,0.));
#9548=DIRECTION('ref_axis',(-1.,0.,0.));
#9549=DIRECTION('center_axis',(0.,1.,0.));
#9550=DIRECTION('ref_axis',(-1.,0.,0.));
#9551=DIRECTION('center_axis',(0.,1.,0.));
#9552=DIRECTION('ref_axis',(-1.,0.,0.));
#9553=DIRECTION('center_axis',(0.,1.,0.));
#9554=DIRECTION('ref_axis',(-1.,0.,0.));
#9555=DIRECTION('center_axis',(0.,1.,0.));
#9556=DIRECTION('ref_axis',(-1.,0.,0.));
#9557=DIRECTION('center_axis',(0.,1.,0.));
#9558=DIRECTION('ref_axis',(-1.,0.,0.));
#9559=DIRECTION('center_axis',(0.,1.,0.));
#9560=DIRECTION('ref_axis',(-1.,0.,0.));
#9561=DIRECTION('center_axis',(0.,1.,0.));
#9562=DIRECTION('ref_axis',(-1.,0.,0.));
#9563=DIRECTION('center_axis',(0.,1.,0.));
#9564=DIRECTION('ref_axis',(-1.,0.,0.));
#9565=DIRECTION('center_axis',(0.,0.,1.));
#9566=DIRECTION('ref_axis',(1.,0.,0.));
#9567=DIRECTION('',(1.,0.,0.));
#9568=DIRECTION('',(1.,0.,0.));
#9569=DIRECTION('center_axis',(0.,0.,1.));
#9570=DIRECTION('ref_axis',(1.,0.,0.));
#9571=DIRECTION('',(1.,0.,0.));
#9572=DIRECTION('',(-1.,0.,0.));
#9573=DIRECTION('center_axis',(0.,0.,1.));
#9574=DIRECTION('ref_axis',(1.,0.,0.));
#9575=DIRECTION('',(1.,0.,0.));
#9576=DIRECTION('',(-1.,0.,0.));
#9577=DIRECTION('center_axis',(0.,0.,1.));
#9578=DIRECTION('ref_axis',(1.,0.,0.));
#9579=DIRECTION('',(1.,0.,0.));
#9580=DIRECTION('',(-1.,0.,0.));
#9581=DIRECTION('center_axis',(0.,0.,1.));
#9582=DIRECTION('ref_axis',(1.,0.,0.));
#9583=DIRECTION('',(1.,0.,0.));
#9584=DIRECTION('',(-1.,0.,0.));
#9585=DIRECTION('center_axis',(0.,0.,1.));
#9586=DIRECTION('ref_axis',(1.,0.,0.));
#9587=DIRECTION('',(1.,0.,0.));
#9588=DIRECTION('',(-1.,0.,0.));
#9589=DIRECTION('center_axis',(0.,0.,1.));
#9590=DIRECTION('ref_axis',(1.,0.,0.));
#9591=DIRECTION('',(1.,0.,0.));
#9592=DIRECTION('',(-1.,0.,0.));
#9593=DIRECTION('center_axis',(0.,0.,1.));
#9594=DIRECTION('ref_axis',(1.,0.,0.));
#9595=DIRECTION('',(-1.,0.,0.));
#9596=DIRECTION('',(1.,0.,0.));
#9597=DIRECTION('center_axis',(0.,0.,1.));
#9598=DIRECTION('ref_axis',(1.,0.,0.));
#9599=DIRECTION('',(-1.,0.,0.));
#9600=DIRECTION('',(1.,0.,0.));
#9601=DIRECTION('center_axis',(0.,0.,1.));
#9602=DIRECTION('ref_axis',(1.,0.,0.));
#9603=DIRECTION('',(1.,0.,0.));
#9604=DIRECTION('',(-1.,0.,0.));
#9605=DIRECTION('center_axis',(0.,0.,1.));
#9606=DIRECTION('ref_axis',(1.,0.,0.));
#9607=DIRECTION('',(-1.,0.,0.));
#9608=DIRECTION('',(1.,0.,0.));
#9609=DIRECTION('center_axis',(0.,0.,1.));
#9610=DIRECTION('ref_axis',(1.,0.,0.));
#9611=DIRECTION('',(-1.,0.,0.));
#9612=DIRECTION('',(1.,0.,0.));
#9613=DIRECTION('center_axis',(0.,-1.,0.));
#9614=DIRECTION('ref_axis',(1.,0.,0.));
#9615=DIRECTION('center_axis',(0.,1.,0.));
#9616=DIRECTION('ref_axis',(-1.,0.,0.));
#9617=DIRECTION('center_axis',(0.,-1.,0.));
#9618=DIRECTION('ref_axis',(1.,0.,0.));
#9619=DIRECTION('',(-1.,0.,0.));
#9620=DIRECTION('center_axis',(0.,1.,0.));
#9621=DIRECTION('ref_axis',(-1.,0.,0.));
#9622=DIRECTION('',(1.,0.,0.));
#9623=DIRECTION('center_axis',(0.,0.,1.));
#9624=DIRECTION('ref_axis',(1.,0.,0.));
#9625=DIRECTION('center_axis',(0.,-1.,0.));
#9626=DIRECTION('ref_axis',(1.,0.,0.));
#9627=DIRECTION('',(-1.,0.,0.));
#9628=DIRECTION('center_axis',(0.,1.,0.));
#9629=DIRECTION('ref_axis',(-1.,0.,0.));
#9630=DIRECTION('',(1.,0.,0.));
#9631=DIRECTION('center_axis',(0.,0.,1.));
#9632=DIRECTION('ref_axis',(1.,0.,0.));
#9633=DIRECTION('center_axis',(0.,-1.,0.));
#9634=DIRECTION('ref_axis',(1.,0.,0.));
#9635=DIRECTION('',(-1.,0.,0.));
#9636=DIRECTION('center_axis',(0.,1.,0.));
#9637=DIRECTION('ref_axis',(-1.,0.,0.));
#9638=DIRECTION('',(1.,0.,0.));
#9639=DIRECTION('center_axis',(0.,0.,1.));
#9640=DIRECTION('ref_axis',(1.,0.,0.));
#9641=DIRECTION('center_axis',(0.,-1.,0.));
#9642=DIRECTION('ref_axis',(1.,0.,0.));
#9643=DIRECTION('',(-1.,0.,0.));
#9644=DIRECTION('center_axis',(0.,1.,0.));
#9645=DIRECTION('ref_axis',(-1.,0.,0.));
#9646=DIRECTION('',(1.,0.,0.));
#9647=DIRECTION('center_axis',(0.,0.,1.));
#9648=DIRECTION('ref_axis',(1.,0.,0.));
#9649=DIRECTION('center_axis',(0.,-1.,0.));
#9650=DIRECTION('ref_axis',(1.,0.,0.));
#9651=DIRECTION('',(-1.,0.,0.));
#9652=DIRECTION('center_axis',(0.,1.,0.));
#9653=DIRECTION('ref_axis',(-1.,0.,0.));
#9654=DIRECTION('',(1.,0.,0.));
#9655=DIRECTION('center_axis',(0.,0.,1.));
#9656=DIRECTION('ref_axis',(1.,0.,0.));
#9657=DIRECTION('center_axis',(0.,-1.,0.));
#9658=DIRECTION('ref_axis',(1.,0.,0.));
#9659=DIRECTION('',(-1.,0.,0.));
#9660=DIRECTION('center_axis',(0.,1.,0.));
#9661=DIRECTION('ref_axis',(-1.,0.,0.));
#9662=DIRECTION('',(1.,0.,0.));
#9663=DIRECTION('center_axis',(0.,0.,1.));
#9664=DIRECTION('ref_axis',(1.,0.,0.));
#9665=DIRECTION('center_axis',(0.,-1.,0.));
#9666=DIRECTION('ref_axis',(1.,0.,0.));
#9667=DIRECTION('',(-1.,0.,0.));
#9668=DIRECTION('center_axis',(0.,1.,0.));
#9669=DIRECTION('ref_axis',(-1.,0.,0.));
#9670=DIRECTION('',(1.,0.,0.));
#9671=DIRECTION('center_axis',(0.,0.,1.));
#9672=DIRECTION('ref_axis',(1.,0.,0.));
#9673=DIRECTION('center_axis',(0.,-1.,0.));
#9674=DIRECTION('ref_axis',(1.,0.,0.));
#9675=DIRECTION('',(-1.,0.,0.));
#9676=DIRECTION('center_axis',(0.,1.,0.));
#9677=DIRECTION('ref_axis',(-1.,0.,0.));
#9678=DIRECTION('',(1.,0.,0.));
#9679=DIRECTION('center_axis',(0.,0.,1.));
#9680=DIRECTION('ref_axis',(1.,0.,0.));
#9681=DIRECTION('center_axis',(0.,-1.,0.));
#9682=DIRECTION('ref_axis',(1.,0.,0.));
#9683=DIRECTION('',(-1.,0.,0.));
#9684=DIRECTION('center_axis',(0.,1.,0.));
#9685=DIRECTION('ref_axis',(-1.,0.,0.));
#9686=DIRECTION('',(1.,0.,0.));
#9687=DIRECTION('center_axis',(0.,0.,1.));
#9688=DIRECTION('ref_axis',(1.,0.,0.));
#9689=DIRECTION('center_axis',(0.,-1.,0.));
#9690=DIRECTION('ref_axis',(1.,0.,0.));
#9691=DIRECTION('',(-1.,0.,0.));
#9692=DIRECTION('center_axis',(0.,1.,0.));
#9693=DIRECTION('ref_axis',(-1.,0.,0.));
#9694=DIRECTION('',(1.,0.,0.));
#9695=DIRECTION('center_axis',(0.,0.,1.));
#9696=DIRECTION('ref_axis',(1.,0.,0.));
#9697=DIRECTION('center_axis',(0.,-1.,0.));
#9698=DIRECTION('ref_axis',(1.,0.,0.));
#9699=DIRECTION('',(-1.,0.,0.));
#9700=DIRECTION('center_axis',(0.,1.,0.));
#9701=DIRECTION('ref_axis',(-1.,0.,0.));
#9702=DIRECTION('',(1.,0.,0.));
#9703=DIRECTION('center_axis',(0.,0.,1.));
#9704=DIRECTION('ref_axis',(1.,0.,0.));
#9705=DIRECTION('center_axis',(0.,-1.,0.));
#9706=DIRECTION('ref_axis',(1.,0.,0.));
#9707=DIRECTION('',(-1.,0.,0.));
#9708=DIRECTION('center_axis',(0.,1.,0.));
#9709=DIRECTION('ref_axis',(-1.,0.,0.));
#9710=DIRECTION('',(1.,0.,0.));
#9711=DIRECTION('center_axis',(0.,0.,1.));
#9712=DIRECTION('ref_axis',(1.,0.,0.));
#9713=DIRECTION('center_axis',(0.,1.,0.));
#9714=DIRECTION('ref_axis',(-1.,0.,0.));
#9715=DIRECTION('',(1.,0.,0.));
#9716=DIRECTION('center_axis',(0.,-1.,0.));
#9717=DIRECTION('ref_axis',(1.,0.,0.));
#9718=DIRECTION('',(-1.,0.,0.));
#9719=DIRECTION('center_axis',(0.,0.,1.));
#9720=DIRECTION('ref_axis',(1.,0.,0.));
#9721=CARTESIAN_POINT('',(0.,0.,0.));
#9722=CARTESIAN_POINT('Origin',(11.9000001773238,-12.5,10.5));
#9723=CARTESIAN_POINT('',(11.9000001773238,-12.5000001862645,0.5));
#9724=CARTESIAN_POINT('',(11.9000001773238,-12.5,10.4999999582767));
#9725=CARTESIAN_POINT('',(11.9000001773238,-12.5000000977889,5.25000011641532));
#9726=CARTESIAN_POINT('',(10.9000001773238,-12.5000001862645,0.5));
#9727=CARTESIAN_POINT('',(11.9000001773238,-12.5000001862645,0.5));
#9728=CARTESIAN_POINT('',(10.9000001773238,-12.5,10.4999999582767));
#9729=CARTESIAN_POINT('',(10.9000001773238,-12.5000001862645,0.5));
#9730=CARTESIAN_POINT('',(11.9000001773238,-12.5,10.4999999582767));
#9731=CARTESIAN_POINT('Origin',(11.9000001773238,-12.9999999850988,0.5));
#9732=CARTESIAN_POINT('',(11.9000001773238,-13.,13.5));
#9733=CARTESIAN_POINT('',(11.9000001773238,-12.9999999850988,0.5));
#9734=CARTESIAN_POINT('',(11.9000001773238,-12.9999999850988,3.75));
#9735=CARTESIAN_POINT('',(10.9000001773238,-13.,13.5));
#9736=CARTESIAN_POINT('',(11.9000001773238,-13.,13.5));
#9737=CARTESIAN_POINT('',(10.9000001773238,-12.9999999850988,0.5));
#9738=CARTESIAN_POINT('',(10.9000001773238,-12.9999999850988,0.5));
#9739=CARTESIAN_POINT('',(11.9000001773238,-12.9999999850988,0.5));
#9740=CARTESIAN_POINT('Origin',(11.9000001773238,0.,0.));
#9741=CARTESIAN_POINT('',(11.9000001773238,-9.,10.5));
#9742=CARTESIAN_POINT('Origin',(11.9000001773238,-10.75,10.5));
#9743=CARTESIAN_POINT('',(11.9000001773238,-9.00000013411045,0.5));
#9744=CARTESIAN_POINT('',(11.9000001773238,-9.00000013746321,0.250000060349704));
#9745=CARTESIAN_POINT('',(11.9000001773238,-9.00000013411045,0.));
#9746=CARTESIAN_POINT('',(11.9000001773238,-9.00000013411045,0.));
#9747=CARTESIAN_POINT('',(11.9000001773238,-9.50000014156103,0.));
#9748=CARTESIAN_POINT('',(11.9000001773238,-9.00000013411045,0.));
#9749=CARTESIAN_POINT('',(11.9000001773238,-9.50000014156103,0.5));
#9750=CARTESIAN_POINT('',(11.9000001773238,-9.50000014156103,0.));
#9751=CARTESIAN_POINT('',(11.9000001773238,-10.0000001490116,0.5));
#9752=CARTESIAN_POINT('',(11.9000001773238,-12.9999999850988,0.5));
#9753=CARTESIAN_POINT('',(11.9000001773238,-10.0000001490116,0.));
#9754=CARTESIAN_POINT('',(11.9000001773238,-10.0000001490116,0.));
#9755=CARTESIAN_POINT('',(11.9000001773238,-10.5000001564622,0.));
#9756=CARTESIAN_POINT('',(11.9000001773238,-10.0000001490116,0.));
#9757=CARTESIAN_POINT('',(11.9000001773238,-10.5000001564622,0.5));
#9758=CARTESIAN_POINT('',(11.9000001773238,-10.5000001564622,0.));
#9759=CARTESIAN_POINT('',(11.9000001773238,-11.0000001639128,0.5));
#9760=CARTESIAN_POINT('',(11.9000001773238,-12.9999999850988,0.5));
#9761=CARTESIAN_POINT('',(11.9000001773238,-11.0000001639128,0.));
#9762=CARTESIAN_POINT('',(11.9000001773238,-11.0000001639128,0.));
#9763=CARTESIAN_POINT('',(11.9000001773238,-11.5000001713634,0.));
#9764=CARTESIAN_POINT('',(11.9000001773238,-11.0000001639128,0.));
#9765=CARTESIAN_POINT('',(11.9000001773238,-11.5000001713634,0.5));
#9766=CARTESIAN_POINT('',(11.9000001773238,-11.5000001713634,0.));
#9767=CARTESIAN_POINT('',(11.9000001773238,-12.0000001788139,0.5));
#9768=CARTESIAN_POINT('',(11.9000001773238,-12.9999999850988,0.5));
#9769=CARTESIAN_POINT('',(11.9000001773238,-12.0000001788139,0.));
#9770=CARTESIAN_POINT('',(11.9000001773238,-12.0000001788139,0.));
#9771=CARTESIAN_POINT('',(11.9000001773238,-12.5000001862645,0.));
#9772=CARTESIAN_POINT('',(11.9000001773238,-12.0000001788139,0.));
#9773=CARTESIAN_POINT('',(11.9000001773238,-12.5000001862645,0.));
#9774=CARTESIAN_POINT('Origin',(11.9000001773238,-10.75,10.5));
#9775=CARTESIAN_POINT('',(10.9000001773238,-9.,10.5));
#9776=CARTESIAN_POINT('Origin',(10.9000001773238,-10.75,10.5));
#9777=CARTESIAN_POINT('',(11.9000001773238,-9.,10.5));
#9778=CARTESIAN_POINT('Origin',(11.9000001773238,-9.00000013411045,0.5));
#9779=CARTESIAN_POINT('',(10.9000001773238,-9.00000013411045,0.5));
#9780=CARTESIAN_POINT('',(10.9000001773238,-9.,10.5));
#9781=CARTESIAN_POINT('',(11.9000001773238,-9.00000013411045,0.5));
#9782=CARTESIAN_POINT('Origin',(11.9000001773238,-8.00000011920929,10.5));
#9783=CARTESIAN_POINT('',(11.9000001773238,-8.00000011920929,0.5));
#9784=CARTESIAN_POINT('',(11.9000001773238,-8.00000011920929,10.5));
#9785=CARTESIAN_POINT('',(11.9000001773238,-8.00000011920929,5.25));
#9786=CARTESIAN_POINT('',(10.9000001773238,-8.00000011920929,0.5));
#9787=CARTESIAN_POINT('',(11.9000001773238,-8.00000011920929,0.5));
#9788=CARTESIAN_POINT('',(10.9000001773238,-8.00000011920929,10.5));
#9789=CARTESIAN_POINT('',(10.9000001773238,-8.00000011920929,0.5));
#9790=CARTESIAN_POINT('',(11.9000001773238,-8.00000011920929,10.5));
#9791=CARTESIAN_POINT('Origin',(11.9000001773238,-6.25000005960464,10.5));
#9792=CARTESIAN_POINT('',(11.9000001773238,-4.5,10.5));
#9793=CARTESIAN_POINT('Origin',(11.9000001773238,-6.25000005960464,10.5));
#9794=CARTESIAN_POINT('',(10.9000001773238,-4.5,10.5));
#9795=CARTESIAN_POINT('Origin',(10.9000001773238,-6.25000005960464,10.5));
#9796=CARTESIAN_POINT('',(11.9000001773238,-4.5,10.5));
#9797=CARTESIAN_POINT('Origin',(11.9000001773238,-4.50000006705523,0.5));
#9798=CARTESIAN_POINT('',(11.9000001773238,-4.50000006705523,0.5));
#9799=CARTESIAN_POINT('',(11.9000001773238,-4.50000006873161,0.250000015087426));
#9800=CARTESIAN_POINT('',(10.9000001773238,-4.50000006705523,0.5));
#9801=CARTESIAN_POINT('',(10.9000001773238,-4.5,10.5));
#9802=CARTESIAN_POINT('',(11.9000001773238,-4.50000006705523,0.5));
#9803=CARTESIAN_POINT('Origin',(11.9000001773238,-3.50000005215406,10.5));
#9804=CARTESIAN_POINT('',(11.9000001773238,-3.50000005215406,0.5));
#9805=CARTESIAN_POINT('',(11.9000001773238,-3.50000005215406,10.5));
#9806=CARTESIAN_POINT('',(11.9000001773238,-3.50000005215406,5.25));
#9807=CARTESIAN_POINT('',(10.9000001773238,-3.50000005215406,0.5));
#9808=CARTESIAN_POINT('',(11.9000001773238,-3.50000005215406,0.5));
#9809=CARTESIAN_POINT('',(10.9000001773238,-3.50000005215406,10.5));
#9810=CARTESIAN_POINT('',(10.9000001773238,-3.50000005215406,0.5));
#9811=CARTESIAN_POINT('',(11.9000001773238,-3.50000005215406,10.5));
#9812=CARTESIAN_POINT('Origin',(11.9000001773238,-1.75000002607703,10.5));
#9813=CARTESIAN_POINT('',(11.9000001773238,0.,10.5));
#9814=CARTESIAN_POINT('Origin',(11.9000001773238,-1.75000002607703,10.5));
#9815=CARTESIAN_POINT('',(10.9000001773238,0.,10.5));
#9816=CARTESIAN_POINT('Origin',(10.9000001773238,-1.75000002607703,10.5));
#9817=CARTESIAN_POINT('',(11.9000001773238,0.,10.5));
#9818=CARTESIAN_POINT('Origin',(11.9000001773238,0.,0.5));
#9819=CARTESIAN_POINT('',(11.9000001773238,0.,0.5));
#9820=CARTESIAN_POINT('',(11.9000001773238,0.,0.25));
#9821=CARTESIAN_POINT('',(10.9000001773238,0.,0.5));
#9822=CARTESIAN_POINT('',(10.9000001773238,0.,10.5));
#9823=CARTESIAN_POINT('',(11.9000001773238,0.,0.5));
#9824=CARTESIAN_POINT('Origin',(11.9000001773238,0.5,13.5));
#9825=CARTESIAN_POINT('',(11.9000001773238,0.5,13.));
#9826=CARTESIAN_POINT('',(11.9000001773238,0.5,13.5));
#9827=CARTESIAN_POINT('',(11.9000001773238,0.500000007737141,6.75000000028656));
#9828=CARTESIAN_POINT('',(11.9000001773238,0.5,12.5));
#9829=CARTESIAN_POINT('',(11.9000001773238,0.500000014901161,7.25));
#9830=CARTESIAN_POINT('',(11.9000001773238,0.5,12.));
#9831=CARTESIAN_POINT('',(11.9000001773238,0.500000007737141,6.75000000028656));
#9832=CARTESIAN_POINT('',(11.9000001773238,0.5,11.5));
#9833=CARTESIAN_POINT('',(11.9000001773238,0.500000014901161,7.25));
#9834=CARTESIAN_POINT('',(11.9000001773238,0.5,11.));
#9835=CARTESIAN_POINT('',(11.9000001773238,0.500000007737141,6.75000000028656));
#9836=CARTESIAN_POINT('',(11.9000001773238,0.5,10.5));
#9837=CARTESIAN_POINT('',(11.9000001773238,0.500000014901161,7.25));
#9838=CARTESIAN_POINT('',(11.9000001773238,0.5,10.));
#9839=CARTESIAN_POINT('',(11.9000001773238,0.500000007737141,6.75000000028656));
#9840=CARTESIAN_POINT('',(11.9000001773238,0.500000007450581,9.50000014156103));
#9841=CARTESIAN_POINT('',(11.9000001773238,0.500000014901161,6.81250000558794));
#9842=CARTESIAN_POINT('',(11.9000001773238,0.500000007450581,9.00000013411045));
#9843=CARTESIAN_POINT('',(11.9000001773238,0.500000007737141,6.75000000028656));
#9844=CARTESIAN_POINT('',(11.9000001773238,0.500000007450581,8.50000012665987));
#9845=CARTESIAN_POINT('',(11.9000001773238,0.500000014901161,6.81250000558794));
#9846=CARTESIAN_POINT('',(11.9000001773238,0.500000007450581,8.00000011920929));
#9847=CARTESIAN_POINT('',(11.9000001773238,0.500000007737141,6.75000000028656));
#9848=CARTESIAN_POINT('',(11.9000001773238,0.5,7.5));
#9849=CARTESIAN_POINT('',(11.9000001773238,0.500000014901161,6.81250000558794));
#9850=CARTESIAN_POINT('',(11.9000001773238,0.5,7.));
#9851=CARTESIAN_POINT('',(11.9000001773238,0.500000007737141,6.75000000028656));
#9852=CARTESIAN_POINT('',(11.9000001773238,0.5,6.5));
#9853=CARTESIAN_POINT('',(11.9000001773238,0.500000014901161,6.81250000558794));
#9854=CARTESIAN_POINT('',(11.9000001773238,0.5,6.));
#9855=CARTESIAN_POINT('',(11.9000001773238,0.500000007737141,6.75000000028656));
#9856=CARTESIAN_POINT('',(11.9000001773238,0.5,5.5));
#9857=CARTESIAN_POINT('',(11.9000001773238,0.500000014901161,6.81250000558794));
#9858=CARTESIAN_POINT('',(11.9000001773238,0.5,5.));
#9859=CARTESIAN_POINT('',(11.9000001773238,0.500000007737141,6.75000000028656));
#9860=CARTESIAN_POINT('',(11.9000001773238,0.5,4.5));
#9861=CARTESIAN_POINT('',(11.9000001773238,0.500000014901161,6.81250000558794));
#9862=CARTESIAN_POINT('',(11.9000001773238,0.5,4.));
#9863=CARTESIAN_POINT('',(11.9000001773238,0.500000007737141,6.75000000028656));
#9864=CARTESIAN_POINT('',(11.9000001773238,0.5,3.5));
#9865=CARTESIAN_POINT('',(11.9000001773238,0.500000014901161,6.81250000558794));
#9866=CARTESIAN_POINT('',(11.9000001773238,0.5,3.));
#9867=CARTESIAN_POINT('',(11.9000001773238,0.500000007737141,6.75000000028656));
#9868=CARTESIAN_POINT('',(11.9000001773238,0.5,2.5));
#9869=CARTESIAN_POINT('',(11.9000001773238,0.500000014901161,6.81250000558794));
#9870=CARTESIAN_POINT('',(11.9000001773238,0.5,2.));
#9871=CARTESIAN_POINT('',(11.9000001773238,0.500000007737141,6.75000000028656));
#9872=CARTESIAN_POINT('',(11.9000001773238,0.5,1.5));
#9873=CARTESIAN_POINT('',(11.9000001773238,0.500000014901161,6.81250000558794));
#9874=CARTESIAN_POINT('',(11.9000001773238,0.5,1.));
#9875=CARTESIAN_POINT('',(11.9000001773238,0.500000007737141,6.75000000028656));
#9876=CARTESIAN_POINT('',(11.9000001773238,0.500000014901161,0.5));
#9877=CARTESIAN_POINT('',(11.9000001773238,0.500000014901161,6.81250000558794));
#9878=CARTESIAN_POINT('',(10.9000001773238,0.500000014901161,0.5));
#9879=CARTESIAN_POINT('',(11.9000001773238,0.500000014901161,0.5));
#9880=CARTESIAN_POINT('',(10.9000001773238,0.5,13.5));
#9881=CARTESIAN_POINT('',(10.9000001773238,0.5,13.5));
#9882=CARTESIAN_POINT('',(11.9000001773238,0.5,13.5));
#9883=CARTESIAN_POINT('Origin',(10.9000001773238,-6.00000002980232,7.));
#9884=CARTESIAN_POINT('',(10.9000001773238,0.500000014901161,0.5));
#9885=CARTESIAN_POINT('',(10.9000001773238,0.500000014901161,0.5));
#9886=CARTESIAN_POINT('',(10.9000001773238,0.500000014901161,0.5));
#9887=CARTESIAN_POINT('',(10.9000001773238,-12.5000001862645,0.5));
#9888=CARTESIAN_POINT('',(10.9000001773238,-13.,13.5));
#9889=CARTESIAN_POINT('Origin',(11.9000001773238,0.,0.));
#9890=CARTESIAN_POINT('',(11.9000001773238,0.,13.5));
#9891=CARTESIAN_POINT('',(11.9000001773238,-6.2500000204891,13.5));
#9892=CARTESIAN_POINT('',(11.9000001773238,0.,14.));
#9893=CARTESIAN_POINT('',(11.9000001773238,0.,6.75));
#9894=CARTESIAN_POINT('',(11.9000001773238,0.500000014901161,14.));
#9895=CARTESIAN_POINT('',(11.9000001773238,-12.9999999850988,14.));
#9896=CARTESIAN_POINT('',(11.9000001773238,0.500000014901161,6.75));
#9897=CARTESIAN_POINT('Origin',(11.9000001773238,0.,0.));
#9898=CARTESIAN_POINT('',(11.9000001773238,1.,13.5));
#9899=CARTESIAN_POINT('',(11.9000001773238,0.5,13.5));
#9900=CARTESIAN_POINT('',(11.9000001773238,1.,13.));
#9901=CARTESIAN_POINT('',(11.9000001773238,1.00000001490116,0.5));
#9902=CARTESIAN_POINT('',(11.9000001773238,0.25,13.));
#9903=CARTESIAN_POINT('Origin',(11.9000001773238,0.,0.));
#9904=CARTESIAN_POINT('',(11.9000001773238,1.,12.5));
#9905=CARTESIAN_POINT('',(11.9000001773238,0.5,12.5));
#9906=CARTESIAN_POINT('',(11.9000001773238,1.,12.));
#9907=CARTESIAN_POINT('',(11.9000001773238,1.00000001490116,0.5));
#9908=CARTESIAN_POINT('',(11.9000001773238,0.25,12.));
#9909=CARTESIAN_POINT('Origin',(11.9000001773238,0.,0.));
#9910=CARTESIAN_POINT('',(11.9000001773238,-0.500000007450581,13.5));
#9911=CARTESIAN_POINT('',(11.9000001773238,-1.00000001490116,13.5));
#9912=CARTESIAN_POINT('',(11.9000001773238,-6.2500000204891,13.5));
#9913=CARTESIAN_POINT('',(11.9000001773238,-1.00000001490116,14.));
#9914=CARTESIAN_POINT('',(11.9000001773238,-1.00000001490116,6.75));
#9915=CARTESIAN_POINT('',(11.9000001773238,-0.500000007450581,14.));
#9916=CARTESIAN_POINT('',(11.9000001773238,-12.9999999850988,14.));
#9917=CARTESIAN_POINT('',(11.9000001773238,-0.500000007450581,7.));
#9918=CARTESIAN_POINT('Origin',(11.9000001773238,0.,0.));
#9919=CARTESIAN_POINT('',(11.9000001773238,1.,11.5));
#9920=CARTESIAN_POINT('',(11.9000001773238,0.5,11.5));
#9921=CARTESIAN_POINT('',(11.9000001773238,1.,11.));
#9922=CARTESIAN_POINT('',(11.9000001773238,1.00000001490116,0.5));
#9923=CARTESIAN_POINT('',(11.9000001773238,0.25,11.));
#9924=CARTESIAN_POINT('Origin',(11.9000001773238,0.,0.));
#9925=CARTESIAN_POINT('',(11.9000001773238,-1.50000002235174,13.5));
#9926=CARTESIAN_POINT('',(11.9000001773238,-2.00000002980232,13.5));
#9927=CARTESIAN_POINT('',(11.9000001773238,-6.2500000204891,13.5));
#9928=CARTESIAN_POINT('',(11.9000001773238,-2.00000002980232,14.));
#9929=CARTESIAN_POINT('',(11.9000001773238,-2.00000002980232,6.75));
#9930=CARTESIAN_POINT('',(11.9000001773238,-1.50000002235174,14.));
#9931=CARTESIAN_POINT('',(11.9000001773238,-12.9999999850988,14.));
#9932=CARTESIAN_POINT('',(11.9000001773238,-1.50000002235174,7.));
#9933=CARTESIAN_POINT('Origin',(11.9000001773238,0.,0.));
#9934=CARTESIAN_POINT('',(11.9000001773238,1.,10.5));
#9935=CARTESIAN_POINT('',(11.9000001773238,0.5,10.5));
#9936=CARTESIAN_POINT('',(11.9000001773238,1.,10.));
#9937=CARTESIAN_POINT('',(11.9000001773238,1.00000001490116,0.5));
#9938=CARTESIAN_POINT('',(11.9000001773238,0.25,10.));
#9939=CARTESIAN_POINT('Origin',(11.9000001773238,0.,0.));
#9940=CARTESIAN_POINT('',(11.9000001773238,-2.5000000372529,13.5));
#9941=CARTESIAN_POINT('',(11.9000001773238,-3.00000004470348,13.5));
#9942=CARTESIAN_POINT('',(11.9000001773238,-6.2500000204891,13.5));
#9943=CARTESIAN_POINT('',(11.9000001773238,-3.00000004470348,14.));
#9944=CARTESIAN_POINT('',(11.9000001773238,-3.00000004470348,6.75));
#9945=CARTESIAN_POINT('',(11.9000001773238,-2.5000000372529,14.));
#9946=CARTESIAN_POINT('',(11.9000001773238,-12.9999999850988,14.));
#9947=CARTESIAN_POINT('',(11.9000001773238,-2.5000000372529,7.));
#9948=CARTESIAN_POINT('Origin',(11.9000001773238,0.,0.));
#9949=CARTESIAN_POINT('',(11.9000001773238,1.00000001490116,9.50000014156103));
#9950=CARTESIAN_POINT('',(11.9000001773238,0.500000007450581,9.50000014156103));
#9951=CARTESIAN_POINT('',(11.9000001773238,1.00000001490116,9.00000013411045));
#9952=CARTESIAN_POINT('',(11.9000001773238,1.00000001490116,0.5));
#9953=CARTESIAN_POINT('',(11.9000001773238,0.25000000372529,9.00000013411045));
#9954=CARTESIAN_POINT('Origin',(11.9000001773238,0.,0.));
#9955=CARTESIAN_POINT('',(11.9000001773238,-3.50000005215406,13.5));
#9956=CARTESIAN_POINT('',(11.9000001773238,-4.00000005960464,13.5));
#9957=CARTESIAN_POINT('',(11.9000001773238,-6.2500000204891,13.5));
#9958=CARTESIAN_POINT('',(11.9000001773238,-4.00000005960464,14.));
#9959=CARTESIAN_POINT('',(11.9000001773238,-4.00000005960464,6.75));
#9960=CARTESIAN_POINT('',(11.9000001773238,-3.50000005215406,14.));
#9961=CARTESIAN_POINT('',(11.9000001773238,-12.9999999850988,14.));
#9962=CARTESIAN_POINT('',(11.9000001773238,-3.50000005215406,7.));
#9963=CARTESIAN_POINT('Origin',(11.9000001773238,0.,0.));
#9964=CARTESIAN_POINT('',(11.9000001773238,1.00000001490116,8.50000012665987));
#9965=CARTESIAN_POINT('',(11.9000001773238,0.500000007450581,8.50000012665987));
#9966=CARTESIAN_POINT('',(11.9000001773238,1.00000001490116,8.00000011920929));
#9967=CARTESIAN_POINT('',(11.9000001773238,1.00000001490116,0.5));
#9968=CARTESIAN_POINT('',(11.9000001773238,0.25000000372529,8.00000011920929));
#9969=CARTESIAN_POINT('Origin',(11.9000001773238,0.,0.));
#9970=CARTESIAN_POINT('',(11.9000001773238,-4.50000006705523,13.5));
#9971=CARTESIAN_POINT('',(11.9000001773238,-5.00000007450581,13.5));
#9972=CARTESIAN_POINT('',(11.9000001773238,-6.2500000204891,13.5));
#9973=CARTESIAN_POINT('',(11.9000001773238,-5.00000007450581,14.));
#9974=CARTESIAN_POINT('',(11.9000001773238,-5.00000007450581,6.75));
#9975=CARTESIAN_POINT('',(11.9000001773238,-4.50000006705523,14.));
#9976=CARTESIAN_POINT('',(11.9000001773238,-12.9999999850988,14.));
#9977=CARTESIAN_POINT('',(11.9000001773238,-4.50000006705523,7.));
#9978=CARTESIAN_POINT('Origin',(11.9000001773238,0.,0.));
#9979=CARTESIAN_POINT('',(11.9000001773238,1.,7.5));
#9980=CARTESIAN_POINT('',(11.9000001773238,0.5,7.5));
#9981=CARTESIAN_POINT('',(11.9000001773238,1.,7.));
#9982=CARTESIAN_POINT('',(11.9000001773238,1.00000001490116,0.5));
#9983=CARTESIAN_POINT('',(11.9000001773238,0.25,7.));
#9984=CARTESIAN_POINT('Origin',(11.9000001773238,0.,0.));
#9985=CARTESIAN_POINT('',(11.9000001773238,-5.50000008195639,13.5));
#9986=CARTESIAN_POINT('',(11.9000001773238,-5.99999999254942,13.5));
#9987=CARTESIAN_POINT('',(11.9000001773238,-6.2500000204891,13.5));
#9988=CARTESIAN_POINT('',(11.9000001773238,-5.99999999254942,14.));
#9989=CARTESIAN_POINT('',(11.9000001773238,-5.99999999254942,6.75));
#9990=CARTESIAN_POINT('',(11.9000001773238,-5.50000008195639,14.));
#9991=CARTESIAN_POINT('',(11.9000001773238,-12.9999999850988,14.));
#9992=CARTESIAN_POINT('',(11.9000001773238,-5.50000008195639,7.));
#9993=CARTESIAN_POINT('Origin',(11.9000001773238,0.,0.));
#9994=CARTESIAN_POINT('',(11.9000001773238,1.,6.5));
#9995=CARTESIAN_POINT('',(11.9000001773238,0.5,6.5));
#9996=CARTESIAN_POINT('',(11.9000001773238,1.,6.));
#9997=CARTESIAN_POINT('',(11.9000001773238,1.00000001490116,0.5));
#9998=CARTESIAN_POINT('',(11.9000001773238,0.25,6.));
#9999=CARTESIAN_POINT('Origin',(11.9000001773238,0.,0.));
#10000=CARTESIAN_POINT('',(11.9000001773238,-6.5,13.4999999925494));
#10001=CARTESIAN_POINT('',(11.9000001773238,-7.00000000745058,13.4999999925494));
#10002=CARTESIAN_POINT('',(11.9000001773238,-6.2500000204891,13.5));
#10003=CARTESIAN_POINT('',(11.9000001773238,-7.00000000745058,14.));
#10004=CARTESIAN_POINT('',(11.9000001773238,-7.00000000745058,6.74999999627471));
#10005=CARTESIAN_POINT('',(11.9000001773238,-6.5,14.));
#10006=CARTESIAN_POINT('',(11.9000001773238,-12.9999999850988,14.));
#10007=CARTESIAN_POINT('',(11.9000001773238,-6.5,7.));
#10008=CARTESIAN_POINT('Origin',(11.9000001773238,0.,0.));
#10009=CARTESIAN_POINT('',(11.9000001773238,1.,5.5));
#10010=CARTESIAN_POINT('',(11.9000001773238,0.5,5.5));
#10011=CARTESIAN_POINT('',(11.9000001773238,1.,5.));
#10012=CARTESIAN_POINT('',(11.9000001773238,1.00000001490116,0.5));
#10013=CARTESIAN_POINT('',(11.9000001773238,0.25,5.));
#10014=CARTESIAN_POINT('Origin',(11.9000001773238,0.,0.));
#10015=CARTESIAN_POINT('',(11.9000001773238,-7.50000001490116,13.4999999925494));
#10016=CARTESIAN_POINT('',(11.9000001773238,-8.00000002235174,13.4999999925494));
#10017=CARTESIAN_POINT('',(11.9000001773238,-6.2500000204891,13.5));
#10018=CARTESIAN_POINT('',(11.9000001773238,-8.00000002235174,14.));
#10019=CARTESIAN_POINT('',(11.9000001773238,-8.00000002235174,6.74999999627471));
#10020=CARTESIAN_POINT('',(11.9000001773238,-7.50000001490116,14.));
#10021=CARTESIAN_POINT('',(11.9000001773238,-12.9999999850988,14.));
#10022=CARTESIAN_POINT('',(11.9000001773238,-7.50000001490116,7.));
#10023=CARTESIAN_POINT('Origin',(11.9000001773238,0.,0.));
#10024=CARTESIAN_POINT('',(11.9000001773238,1.,4.5));
#10025=CARTESIAN_POINT('',(11.9000001773238,0.5,4.5));
#10026=CARTESIAN_POINT('',(11.9000001773238,1.,4.));
#10027=CARTESIAN_POINT('',(11.9000001773238,1.00000001490116,0.5));
#10028=CARTESIAN_POINT('',(11.9000001773238,0.25,4.));
#10029=CARTESIAN_POINT('Origin',(11.9000001773238,0.,0.));
#10030=CARTESIAN_POINT('',(11.9000001773238,-8.50000002980232,13.4999999925494));
#10031=CARTESIAN_POINT('',(11.9000001773238,-9.0000000372529,13.4999999925494));
#10032=CARTESIAN_POINT('',(11.9000001773238,-6.2500000204891,13.5));
#10033=CARTESIAN_POINT('',(11.9000001773238,-9.0000000372529,14.));
#10034=CARTESIAN_POINT('',(11.9000001773238,-9.0000000372529,6.74999999627471));
#10035=CARTESIAN_POINT('',(11.9000001773238,-8.50000002980232,14.));
#10036=CARTESIAN_POINT('',(11.9000001773238,-12.9999999850988,14.));
#10037=CARTESIAN_POINT('',(11.9000001773238,-8.50000002980232,7.));
#10038=CARTESIAN_POINT('Origin',(11.9000001773238,0.,0.));
#10039=CARTESIAN_POINT('',(11.9000001773238,1.,3.5));
#10040=CARTESIAN_POINT('',(11.9000001773238,0.5,3.5));
#10041=CARTESIAN_POINT('',(11.9000001773238,1.,3.));
#10042=CARTESIAN_POINT('',(11.9000001773238,1.00000001490116,0.5));
#10043=CARTESIAN_POINT('',(11.9000001773238,0.25,3.));
#10044=CARTESIAN_POINT('Origin',(11.9000001773238,0.,0.));
#10045=CARTESIAN_POINT('',(11.9000001773238,-9.50000004470348,13.5));
#10046=CARTESIAN_POINT('',(11.9000001773238,-10.0000000521541,13.5));
#10047=CARTESIAN_POINT('',(11.9000001773238,-6.2500000204891,13.5));
#10048=CARTESIAN_POINT('',(11.9000001773238,-10.0000000521541,14.));
#10049=CARTESIAN_POINT('',(11.9000001773238,-10.0000000521541,6.75));
#10050=CARTESIAN_POINT('',(11.9000001773238,-9.50000004470348,14.));
#10051=CARTESIAN_POINT('',(11.9000001773238,-12.9999999850988,14.));
#10052=CARTESIAN_POINT('',(11.9000001773238,-9.50000004470348,7.));
#10053=CARTESIAN_POINT('Origin',(11.9000001773238,0.,0.));
#10054=CARTESIAN_POINT('',(11.9000001773238,1.,2.5));
#10055=CARTESIAN_POINT('',(11.9000001773238,0.5,2.5));
#10056=CARTESIAN_POINT('',(11.9000001773238,1.,2.));
#10057=CARTESIAN_POINT('',(11.9000001773238,1.00000001490116,0.5));
#10058=CARTESIAN_POINT('',(11.9000001773238,0.25,2.));
#10059=CARTESIAN_POINT('Origin',(11.9000001773238,0.,0.));
#10060=CARTESIAN_POINT('',(11.9000001773238,-10.5000000596046,13.5));
#10061=CARTESIAN_POINT('',(11.9000001773238,-11.0000000670552,13.5));
#10062=CARTESIAN_POINT('',(11.9000001773238,-6.2500000204891,13.5));
#10063=CARTESIAN_POINT('',(11.9000001773238,-11.0000000670552,14.));
#10064=CARTESIAN_POINT('',(11.9000001773238,-11.0000000670552,6.75));
#10065=CARTESIAN_POINT('',(11.9000001773238,-10.5000000596046,14.));
#10066=CARTESIAN_POINT('',(11.9000001773238,-12.9999999850988,14.));
#10067=CARTESIAN_POINT('',(11.9000001773238,-10.5000000596046,7.));
#10068=CARTESIAN_POINT('Origin',(11.9000001773238,0.,0.));
#10069=CARTESIAN_POINT('',(11.9000001773238,1.,1.5));
#10070=CARTESIAN_POINT('',(11.9000001773238,0.5,1.5));
#10071=CARTESIAN_POINT('',(11.9000001773238,1.,1.));
#10072=CARTESIAN_POINT('',(11.9000001773238,1.00000001490116,0.5));
#10073=CARTESIAN_POINT('',(11.9000001773238,0.25,1.));
#10074=CARTESIAN_POINT('Origin',(11.9000001773238,0.,0.));
#10075=CARTESIAN_POINT('',(11.9000001773238,-11.5000000745058,13.5));
#10076=CARTESIAN_POINT('',(11.9000001773238,-12.0000000819564,13.5));
#10077=CARTESIAN_POINT('',(11.9000001773238,-6.2500000204891,13.5));
#10078=CARTESIAN_POINT('',(11.9000001773238,-12.0000000819564,14.));
#10079=CARTESIAN_POINT('',(11.9000001773238,-12.0000000819564,6.75));
#10080=CARTESIAN_POINT('',(11.9000001773238,-11.5000000745058,14.));
#10081=CARTESIAN_POINT('',(11.9000001773238,-12.9999999850988,14.));
#10082=CARTESIAN_POINT('',(11.9000001773238,-11.5000000745058,7.));
#10083=CARTESIAN_POINT('Origin',(11.9000001773238,0.,0.));
#10084=CARTESIAN_POINT('',(11.9000001773238,0.,0.));
#10085=CARTESIAN_POINT('',(11.9000001773238,0.,0.));
#10086=CARTESIAN_POINT('',(11.9000001773238,-0.500000007450581,0.));
#10087=CARTESIAN_POINT('',(11.9000001773238,-0.500000007450581,0.));
#10088=CARTESIAN_POINT('',(11.9000001773238,-0.500000007450581,0.5));
#10089=CARTESIAN_POINT('',(11.9000001773238,-0.500000007450581,0.));
#10090=CARTESIAN_POINT('',(11.9000001773238,-1.00000001490116,0.5));
#10091=CARTESIAN_POINT('',(11.9000001773238,-12.9999999850988,0.5));
#10092=CARTESIAN_POINT('',(11.9000001773238,-1.00000001490116,0.));
#10093=CARTESIAN_POINT('',(11.9000001773238,-1.00000001490116,0.));
#10094=CARTESIAN_POINT('',(11.9000001773238,-1.50000002235174,0.));
#10095=CARTESIAN_POINT('',(11.9000001773238,-1.00000001490116,0.));
#10096=CARTESIAN_POINT('',(11.9000001773238,-1.50000002235174,0.5));
#10097=CARTESIAN_POINT('',(11.9000001773238,-1.50000002235174,0.));
#10098=CARTESIAN_POINT('',(11.9000001773238,-2.00000002980232,0.5));
#10099=CARTESIAN_POINT('',(11.9000001773238,-12.9999999850988,0.5));
#10100=CARTESIAN_POINT('',(11.9000001773238,-2.00000002980232,0.));
#10101=CARTESIAN_POINT('',(11.9000001773238,-2.00000002980232,0.));
#10102=CARTESIAN_POINT('',(11.9000001773238,-2.5000000372529,0.));
#10103=CARTESIAN_POINT('',(11.9000001773238,-2.00000002980232,0.));
#10104=CARTESIAN_POINT('',(11.9000001773238,-2.5000000372529,0.5));
#10105=CARTESIAN_POINT('',(11.9000001773238,-2.5000000372529,0.));
#10106=CARTESIAN_POINT('',(11.9000001773238,-3.00000004470348,0.5));
#10107=CARTESIAN_POINT('',(11.9000001773238,-12.9999999850988,0.5));
#10108=CARTESIAN_POINT('',(11.9000001773238,-3.00000004470348,0.));
#10109=CARTESIAN_POINT('',(11.9000001773238,-3.00000004470348,0.));
#10110=CARTESIAN_POINT('',(11.9000001773238,-3.50000005215406,0.));
#10111=CARTESIAN_POINT('',(11.9000001773238,-3.00000004470348,0.));
#10112=CARTESIAN_POINT('',(11.9000001773238,-3.50000005215406,0.));
#10113=CARTESIAN_POINT('Origin',(11.9000001773238,0.,0.));
#10114=CARTESIAN_POINT('',(11.9000001773238,-8.50000012665987,0.5));
#10115=CARTESIAN_POINT('',(11.9000001773238,-4.00000005960464,0.5));
#10116=CARTESIAN_POINT('',(11.9000001773238,-8.00000011920929,0.));
#10117=CARTESIAN_POINT('',(11.9000001773238,-8.00000011920929,0.));
#10118=CARTESIAN_POINT('',(11.9000001773238,-8.50000012665987,0.));
#10119=CARTESIAN_POINT('',(11.9000001773238,-8.00000011920929,0.));
#10120=CARTESIAN_POINT('',(11.9000001773238,-8.50000012665987,0.));
#10121=CARTESIAN_POINT('Origin',(11.9000001773238,0.,0.));
#10122=CARTESIAN_POINT('',(11.9000001773238,-4.00000005960464,0.5));
#10123=CARTESIAN_POINT('',(11.9000001773238,-1.75000002607703,0.5));
#10124=CARTESIAN_POINT('',(11.9000001773238,-4.00000005960464,0.));
#10125=CARTESIAN_POINT('',(11.9000001773238,-4.00000005960464,0.));
#10126=CARTESIAN_POINT('',(11.9000001773238,-4.50000006705523,0.));
#10127=CARTESIAN_POINT('',(11.9000001773238,-4.00000005960464,0.));
#10128=CARTESIAN_POINT('',(11.9000001773238,-4.50000006705523,0.));
#10129=CARTESIAN_POINT('Origin',(-1.59999982267618,-0.500000007450581,13.5));
#10130=CARTESIAN_POINT('',(12.4000001773238,-12.9999999925494,13.5));
#10131=CARTESIAN_POINT('',(5.15000017732382,-12.9999999850988,13.5));
#10132=CARTESIAN_POINT('',(12.4000001773238,-12.0000000819564,13.5));
#10133=CARTESIAN_POINT('',(12.4000001847744,-6.75,13.5));
#10134=CARTESIAN_POINT('',(-1.59999982267618,-12.0000000819564,13.5));
#10135=CARTESIAN_POINT('',(12.4000001773238,-11.5000000745058,13.5));
#10136=CARTESIAN_POINT('',(-1.59999982267618,-11.5000000745058,13.5));
#10137=CARTESIAN_POINT('',(12.4000001773238,-11.0000000670552,13.5));
#10138=CARTESIAN_POINT('',(12.4000001847744,-6.00000004097819,13.5));
#10139=CARTESIAN_POINT('',(-1.59999982267618,-11.0000000670552,13.5));
#10140=CARTESIAN_POINT('',(12.4000001773238,-10.5000000596046,13.5));
#10141=CARTESIAN_POINT('',(-1.59999982267618,-10.5000000596046,13.5));
#10142=CARTESIAN_POINT('',(12.4000001773238,-10.0000000521541,13.5));
#10143=CARTESIAN_POINT('',(12.4000001847744,-5.50000003352761,13.5));
#10144=CARTESIAN_POINT('',(-1.59999982267618,-10.0000000521541,13.5));
#10145=CARTESIAN_POINT('',(12.4000001773238,-9.50000004470348,13.5));
#10146=CARTESIAN_POINT('',(-1.59999982267618,-9.50000004470348,13.5));
#10147=CARTESIAN_POINT('',(12.4000001773238,-9.0000000372529,13.4999999925494));
#10148=CARTESIAN_POINT('',(12.4000001847744,-5.00000002607703,13.5));
#10149=CARTESIAN_POINT('',(-1.59999982267618,-9.0000000372529,13.4999999925494));
#10150=CARTESIAN_POINT('',(12.4000001773238,-8.50000002980232,13.4999999925494));
#10151=CARTESIAN_POINT('',(-1.59999982267618,-8.50000002980232,13.4999999925494));
#10152=CARTESIAN_POINT('',(12.4000001773238,-8.00000002235174,13.4999999925494));
#10153=CARTESIAN_POINT('',(12.4000001847744,-4.50000001862645,13.5));
#10154=CARTESIAN_POINT('',(-1.59999982267618,-8.00000002235174,13.4999999925494));
#10155=CARTESIAN_POINT('',(12.4000001773238,-7.50000001490116,13.4999999925494));
#10156=CARTESIAN_POINT('',(-1.59999982267618,-7.50000001490116,13.4999999925494));
#10157=CARTESIAN_POINT('',(12.4000001773238,-7.00000000745058,13.4999999925494));
#10158=CARTESIAN_POINT('',(12.4000001847744,-4.00000001117587,13.5));
#10159=CARTESIAN_POINT('',(-1.59999982267618,-7.00000000745058,13.4999999925494));
#10160=CARTESIAN_POINT('',(12.4000001773238,-6.5,13.4999999925494));
#10161=CARTESIAN_POINT('',(-1.59999982267618,-6.5,13.4999999925494));
#10162=CARTESIAN_POINT('',(12.4000001773238,-5.99999999254942,13.5));
#10163=CARTESIAN_POINT('',(12.4000001847744,-3.50000000372529,13.5));
#10164=CARTESIAN_POINT('',(-1.59999982267618,-5.99999999254942,13.5));
#10165=CARTESIAN_POINT('',(12.4000001773238,-5.50000008195639,13.5));
#10166=CARTESIAN_POINT('',(-1.59999982267618,-5.50000008195639,13.5));
#10167=CARTESIAN_POINT('',(12.4000001773238,-5.00000007450581,13.5));
#10168=CARTESIAN_POINT('',(12.4000001847744,-3.00000004470348,13.5));
#10169=CARTESIAN_POINT('',(-1.59999982267618,-5.00000007450581,13.5));
#10170=CARTESIAN_POINT('',(12.4000001773238,-4.50000006705523,13.5));
#10171=CARTESIAN_POINT('',(-1.59999982267618,-4.50000006705523,13.5));
#10172=CARTESIAN_POINT('',(12.4000001773238,-4.00000005960464,13.5));
#10173=CARTESIAN_POINT('',(12.4000001847744,-2.5000000372529,13.5));
#10174=CARTESIAN_POINT('',(-1.59999982267618,-4.00000005960464,13.5));
#10175=CARTESIAN_POINT('',(12.4000001773238,-3.50000005215406,13.5));
#10176=CARTESIAN_POINT('',(-1.59999982267618,-3.50000005215406,13.5));
#10177=CARTESIAN_POINT('',(12.4000001773238,-3.00000004470348,13.5));
#10178=CARTESIAN_POINT('',(12.4000001847744,-2.00000002980232,13.5));
#10179=CARTESIAN_POINT('',(-1.59999982267618,-3.00000004470348,13.5));
#10180=CARTESIAN_POINT('',(12.4000001773238,-2.5000000372529,13.5));
#10181=CARTESIAN_POINT('',(-1.59999982267618,-2.5000000372529,13.5));
#10182=CARTESIAN_POINT('',(12.4000001773238,-2.00000002980232,13.5));
#10183=CARTESIAN_POINT('',(12.4000001847744,-1.50000002235174,13.5));
#10184=CARTESIAN_POINT('',(-1.59999982267618,-2.00000002980232,13.5));
#10185=CARTESIAN_POINT('',(12.4000001773238,-1.50000002235174,13.5));
#10186=CARTESIAN_POINT('',(-1.59999982267618,-1.50000002235174,13.5));
#10187=CARTESIAN_POINT('',(12.4000001773238,-1.00000001490116,13.5));
#10188=CARTESIAN_POINT('',(12.4000001847744,-1.00000001490116,13.5));
#10189=CARTESIAN_POINT('',(-1.59999982267618,-1.00000001490116,13.5));
#10190=CARTESIAN_POINT('',(12.4000001773238,-0.500000007450581,13.5));
#10191=CARTESIAN_POINT('',(-1.59999982267618,-0.500000007450581,13.5));
#10192=CARTESIAN_POINT('',(12.4000001773238,0.,13.5));
#10193=CARTESIAN_POINT('',(12.4000001847744,-0.500000007450581,13.5));
#10194=CARTESIAN_POINT('',(-1.59999982267618,0.,13.5));
#10195=CARTESIAN_POINT('Origin',(12.4000001773238,0.500000014901161,7.5));
#10196=CARTESIAN_POINT('',(12.4000001773238,0.5,11.));
#10197=CARTESIAN_POINT('',(12.4000001773238,0.5,11.));
#10198=CARTESIAN_POINT('',(12.4000001773238,0.5,10.5));
#10199=CARTESIAN_POINT('',(12.4000001847744,0.500000014901161,5.25));
#10200=CARTESIAN_POINT('',(12.4000001773238,0.5,10.5));
#10201=CARTESIAN_POINT('Origin',(12.4000001773238,0.500000014901161,7.5));
#10202=CARTESIAN_POINT('',(12.4000001773238,0.5,12.));
#10203=CARTESIAN_POINT('',(12.4000001773238,0.5,12.));
#10204=CARTESIAN_POINT('',(12.4000001773238,0.5,11.5));
#10205=CARTESIAN_POINT('',(12.4000001847744,0.500000014901161,5.75));
#10206=CARTESIAN_POINT('',(12.4000001773238,0.5,11.5));
#10207=CARTESIAN_POINT('Origin',(12.4000001773238,0.500000014901161,7.5));
#10208=CARTESIAN_POINT('',(12.4000001773238,0.5,7.));
#10209=CARTESIAN_POINT('',(12.4000001773238,0.5,7.));
#10210=CARTESIAN_POINT('',(12.4000001773238,0.5,6.5));
#10211=CARTESIAN_POINT('',(12.4000001847744,0.500000014901161,3.25));
#10212=CARTESIAN_POINT('',(12.4000001773238,0.5,6.5));
#10213=CARTESIAN_POINT('Origin',(12.4000001773238,0.500000014901161,7.5));
#10214=CARTESIAN_POINT('',(12.4000001773238,0.5,6.));
#10215=CARTESIAN_POINT('',(12.4000001773238,0.5,6.));
#10216=CARTESIAN_POINT('',(12.4000001773238,0.5,5.5));
#10217=CARTESIAN_POINT('',(12.4000001847744,0.500000014901161,2.75));
#10218=CARTESIAN_POINT('',(12.4000001773238,0.5,5.5));
#10219=CARTESIAN_POINT('Origin',(12.4000001773238,0.500000014901161,7.5));
#10220=CARTESIAN_POINT('',(12.4000001773238,0.500000007450581,8.00000011920929));
#10221=CARTESIAN_POINT('',(12.4000001773238,0.500000007450581,8.00000011920929));
#10222=CARTESIAN_POINT('',(12.4000001773238,0.5,7.5));
#10223=CARTESIAN_POINT('',(12.4000001847744,0.500000014901161,3.75));
#10224=CARTESIAN_POINT('',(12.4000001773238,0.5,7.5));
#10225=CARTESIAN_POINT('Origin',(12.4000001773238,0.500000014901161,7.5));
#10226=CARTESIAN_POINT('',(12.4000001773238,0.5,5.));
#10227=CARTESIAN_POINT('',(12.4000001773238,0.5,5.));
#10228=CARTESIAN_POINT('',(12.4000001773238,0.5,4.5));
#10229=CARTESIAN_POINT('',(12.4000001847744,0.500000014901161,2.25));
#10230=CARTESIAN_POINT('',(12.4000001773238,0.5,4.5));
#10231=CARTESIAN_POINT('Origin',(12.4000001773238,0.500000014901161,7.5));
#10232=CARTESIAN_POINT('',(12.4000001773238,0.500000007450581,9.00000013411045));
#10233=CARTESIAN_POINT('',(12.4000001773238,0.500000007450581,9.00000013411045));
#10234=CARTESIAN_POINT('',(12.4000001773238,0.500000007450581,8.50000012665987));
#10235=CARTESIAN_POINT('',(12.4000001847744,0.500000014901161,4.25000006332994));
#10236=CARTESIAN_POINT('',(12.4000001773238,0.500000007450581,8.50000012665987));
#10237=CARTESIAN_POINT('Origin',(12.4000001773238,0.500000014901161,7.5));
#10238=CARTESIAN_POINT('',(12.4000001773238,0.5,4.));
#10239=CARTESIAN_POINT('',(12.4000001773238,0.5,4.));
#10240=CARTESIAN_POINT('',(12.4000001773238,0.5,3.5));
#10241=CARTESIAN_POINT('',(12.4000001847744,0.500000014901161,1.75));
#10242=CARTESIAN_POINT('',(12.4000001773238,0.5,3.5));
#10243=CARTESIAN_POINT('Origin',(12.4000001773238,0.500000014901161,7.5));
#10244=CARTESIAN_POINT('',(12.4000001773238,0.5,10.));
#10245=CARTESIAN_POINT('',(12.4000001773238,0.5,10.));
#10246=CARTESIAN_POINT('',(12.4000001773238,0.500000007450581,9.50000014156103));
#10247=CARTESIAN_POINT('',(12.4000001847744,0.500000014901161,4.75000007078052));
#10248=CARTESIAN_POINT('',(12.4000001773238,0.500000007450581,9.50000014156103));
#10249=CARTESIAN_POINT('Origin',(12.4000001773238,0.500000014901161,7.5));
#10250=CARTESIAN_POINT('',(12.4000001773238,0.5,3.));
#10251=CARTESIAN_POINT('',(12.4000001773238,0.5,3.));
#10252=CARTESIAN_POINT('',(12.4000001773238,0.5,2.5));
#10253=CARTESIAN_POINT('',(12.4000001847744,0.500000014901161,1.25));
#10254=CARTESIAN_POINT('',(12.4000001773238,0.5,2.5));
#10255=CARTESIAN_POINT('Origin',(12.4000001773238,0.500000014901161,7.5));
#10256=CARTESIAN_POINT('',(12.4000001773238,0.5,13.));
#10257=CARTESIAN_POINT('',(12.4000001773238,0.5,13.));
#10258=CARTESIAN_POINT('',(12.4000001773238,0.5,12.5));
#10259=CARTESIAN_POINT('',(12.4000001847744,0.500000014901161,6.25));
#10260=CARTESIAN_POINT('',(12.4000001773238,0.5,12.5));
#10261=CARTESIAN_POINT('Origin',(12.4000001773238,0.500000014901161,7.5));
#10262=CARTESIAN_POINT('',(12.4000001773238,0.5,2.));
#10263=CARTESIAN_POINT('',(12.4000001773238,0.5,2.));
#10264=CARTESIAN_POINT('',(12.4000001773238,0.5,1.5));
#10265=CARTESIAN_POINT('',(12.4000001847744,0.500000014901161,0.75));
#10266=CARTESIAN_POINT('',(12.4000001773238,0.5,1.5));
#10267=CARTESIAN_POINT('Origin',(12.4000001773238,0.500000014901161,7.5));
#10268=CARTESIAN_POINT('',(12.4000001773238,0.5,1.));
#10269=CARTESIAN_POINT('',(12.4000001773238,0.5,1.));
#10270=CARTESIAN_POINT('',(12.4000001773238,0.500000014901161,0.5));
#10271=CARTESIAN_POINT('',(12.4000001847744,0.500000014901161,0.25));
#10272=CARTESIAN_POINT('',(12.2750001773238,0.500000014901161,0.5));
#10273=CARTESIAN_POINT('Origin',(11.9000001773238,0.,0.));
#10274=CARTESIAN_POINT('',(11.9000001773238,-5.00000007450581,0.5));
#10275=CARTESIAN_POINT('',(11.9000001773238,-12.9999999850988,0.5));
#10276=CARTESIAN_POINT('',(11.9000001773238,-5.00000007450581,0.));
#10277=CARTESIAN_POINT('',(11.9000001773238,-5.00000007450581,0.));
#10278=CARTESIAN_POINT('',(11.9000001773238,-5.50000008195639,0.));
#10279=CARTESIAN_POINT('',(11.9000001773238,-5.00000007450581,0.));
#10280=CARTESIAN_POINT('',(11.9000001773238,-5.50000008195639,0.5));
#10281=CARTESIAN_POINT('',(11.9000001773238,-5.50000008195639,0.));
#10282=CARTESIAN_POINT('',(11.9000001773238,-6.00000008940697,0.5));
#10283=CARTESIAN_POINT('',(11.9000001773238,-12.9999999850988,0.5));
#10284=CARTESIAN_POINT('',(11.9000001773238,-6.00000008940697,0.));
#10285=CARTESIAN_POINT('',(11.9000001773238,-6.00000008940697,0.));
#10286=CARTESIAN_POINT('',(11.9000001773238,-6.50000009685755,0.));
#10287=CARTESIAN_POINT('',(11.9000001773238,-6.00000008940697,0.));
#10288=CARTESIAN_POINT('',(11.9000001773238,-6.50000009685755,0.5));
#10289=CARTESIAN_POINT('',(11.9000001773238,-6.50000009685755,0.));
#10290=CARTESIAN_POINT('',(11.9000001773238,-7.00000010430813,0.5));
#10291=CARTESIAN_POINT('',(11.9000001773238,-12.9999999850988,0.5));
#10292=CARTESIAN_POINT('',(11.9000001773238,-7.00000010430813,0.));
#10293=CARTESIAN_POINT('',(11.9000001773238,-7.00000010430813,0.));
#10294=CARTESIAN_POINT('',(11.9000001773238,-7.50000011175871,0.));
#10295=CARTESIAN_POINT('',(11.9000001773238,-7.00000010430813,0.));
#10296=CARTESIAN_POINT('',(11.9000001773238,-7.50000011175871,0.5));
#10297=CARTESIAN_POINT('',(11.9000001773238,-7.50000011175871,0.));
#10298=CARTESIAN_POINT('',(11.9000001773238,-12.9999999850988,0.5));
#10299=CARTESIAN_POINT('Origin',(-1.59999982267618,-1.00000001490116,13.5));
#10300=CARTESIAN_POINT('',(12.4000001773238,-1.00000001490116,14.));
#10301=CARTESIAN_POINT('',(12.4000001847744,-1.00000001490116,6.75));
#10302=CARTESIAN_POINT('',(5.27500017732382,-1.00000001490116,14.));
#10303=CARTESIAN_POINT('Origin',(-1.59999982267618,-1.50000002235174,14.));
#10304=CARTESIAN_POINT('',(12.4000001773238,-1.50000002235174,14.));
#10305=CARTESIAN_POINT('',(5.27500017732382,-1.50000002235174,14.));
#10306=CARTESIAN_POINT('',(12.4000001847744,-1.50000002235174,7.));
#10307=CARTESIAN_POINT('Origin',(-1.59999982267618,-5.00000007450581,13.5));
#10308=CARTESIAN_POINT('',(12.4000001773238,-5.00000007450581,14.));
#10309=CARTESIAN_POINT('',(12.4000001847744,-5.00000007450581,6.75));
#10310=CARTESIAN_POINT('',(5.27500017732382,-5.00000007450581,14.));
#10311=CARTESIAN_POINT('Origin',(-1.59999982267618,-5.50000008195639,14.));
#10312=CARTESIAN_POINT('',(12.4000001773238,-5.50000008195639,14.));
#10313=CARTESIAN_POINT('',(5.27500017732382,-5.50000008195639,14.));
#10314=CARTESIAN_POINT('',(12.4000001847744,-5.50000008195639,7.));
#10315=CARTESIAN_POINT('Origin',(-1.59999982267618,-9.0000000372529,13.4999999925494));
#10316=CARTESIAN_POINT('',(12.4000001773238,-9.0000000372529,14.));
#10317=CARTESIAN_POINT('',(12.4000001847744,-9.0000000372529,6.74999999627471));
#10318=CARTESIAN_POINT('',(5.27500017732382,-9.0000000372529,14.));
#10319=CARTESIAN_POINT('Origin',(-1.59999982267618,-9.50000004470348,14.));
#10320=CARTESIAN_POINT('',(12.4000001773238,-9.50000004470348,14.));
#10321=CARTESIAN_POINT('',(5.27500017732382,-9.50000004470348,14.));
#10322=CARTESIAN_POINT('',(12.4000001847744,-9.50000004470348,7.));
#10323=CARTESIAN_POINT('Origin',(-1.59999982267618,-12.0000000819564,13.5));
#10324=CARTESIAN_POINT('',(12.4000001773238,-12.0000000819564,14.));
#10325=CARTESIAN_POINT('',(12.4000001847744,-12.0000000819564,6.75));
#10326=CARTESIAN_POINT('',(5.27500017732382,-12.0000000819564,14.));
#10327=CARTESIAN_POINT('Origin',(-1.59999982267618,-8.00000002235174,13.4999999925494));
#10328=CARTESIAN_POINT('',(12.4000001773238,-8.00000002235174,14.));
#10329=CARTESIAN_POINT('',(12.4000001847744,-8.00000002235174,6.74999999627471));
#10330=CARTESIAN_POINT('',(5.27500017732382,-8.00000002235174,14.));
#10331=CARTESIAN_POINT('Origin',(-1.59999982267618,-8.50000002980232,14.));
#10332=CARTESIAN_POINT('',(12.4000001773238,-8.50000002980232,14.));
#10333=CARTESIAN_POINT('',(5.27500017732382,-8.50000002980232,14.));
#10334=CARTESIAN_POINT('',(12.4000001847744,-8.50000002980232,7.));
#10335=CARTESIAN_POINT('Origin',(-1.59999982267618,-4.00000005960464,13.5));
#10336=CARTESIAN_POINT('',(12.4000001773238,-4.00000005960464,14.));
#10337=CARTESIAN_POINT('',(12.4000001847744,-4.00000005960464,6.75));
#10338=CARTESIAN_POINT('',(5.27500017732382,-4.00000005960464,14.));
#10339=CARTESIAN_POINT('Origin',(-1.59999982267618,-4.50000006705523,14.));
#10340=CARTESIAN_POINT('',(12.4000001773238,-4.50000006705523,14.));
#10341=CARTESIAN_POINT('',(5.27500017732382,-4.50000006705523,14.));
#10342=CARTESIAN_POINT('',(12.4000001847744,-4.50000006705523,7.));
#10343=CARTESIAN_POINT('Origin',(-1.59999982267618,0.,13.5));
#10344=CARTESIAN_POINT('',(12.4000001773238,0.,14.));
#10345=CARTESIAN_POINT('',(12.4000001847744,0.,6.75));
#10346=CARTESIAN_POINT('',(5.27500017732382,0.,14.));
#10347=CARTESIAN_POINT('Origin',(-1.59999982267618,-0.500000007450581,14.));
#10348=CARTESIAN_POINT('',(12.4000001773238,-0.500000007450581,14.));
#10349=CARTESIAN_POINT('',(5.27500017732382,-0.500000007450581,14.));
#10350=CARTESIAN_POINT('',(12.4000001847744,-0.500000007450581,7.));
#10351=CARTESIAN_POINT('Origin',(-1.59999982267618,-2.00000002980232,13.5));
#10352=CARTESIAN_POINT('',(12.4000001773238,-2.00000002980232,14.));
#10353=CARTESIAN_POINT('',(12.4000001847744,-2.00000002980232,6.75));
#10354=CARTESIAN_POINT('',(5.27500017732382,-2.00000002980232,14.));
#10355=CARTESIAN_POINT('Origin',(-1.59999982267618,-2.5000000372529,14.));
#10356=CARTESIAN_POINT('',(12.4000001773238,-2.5000000372529,14.));
#10357=CARTESIAN_POINT('',(5.27500017732382,-2.5000000372529,14.));
#10358=CARTESIAN_POINT('',(12.4000001847744,-2.5000000372529,7.));
#10359=CARTESIAN_POINT('Origin',(-1.59999982267618,-5.99999999254942,13.5));
#10360=CARTESIAN_POINT('',(12.4000001773238,-5.99999999254942,14.));
#10361=CARTESIAN_POINT('',(12.4000001847744,-5.99999999254942,6.75));
#10362=CARTESIAN_POINT('',(5.27500017732382,-5.99999999254942,14.));
#10363=CARTESIAN_POINT('Origin',(-1.59999982267618,-6.5,14.));
#10364=CARTESIAN_POINT('',(12.4000001773238,-6.5,14.));
#10365=CARTESIAN_POINT('',(5.27500017732382,-6.5,14.));
#10366=CARTESIAN_POINT('',(12.4000001847744,-6.5,7.));
#10367=CARTESIAN_POINT('Origin',(-1.59999982267618,-10.0000000521541,13.5));
#10368=CARTESIAN_POINT('',(12.4000001773238,-10.0000000521541,14.));
#10369=CARTESIAN_POINT('',(12.4000001847744,-10.0000000521541,6.75));
#10370=CARTESIAN_POINT('',(5.27500017732382,-10.0000000521541,14.));
#10371=CARTESIAN_POINT('Origin',(-1.59999982267618,-10.5000000596046,14.));
#10372=CARTESIAN_POINT('',(12.4000001773238,-10.5000000596046,14.));
#10373=CARTESIAN_POINT('',(5.27500017732382,-10.5000000596046,14.));
#10374=CARTESIAN_POINT('',(12.4000001847744,-10.5000000596046,7.));
#10375=CARTESIAN_POINT('Origin',(-1.59999982267618,-11.0000000670552,13.5));
#10376=CARTESIAN_POINT('',(12.4000001773238,-11.0000000670552,14.));
#10377=CARTESIAN_POINT('',(12.4000001847744,-11.0000000670552,6.75));
#10378=CARTESIAN_POINT('',(5.27500017732382,-11.0000000670552,14.));
#10379=CARTESIAN_POINT('Origin',(-1.59999982267618,-11.5000000745058,14.));
#10380=CARTESIAN_POINT('',(12.4000001773238,-11.5000000745058,14.));
#10381=CARTESIAN_POINT('',(5.27500017732382,-11.5000000745058,14.));
#10382=CARTESIAN_POINT('',(12.4000001847744,-11.5000000745058,7.));
#10383=CARTESIAN_POINT('Origin',(-1.59999982267618,-7.00000000745058,13.4999999925494));
#10384=CARTESIAN_POINT('',(12.4000001773238,-7.00000000745058,14.));
#10385=CARTESIAN_POINT('',(12.4000001847744,-7.00000000745058,6.74999999627471));
#10386=CARTESIAN_POINT('',(5.27500017732382,-7.00000000745058,14.));
#10387=CARTESIAN_POINT('Origin',(-1.59999982267618,-7.50000001490116,14.));
#10388=CARTESIAN_POINT('',(12.4000001773238,-7.50000001490116,14.));
#10389=CARTESIAN_POINT('',(5.27500017732382,-7.50000001490116,14.));
#10390=CARTESIAN_POINT('',(12.4000001847744,-7.50000001490116,7.));
#10391=CARTESIAN_POINT('Origin',(-1.59999982267618,-3.00000004470348,13.5));
#10392=CARTESIAN_POINT('',(12.4000001773238,-3.00000004470348,14.));
#10393=CARTESIAN_POINT('',(12.4000001847744,-3.00000004470348,6.75));
#10394=CARTESIAN_POINT('',(5.27500017732382,-3.00000004470348,14.));
#10395=CARTESIAN_POINT('Origin',(-1.59999982267618,-3.50000005215406,14.));
#10396=CARTESIAN_POINT('',(12.4000001773238,-3.50000005215406,14.));
#10397=CARTESIAN_POINT('',(5.27500017732382,-3.50000005215406,14.));
#10398=CARTESIAN_POINT('',(12.4000001847744,-3.50000005215406,7.));
#10399=CARTESIAN_POINT('Origin',(12.1500001773238,-5.99999998509884,14.));
#10400=CARTESIAN_POINT('',(12.4000001773238,0.500000014901161,14.));
#10401=CARTESIAN_POINT('',(12.4000001773238,1.00000001490116,14.));
#10402=CARTESIAN_POINT('',(12.2750001773238,0.500000014901161,14.));
#10403=CARTESIAN_POINT('Origin',(12.1500001773238,-5.99999998509884,14.));
#10404=CARTESIAN_POINT('',(12.4000001773238,1.00000001490116,14.));
#10405=CARTESIAN_POINT('Origin',(12.1500001773238,-5.99999998509884,14.));
#10406=CARTESIAN_POINT('',(12.4000001773238,1.00000001490116,14.));
#10407=CARTESIAN_POINT('Origin',(12.1500001773238,-5.99999998509884,14.));
#10408=CARTESIAN_POINT('',(12.4000001773238,1.00000001490116,14.));
#10409=CARTESIAN_POINT('Origin',(12.1500001773238,-5.99999998509884,14.));
#10410=CARTESIAN_POINT('',(12.4000001773238,1.00000001490116,14.));
#10411=CARTESIAN_POINT('Origin',(12.1500001773238,-5.99999998509884,14.));
#10412=CARTESIAN_POINT('',(12.4000001773238,1.00000001490116,14.));
#10413=CARTESIAN_POINT('Origin',(12.1500001773238,-5.99999998509884,14.));
#10414=CARTESIAN_POINT('',(12.4000001773238,1.00000001490116,14.));
#10415=CARTESIAN_POINT('Origin',(12.1500001773238,-5.99999998509884,14.));
#10416=CARTESIAN_POINT('',(12.4000001773238,1.00000001490116,14.));
#10417=CARTESIAN_POINT('Origin',(12.1500001773238,-5.99999998509884,14.));
#10418=CARTESIAN_POINT('',(12.4000001773238,1.00000001490116,14.));
#10419=CARTESIAN_POINT('Origin',(12.1500001773238,-5.99999998509884,14.));
#10420=CARTESIAN_POINT('',(12.4000001773238,1.00000001490116,14.));
#10421=CARTESIAN_POINT('Origin',(12.1500001773238,-5.99999998509884,14.));
#10422=CARTESIAN_POINT('',(12.4000001773238,1.00000001490116,14.));
#10423=CARTESIAN_POINT('Origin',(12.1500001773238,-5.99999998509884,14.));
#10424=CARTESIAN_POINT('',(12.4000001773238,1.00000001490116,14.));
#10425=CARTESIAN_POINT('Origin',(12.1500001773238,-5.99999998509884,14.));
#10426=CARTESIAN_POINT('',(12.4000001773238,1.00000001490116,14.));
#10427=CARTESIAN_POINT('Origin',(12.4000001847744,-0.500000007450581,0.));
#10428=CARTESIAN_POINT('',(12.4000001773238,-12.9999999850988,0.5));
#10429=CARTESIAN_POINT('',(12.4000001773238,-12.9999999850988,0.5));
#10430=CARTESIAN_POINT('',(12.4000001847744,-12.5000001862645,0.5));
#10431=CARTESIAN_POINT('',(12.4000001773238,1.00000001490116,0.5));
#10432=CARTESIAN_POINT('',(12.4000001847744,-12.5000001862645,0.));
#10433=CARTESIAN_POINT('',(12.4000001847744,-12.5000001862645,0.));
#10434=CARTESIAN_POINT('',(12.4000001847744,-12.0000001788139,0.));
#10435=CARTESIAN_POINT('',(12.4000001847744,-12.5000001862645,0.));
#10436=CARTESIAN_POINT('',(12.4000001847744,-12.0000001788139,0.5));
#10437=CARTESIAN_POINT('',(12.4000001847744,-12.0000001788139,0.));
#10438=CARTESIAN_POINT('',(12.4000001847744,-11.5000001713634,0.5));
#10439=CARTESIAN_POINT('',(12.4000001773238,1.00000001490116,0.5));
#10440=CARTESIAN_POINT('',(12.4000001847744,-11.5000001713634,0.));
#10441=CARTESIAN_POINT('',(12.4000001847744,-11.5000001713634,0.));
#10442=CARTESIAN_POINT('',(12.4000001847744,-11.0000001639128,0.));
#10443=CARTESIAN_POINT('',(12.4000001847744,-11.5000001713634,0.));
#10444=CARTESIAN_POINT('',(12.4000001847744,-11.0000001639128,0.5));
#10445=CARTESIAN_POINT('',(12.4000001847744,-11.0000001639128,0.));
#10446=CARTESIAN_POINT('',(12.4000001847744,-10.5000001564622,0.5));
#10447=CARTESIAN_POINT('',(12.4000001773238,1.00000001490116,0.5));
#10448=CARTESIAN_POINT('',(12.4000001847744,-10.5000001564622,0.));
#10449=CARTESIAN_POINT('',(12.4000001847744,-10.5000001564622,0.));
#10450=CARTESIAN_POINT('',(12.4000001847744,-10.0000001490116,0.));
#10451=CARTESIAN_POINT('',(12.4000001847744,-10.5000001564622,0.));
#10452=CARTESIAN_POINT('',(12.4000001847744,-10.0000001490116,0.5));
#10453=CARTESIAN_POINT('',(12.4000001847744,-10.0000001490116,0.));
#10454=CARTESIAN_POINT('',(12.4000001847744,-9.50000014156103,0.5));
#10455=CARTESIAN_POINT('',(12.4000001773238,1.00000001490116,0.5));
#10456=CARTESIAN_POINT('',(12.4000001847744,-9.50000014156103,0.));
#10457=CARTESIAN_POINT('',(12.4000001847744,-9.50000014156103,0.));
#10458=CARTESIAN_POINT('',(12.4000001847744,-9.00000013411045,0.));
#10459=CARTESIAN_POINT('',(12.4000001847744,-9.50000014156103,0.));
#10460=CARTESIAN_POINT('',(12.4000001847744,-9.00000013411045,0.5));
#10461=CARTESIAN_POINT('',(12.4000001847744,-9.00000013411045,0.));
#10462=CARTESIAN_POINT('',(12.4000001847744,-8.50000012665987,0.5));
#10463=CARTESIAN_POINT('',(12.4000001773238,1.00000001490116,0.5));
#10464=CARTESIAN_POINT('',(12.4000001847744,-8.50000012665987,0.));
#10465=CARTESIAN_POINT('',(12.4000001847744,-8.50000012665987,0.));
#10466=CARTESIAN_POINT('',(12.4000001847744,-8.00000011920929,0.));
#10467=CARTESIAN_POINT('',(12.4000001847744,-8.50000012665987,0.));
#10468=CARTESIAN_POINT('',(12.4000001847744,-8.00000011920929,0.5));
#10469=CARTESIAN_POINT('',(12.4000001847744,-8.00000011920929,0.));
#10470=CARTESIAN_POINT('',(12.4000001847744,-7.50000011175871,0.5));
#10471=CARTESIAN_POINT('',(12.4000001773238,1.00000001490116,0.5));
#10472=CARTESIAN_POINT('',(12.4000001847744,-7.50000011175871,0.));
#10473=CARTESIAN_POINT('',(12.4000001847744,-7.50000011175871,0.));
#10474=CARTESIAN_POINT('',(12.4000001847744,-7.00000010430813,0.));
#10475=CARTESIAN_POINT('',(12.4000001847744,-7.50000011175871,0.));
#10476=CARTESIAN_POINT('',(12.4000001847744,-7.00000010430813,0.5));
#10477=CARTESIAN_POINT('',(12.4000001847744,-7.00000010430813,0.));
#10478=CARTESIAN_POINT('',(12.4000001847744,-6.50000009685755,0.5));
#10479=CARTESIAN_POINT('',(12.4000001773238,1.00000001490116,0.5));
#10480=CARTESIAN_POINT('',(12.4000001847744,-6.50000009685755,0.));
#10481=CARTESIAN_POINT('',(12.4000001847744,-6.50000009685755,0.));
#10482=CARTESIAN_POINT('',(12.4000001847744,-6.00000008940697,0.));
#10483=CARTESIAN_POINT('',(12.4000001847744,-6.50000009685755,0.));
#10484=CARTESIAN_POINT('',(12.4000001847744,-6.00000008940697,0.5));
#10485=CARTESIAN_POINT('',(12.4000001847744,-6.00000008940697,0.));
#10486=CARTESIAN_POINT('',(12.4000001847744,-5.50000008195639,0.5));
#10487=CARTESIAN_POINT('',(12.4000001773238,1.00000001490116,0.5));
#10488=CARTESIAN_POINT('',(12.4000001847744,-5.50000008195639,0.));
#10489=CARTESIAN_POINT('',(12.4000001847744,-5.50000008195639,0.));
#10490=CARTESIAN_POINT('',(12.4000001847744,-5.00000007450581,0.));
#10491=CARTESIAN_POINT('',(12.4000001847744,-5.50000008195639,0.));
#10492=CARTESIAN_POINT('',(12.4000001847744,-5.00000007450581,0.5));
#10493=CARTESIAN_POINT('',(12.4000001847744,-5.00000007450581,0.));
#10494=CARTESIAN_POINT('',(12.4000001847744,-4.50000006705523,0.5));
#10495=CARTESIAN_POINT('',(12.4000001773238,1.00000001490116,0.5));
#10496=CARTESIAN_POINT('',(12.4000001847744,-4.50000006705523,0.));
#10497=CARTESIAN_POINT('',(12.4000001847744,-4.50000006705523,0.));
#10498=CARTESIAN_POINT('',(12.4000001847744,-4.00000005960464,0.));
#10499=CARTESIAN_POINT('',(12.4000001847744,-4.50000006705523,0.));
#10500=CARTESIAN_POINT('',(12.4000001847744,-4.00000005960464,0.5));
#10501=CARTESIAN_POINT('',(12.4000001847744,-4.00000005960464,0.));
#10502=CARTESIAN_POINT('',(12.4000001847744,-3.50000005215406,0.5));
#10503=CARTESIAN_POINT('',(12.4000001773238,1.00000001490116,0.5));
#10504=CARTESIAN_POINT('',(12.4000001847744,-3.50000005215406,0.));
#10505=CARTESIAN_POINT('',(12.4000001847744,-3.50000005215406,0.));
#10506=CARTESIAN_POINT('',(12.4000001847744,-3.00000004470348,0.));
#10507=CARTESIAN_POINT('',(12.4000001847744,-3.50000005215406,0.));
#10508=CARTESIAN_POINT('',(12.4000001847744,-3.00000004470348,0.5));
#10509=CARTESIAN_POINT('',(12.4000001847744,-3.00000004470348,0.));
#10510=CARTESIAN_POINT('',(12.4000001847744,-2.5000000372529,0.5));
#10511=CARTESIAN_POINT('',(12.4000001773238,1.00000001490116,0.5));
#10512=CARTESIAN_POINT('',(12.4000001847744,-2.5000000372529,0.));
#10513=CARTESIAN_POINT('',(12.4000001847744,-2.5000000372529,0.));
#10514=CARTESIAN_POINT('',(12.4000001847744,-2.00000002980232,0.));
#10515=CARTESIAN_POINT('',(12.4000001847744,-2.5000000372529,0.));
#10516=CARTESIAN_POINT('',(12.4000001847744,-2.00000002980232,0.5));
#10517=CARTESIAN_POINT('',(12.4000001847744,-2.00000002980232,0.));
#10518=CARTESIAN_POINT('',(12.4000001847744,-1.50000002235174,0.5));
#10519=CARTESIAN_POINT('',(12.4000001773238,1.00000001490116,0.5));
#10520=CARTESIAN_POINT('',(12.4000001847744,-1.50000002235174,0.));
#10521=CARTESIAN_POINT('',(12.4000001847744,-1.50000002235174,0.));
#10522=CARTESIAN_POINT('',(12.4000001847744,-1.00000001490116,0.));
#10523=CARTESIAN_POINT('',(12.4000001847744,-1.50000002235174,0.));
#10524=CARTESIAN_POINT('',(12.4000001847744,-1.00000001490116,0.5));
#10525=CARTESIAN_POINT('',(12.4000001847744,-1.00000001490116,0.));
#10526=CARTESIAN_POINT('',(12.4000001847744,-0.500000007450581,0.5));
#10527=CARTESIAN_POINT('',(12.4000001773238,1.00000001490116,0.5));
#10528=CARTESIAN_POINT('',(12.4000001847744,-0.500000007450581,0.));
#10529=CARTESIAN_POINT('',(12.4000001847744,-0.500000007450581,0.));
#10530=CARTESIAN_POINT('',(12.4000001847744,0.,0.));
#10531=CARTESIAN_POINT('',(12.4000001847744,0.,0.));
#10532=CARTESIAN_POINT('',(12.4000001847744,0.,0.5));
#10533=CARTESIAN_POINT('',(12.4000001847744,0.,0.));
#10534=CARTESIAN_POINT('',(12.4000001773238,1.00000001490116,0.5));
#10535=CARTESIAN_POINT('',(12.4000001773238,1.,1.));
#10536=CARTESIAN_POINT('',(12.4000001847744,-3.72529029846191E-9,1.));
#10537=CARTESIAN_POINT('',(12.4000001773238,1.,1.5));
#10538=CARTESIAN_POINT('',(12.4000001773238,1.00000001490116,0.5));
#10539=CARTESIAN_POINT('',(12.4000001847744,0.24999999627471,1.5));
#10540=CARTESIAN_POINT('',(12.4000001773238,1.,2.));
#10541=CARTESIAN_POINT('',(12.4000001847744,-3.72529029846191E-9,2.));
#10542=CARTESIAN_POINT('',(12.4000001773238,1.,2.5));
#10543=CARTESIAN_POINT('',(12.4000001773238,1.00000001490116,0.5));
#10544=CARTESIAN_POINT('',(12.4000001847744,0.24999999627471,2.5));
#10545=CARTESIAN_POINT('',(12.4000001773238,1.,3.));
#10546=CARTESIAN_POINT('',(12.4000001847744,-3.72529029846191E-9,3.));
#10547=CARTESIAN_POINT('',(12.4000001773238,1.,3.5));
#10548=CARTESIAN_POINT('',(12.4000001773238,1.00000001490116,0.5));
#10549=CARTESIAN_POINT('',(12.4000001847744,0.24999999627471,3.5));
#10550=CARTESIAN_POINT('',(12.4000001773238,1.,4.));
#10551=CARTESIAN_POINT('',(12.4000001847744,-3.72529029846191E-9,4.));
#10552=CARTESIAN_POINT('',(12.4000001773238,1.,4.5));
#10553=CARTESIAN_POINT('',(12.4000001773238,1.00000001490116,0.5));
#10554=CARTESIAN_POINT('',(12.4000001847744,0.24999999627471,4.5));
#10555=CARTESIAN_POINT('',(12.4000001773238,1.,5.));
#10556=CARTESIAN_POINT('',(12.4000001847744,-3.72529029846191E-9,5.));
#10557=CARTESIAN_POINT('',(12.4000001773238,1.,5.5));
#10558=CARTESIAN_POINT('',(12.4000001773238,1.00000001490116,0.5));
#10559=CARTESIAN_POINT('',(12.4000001847744,0.24999999627471,5.5));
#10560=CARTESIAN_POINT('',(12.4000001773238,1.,6.));
#10561=CARTESIAN_POINT('',(12.4000001847744,-3.72529029846191E-9,6.));
#10562=CARTESIAN_POINT('',(12.4000001773238,1.,6.5));
#10563=CARTESIAN_POINT('',(12.4000001773238,1.00000001490116,0.5));
#10564=CARTESIAN_POINT('',(12.4000001847744,0.24999999627471,6.5));
#10565=CARTESIAN_POINT('',(12.4000001773238,1.,7.));
#10566=CARTESIAN_POINT('',(12.4000001847744,-3.72529029846191E-9,7.));
#10567=CARTESIAN_POINT('',(12.4000001773238,1.,7.5));
#10568=CARTESIAN_POINT('',(12.4000001773238,1.00000001490116,0.5));
#10569=CARTESIAN_POINT('',(12.4000001847744,0.24999999627471,7.5));
#10570=CARTESIAN_POINT('',(12.4000001773238,1.00000001490116,8.00000011920929));
#10571=CARTESIAN_POINT('',(12.4000001847744,0.,8.00000011920929));
#10572=CARTESIAN_POINT('',(12.4000001773238,1.00000001490116,8.50000012665987));
#10573=CARTESIAN_POINT('',(12.4000001773238,1.00000001490116,0.5));
#10574=CARTESIAN_POINT('',(12.4000001847744,0.25000000372529,8.50000012665987));
#10575=CARTESIAN_POINT('',(12.4000001773238,1.00000001490116,9.00000013411045));
#10576=CARTESIAN_POINT('',(12.4000001847744,0.,9.00000013411045));
#10577=CARTESIAN_POINT('',(12.4000001773238,1.00000001490116,9.50000014156103));
#10578=CARTESIAN_POINT('',(12.4000001773238,1.00000001490116,0.5));
#10579=CARTESIAN_POINT('',(12.4000001847744,0.25000000372529,9.50000014156103));
#10580=CARTESIAN_POINT('',(12.4000001773238,1.,10.));
#10581=CARTESIAN_POINT('',(12.4000001847744,-3.72529029846191E-9,10.));
#10582=CARTESIAN_POINT('',(12.4000001773238,1.,10.5));
#10583=CARTESIAN_POINT('',(12.4000001773238,1.00000001490116,0.5));
#10584=CARTESIAN_POINT('',(12.4000001847744,0.24999999627471,10.5));
#10585=CARTESIAN_POINT('',(12.4000001773238,1.,11.));
#10586=CARTESIAN_POINT('',(12.4000001847744,-3.72529029846191E-9,11.));
#10587=CARTESIAN_POINT('',(12.4000001773238,1.,11.5));
#10588=CARTESIAN_POINT('',(12.4000001773238,1.00000001490116,0.5));
#10589=CARTESIAN_POINT('',(12.4000001847744,0.24999999627471,11.5));
#10590=CARTESIAN_POINT('',(12.4000001773238,1.,12.));
#10591=CARTESIAN_POINT('',(12.4000001847744,-3.72529029846191E-9,12.));
#10592=CARTESIAN_POINT('',(12.4000001773238,1.,12.5));
#10593=CARTESIAN_POINT('',(12.4000001773238,1.00000001490116,0.5));
#10594=CARTESIAN_POINT('',(12.4000001847744,0.24999999627471,12.5));
#10595=CARTESIAN_POINT('',(12.4000001773238,1.,13.));
#10596=CARTESIAN_POINT('',(12.4000001847744,-3.72529029846191E-9,13.));
#10597=CARTESIAN_POINT('',(12.4000001773238,1.,13.5));
#10598=CARTESIAN_POINT('',(12.4000001773238,1.00000001490116,0.5));
#10599=CARTESIAN_POINT('',(12.4000001773238,0.5,13.5));
#10600=CARTESIAN_POINT('',(12.4000001847744,0.24999999627471,13.5));
#10601=CARTESIAN_POINT('',(12.4000001847744,0.500000014901161,6.75));
#10602=CARTESIAN_POINT('Origin',(12.4000001773238,0.5,12.));
#10603=CARTESIAN_POINT('',(12.4000001773238,1.00000001490116,12.));
#10604=CARTESIAN_POINT('Origin',(12.4000001773238,1.,11.5));
#10605=CARTESIAN_POINT('',(12.4000001773238,1.00000001490116,11.5));
#10606=CARTESIAN_POINT('Origin',(12.4000001773238,0.500000007450581,8.00000011920929));
#10607=CARTESIAN_POINT('',(12.4000001773238,1.00000001490116,8.00000011920929));
#10608=CARTESIAN_POINT('Origin',(12.4000001773238,1.,7.5));
#10609=CARTESIAN_POINT('',(12.4000001773238,1.00000001490116,7.5));
#10610=CARTESIAN_POINT('Origin',(12.4000001773238,1.,3.5));
#10611=CARTESIAN_POINT('',(12.4000001773238,1.00000001490116,3.5));
#10612=CARTESIAN_POINT('Origin',(12.4000001773238,0.5,4.));
#10613=CARTESIAN_POINT('',(12.4000001773238,1.00000001490116,4.));
#10614=CARTESIAN_POINT('Origin',(12.4000001773238,0.5,1.));
#10615=CARTESIAN_POINT('',(12.4000001773238,1.00000001490116,1.));
#10616=CARTESIAN_POINT('Origin',(12.4000001773238,1.,4.5));
#10617=CARTESIAN_POINT('',(12.4000001773238,1.00000001490116,4.5));
#10618=CARTESIAN_POINT('Origin',(12.4000001773238,0.5,5.));
#10619=CARTESIAN_POINT('',(12.4000001773238,1.00000001490116,5.));
#10620=CARTESIAN_POINT('Origin',(12.4000001773238,0.500000007450581,9.00000013411045));
#10621=CARTESIAN_POINT('',(12.4000001773238,1.00000001490116,9.00000013411045));
#10622=CARTESIAN_POINT('Origin',(12.4000001773238,1.00000001490116,8.50000012665987));
#10623=CARTESIAN_POINT('',(12.4000001773238,1.00000001490116,8.50000012665987));
#10624=CARTESIAN_POINT('Origin',(12.4000001773238,0.5,13.));
#10625=CARTESIAN_POINT('',(12.4000001773238,1.00000001490116,13.));
#10626=CARTESIAN_POINT('Origin',(12.4000001773238,1.,12.5));
#10627=CARTESIAN_POINT('',(12.4000001773238,1.00000001490116,12.5));
#10628=CARTESIAN_POINT('Origin',(12.4000001773238,0.5,11.));
#10629=CARTESIAN_POINT('',(12.4000001773238,1.00000001490116,11.));
#10630=CARTESIAN_POINT('Origin',(12.4000001773238,1.,10.5));
#10631=CARTESIAN_POINT('',(12.4000001773238,1.00000001490116,10.5));
#10632=CARTESIAN_POINT('Origin',(12.4000001773238,1.,6.5));
#10633=CARTESIAN_POINT('',(12.4000001773238,1.00000001490116,6.5));
#10634=CARTESIAN_POINT('Origin',(12.4000001773238,0.5,7.));
#10635=CARTESIAN_POINT('',(12.4000001773238,1.00000001490116,7.));
#10636=CARTESIAN_POINT('Origin',(12.4000001773238,1.,2.5));
#10637=CARTESIAN_POINT('',(12.4000001773238,1.00000001490116,2.5));
#10638=CARTESIAN_POINT('Origin',(12.4000001773238,0.5,3.));
#10639=CARTESIAN_POINT('',(12.4000001773238,1.00000001490116,3.));
#10640=CARTESIAN_POINT('Origin',(12.4000001773238,1.,1.5));
#10641=CARTESIAN_POINT('',(12.4000001773238,1.00000001490116,1.5));
#10642=CARTESIAN_POINT('Origin',(12.4000001773238,0.5,2.));
#10643=CARTESIAN_POINT('',(12.4000001773238,1.00000001490116,2.));
#10644=CARTESIAN_POINT('Origin',(12.4000001773238,1.,5.5));
#10645=CARTESIAN_POINT('',(12.4000001773238,1.00000001490116,5.5));
#10646=CARTESIAN_POINT('Origin',(12.4000001773238,0.5,6.));
#10647=CARTESIAN_POINT('',(12.4000001773238,1.00000001490116,6.));
#10648=CARTESIAN_POINT('Origin',(12.4000001773238,0.5,10.));
#10649=CARTESIAN_POINT('',(12.4000001773238,1.00000001490116,10.));
#10650=CARTESIAN_POINT('Origin',(12.4000001773238,1.00000001490116,9.50000014156103));
#10651=CARTESIAN_POINT('',(12.4000001773238,1.00000001490116,9.50000014156103));
#10652=CARTESIAN_POINT('Origin',(12.4000001773238,0.500000014901161,13.5));
#10653=CARTESIAN_POINT('',(12.4000001773238,0.5,13.5));
#10654=CARTESIAN_POINT('Origin',(12.4000001773238,1.,13.5));
#10655=CARTESIAN_POINT('',(12.4000001773238,1.00000001490116,13.5));
#10656=CARTESIAN_POINT('Origin',(12.1500001773238,-5.99999998509884,0.5));
#10657=CARTESIAN_POINT('',(11.9000001773238,0.,0.5));
#10658=CARTESIAN_POINT('Origin',(12.4000001773238,1.00000001490116,0.5));
#10659=CARTESIAN_POINT('Origin',(12.4000001773238,1.00000001490116,0.5));
#10660=CARTESIAN_POINT('Origin',(12.4000001773238,1.00000001490116,0.5));
#10661=CARTESIAN_POINT('Origin',(12.4000001773238,1.00000001490116,0.5));
#10662=CARTESIAN_POINT('Origin',(12.4000001773238,1.00000001490116,0.5));
#10663=CARTESIAN_POINT('Origin',(12.4000001773238,1.00000001490116,0.5));
#10664=CARTESIAN_POINT('Origin',(12.4000001773238,1.00000001490116,0.5));
#10665=CARTESIAN_POINT('Origin',(12.4000001773238,1.00000001490116,0.5));
#10666=CARTESIAN_POINT('Origin',(12.4000001773238,1.00000001490116,0.5));
#10667=CARTESIAN_POINT('Origin',(12.4000001773238,1.00000001490116,0.5));
#10668=CARTESIAN_POINT('Origin',(12.4000001773238,1.00000001490116,0.5));
#10669=CARTESIAN_POINT('Origin',(12.4000001773238,1.00000001490116,0.5));
#10670=CARTESIAN_POINT('Origin',(12.1500001773238,-5.99999998509884,0.5));
#10671=CARTESIAN_POINT('',(11.9000001773238,-12.5000001862645,0.5));
#10672=CARTESIAN_POINT('',(12.4000001773238,-12.9999999850988,0.5));
#10673=CARTESIAN_POINT('Origin',(12.1500001773238,-5.99999998509884,0.5));
#10674=CARTESIAN_POINT('',(11.9000001773238,-2.5000000372529,0.5));
#10675=CARTESIAN_POINT('',(12.4000001847744,-3.00000004470348,0.5));
#10676=CARTESIAN_POINT('Origin',(12.1500001773238,-5.99999998509884,0.5));
#10677=CARTESIAN_POINT('',(12.4000001847744,-0.500000007450581,0.5));
#10678=CARTESIAN_POINT('',(12.4000001847744,-1.00000001490116,0.5));
#10679=CARTESIAN_POINT('Origin',(12.1500001773238,-5.99999998509884,0.5));
#10680=CARTESIAN_POINT('',(11.9000001773238,-11.5000001713634,0.5));
#10681=CARTESIAN_POINT('',(12.4000001847744,-12.0000001788139,0.5));
#10682=CARTESIAN_POINT('Origin',(12.1500001773238,-5.99999998509884,0.5));
#10683=CARTESIAN_POINT('',(11.9000001773238,-8.50000012665987,0.5));
#10684=CARTESIAN_POINT('',(12.4000001847744,-9.00000013411045,0.5));
#10685=CARTESIAN_POINT('Origin',(12.1500001773238,-5.99999998509884,0.5));
#10686=CARTESIAN_POINT('',(11.9000001773238,-6.50000009685755,0.5));
#10687=CARTESIAN_POINT('',(12.4000001847744,-7.00000010430813,0.5));
#10688=CARTESIAN_POINT('Origin',(12.1500001773238,-5.99999998509884,0.5));
#10689=CARTESIAN_POINT('',(11.9000001773238,-4.50000006705523,0.5));
#10690=CARTESIAN_POINT('',(12.4000001847744,-5.00000007450581,0.5));
#10691=CARTESIAN_POINT('Origin',(12.1500001773238,-5.99999998509884,0.5));
#10692=CARTESIAN_POINT('',(12.4000001847744,-4.00000005960464,0.5));
#10693=CARTESIAN_POINT('',(11.9000001773238,-3.50000005215406,0.5));
#10694=CARTESIAN_POINT('Origin',(12.1500001773238,-5.99999998509884,0.5));
#10695=CARTESIAN_POINT('',(12.4000001847744,-2.00000002980232,0.5));
#10696=CARTESIAN_POINT('',(11.9000001773238,-1.50000002235174,0.5));
#10697=CARTESIAN_POINT('Origin',(12.1500001773238,-5.99999998509884,0.5));
#10698=CARTESIAN_POINT('',(12.4000001847744,-8.00000011920929,0.5));
#10699=CARTESIAN_POINT('',(11.9000001773238,-7.50000011175871,0.5));
#10700=CARTESIAN_POINT('Origin',(12.1500001773238,-5.99999998509884,0.5));
#10701=CARTESIAN_POINT('',(11.9000001773238,-10.5000001564622,0.5));
#10702=CARTESIAN_POINT('',(12.4000001847744,-11.0000001639128,0.5));
#10703=CARTESIAN_POINT('Origin',(12.1500001773238,-5.99999998509884,0.5));
#10704=CARTESIAN_POINT('',(12.4000001847744,-10.0000001490116,0.5));
#10705=CARTESIAN_POINT('',(11.9000001773238,-9.50000014156103,0.5));
#10706=CARTESIAN_POINT('Origin',(12.1500001773238,-5.99999998509884,0.5));
#10707=CARTESIAN_POINT('',(12.4000001847744,-6.00000008940697,0.5));
#10708=CARTESIAN_POINT('',(11.9000001773238,-5.50000008195639,0.5));
#10709=CARTESIAN_POINT('Origin',(11.9000001773238,-12.9999999850988,0.5));
#10710=CARTESIAN_POINT('Origin',(12.4000001773238,1.00000001490116,0.5));
#10711=CARTESIAN_POINT('Origin',(11.9000001773238,-3.50000005215406,0.));
#10712=CARTESIAN_POINT('',(11.9000001773238,-3.50000005215406,0.));
#10713=CARTESIAN_POINT('Origin',(12.4000001847744,-3.00000004470348,0.));
#10714=CARTESIAN_POINT('',(12.4000001847744,-3.00000004470348,0.));
#10715=CARTESIAN_POINT('Origin',(12.1500001810491,-3.25000004842877,0.));
#10716=CARTESIAN_POINT('Origin',(11.9000001773238,-1.50000002235174,0.));
#10717=CARTESIAN_POINT('',(11.9000001773238,-1.50000002235174,0.));
#10718=CARTESIAN_POINT('Origin',(12.4000001847744,-1.00000001490116,0.));
#10719=CARTESIAN_POINT('',(12.4000001847744,-1.00000001490116,0.));
#10720=CARTESIAN_POINT('Origin',(12.1500001810491,-1.25000001862645,0.));
#10721=CARTESIAN_POINT('Origin',(11.9000001773238,-12.5000001862645,0.));
#10722=CARTESIAN_POINT('',(11.9000001773238,-12.5000001862645,0.));
#10723=CARTESIAN_POINT('Origin',(12.4000001847744,-12.0000001788139,0.));
#10724=CARTESIAN_POINT('',(12.4000001847744,-12.0000001788139,0.));
#10725=CARTESIAN_POINT('Origin',(12.1500001810491,-12.2500001825392,0.));
#10726=CARTESIAN_POINT('Origin',(11.9000001773238,-9.50000014156103,0.));
#10727=CARTESIAN_POINT('',(11.9000001773238,-9.50000014156103,0.));
#10728=CARTESIAN_POINT('Origin',(12.4000001847744,-9.00000013411045,0.));
#10729=CARTESIAN_POINT('',(12.4000001847744,-9.00000013411045,0.));
#10730=CARTESIAN_POINT('Origin',(12.1500001810491,-9.25000013783574,0.));
#10731=CARTESIAN_POINT('Origin',(11.9000001773238,-7.50000011175871,0.));
#10732=CARTESIAN_POINT('',(11.9000001773238,-7.50000011175871,0.));
#10733=CARTESIAN_POINT('Origin',(12.4000001847744,-7.00000010430813,0.));
#10734=CARTESIAN_POINT('',(12.4000001847744,-7.00000010430813,0.));
#10735=CARTESIAN_POINT('Origin',(12.1500001810491,-7.25000010803342,0.));
#10736=CARTESIAN_POINT('Origin',(11.9000001773238,-5.50000008195639,0.));
#10737=CARTESIAN_POINT('',(11.9000001773238,-5.50000008195639,0.));
#10738=CARTESIAN_POINT('Origin',(12.4000001847744,-5.00000007450581,0.));
#10739=CARTESIAN_POINT('',(12.4000001847744,-5.00000007450581,0.));
#10740=CARTESIAN_POINT('Origin',(12.1500001810491,-5.2500000782311,0.));
#10741=CARTESIAN_POINT('Origin',(11.9000001773238,-4.50000006705523,0.));
#10742=CARTESIAN_POINT('',(11.9000001773238,-4.50000006705523,0.));
#10743=CARTESIAN_POINT('Origin',(12.4000001847744,-4.00000005960464,0.));
#10744=CARTESIAN_POINT('',(12.4000001847744,-4.00000005960464,0.));
#10745=CARTESIAN_POINT('Origin',(12.1500001810491,-4.25000006332994,0.));
#10746=CARTESIAN_POINT('Origin',(11.9000001773238,-2.5000000372529,0.));
#10747=CARTESIAN_POINT('',(11.9000001773238,-2.5000000372529,0.));
#10748=CARTESIAN_POINT('Origin',(12.4000001847744,-2.00000002980232,0.));
#10749=CARTESIAN_POINT('',(12.4000001847744,-2.00000002980232,0.));
#10750=CARTESIAN_POINT('Origin',(12.1500001810491,-2.25000003352761,0.));
#10751=CARTESIAN_POINT('Origin',(11.9000001773238,-8.50000012665987,0.));
#10752=CARTESIAN_POINT('',(11.9000001773238,-8.50000012665987,0.));
#10753=CARTESIAN_POINT('Origin',(12.4000001847744,-8.00000011920929,0.));
#10754=CARTESIAN_POINT('',(12.4000001847744,-8.00000011920929,0.));
#10755=CARTESIAN_POINT('Origin',(12.1500001810491,-8.25000012293458,0.));
#10756=CARTESIAN_POINT('Origin',(11.9000001773238,-11.5000001713634,0.));
#10757=CARTESIAN_POINT('',(11.9000001773238,-11.5000001713634,0.));
#10758=CARTESIAN_POINT('Origin',(12.4000001847744,-11.0000001639128,0.));
#10759=CARTESIAN_POINT('',(12.4000001847744,-11.0000001639128,0.));
#10760=CARTESIAN_POINT('Origin',(12.1500001810491,-11.2500001676381,0.));
#10761=CARTESIAN_POINT('Origin',(11.9000001773238,-10.5000001564622,0.));
#10762=CARTESIAN_POINT('',(11.9000001773238,-10.5000001564622,0.));
#10763=CARTESIAN_POINT('Origin',(12.4000001847744,-10.0000001490116,0.));
#10764=CARTESIAN_POINT('',(12.4000001847744,-10.0000001490116,0.));
#10765=CARTESIAN_POINT('Origin',(12.1500001810491,-10.2500001527369,0.));
#10766=CARTESIAN_POINT('Origin',(11.9000001773238,-6.50000009685755,0.));
#10767=CARTESIAN_POINT('',(11.9000001773238,-6.50000009685755,0.));
#10768=CARTESIAN_POINT('Origin',(12.4000001847744,-6.00000008940697,0.));
#10769=CARTESIAN_POINT('',(12.4000001847744,-6.00000008940697,0.));
#10770=CARTESIAN_POINT('Origin',(12.1500001810491,-6.25000009313226,0.));
#10771=CARTESIAN_POINT('Origin',(12.4000001847744,0.,0.));
#10772=CARTESIAN_POINT('',(11.9000001773238,0.,0.));
#10773=CARTESIAN_POINT('Origin',(11.9000001773238,-0.500000007450581,0.));
#10774=CARTESIAN_POINT('',(12.4000001847744,-0.500000007450581,0.));
#10775=CARTESIAN_POINT('Origin',(12.1500001810491,-0.25000000372529,0.));
#10776=CARTESIAN_POINT('Origin',(12.1500001773238,-5.99999998509884,0.6));
#10777=CARTESIAN_POINT('',(12.0000001773238,0.0999999999999996,0.6));
#10778=CARTESIAN_POINT('',(12.0000001773238,-0.1,0.6));
#10779=CARTESIAN_POINT('',(12.0000001773238,-2.99999999254942,0.6));
#10780=CARTESIAN_POINT('',(12.3000001847744,-0.0999999999999999,0.6));
#10781=CARTESIAN_POINT('',(12.2750001810491,-0.1,0.6));
#10782=CARTESIAN_POINT('',(12.3000001847744,0.400000014901161,0.6));
#10783=CARTESIAN_POINT('',(12.3000001847744,-3.24999999627471,0.6));
#10784=CARTESIAN_POINT('',(11.9000001773238,0.400000014901161,0.6));
#10785=CARTESIAN_POINT('',(12.2750001773238,0.400000014901162,0.6));
#10786=CARTESIAN_POINT('',(11.0000001773238,0.400000014786537,0.6));
#10787=CARTESIAN_POINT('',(12.0250001773238,0.400000014786537,0.6));
#10788=CARTESIAN_POINT('',(11.0000001773238,0.0999999999999998,0.6));
#10789=CARTESIAN_POINT('',(11.0000001773238,-6.00000000745058,0.6));
#10790=CARTESIAN_POINT('',(12.0250001773238,0.0999999999999996,0.6));
#10791=CARTESIAN_POINT('Origin',(12.1500001773238,-5.99999998509884,0.6));
#10792=CARTESIAN_POINT('',(12.0000001773238,-3.40000005215406,0.6));
#10793=CARTESIAN_POINT('',(12.0000001773238,-3.60000005215406,0.6));
#10794=CARTESIAN_POINT('',(12.0000001773238,-2.99999999254942,0.6));
#10795=CARTESIAN_POINT('',(11.0000001773238,-3.60000005215406,0.6));
#10796=CARTESIAN_POINT('',(12.0250001773238,-3.60000005215406,0.6));
#10797=CARTESIAN_POINT('',(11.0000001773238,-4.40000006638467,0.6));
#10798=CARTESIAN_POINT('',(11.0000001773238,-6.00000000745058,0.6));
#10799=CARTESIAN_POINT('',(12.0000001773238,-4.40000006638467,0.6));
#10800=CARTESIAN_POINT('',(12.0250001773238,-4.40000006638467,0.6));
#10801=CARTESIAN_POINT('',(12.0000001773238,-4.10000005960464,0.6));
#10802=CARTESIAN_POINT('',(12.0000001773238,-2.99999999254942,0.6));
#10803=CARTESIAN_POINT('',(12.3000001847744,-4.10000005960464,0.6));
#10804=CARTESIAN_POINT('',(12.2750001810491,-4.10000005960464,0.6));
#10805=CARTESIAN_POINT('',(12.3000001847744,-3.40000005215406,0.6));
#10806=CARTESIAN_POINT('',(12.3000001847744,-3.24999999627471,0.6));
#10807=CARTESIAN_POINT('',(12.0250001773238,-3.40000005215406,0.6));
#10808=CARTESIAN_POINT('Origin',(12.0000001773238,0.,0.));
#10809=CARTESIAN_POINT('',(12.0000001773238,-3.40000005215406,0.1));
#10810=CARTESIAN_POINT('',(12.0000001773238,-3.40000005215406,0.));
#10811=CARTESIAN_POINT('',(12.0000001773238,-3.10000004470348,0.1));
#10812=CARTESIAN_POINT('',(12.0000001773238,-1.62500002421439,0.1));
#10813=CARTESIAN_POINT('',(12.0000001773238,-3.10000004470348,0.6));
#10814=CARTESIAN_POINT('',(12.0000001773238,-3.10000004470348,0.));
#10815=CARTESIAN_POINT('',(12.0000001773238,-2.4000000372529,0.6));
#10816=CARTESIAN_POINT('',(12.0000001773238,-2.99999999254942,0.6));
#10817=CARTESIAN_POINT('',(12.0000001773238,-2.4000000372529,0.1));
#10818=CARTESIAN_POINT('',(12.0000001773238,-2.4000000372529,0.));
#10819=CARTESIAN_POINT('',(12.0000001773238,-2.10000002980232,0.1));
#10820=CARTESIAN_POINT('',(12.0000001773238,-1.12500001676381,0.1));
#10821=CARTESIAN_POINT('',(12.0000001773238,-2.10000002980232,0.6));
#10822=CARTESIAN_POINT('',(12.0000001773238,-2.10000002980232,0.));
#10823=CARTESIAN_POINT('',(12.0000001773238,-1.40000002235174,0.6));
#10824=CARTESIAN_POINT('',(12.0000001773238,-2.99999999254942,0.6));
#10825=CARTESIAN_POINT('',(12.0000001773238,-1.40000002235174,0.1));
#10826=CARTESIAN_POINT('',(12.0000001773238,-1.40000002235174,0.));
#10827=CARTESIAN_POINT('',(12.0000001773238,-1.10000001490116,0.1));
#10828=CARTESIAN_POINT('',(12.0000001773238,-0.625000009313226,0.1));
#10829=CARTESIAN_POINT('',(12.0000001773238,-1.10000001490116,0.6));
#10830=CARTESIAN_POINT('',(12.0000001773238,-1.10000001490116,0.));
#10831=CARTESIAN_POINT('',(12.0000001773238,-0.400000007450581,0.6));
#10832=CARTESIAN_POINT('',(12.0000001773238,-2.99999999254942,0.6));
#10833=CARTESIAN_POINT('',(12.0000001773238,-0.400000007450581,0.1));
#10834=CARTESIAN_POINT('',(12.0000001773238,-0.400000007450581,0.));
#10835=CARTESIAN_POINT('',(12.0000001773238,-0.1,0.1));
#10836=CARTESIAN_POINT('',(12.0000001773238,-0.125000001862645,0.1));
#10837=CARTESIAN_POINT('',(12.0000001773238,-0.1,0.));
#10838=CARTESIAN_POINT('',(12.0000001773238,0.1,10.5));
#10839=CARTESIAN_POINT('',(12.0000001773238,0.1,0.25));
#10840=CARTESIAN_POINT('',(12.0000001773238,-3.60000005215406,10.5));
#10841=CARTESIAN_POINT('Origin',(12.0000001773238,-1.75000002607703,10.5));
#10842=CARTESIAN_POINT('',(12.0000001773238,-3.60000005215406,5.25));
#10843=CARTESIAN_POINT('Origin',(11.9000001773238,-12.6,10.5000000018626));
#10844=CARTESIAN_POINT('',(12.0000001773238,-12.6000001844019,0.600000000000001));
#10845=CARTESIAN_POINT('',(12.0000001773238,-12.6,10.4999999601394));
#10846=CARTESIAN_POINT('',(12.0000001773238,-12.6000000977889,5.25000011827797));
#10847=CARTESIAN_POINT('',(11.0000001773238,-12.6,10.4999999601394));
#10848=CARTESIAN_POINT('',(11.9000001773238,-12.6,10.4999999601394));
#10849=CARTESIAN_POINT('',(11.0000001773238,-12.6000001844019,0.6));
#10850=CARTESIAN_POINT('',(11.0000001773238,-12.6000000325963,8.75000006239861));
#10851=CARTESIAN_POINT('',(12.0250001773238,-12.6000001844019,0.600000000000001));
#10852=CARTESIAN_POINT('Origin',(11.9000001773238,-12.8999999850988,0.500000000114624));
#10853=CARTESIAN_POINT('',(11.9000001773238,-12.8999999850988,13.4));
#10854=CARTESIAN_POINT('',(11.9000001773238,-12.8999999850988,0.6));
#10855=CARTESIAN_POINT('',(11.9000001773238,-12.8999999850988,3.75000000011462));
#10856=CARTESIAN_POINT('',(11.0000001773238,-12.8999999852135,0.6));
#10857=CARTESIAN_POINT('',(12.0250001773238,-12.8999999852135,0.6));
#10858=CARTESIAN_POINT('',(11.0000001773238,-12.8999999998854,13.4));
#10859=CARTESIAN_POINT('',(11.0000001773238,-12.8999999888241,3.74999999610277));
#10860=CARTESIAN_POINT('',(5.15000017732382,-12.8999999998854,13.4));
#10861=CARTESIAN_POINT('Origin',(12.0000001773238,0.,0.));
#10862=CARTESIAN_POINT('',(12.0000001773238,-8.9,10.4999999986589));
#10863=CARTESIAN_POINT('Origin',(12.0000001773238,-10.75,10.5));
#10864=CARTESIAN_POINT('',(12.0000001773238,-12.4000001862645,0.6));
#10865=CARTESIAN_POINT('',(12.0000001773238,-2.99999999254942,0.6));
#10866=CARTESIAN_POINT('',(12.0000001773238,-12.4000001862645,0.1));
#10867=CARTESIAN_POINT('',(12.0000001773238,-12.4000001862645,0.));
#10868=CARTESIAN_POINT('',(12.0000001773238,-12.1000001788139,0.1));
#10869=CARTESIAN_POINT('',(12.0000001773238,-6.12500009126961,0.1));
#10870=CARTESIAN_POINT('',(12.0000001773238,-12.1000001788139,0.6));
#10871=CARTESIAN_POINT('',(12.0000001773238,-12.1000001788139,0.));
#10872=CARTESIAN_POINT('',(12.0000001773238,-11.4000001713634,0.6));
#10873=CARTESIAN_POINT('',(12.0000001773238,-2.99999999254942,0.6));
#10874=CARTESIAN_POINT('',(12.0000001773238,-11.4000001713634,0.1));
#10875=CARTESIAN_POINT('',(12.0000001773238,-11.4000001713634,0.));
#10876=CARTESIAN_POINT('',(12.0000001773238,-11.1000001639128,0.1));
#10877=CARTESIAN_POINT('',(12.0000001773238,-5.62500008381903,0.1));
#10878=CARTESIAN_POINT('',(12.0000001773238,-11.1000001639128,0.6));
#10879=CARTESIAN_POINT('',(12.0000001773238,-11.1000001639128,0.));
#10880=CARTESIAN_POINT('',(12.0000001773238,-10.4000001564622,0.6));
#10881=CARTESIAN_POINT('',(12.0000001773238,-2.99999999254942,0.6));
#10882=CARTESIAN_POINT('',(12.0000001773238,-10.4000001564622,0.1));
#10883=CARTESIAN_POINT('',(12.0000001773238,-10.4000001564622,0.));
#10884=CARTESIAN_POINT('',(12.0000001773238,-10.1000001490116,0.1));
#10885=CARTESIAN_POINT('',(12.0000001773238,-5.12500007636845,0.1));
#10886=CARTESIAN_POINT('',(12.0000001773238,-10.1000001490116,0.6));
#10887=CARTESIAN_POINT('',(12.0000001773238,-10.1000001490116,0.));
#10888=CARTESIAN_POINT('',(12.0000001773238,-9.40000014156103,0.6));
#10889=CARTESIAN_POINT('',(12.0000001773238,-2.99999999254942,0.6));
#10890=CARTESIAN_POINT('',(12.0000001773238,-9.40000014156103,0.1));
#10891=CARTESIAN_POINT('',(12.0000001773238,-9.40000014156103,0.));
#10892=CARTESIAN_POINT('',(12.0000001773238,-9.10000013411045,0.1));
#10893=CARTESIAN_POINT('',(12.0000001773238,-4.62500006891787,0.1));
#10894=CARTESIAN_POINT('',(12.0000001773238,-9.10000013411045,0.6));
#10895=CARTESIAN_POINT('',(12.0000001773238,-9.10000013411045,0.));
#10896=CARTESIAN_POINT('',(12.0000001773238,-8.90000013276935,0.6));
#10897=CARTESIAN_POINT('',(12.0000001773238,-2.99999999254942,0.6));
#10898=CARTESIAN_POINT('',(12.0000001773238,-8.90000013746321,0.250000059008599));
#10899=CARTESIAN_POINT('Origin',(11.9000001773238,-10.75,10.5));
#10900=CARTESIAN_POINT('',(11.0000001773238,-8.9,10.4999999986589));
#10901=CARTESIAN_POINT('',(11.9000001773238,-8.9,10.4999999986589));
#10902=CARTESIAN_POINT('Origin',(11.0000001773238,-10.75,10.5));
#10903=CARTESIAN_POINT('Origin',(11.9000001773238,-8.90000013411045,0.499999998658895));
#10904=CARTESIAN_POINT('',(11.0000001773238,-8.90000013276935,0.6));
#10905=CARTESIAN_POINT('',(12.0250001773238,-8.90000013276935,0.6));
#10906=CARTESIAN_POINT('',(11.0000001773238,-8.90000009052456,3.75000001877546));
#10907=CARTESIAN_POINT('Origin',(11.9000001773238,-8.10000011920929,10.5));
#10908=CARTESIAN_POINT('',(12.0000001773238,-8.10000011920929,0.6));
#10909=CARTESIAN_POINT('',(12.0000001773238,-8.10000011920929,10.5));
#10910=CARTESIAN_POINT('',(12.0000001773238,-8.10000011920929,5.25));
#10911=CARTESIAN_POINT('',(11.0000001773238,-8.10000011920929,10.5));
#10912=CARTESIAN_POINT('',(11.9000001773238,-8.10000011920929,10.5));
#10913=CARTESIAN_POINT('',(11.0000001773238,-8.10000011920929,0.6));
#10914=CARTESIAN_POINT('',(11.0000001773238,-8.10000011920929,8.75));
#10915=CARTESIAN_POINT('',(12.0250001773238,-8.10000011920929,0.6));
#10916=CARTESIAN_POINT('Origin',(11.9000001773238,-6.25000005960464,10.5));
#10917=CARTESIAN_POINT('',(12.0000001773238,-4.4,10.4999999993294));
#10918=CARTESIAN_POINT('Origin',(12.0000001773238,-6.25000005960464,10.5));
#10919=CARTESIAN_POINT('',(11.0000001773238,-4.4,10.4999999993294));
#10920=CARTESIAN_POINT('',(11.9000001773238,-4.4,10.4999999993294));
#10921=CARTESIAN_POINT('Origin',(11.0000001773238,-6.25000005960464,10.5));
#10922=CARTESIAN_POINT('Origin',(11.9000001773238,-4.40000006705523,0.499999999329448));
#10923=CARTESIAN_POINT('',(12.0000001773238,-4.40000006873161,0.250000014416874));
#10924=CARTESIAN_POINT('',(11.0000001773238,-4.40000004526228,3.74999999430031));
#10925=CARTESIAN_POINT('Origin',(11.9000001773238,-3.60000005215406,10.5));
#10926=CARTESIAN_POINT('',(11.0000001773238,-3.60000005215406,10.5));
#10927=CARTESIAN_POINT('',(11.9000001773238,-3.60000005215406,10.5));
#10928=CARTESIAN_POINT('',(11.0000001773238,-3.60000005215406,8.75));
#10929=CARTESIAN_POINT('Origin',(11.9000001773238,-1.75000002607703,10.5));
#10930=CARTESIAN_POINT('',(11.0000001773238,0.0999999999999998,10.5));
#10931=CARTESIAN_POINT('',(11.9000001773238,0.1,10.5));
#10932=CARTESIAN_POINT('Origin',(11.0000001773238,-1.75000002607703,10.5));
#10933=CARTESIAN_POINT('Origin',(11.9000001773238,0.1,0.5));
#10934=CARTESIAN_POINT('',(11.0000001773238,0.0999999999999996,3.75));
#10935=CARTESIAN_POINT('Origin',(11.9000001773238,0.4,13.4999999998854));
#10936=CARTESIAN_POINT('',(11.9500001773238,0.400000014901161,13.1));
#10937=CARTESIAN_POINT('',(12.0000001773238,0.400000000114624,13.4));
#10938=CARTESIAN_POINT('',(12.0000001773238,0.400000007737141,6.75000000017194));
#10939=CARTESIAN_POINT('',(11.0000001773238,0.400000000114624,13.4));
#10940=CARTESIAN_POINT('',(5.15000017732382,0.400000000114624,13.4));
#10941=CARTESIAN_POINT('',(11.0000001773238,0.400000003725291,10.2500000036107));
#10942=CARTESIAN_POINT('',(11.9500001773238,0.400000014901161,1.1));
#10943=CARTESIAN_POINT('',(11.9000001773238,0.400000014901161,6.81250000547331));
#10944=CARTESIAN_POINT('',(11.9500001773238,0.400000014901161,1.4));
#10945=CARTESIAN_POINT('',(12.0000001773238,0.400000007737141,6.75000000017194));
#10946=CARTESIAN_POINT('',(11.9500001773238,0.400000014901161,2.1));
#10947=CARTESIAN_POINT('',(11.9000001773238,0.400000014901161,6.81250000547331));
#10948=CARTESIAN_POINT('',(11.9500001773238,0.400000014901161,2.4));
#10949=CARTESIAN_POINT('',(12.0000001773238,0.400000007737141,6.75000000017194));
#10950=CARTESIAN_POINT('',(11.9500001773238,0.400000014901161,3.1));
#10951=CARTESIAN_POINT('',(11.9000001773238,0.400000014901161,6.81250000547331));
#10952=CARTESIAN_POINT('',(11.9500001773238,0.400000014901161,3.4));
#10953=CARTESIAN_POINT('',(12.0000001773238,0.400000007737141,6.75000000017194));
#10954=CARTESIAN_POINT('',(11.9500001773238,0.400000014901161,4.1));
#10955=CARTESIAN_POINT('',(11.9000001773238,0.400000014901161,6.81250000547331));
#10956=CARTESIAN_POINT('',(11.9500001773238,0.400000014901161,4.4));
#10957=CARTESIAN_POINT('',(12.0000001773238,0.400000007737141,6.75000000017194));
#10958=CARTESIAN_POINT('',(11.9500001773238,0.400000014901161,5.1));
#10959=CARTESIAN_POINT('',(11.9000001773238,0.400000014901161,6.81250000547331));
#10960=CARTESIAN_POINT('',(11.9500001773238,0.400000014901161,5.4));
#10961=CARTESIAN_POINT('',(12.0000001773238,0.400000007737141,6.75000000017194));
#10962=CARTESIAN_POINT('',(11.9500001773238,0.400000014901161,6.1));
#10963=CARTESIAN_POINT('',(11.9000001773238,0.400000014901161,6.81250000547331));
#10964=CARTESIAN_POINT('',(11.9500001773238,0.400000014901161,6.4));
#10965=CARTESIAN_POINT('',(12.0000001773238,0.400000007737141,6.75000000017194));
#10966=CARTESIAN_POINT('',(11.9500001773238,0.400000014901161,7.1));
#10967=CARTESIAN_POINT('',(11.9000001773238,0.400000014901161,6.81250000547331));
#10968=CARTESIAN_POINT('',(11.9500001773238,0.400000014901161,7.4));
#10969=CARTESIAN_POINT('',(12.0000001773238,0.400000007737141,6.75000000017194));
#10970=CARTESIAN_POINT('',(11.9500001773238,0.400000014901161,8.10000011920929));
#10971=CARTESIAN_POINT('',(11.9000001773238,0.400000014901161,6.81250000547331));
#10972=CARTESIAN_POINT('',(11.9500001773238,0.400000014901161,8.40000012665987));
#10973=CARTESIAN_POINT('',(12.0000001773238,0.400000007737141,6.75000000017194));
#10974=CARTESIAN_POINT('',(11.9500001773238,0.400000014901161,9.10000013411045));
#10975=CARTESIAN_POINT('',(11.9000001773238,0.400000014901161,6.81250000547331));
#10976=CARTESIAN_POINT('',(11.9500001773238,0.400000014901161,9.40000014156103));
#10977=CARTESIAN_POINT('',(12.0000001773238,0.400000007737141,6.75000000017194));
#10978=CARTESIAN_POINT('',(11.9500001773238,0.400000014901161,10.1));
#10979=CARTESIAN_POINT('',(11.9000001773238,0.400000014901161,6.81250000547331));
#10980=CARTESIAN_POINT('',(11.9500001773238,0.400000014901161,10.4));
#10981=CARTESIAN_POINT('',(12.0000001773238,0.400000007737141,6.75000000017194));
#10982=CARTESIAN_POINT('',(11.9500001773238,0.400000014901161,11.1));
#10983=CARTESIAN_POINT('',(11.9000001773238,0.400000014901161,7.24999999988538));
#10984=CARTESIAN_POINT('',(11.9500001773238,0.400000014901161,11.4));
#10985=CARTESIAN_POINT('',(12.0000001773238,0.400000007737141,6.75000000017194));
#10986=CARTESIAN_POINT('',(11.9500001773238,0.400000014901161,12.1));
#10987=CARTESIAN_POINT('',(11.9000001773238,0.400000014901161,7.24999999988538));
#10988=CARTESIAN_POINT('',(11.9500001773238,0.400000014901161,12.4));
#10989=CARTESIAN_POINT('',(12.0000001773238,0.400000007737141,6.75000000017194));
#10990=CARTESIAN_POINT('',(11.9000001773238,0.400000014901161,7.24999999988538));
#10991=CARTESIAN_POINT('Origin',(11.0000001773238,-6.00000002980232,7.));
#10992=CARTESIAN_POINT('',(11.0000001773238,-3.25000001862645,13.4));
#10993=CARTESIAN_POINT('',(11.0000001773238,-6.00000000745058,0.6));
#10994=CARTESIAN_POINT('',(11.0000001773238,-6.00000000745058,0.6));
#10995=CARTESIAN_POINT('Origin',(12.0000001773238,0.,0.));
#10996=CARTESIAN_POINT('',(12.0000001773238,0.1,13.4));
#10997=CARTESIAN_POINT('',(12.0000001773238,-0.25000000372529,13.4));
#10998=CARTESIAN_POINT('',(12.0000001773238,0.400000014901161,13.9));
#10999=CARTESIAN_POINT('',(12.0000001773238,0.400000014901161,6.75));
#11000=CARTESIAN_POINT('',(12.0000001773238,0.0999999999999999,13.9));
#11001=CARTESIAN_POINT('',(12.0000001773238,-2.99999999254942,13.9));
#11002=CARTESIAN_POINT('',(12.0000001773238,0.1,6.75));
#11003=CARTESIAN_POINT('Origin',(12.0000001773238,0.,0.));
#11004=CARTESIAN_POINT('',(12.0000001773238,0.900000014901161,13.4));
#11005=CARTESIAN_POINT('',(12.0000001773238,0.5,13.4));
#11006=CARTESIAN_POINT('',(12.0000001773238,0.900000014901161,13.1));
#11007=CARTESIAN_POINT('',(12.0000001773238,0.25,13.1));
#11008=CARTESIAN_POINT('',(12.0000001773238,0.900000014901161,0.25));
#11009=CARTESIAN_POINT('Origin',(12.0000001773238,0.,0.));
#11010=CARTESIAN_POINT('',(12.0000001773238,0.900000014901161,12.1));
#11011=CARTESIAN_POINT('',(12.0000001773238,0.900000014901161,12.4));
#11012=CARTESIAN_POINT('',(12.0000001773238,0.900000014901161,0.25));
#11013=CARTESIAN_POINT('',(12.0000001773238,0.5,12.4));
#11014=CARTESIAN_POINT('',(12.0000001773238,0.25,12.1));
#11015=CARTESIAN_POINT('Origin',(12.0000001773238,0.,0.));
#11016=CARTESIAN_POINT('',(12.0000001773238,-0.60000000745058,13.4));
#11017=CARTESIAN_POINT('',(12.0000001773238,-0.900000014901161,13.4));
#11018=CARTESIAN_POINT('',(12.0000001773238,-0.25000000372529,13.4));
#11019=CARTESIAN_POINT('',(12.0000001773238,-0.60000000745058,13.9));
#11020=CARTESIAN_POINT('',(12.0000001773238,-0.600000007450581,7.));
#11021=CARTESIAN_POINT('',(12.0000001773238,-0.900000014901161,13.9));
#11022=CARTESIAN_POINT('',(12.0000001773238,-2.99999999254942,13.9));
#11023=CARTESIAN_POINT('',(12.0000001773238,-0.900000014901161,6.75));
#11024=CARTESIAN_POINT('Origin',(12.0000001773238,0.,0.));
#11025=CARTESIAN_POINT('',(12.0000001773238,0.900000014901161,11.1));
#11026=CARTESIAN_POINT('',(12.0000001773238,0.900000014901161,11.4));
#11027=CARTESIAN_POINT('',(12.0000001773238,0.900000014901161,0.25));
#11028=CARTESIAN_POINT('',(12.0000001773238,0.5,11.4));
#11029=CARTESIAN_POINT('',(12.0000001773238,0.25,11.1));
#11030=CARTESIAN_POINT('Origin',(12.0000001773238,0.,0.));
#11031=CARTESIAN_POINT('',(12.0000001773238,-1.60000002235174,13.4));
#11032=CARTESIAN_POINT('',(12.0000001773238,-1.90000002980232,13.4));
#11033=CARTESIAN_POINT('',(12.0000001773238,-0.25000000372529,13.4));
#11034=CARTESIAN_POINT('',(12.0000001773238,-1.60000002235174,13.9));
#11035=CARTESIAN_POINT('',(12.0000001773238,-1.60000002235174,7.));
#11036=CARTESIAN_POINT('',(12.0000001773238,-1.90000002980232,13.9));
#11037=CARTESIAN_POINT('',(12.0000001773238,-2.99999999254942,13.9));
#11038=CARTESIAN_POINT('',(12.0000001773238,-1.90000002980232,6.75));
#11039=CARTESIAN_POINT('Origin',(12.0000001773238,0.,0.));
#11040=CARTESIAN_POINT('',(12.0000001773238,0.900000014901161,10.1));
#11041=CARTESIAN_POINT('',(12.0000001773238,0.900000014901161,10.4));
#11042=CARTESIAN_POINT('',(12.0000001773238,0.900000014901161,0.25));
#11043=CARTESIAN_POINT('',(12.0000001773238,0.5,10.4));
#11044=CARTESIAN_POINT('',(12.0000001773238,0.25,10.1));
#11045=CARTESIAN_POINT('Origin',(12.0000001773238,0.,0.));
#11046=CARTESIAN_POINT('',(12.0000001773238,-2.6000000372529,13.4));
#11047=CARTESIAN_POINT('',(12.0000001773238,-2.90000004470348,13.4));
#11048=CARTESIAN_POINT('',(12.0000001773238,-0.25000000372529,13.4));
#11049=CARTESIAN_POINT('',(12.0000001773238,-2.6000000372529,13.9));
#11050=CARTESIAN_POINT('',(12.0000001773238,-2.6000000372529,7.));
#11051=CARTESIAN_POINT('',(12.0000001773238,-2.90000004470348,13.9));
#11052=CARTESIAN_POINT('',(12.0000001773238,-2.99999999254942,13.9));
#11053=CARTESIAN_POINT('',(12.0000001773238,-2.90000004470348,6.75));
#11054=CARTESIAN_POINT('Origin',(12.0000001773238,0.,0.));
#11055=CARTESIAN_POINT('',(12.0000001773238,0.900000014901161,9.10000013411045));
#11056=CARTESIAN_POINT('',(12.0000001773238,0.900000014901161,9.40000014156103));
#11057=CARTESIAN_POINT('',(12.0000001773238,0.900000014901161,0.25));
#11058=CARTESIAN_POINT('',(12.0000001773238,0.500000007450581,9.40000014156103));
#11059=CARTESIAN_POINT('',(12.0000001773238,0.25000000372529,9.10000013411045));
#11060=CARTESIAN_POINT('Origin',(12.0000001773238,0.,0.));
#11061=CARTESIAN_POINT('',(12.0000001773238,-3.60000005215406,13.4));
#11062=CARTESIAN_POINT('',(12.0000001773238,-3.90000005960464,13.4));
#11063=CARTESIAN_POINT('',(12.0000001773238,-0.25000000372529,13.4));
#11064=CARTESIAN_POINT('',(12.0000001773238,-3.60000005215406,13.9));
#11065=CARTESIAN_POINT('',(12.0000001773238,-3.60000005215406,7.));
#11066=CARTESIAN_POINT('',(12.0000001773238,-3.90000005960464,13.9));
#11067=CARTESIAN_POINT('',(12.0000001773238,-2.99999999254942,13.9));
#11068=CARTESIAN_POINT('',(12.0000001773238,-3.90000005960464,6.75));
#11069=CARTESIAN_POINT('Origin',(12.0000001773238,0.,0.));
#11070=CARTESIAN_POINT('',(12.0000001773238,0.900000014901161,8.10000011920929));
#11071=CARTESIAN_POINT('',(12.0000001773238,0.900000014901161,8.40000012665987));
#11072=CARTESIAN_POINT('',(12.0000001773238,0.900000014901161,0.25));
#11073=CARTESIAN_POINT('',(12.0000001773238,0.500000007450581,8.40000012665987));
#11074=CARTESIAN_POINT('',(12.0000001773238,0.25000000372529,8.10000011920929));
#11075=CARTESIAN_POINT('Origin',(12.0000001773238,0.,0.));
#11076=CARTESIAN_POINT('',(12.0000001773238,-4.60000006705523,13.4));
#11077=CARTESIAN_POINT('',(12.0000001773238,-4.90000007450581,13.4));
#11078=CARTESIAN_POINT('',(12.0000001773238,-0.25000000372529,13.4));
#11079=CARTESIAN_POINT('',(12.0000001773238,-4.60000006705523,13.9));
#11080=CARTESIAN_POINT('',(12.0000001773238,-4.60000006705523,7.));
#11081=CARTESIAN_POINT('',(12.0000001773238,-4.90000007450581,13.9));
#11082=CARTESIAN_POINT('',(12.0000001773238,-2.99999999254942,13.9));
#11083=CARTESIAN_POINT('',(12.0000001773238,-4.90000007450581,6.75));
#11084=CARTESIAN_POINT('Origin',(12.0000001773238,0.,0.));
#11085=CARTESIAN_POINT('',(12.0000001773238,0.900000014901161,7.1));
#11086=CARTESIAN_POINT('',(12.0000001773238,0.900000014901161,7.4));
#11087=CARTESIAN_POINT('',(12.0000001773238,0.900000014901161,0.25));
#11088=CARTESIAN_POINT('',(12.0000001773238,0.5,7.4));
#11089=CARTESIAN_POINT('',(12.0000001773238,0.25,7.1));
#11090=CARTESIAN_POINT('Origin',(12.0000001773238,0.,0.));
#11091=CARTESIAN_POINT('',(12.0000001773238,-5.60000008195639,13.4));
#11092=CARTESIAN_POINT('',(12.0000001773238,-5.89999999254942,13.4));
#11093=CARTESIAN_POINT('',(12.0000001773238,-0.25000000372529,13.4));
#11094=CARTESIAN_POINT('',(12.0000001773238,-5.60000008195639,13.9));
#11095=CARTESIAN_POINT('',(12.0000001773238,-5.60000008195639,7.));
#11096=CARTESIAN_POINT('',(12.0000001773238,-5.89999999254942,13.9));
#11097=CARTESIAN_POINT('',(12.0000001773238,-2.99999999254942,13.9));
#11098=CARTESIAN_POINT('',(12.0000001773238,-5.89999999254942,6.75));
#11099=CARTESIAN_POINT('Origin',(12.0000001773238,0.,0.));
#11100=CARTESIAN_POINT('',(12.0000001773238,0.900000014901161,6.1));
#11101=CARTESIAN_POINT('',(12.0000001773238,0.900000014901161,6.4));
#11102=CARTESIAN_POINT('',(12.0000001773238,0.900000014901161,0.25));
#11103=CARTESIAN_POINT('',(12.0000001773238,0.5,6.4));
#11104=CARTESIAN_POINT('',(12.0000001773238,0.25,6.1));
#11105=CARTESIAN_POINT('Origin',(12.0000001773238,0.,0.));
#11106=CARTESIAN_POINT('',(12.0000001773238,-6.6,13.4));
#11107=CARTESIAN_POINT('',(12.0000001773238,-6.90000000745058,13.4));
#11108=CARTESIAN_POINT('',(12.0000001773238,-0.25000000372529,13.4));
#11109=CARTESIAN_POINT('',(12.0000001773238,-6.6,13.9));
#11110=CARTESIAN_POINT('',(12.0000001773238,-6.6,7.));
#11111=CARTESIAN_POINT('',(12.0000001773238,-6.90000000745058,13.9));
#11112=CARTESIAN_POINT('',(12.0000001773238,-2.99999999254942,13.9));
#11113=CARTESIAN_POINT('',(12.0000001773238,-6.90000000745058,6.74999999627471));
#11114=CARTESIAN_POINT('Origin',(12.0000001773238,0.,0.));
#11115=CARTESIAN_POINT('',(12.0000001773238,0.900000014901161,5.1));
#11116=CARTESIAN_POINT('',(12.0000001773238,0.900000014901161,5.4));
#11117=CARTESIAN_POINT('',(12.0000001773238,0.900000014901161,0.25));
#11118=CARTESIAN_POINT('',(12.0000001773238,0.5,5.4));
#11119=CARTESIAN_POINT('',(12.0000001773238,0.25,5.1));
#11120=CARTESIAN_POINT('Origin',(12.0000001773238,0.,0.));
#11121=CARTESIAN_POINT('',(12.0000001773238,-7.60000001490116,13.4));
#11122=CARTESIAN_POINT('',(12.0000001773238,-7.90000002235174,13.4));
#11123=CARTESIAN_POINT('',(12.0000001773238,-0.25000000372529,13.4));
#11124=CARTESIAN_POINT('',(12.0000001773238,-7.60000001490116,13.9));
#11125=CARTESIAN_POINT('',(12.0000001773238,-7.60000001490116,7.));
#11126=CARTESIAN_POINT('',(12.0000001773238,-7.90000002235174,13.9));
#11127=CARTESIAN_POINT('',(12.0000001773238,-2.99999999254942,13.9));
#11128=CARTESIAN_POINT('',(12.0000001773238,-7.90000002235174,6.74999999627471));
#11129=CARTESIAN_POINT('Origin',(12.0000001773238,0.,0.));
#11130=CARTESIAN_POINT('',(12.0000001773238,0.900000014901161,4.1));
#11131=CARTESIAN_POINT('',(12.0000001773238,0.900000014901161,4.4));
#11132=CARTESIAN_POINT('',(12.0000001773238,0.900000014901161,0.25));
#11133=CARTESIAN_POINT('',(12.0000001773238,0.5,4.4));
#11134=CARTESIAN_POINT('',(12.0000001773238,0.25,4.1));
#11135=CARTESIAN_POINT('Origin',(12.0000001773238,0.,0.));
#11136=CARTESIAN_POINT('',(12.0000001773238,-8.60000002980232,13.4));
#11137=CARTESIAN_POINT('',(12.0000001773238,-8.9000000372529,13.4));
#11138=CARTESIAN_POINT('',(12.0000001773238,-0.25000000372529,13.4));
#11139=CARTESIAN_POINT('',(12.0000001773238,-8.60000002980232,13.9));
#11140=CARTESIAN_POINT('',(12.0000001773238,-8.60000002980232,7.));
#11141=CARTESIAN_POINT('',(12.0000001773238,-8.9000000372529,13.9));
#11142=CARTESIAN_POINT('',(12.0000001773238,-2.99999999254942,13.9));
#11143=CARTESIAN_POINT('',(12.0000001773238,-8.9000000372529,6.74999999627471));
#11144=CARTESIAN_POINT('Origin',(12.0000001773238,0.,0.));
#11145=CARTESIAN_POINT('',(12.0000001773238,0.900000014901161,3.1));
#11146=CARTESIAN_POINT('',(12.0000001773238,0.900000014901161,3.4));
#11147=CARTESIAN_POINT('',(12.0000001773238,0.900000014901161,0.25));
#11148=CARTESIAN_POINT('',(12.0000001773238,0.5,3.4));
#11149=CARTESIAN_POINT('',(12.0000001773238,0.25,3.1));
#11150=CARTESIAN_POINT('Origin',(12.0000001773238,0.,0.));
#11151=CARTESIAN_POINT('',(12.0000001773238,-9.60000004470348,13.4));
#11152=CARTESIAN_POINT('',(12.0000001773238,-9.90000005215406,13.4));
#11153=CARTESIAN_POINT('',(12.0000001773238,-0.25000000372529,13.4));
#11154=CARTESIAN_POINT('',(12.0000001773238,-9.60000004470348,13.9));
#11155=CARTESIAN_POINT('',(12.0000001773238,-9.60000004470348,7.));
#11156=CARTESIAN_POINT('',(12.0000001773238,-9.90000005215406,13.9));
#11157=CARTESIAN_POINT('',(12.0000001773238,-2.99999999254942,13.9));
#11158=CARTESIAN_POINT('',(12.0000001773238,-9.90000005215406,6.75));
#11159=CARTESIAN_POINT('Origin',(12.0000001773238,0.,0.));
#11160=CARTESIAN_POINT('',(12.0000001773238,0.900000014901161,2.1));
#11161=CARTESIAN_POINT('',(12.0000001773238,0.900000014901161,2.4));
#11162=CARTESIAN_POINT('',(12.0000001773238,0.900000014901161,0.25));
#11163=CARTESIAN_POINT('',(12.0000001773238,0.5,2.4));
#11164=CARTESIAN_POINT('',(12.0000001773238,0.25,2.1));
#11165=CARTESIAN_POINT('Origin',(12.0000001773238,0.,0.));
#11166=CARTESIAN_POINT('',(12.0000001773238,-10.6000000596046,13.4));
#11167=CARTESIAN_POINT('',(12.0000001773238,-10.9000000670552,13.4));
#11168=CARTESIAN_POINT('',(12.0000001773238,-0.25000000372529,13.4));
#11169=CARTESIAN_POINT('',(12.0000001773238,-10.6000000596046,13.9));
#11170=CARTESIAN_POINT('',(12.0000001773238,-10.6000000596046,7.));
#11171=CARTESIAN_POINT('',(12.0000001773238,-10.9000000670552,13.9));
#11172=CARTESIAN_POINT('',(12.0000001773238,-2.99999999254942,13.9));
#11173=CARTESIAN_POINT('',(12.0000001773238,-10.9000000670552,6.75));
#11174=CARTESIAN_POINT('Origin',(12.0000001773238,0.,0.));
#11175=CARTESIAN_POINT('',(12.0000001773238,0.900000014901161,1.1));
#11176=CARTESIAN_POINT('',(12.0000001773238,0.900000014901161,1.4));
#11177=CARTESIAN_POINT('',(12.0000001773238,0.900000014901161,0.25));
#11178=CARTESIAN_POINT('',(12.0000001773238,0.5,1.4));
#11179=CARTESIAN_POINT('',(12.0000001773238,0.25,1.1));
#11180=CARTESIAN_POINT('Origin',(12.0000001773238,0.,0.));
#11181=CARTESIAN_POINT('',(12.0000001773238,-11.6000000745058,13.4));
#11182=CARTESIAN_POINT('',(12.0000001773238,-11.9000000819564,13.4));
#11183=CARTESIAN_POINT('',(12.0000001773238,-0.25000000372529,13.4));
#11184=CARTESIAN_POINT('',(12.0000001773238,-11.6000000745058,13.9));
#11185=CARTESIAN_POINT('',(12.0000001773238,-11.6000000745058,7.));
#11186=CARTESIAN_POINT('',(12.0000001773238,-11.9000000819564,13.9));
#11187=CARTESIAN_POINT('',(12.0000001773238,-2.99999999254942,13.9));
#11188=CARTESIAN_POINT('',(12.0000001773238,-11.9000000819564,6.75));
#11189=CARTESIAN_POINT('Origin',(12.0000001773238,0.,0.));
#11190=CARTESIAN_POINT('',(12.0000001773238,-8.40000012665987,0.6));
#11191=CARTESIAN_POINT('',(12.0000001773238,-2.99999999254942,0.6));
#11192=CARTESIAN_POINT('',(12.0000001773238,-8.40000012665987,0.1));
#11193=CARTESIAN_POINT('',(12.0000001773238,-8.40000012665987,0.));
#11194=CARTESIAN_POINT('',(12.0000001773238,-8.10000011920929,0.1));
#11195=CARTESIAN_POINT('',(12.0000001773238,-4.12500006146729,0.1));
#11196=CARTESIAN_POINT('',(12.0000001773238,-8.10000011920929,0.));
#11197=CARTESIAN_POINT('Origin',(12.0000001773238,0.,0.));
#11198=CARTESIAN_POINT('',(12.0000001773238,-4.40000006705523,0.1));
#11199=CARTESIAN_POINT('',(12.0000001773238,-4.40000006705523,0.));
#11200=CARTESIAN_POINT('',(12.0000001773238,-4.10000005960464,0.1));
#11201=CARTESIAN_POINT('',(12.0000001773238,-2.12500003166497,0.1));
#11202=CARTESIAN_POINT('',(12.0000001773238,-4.10000005960464,0.));
#11203=CARTESIAN_POINT('Origin',(-1.59999982267618,-0.500000007450581,13.4));
#11204=CARTESIAN_POINT('',(12.3000001847744,-12.8999999850988,13.4));
#11205=CARTESIAN_POINT('',(5.15000017732382,-12.8999999850988,13.4));
#11206=CARTESIAN_POINT('',(12.3000001847744,0.1,13.4));
#11207=CARTESIAN_POINT('',(-1.59999982267618,0.1,13.4));
#11208=CARTESIAN_POINT('',(12.3000001847744,-0.60000000745058,13.4));
#11209=CARTESIAN_POINT('',(12.3000001847744,-0.500000007450581,13.4));
#11210=CARTESIAN_POINT('',(-1.59999982267618,-0.600000007450581,13.4));
#11211=CARTESIAN_POINT('',(12.3000001847744,-0.900000014901161,13.4));
#11212=CARTESIAN_POINT('',(-1.59999982267618,-0.900000014901161,13.4));
#11213=CARTESIAN_POINT('',(12.3000001847744,-1.60000002235174,13.4));
#11214=CARTESIAN_POINT('',(12.3000001847744,-0.500000007450581,13.4));
#11215=CARTESIAN_POINT('',(-1.59999982267618,-1.60000002235174,13.4));
#11216=CARTESIAN_POINT('',(12.3000001847744,-1.90000002980232,13.4));
#11217=CARTESIAN_POINT('',(-1.59999982267618,-1.90000002980232,13.4));
#11218=CARTESIAN_POINT('',(12.3000001847744,-2.6000000372529,13.4));
#11219=CARTESIAN_POINT('',(12.3000001847744,-0.500000007450581,13.4));
#11220=CARTESIAN_POINT('',(-1.59999982267618,-2.6000000372529,13.4));
#11221=CARTESIAN_POINT('',(12.3000001847744,-2.90000004470348,13.4));
#11222=CARTESIAN_POINT('',(-1.59999982267618,-2.90000004470348,13.4));
#11223=CARTESIAN_POINT('',(12.3000001847744,-3.60000005215406,13.4));
#11224=CARTESIAN_POINT('',(12.3000001847744,-0.500000007450581,13.4));
#11225=CARTESIAN_POINT('',(-1.59999982267618,-3.60000005215406,13.4));
#11226=CARTESIAN_POINT('',(12.3000001847744,-3.90000005960464,13.4));
#11227=CARTESIAN_POINT('',(-1.59999982267618,-3.90000005960464,13.4));
#11228=CARTESIAN_POINT('',(12.3000001847744,-4.60000006705523,13.4));
#11229=CARTESIAN_POINT('',(12.3000001847744,-0.500000007450581,13.4));
#11230=CARTESIAN_POINT('',(-1.59999982267618,-4.60000006705523,13.4));
#11231=CARTESIAN_POINT('',(12.3000001847744,-4.90000007450581,13.4));
#11232=CARTESIAN_POINT('',(-1.59999982267618,-4.90000007450581,13.4));
#11233=CARTESIAN_POINT('',(12.3000001847744,-5.60000008195639,13.4));
#11234=CARTESIAN_POINT('',(12.3000001847744,-0.500000007450581,13.4));
#11235=CARTESIAN_POINT('',(-1.59999982267618,-5.60000008195639,13.4));
#11236=CARTESIAN_POINT('',(12.3000001847744,-5.89999999254942,13.4));
#11237=CARTESIAN_POINT('',(-1.59999982267618,-5.89999999254942,13.4));
#11238=CARTESIAN_POINT('',(12.3000001847744,-6.6,13.4));
#11239=CARTESIAN_POINT('',(12.3000001847744,-0.500000007450581,13.4));
#11240=CARTESIAN_POINT('',(-1.59999982267618,-6.6,13.4));
#11241=CARTESIAN_POINT('',(12.3000001847744,-6.90000000745058,13.4));
#11242=CARTESIAN_POINT('',(-1.59999982267618,-6.90000000745058,13.4));
#11243=CARTESIAN_POINT('',(12.3000001847744,-7.60000001490116,13.4));
#11244=CARTESIAN_POINT('',(12.3000001847744,-0.500000007450581,13.4));
#11245=CARTESIAN_POINT('',(-1.59999982267618,-7.60000001490116,13.4));
#11246=CARTESIAN_POINT('',(12.3000001847744,-7.90000002235174,13.4));
#11247=CARTESIAN_POINT('',(-1.59999982267618,-7.90000002235174,13.4));
#11248=CARTESIAN_POINT('',(12.3000001847744,-8.60000002980232,13.4));
#11249=CARTESIAN_POINT('',(12.3000001847744,-0.500000007450581,13.4));
#11250=CARTESIAN_POINT('',(-1.59999982267618,-8.60000002980232,13.4));
#11251=CARTESIAN_POINT('',(12.3000001847744,-8.9000000372529,13.4));
#11252=CARTESIAN_POINT('',(-1.59999982267618,-8.9000000372529,13.4));
#11253=CARTESIAN_POINT('',(12.3000001847744,-9.60000004470348,13.4));
#11254=CARTESIAN_POINT('',(12.3000001847744,-0.500000007450581,13.4));
#11255=CARTESIAN_POINT('',(-1.59999982267618,-9.60000004470348,13.4));
#11256=CARTESIAN_POINT('',(12.3000001847744,-9.90000005215406,13.4));
#11257=CARTESIAN_POINT('',(-1.59999982267618,-9.90000005215406,13.4));
#11258=CARTESIAN_POINT('',(12.3000001847744,-10.6000000596046,13.4));
#11259=CARTESIAN_POINT('',(12.3000001847744,-0.500000007450581,13.4));
#11260=CARTESIAN_POINT('',(-1.59999982267618,-10.6000000596046,13.4));
#11261=CARTESIAN_POINT('',(12.3000001847744,-10.9000000670552,13.4));
#11262=CARTESIAN_POINT('',(-1.59999982267618,-10.9000000670552,13.4));
#11263=CARTESIAN_POINT('',(12.3000001847744,-11.6000000745058,13.4));
#11264=CARTESIAN_POINT('',(12.3000001847744,-0.500000007450581,13.4));
#11265=CARTESIAN_POINT('',(-1.59999982267618,-11.6000000745058,13.4));
#11266=CARTESIAN_POINT('',(12.3000001847744,-11.9000000819564,13.4));
#11267=CARTESIAN_POINT('',(-1.59999982267618,-11.9000000819564,13.4));
#11268=CARTESIAN_POINT('',(12.3000001847744,-0.500000007450581,13.4));
#11269=CARTESIAN_POINT('Origin',(12.4000001773238,0.400000014901161,7.5));
#11270=CARTESIAN_POINT('',(12.3000001847744,0.400000014901161,10.4));
#11271=CARTESIAN_POINT('',(12.3000001847744,0.400000014901161,11.1));
#11272=CARTESIAN_POINT('',(12.3000001847744,0.400000014901161,3.75));
#11273=CARTESIAN_POINT('',(12.4000001773238,0.400000014901161,11.1));
#11274=CARTESIAN_POINT('',(12.4000001773238,0.400000014901161,10.4));
#11275=CARTESIAN_POINT('Origin',(12.4000001773238,0.400000014901161,7.5));
#11276=CARTESIAN_POINT('',(12.3000001847744,0.400000014901161,11.4));
#11277=CARTESIAN_POINT('',(12.3000001847744,0.400000014901161,12.1));
#11278=CARTESIAN_POINT('',(12.3000001847744,0.400000014901161,3.75));
#11279=CARTESIAN_POINT('',(12.4000001773238,0.400000014901161,12.1));
#11280=CARTESIAN_POINT('',(12.4000001773238,0.400000014901161,11.4));
#11281=CARTESIAN_POINT('Origin',(12.4000001773238,0.400000014901161,7.5));
#11282=CARTESIAN_POINT('',(12.3000001847744,0.400000014901161,6.4));
#11283=CARTESIAN_POINT('',(12.3000001847744,0.400000014901161,7.1));
#11284=CARTESIAN_POINT('',(12.3000001847744,0.400000014901161,3.75));
#11285=CARTESIAN_POINT('',(12.4000001773238,0.400000014901161,7.1));
#11286=CARTESIAN_POINT('',(12.4000001773238,0.400000014901161,6.4));
#11287=CARTESIAN_POINT('Origin',(12.4000001773238,0.400000014901161,7.5));
#11288=CARTESIAN_POINT('',(12.3000001847744,0.400000014901161,5.4));
#11289=CARTESIAN_POINT('',(12.3000001847744,0.400000014901161,6.1));
#11290=CARTESIAN_POINT('',(12.3000001847744,0.400000014901161,3.75));
#11291=CARTESIAN_POINT('',(12.4000001773238,0.400000014901161,6.1));
#11292=CARTESIAN_POINT('',(12.4000001773238,0.400000014901161,5.4));
#11293=CARTESIAN_POINT('Origin',(12.4000001773238,0.400000014901161,7.5));
#11294=CARTESIAN_POINT('',(12.3000001847744,0.400000014901161,7.4));
#11295=CARTESIAN_POINT('',(12.3000001847744,0.400000014901161,8.10000011920929));
#11296=CARTESIAN_POINT('',(12.3000001847744,0.400000014901161,3.75));
#11297=CARTESIAN_POINT('',(12.4000001773238,0.400000014901161,8.10000011920929));
#11298=CARTESIAN_POINT('',(12.4000001773238,0.400000014901161,7.4));
#11299=CARTESIAN_POINT('Origin',(12.4000001773238,0.400000014901161,7.5));
#11300=CARTESIAN_POINT('',(12.3000001847744,0.400000014901161,4.4));
#11301=CARTESIAN_POINT('',(12.3000001847744,0.400000014901161,5.1));
#11302=CARTESIAN_POINT('',(12.3000001847744,0.400000014901161,3.75));
#11303=CARTESIAN_POINT('',(12.4000001773238,0.400000014901161,5.1));
#11304=CARTESIAN_POINT('',(12.4000001773238,0.400000014901161,4.4));
#11305=CARTESIAN_POINT('Origin',(12.4000001773238,0.400000014901161,7.5));
#11306=CARTESIAN_POINT('',(12.3000001847744,0.400000014901161,8.40000012665987));
#11307=CARTESIAN_POINT('',(12.3000001847744,0.400000014901161,9.10000013411045));
#11308=CARTESIAN_POINT('',(12.3000001847744,0.400000014901161,3.75));
#11309=CARTESIAN_POINT('',(12.4000001773238,0.400000014901161,9.10000013411045));
#11310=CARTESIAN_POINT('',(12.4000001773238,0.400000014901161,8.40000012665987));
#11311=CARTESIAN_POINT('Origin',(12.4000001773238,0.400000014901161,7.5));
#11312=CARTESIAN_POINT('',(12.3000001847744,0.400000014901161,3.4));
#11313=CARTESIAN_POINT('',(12.3000001847744,0.400000014901161,4.1));
#11314=CARTESIAN_POINT('',(12.3000001847744,0.400000014901161,3.75));
#11315=CARTESIAN_POINT('',(12.4000001773238,0.400000014901161,4.1));
#11316=CARTESIAN_POINT('',(12.4000001773238,0.400000014901161,3.4));
#11317=CARTESIAN_POINT('Origin',(12.4000001773238,0.400000014901161,7.5));
#11318=CARTESIAN_POINT('',(12.3000001847744,0.400000014901161,9.40000014156103));
#11319=CARTESIAN_POINT('',(12.3000001847744,0.400000014901161,10.1));
#11320=CARTESIAN_POINT('',(12.3000001847744,0.400000014901161,3.75));
#11321=CARTESIAN_POINT('',(12.4000001773238,0.400000014901161,10.1));
#11322=CARTESIAN_POINT('',(12.4000001773238,0.400000014901161,9.40000014156103));
#11323=CARTESIAN_POINT('Origin',(12.4000001773238,0.400000014901161,7.5));
#11324=CARTESIAN_POINT('',(12.3000001847744,0.400000014901161,2.4));
#11325=CARTESIAN_POINT('',(12.3000001847744,0.400000014901161,3.1));
#11326=CARTESIAN_POINT('',(12.3000001847744,0.400000014901161,3.75));
#11327=CARTESIAN_POINT('',(12.4000001773238,0.400000014901161,3.1));
#11328=CARTESIAN_POINT('',(12.4000001773238,0.400000014901161,2.4));
#11329=CARTESIAN_POINT('Origin',(12.4000001773238,0.400000014901161,7.5));
#11330=CARTESIAN_POINT('',(12.3000001847744,0.400000014901161,12.4));
#11331=CARTESIAN_POINT('',(12.3000001847744,0.400000014901161,13.1));
#11332=CARTESIAN_POINT('',(12.3000001847744,0.400000014901161,3.75));
#11333=CARTESIAN_POINT('',(12.4000001773238,0.400000014901161,13.1));
#11334=CARTESIAN_POINT('',(12.4000001773238,0.400000014901161,12.4));
#11335=CARTESIAN_POINT('Origin',(12.4000001773238,0.400000014901161,7.5));
#11336=CARTESIAN_POINT('',(12.3000001847744,0.400000014901161,1.4));
#11337=CARTESIAN_POINT('',(12.3000001847744,0.400000014901161,2.1));
#11338=CARTESIAN_POINT('',(12.3000001847744,0.400000014901161,3.75));
#11339=CARTESIAN_POINT('',(12.4000001773238,0.400000014901161,2.1));
#11340=CARTESIAN_POINT('',(12.4000001773238,0.400000014901161,1.4));
#11341=CARTESIAN_POINT('Origin',(12.4000001773238,0.400000014901161,7.5));
#11342=CARTESIAN_POINT('',(12.3000001847744,0.400000014901161,1.1));
#11343=CARTESIAN_POINT('',(12.3000001847744,0.400000014901161,3.75));
#11344=CARTESIAN_POINT('',(12.4000001773238,0.400000014901161,1.1));
#11345=CARTESIAN_POINT('Origin',(12.0000001773238,0.,0.));
#11346=CARTESIAN_POINT('',(12.0000001773238,-7.40000011175871,0.6));
#11347=CARTESIAN_POINT('',(12.0000001773238,-2.99999999254942,0.6));
#11348=CARTESIAN_POINT('',(12.0000001773238,-7.40000011175871,0.1));
#11349=CARTESIAN_POINT('',(12.0000001773238,-7.40000011175871,0.));
#11350=CARTESIAN_POINT('',(12.0000001773238,-7.10000010430813,0.1));
#11351=CARTESIAN_POINT('',(12.0000001773238,-3.62500005401671,0.1));
#11352=CARTESIAN_POINT('',(12.0000001773238,-7.10000010430813,0.6));
#11353=CARTESIAN_POINT('',(12.0000001773238,-7.10000010430813,0.));
#11354=CARTESIAN_POINT('',(12.0000001773238,-6.40000009685755,0.6));
#11355=CARTESIAN_POINT('',(12.0000001773238,-2.99999999254942,0.6));
#11356=CARTESIAN_POINT('',(12.0000001773238,-6.40000009685755,0.1));
#11357=CARTESIAN_POINT('',(12.0000001773238,-6.40000009685755,0.));
#11358=CARTESIAN_POINT('',(12.0000001773238,-6.10000008940697,0.1));
#11359=CARTESIAN_POINT('',(12.0000001773238,-3.12500004656613,0.1));
#11360=CARTESIAN_POINT('',(12.0000001773238,-6.10000008940697,0.6));
#11361=CARTESIAN_POINT('',(12.0000001773238,-6.10000008940697,0.));
#11362=CARTESIAN_POINT('',(12.0000001773238,-5.40000008195639,0.6));
#11363=CARTESIAN_POINT('',(12.0000001773238,-2.99999999254942,0.6));
#11364=CARTESIAN_POINT('',(12.0000001773238,-5.40000008195639,0.1));
#11365=CARTESIAN_POINT('',(12.0000001773238,-5.40000008195639,0.));
#11366=CARTESIAN_POINT('',(12.0000001773238,-5.10000007450581,0.1));
#11367=CARTESIAN_POINT('',(12.0000001773238,-2.62500003911555,0.1));
#11368=CARTESIAN_POINT('',(12.0000001773238,-5.10000007450581,0.6));
#11369=CARTESIAN_POINT('',(12.0000001773238,-5.10000007450581,0.));
#11370=CARTESIAN_POINT('',(12.0000001773238,-2.99999999254942,0.6));
#11371=CARTESIAN_POINT('Origin',(-1.59999982267618,-0.900000014901161,13.5));
#11372=CARTESIAN_POINT('',(12.3000001847744,-0.900000014901161,13.9));
#11373=CARTESIAN_POINT('',(5.27500017732382,-0.900000014901162,13.9));
#11374=CARTESIAN_POINT('',(12.3000001847744,-0.900000014901161,6.75));
#11375=CARTESIAN_POINT('Origin',(-1.59999982267618,-1.60000002235174,14.));
#11376=CARTESIAN_POINT('',(12.3000001847744,-1.60000002235174,13.9));
#11377=CARTESIAN_POINT('',(12.3000001847744,-1.60000002235174,7.));
#11378=CARTESIAN_POINT('',(5.27500017732382,-1.60000002235174,13.9));
#11379=CARTESIAN_POINT('Origin',(-1.59999982267618,-4.90000007450581,13.5));
#11380=CARTESIAN_POINT('',(12.3000001847744,-4.90000007450581,13.9));
#11381=CARTESIAN_POINT('',(5.27500017732382,-4.90000007450581,13.9));
#11382=CARTESIAN_POINT('',(12.3000001847744,-4.90000007450581,6.75));
#11383=CARTESIAN_POINT('Origin',(-1.59999982267618,-5.60000008195639,14.));
#11384=CARTESIAN_POINT('',(12.3000001847744,-5.60000008195639,13.9));
#11385=CARTESIAN_POINT('',(12.3000001847744,-5.60000008195639,7.));
#11386=CARTESIAN_POINT('',(5.27500017732382,-5.60000008195639,13.9));
#11387=CARTESIAN_POINT('Origin',(-1.59999982267618,-8.9000000372529,13.4999999925494));
#11388=CARTESIAN_POINT('',(12.3000001847744,-8.9000000372529,13.9));
#11389=CARTESIAN_POINT('',(5.27500017732382,-8.9000000372529,13.9));
#11390=CARTESIAN_POINT('',(12.3000001847744,-8.9000000372529,6.74999999627471));
#11391=CARTESIAN_POINT('Origin',(-1.59999982267618,-9.60000004470348,14.));
#11392=CARTESIAN_POINT('',(12.3000001847744,-9.60000004470348,13.9));
#11393=CARTESIAN_POINT('',(12.3000001847744,-9.60000004470348,7.));
#11394=CARTESIAN_POINT('',(5.27500017732382,-9.60000004470348,13.9));
#11395=CARTESIAN_POINT('Origin',(-1.59999982267618,-11.9000000819564,13.5));
#11396=CARTESIAN_POINT('',(12.3000001847744,-11.9000000819564,13.9));
#11397=CARTESIAN_POINT('',(5.27500017732382,-11.9000000819564,13.9));
#11398=CARTESIAN_POINT('',(12.3000001847744,-11.9000000819564,6.75));
#11399=CARTESIAN_POINT('Origin',(-1.59999982267618,-7.90000002235174,13.4999999925494));
#11400=CARTESIAN_POINT('',(12.3000001847744,-7.90000002235174,13.9));
#11401=CARTESIAN_POINT('',(5.27500017732382,-7.90000002235174,13.9));
#11402=CARTESIAN_POINT('',(12.3000001847744,-7.90000002235174,6.74999999627471));
#11403=CARTESIAN_POINT('Origin',(-1.59999982267618,-8.60000002980232,14.));
#11404=CARTESIAN_POINT('',(12.3000001847744,-8.60000002980232,13.9));
#11405=CARTESIAN_POINT('',(12.3000001847744,-8.60000002980232,7.));
#11406=CARTESIAN_POINT('',(5.27500017732382,-8.60000002980232,13.9));
#11407=CARTESIAN_POINT('Origin',(-1.59999982267618,-3.90000005960464,13.5));
#11408=CARTESIAN_POINT('',(12.3000001847744,-3.90000005960464,13.9));
#11409=CARTESIAN_POINT('',(5.27500017732382,-3.90000005960465,13.9));
#11410=CARTESIAN_POINT('',(12.3000001847744,-3.90000005960465,6.75));
#11411=CARTESIAN_POINT('Origin',(-1.59999982267618,-4.60000006705523,14.));
#11412=CARTESIAN_POINT('',(12.3000001847744,-4.60000006705523,13.9));
#11413=CARTESIAN_POINT('',(12.3000001847744,-4.60000006705523,7.));
#11414=CARTESIAN_POINT('',(5.27500017732382,-4.60000006705523,13.9));
#11415=CARTESIAN_POINT('Origin',(-1.59999982267618,0.1,13.5));
#11416=CARTESIAN_POINT('',(12.3000001847744,0.0999999999999999,13.9));
#11417=CARTESIAN_POINT('',(5.27500017732382,0.0999999999999996,13.9));
#11418=CARTESIAN_POINT('',(12.3000001847744,0.1,6.75));
#11419=CARTESIAN_POINT('Origin',(-1.59999982267618,-0.600000007450581,14.));
#11420=CARTESIAN_POINT('',(12.3000001847744,-0.60000000745058,13.9));
#11421=CARTESIAN_POINT('',(12.3000001847744,-0.600000007450581,7.));
#11422=CARTESIAN_POINT('',(5.27500017732382,-0.60000000745058,13.9));
#11423=CARTESIAN_POINT('Origin',(-1.59999982267618,-1.90000002980232,13.5));
#11424=CARTESIAN_POINT('',(12.3000001847744,-1.90000002980232,13.9));
#11425=CARTESIAN_POINT('',(5.27500017732382,-1.90000002980232,13.9));
#11426=CARTESIAN_POINT('',(12.3000001847744,-1.90000002980232,6.75));
#11427=CARTESIAN_POINT('Origin',(-1.59999982267618,-2.6000000372529,14.));
#11428=CARTESIAN_POINT('',(12.3000001847744,-2.6000000372529,13.9));
#11429=CARTESIAN_POINT('',(12.3000001847744,-2.6000000372529,7.));
#11430=CARTESIAN_POINT('',(5.27500017732382,-2.6000000372529,13.9));
#11431=CARTESIAN_POINT('Origin',(-1.59999982267618,-5.89999999254942,13.5));
#11432=CARTESIAN_POINT('',(12.3000001847744,-5.89999999254942,13.9));
#11433=CARTESIAN_POINT('',(5.27500017732382,-5.89999999254942,13.9));
#11434=CARTESIAN_POINT('',(12.3000001847744,-5.89999999254942,6.75));
#11435=CARTESIAN_POINT('Origin',(-1.59999982267618,-6.6,14.));
#11436=CARTESIAN_POINT('',(12.3000001847744,-6.6,13.9));
#11437=CARTESIAN_POINT('',(12.3000001847744,-6.6,7.));
#11438=CARTESIAN_POINT('',(5.27500017732382,-6.6,13.9));
#11439=CARTESIAN_POINT('Origin',(-1.59999982267618,-9.90000005215406,13.5));
#11440=CARTESIAN_POINT('',(12.3000001847744,-9.90000005215406,13.9));
#11441=CARTESIAN_POINT('',(5.27500017732382,-9.90000005215406,13.9));
#11442=CARTESIAN_POINT('',(12.3000001847744,-9.90000005215406,6.75));
#11443=CARTESIAN_POINT('Origin',(-1.59999982267618,-10.6000000596046,14.));
#11444=CARTESIAN_POINT('',(12.3000001847744,-10.6000000596046,13.9));
#11445=CARTESIAN_POINT('',(12.3000001847744,-10.6000000596046,7.));
#11446=CARTESIAN_POINT('',(5.27500017732382,-10.6000000596046,13.9));
#11447=CARTESIAN_POINT('Origin',(-1.59999982267618,-10.9000000670552,13.5));
#11448=CARTESIAN_POINT('',(12.3000001847744,-10.9000000670552,13.9));
#11449=CARTESIAN_POINT('',(5.27500017732382,-10.9000000670552,13.9));
#11450=CARTESIAN_POINT('',(12.3000001847744,-10.9000000670552,6.75));
#11451=CARTESIAN_POINT('Origin',(-1.59999982267618,-11.6000000745058,14.));
#11452=CARTESIAN_POINT('',(12.3000001847744,-11.6000000745058,13.9));
#11453=CARTESIAN_POINT('',(12.3000001847744,-11.6000000745058,7.));
#11454=CARTESIAN_POINT('',(5.27500017732382,-11.6000000745058,13.9));
#11455=CARTESIAN_POINT('Origin',(-1.59999982267618,-6.90000000745058,13.4999999925494));
#11456=CARTESIAN_POINT('',(12.3000001847744,-6.90000000745058,13.9));
#11457=CARTESIAN_POINT('',(5.27500017732382,-6.90000000745058,13.9));
#11458=CARTESIAN_POINT('',(12.3000001847744,-6.90000000745058,6.74999999627471));
#11459=CARTESIAN_POINT('Origin',(-1.59999982267618,-7.60000001490116,14.));
#11460=CARTESIAN_POINT('',(12.3000001847744,-7.60000001490116,13.9));
#11461=CARTESIAN_POINT('',(12.3000001847744,-7.60000001490116,7.));
#11462=CARTESIAN_POINT('',(5.27500017732382,-7.60000001490116,13.9));
#11463=CARTESIAN_POINT('Origin',(-1.59999982267618,-2.90000004470348,13.5));
#11464=CARTESIAN_POINT('',(12.3000001847744,-2.90000004470348,13.9));
#11465=CARTESIAN_POINT('',(5.27500017732382,-2.90000004470348,13.9));
#11466=CARTESIAN_POINT('',(12.3000001847744,-2.90000004470348,6.75));
#11467=CARTESIAN_POINT('Origin',(-1.59999982267618,-3.60000005215406,14.));
#11468=CARTESIAN_POINT('',(12.3000001847744,-3.60000005215406,13.9));
#11469=CARTESIAN_POINT('',(12.3000001847744,-3.60000005215406,7.));
#11470=CARTESIAN_POINT('',(5.27500017732382,-3.60000005215406,13.9));
#11471=CARTESIAN_POINT('Origin',(12.1500001773238,-5.99999998509884,13.9));
#11472=CARTESIAN_POINT('',(12.3000001847744,0.400000014901161,13.9));
#11473=CARTESIAN_POINT('',(12.2750001773238,0.400000014901161,13.9));
#11474=CARTESIAN_POINT('',(12.3000001847744,-3.24999999627471,13.9));
#11475=CARTESIAN_POINT('Origin',(12.1500001773238,-5.99999998509884,13.9));
#11476=CARTESIAN_POINT('',(12.3000001847744,-3.24999999627471,13.9));
#11477=CARTESIAN_POINT('Origin',(12.1500001773238,-5.99999998509884,13.9));
#11478=CARTESIAN_POINT('',(12.3000001847744,-3.24999999627471,13.9));
#11479=CARTESIAN_POINT('Origin',(12.1500001773238,-5.99999998509884,13.9));
#11480=CARTESIAN_POINT('',(12.3000001847744,-3.24999999627471,13.9));
#11481=CARTESIAN_POINT('Origin',(12.1500001773238,-5.99999998509884,13.9));
#11482=CARTESIAN_POINT('',(12.3000001847744,-3.24999999627471,13.9));
#11483=CARTESIAN_POINT('Origin',(12.1500001773238,-5.99999998509884,13.9));
#11484=CARTESIAN_POINT('',(12.3000001847744,-3.24999999627471,13.9));
#11485=CARTESIAN_POINT('Origin',(12.1500001773238,-5.99999998509884,13.9));
#11486=CARTESIAN_POINT('',(12.3000001847744,-3.24999999627471,13.9));
#11487=CARTESIAN_POINT('Origin',(12.1500001773238,-5.99999998509884,13.9));
#11488=CARTESIAN_POINT('',(12.3000001847744,-3.24999999627471,13.9));
#11489=CARTESIAN_POINT('Origin',(12.1500001773238,-5.99999998509884,13.9));
#11490=CARTESIAN_POINT('',(12.3000001847744,-3.24999999627471,13.9));
#11491=CARTESIAN_POINT('Origin',(12.1500001773238,-5.99999998509884,13.9));
#11492=CARTESIAN_POINT('',(12.3000001847744,-3.24999999627471,13.9));
#11493=CARTESIAN_POINT('Origin',(12.1500001773238,-5.99999998509884,13.9));
#11494=CARTESIAN_POINT('',(12.3000001847744,-3.24999999627471,13.9));
#11495=CARTESIAN_POINT('Origin',(12.1500001773238,-5.99999998509884,13.9));
#11496=CARTESIAN_POINT('',(12.3000001847744,-3.24999999627471,13.9));
#11497=CARTESIAN_POINT('Origin',(12.1500001773238,-5.99999998509884,13.9));
#11498=CARTESIAN_POINT('',(12.3000001847744,-3.24999999627471,13.9));
#11499=CARTESIAN_POINT('Origin',(12.3000001847744,-0.500000007450581,0.));
#11500=CARTESIAN_POINT('',(12.3000001847744,0.400000014901161,13.4));
#11501=CARTESIAN_POINT('',(12.3000001847744,0.400000014901161,6.75));
#11502=CARTESIAN_POINT('',(12.3000001847744,0.900000014901161,13.4));
#11503=CARTESIAN_POINT('',(12.3000001847744,0.24999999627471,13.4));
#11504=CARTESIAN_POINT('',(12.3000001847744,0.900000014901161,13.1));
#11505=CARTESIAN_POINT('',(12.3000001847744,0.900000014901161,0.25));
#11506=CARTESIAN_POINT('',(12.3000001847744,-3.72529029846191E-9,13.1));
#11507=CARTESIAN_POINT('',(12.3000001847744,0.900000014901161,12.4));
#11508=CARTESIAN_POINT('',(12.3000001847744,0.24999999627471,12.4));
#11509=CARTESIAN_POINT('',(12.3000001847744,0.900000014901161,12.1));
#11510=CARTESIAN_POINT('',(12.3000001847744,0.900000014901161,0.25));
#11511=CARTESIAN_POINT('',(12.3000001847744,-3.72529029846191E-9,12.1));
#11512=CARTESIAN_POINT('',(12.3000001847744,0.900000014901161,11.4));
#11513=CARTESIAN_POINT('',(12.3000001847744,0.24999999627471,11.4));
#11514=CARTESIAN_POINT('',(12.3000001847744,0.900000014901161,11.1));
#11515=CARTESIAN_POINT('',(12.3000001847744,0.900000014901161,0.25));
#11516=CARTESIAN_POINT('',(12.3000001847744,-3.72529029846191E-9,11.1));
#11517=CARTESIAN_POINT('',(12.3000001847744,0.900000014901161,10.4));
#11518=CARTESIAN_POINT('',(12.3000001847744,0.24999999627471,10.4));
#11519=CARTESIAN_POINT('',(12.3000001847744,0.900000014901161,10.1));
#11520=CARTESIAN_POINT('',(12.3000001847744,0.900000014901161,0.25));
#11521=CARTESIAN_POINT('',(12.3000001847744,-3.72529029846191E-9,10.1));
#11522=CARTESIAN_POINT('',(12.3000001847744,0.900000014901161,9.40000014156103));
#11523=CARTESIAN_POINT('',(12.3000001847744,0.25000000372529,9.40000014156103));
#11524=CARTESIAN_POINT('',(12.3000001847744,0.900000014901161,9.10000013411045));
#11525=CARTESIAN_POINT('',(12.3000001847744,0.900000014901161,0.25));
#11526=CARTESIAN_POINT('',(12.3000001847744,0.,9.10000013411045));
#11527=CARTESIAN_POINT('',(12.3000001847744,0.900000014901161,8.40000012665987));
#11528=CARTESIAN_POINT('',(12.3000001847744,0.25000000372529,8.40000012665987));
#11529=CARTESIAN_POINT('',(12.3000001847744,0.900000014901161,8.10000011920929));
#11530=CARTESIAN_POINT('',(12.3000001847744,0.900000014901161,0.25));
#11531=CARTESIAN_POINT('',(12.3000001847744,0.,8.10000011920929));
#11532=CARTESIAN_POINT('',(12.3000001847744,0.900000014901161,7.4));
#11533=CARTESIAN_POINT('',(12.3000001847744,0.24999999627471,7.4));
#11534=CARTESIAN_POINT('',(12.3000001847744,0.900000014901161,7.1));
#11535=CARTESIAN_POINT('',(12.3000001847744,0.900000014901161,0.25));
#11536=CARTESIAN_POINT('',(12.3000001847744,-3.72529029846191E-9,7.1));
#11537=CARTESIAN_POINT('',(12.3000001847744,0.900000014901161,6.4));
#11538=CARTESIAN_POINT('',(12.3000001847744,0.24999999627471,6.4));
#11539=CARTESIAN_POINT('',(12.3000001847744,0.900000014901161,6.1));
#11540=CARTESIAN_POINT('',(12.3000001847744,0.900000014901161,0.25));
#11541=CARTESIAN_POINT('',(12.3000001847744,-3.72529029846191E-9,6.1));
#11542=CARTESIAN_POINT('',(12.3000001847744,0.900000014901161,5.4));
#11543=CARTESIAN_POINT('',(12.3000001847744,0.24999999627471,5.4));
#11544=CARTESIAN_POINT('',(12.3000001847744,0.900000014901161,5.1));
#11545=CARTESIAN_POINT('',(12.3000001847744,0.900000014901161,0.25));
#11546=CARTESIAN_POINT('',(12.3000001847744,-3.72529029846191E-9,5.1));
#11547=CARTESIAN_POINT('',(12.3000001847744,0.900000014901161,4.4));
#11548=CARTESIAN_POINT('',(12.3000001847744,0.24999999627471,4.4));
#11549=CARTESIAN_POINT('',(12.3000001847744,0.900000014901161,4.1));
#11550=CARTESIAN_POINT('',(12.3000001847744,0.900000014901161,0.25));
#11551=CARTESIAN_POINT('',(12.3000001847744,-3.72529029846191E-9,4.1));
#11552=CARTESIAN_POINT('',(12.3000001847744,0.900000014901161,3.4));
#11553=CARTESIAN_POINT('',(12.3000001847744,0.24999999627471,3.4));
#11554=CARTESIAN_POINT('',(12.3000001847744,0.900000014901161,3.1));
#11555=CARTESIAN_POINT('',(12.3000001847744,0.900000014901161,0.25));
#11556=CARTESIAN_POINT('',(12.3000001847744,-3.72529029846191E-9,3.1));
#11557=CARTESIAN_POINT('',(12.3000001847744,0.900000014901161,2.4));
#11558=CARTESIAN_POINT('',(12.3000001847744,0.24999999627471,2.4));
#11559=CARTESIAN_POINT('',(12.3000001847744,0.900000014901161,2.1));
#11560=CARTESIAN_POINT('',(12.3000001847744,0.900000014901161,0.25));
#11561=CARTESIAN_POINT('',(12.3000001847744,-3.72529029846191E-9,2.1));
#11562=CARTESIAN_POINT('',(12.3000001847744,0.900000014901161,1.4));
#11563=CARTESIAN_POINT('',(12.3000001847744,0.24999999627471,1.4));
#11564=CARTESIAN_POINT('',(12.3000001847744,0.900000014901161,1.1));
#11565=CARTESIAN_POINT('',(12.3000001847744,0.900000014901161,0.25));
#11566=CARTESIAN_POINT('',(12.3000001847744,-3.72529029846191E-9,1.1));
#11567=CARTESIAN_POINT('',(12.3000001847744,-0.1,0.1));
#11568=CARTESIAN_POINT('',(12.3000001847744,-0.1,0.));
#11569=CARTESIAN_POINT('',(12.3000001847744,-0.400000007450581,0.1));
#11570=CARTESIAN_POINT('',(12.3000001847744,-0.375000005587935,0.1));
#11571=CARTESIAN_POINT('',(12.3000001847744,-0.400000007450581,0.6));
#11572=CARTESIAN_POINT('',(12.3000001847744,-0.400000007450581,0.));
#11573=CARTESIAN_POINT('',(12.3000001847744,-1.10000001490116,0.6));
#11574=CARTESIAN_POINT('',(12.3000001847744,-3.24999999627471,0.6));
#11575=CARTESIAN_POINT('',(12.3000001847744,-1.10000001490116,0.1));
#11576=CARTESIAN_POINT('',(12.3000001847744,-1.10000001490116,0.));
#11577=CARTESIAN_POINT('',(12.3000001847744,-1.40000002235174,0.1));
#11578=CARTESIAN_POINT('',(12.3000001847744,-0.875000013038516,0.1));
#11579=CARTESIAN_POINT('',(12.3000001847744,-1.40000002235174,0.6));
#11580=CARTESIAN_POINT('',(12.3000001847744,-1.40000002235174,0.));
#11581=CARTESIAN_POINT('',(12.3000001847744,-2.10000002980232,0.6));
#11582=CARTESIAN_POINT('',(12.3000001847744,-3.24999999627471,0.6));
#11583=CARTESIAN_POINT('',(12.3000001847744,-2.10000002980232,0.1));
#11584=CARTESIAN_POINT('',(12.3000001847744,-2.10000002980232,0.));
#11585=CARTESIAN_POINT('',(12.3000001847744,-2.4000000372529,0.1));
#11586=CARTESIAN_POINT('',(12.3000001847744,-1.3750000204891,0.1));
#11587=CARTESIAN_POINT('',(12.3000001847744,-2.4000000372529,0.6));
#11588=CARTESIAN_POINT('',(12.3000001847744,-2.4000000372529,0.));
#11589=CARTESIAN_POINT('',(12.3000001847744,-3.10000004470348,0.6));
#11590=CARTESIAN_POINT('',(12.3000001847744,-3.24999999627471,0.6));
#11591=CARTESIAN_POINT('',(12.3000001847744,-3.10000004470348,0.1));
#11592=CARTESIAN_POINT('',(12.3000001847744,-3.10000004470348,0.));
#11593=CARTESIAN_POINT('',(12.3000001847744,-3.40000005215406,0.1));
#11594=CARTESIAN_POINT('',(12.3000001847744,-1.87500002793968,0.1));
#11595=CARTESIAN_POINT('',(12.3000001847744,-3.40000005215406,0.));
#11596=CARTESIAN_POINT('',(12.3000001847744,-4.10000005960464,0.1));
#11597=CARTESIAN_POINT('',(12.3000001847744,-4.10000005960464,0.));
#11598=CARTESIAN_POINT('',(12.3000001847744,-4.40000006705523,0.1));
#11599=CARTESIAN_POINT('',(12.3000001847744,-2.37500003539026,0.1));
#11600=CARTESIAN_POINT('',(12.3000001847744,-4.40000006705523,0.6));
#11601=CARTESIAN_POINT('',(12.3000001847744,-4.40000006705523,0.));
#11602=CARTESIAN_POINT('',(12.3000001847744,-5.10000007450581,0.6));
#11603=CARTESIAN_POINT('',(12.3000001847744,-3.24999999627471,0.6));
#11604=CARTESIAN_POINT('',(12.3000001847744,-5.10000007450581,0.1));
#11605=CARTESIAN_POINT('',(12.3000001847744,-5.10000007450581,0.));
#11606=CARTESIAN_POINT('',(12.3000001847744,-5.40000008195639,0.1));
#11607=CARTESIAN_POINT('',(12.3000001847744,-2.87500004284084,0.1));
#11608=CARTESIAN_POINT('',(12.3000001847744,-5.40000008195639,0.6));
#11609=CARTESIAN_POINT('',(12.3000001847744,-5.40000008195639,0.));
#11610=CARTESIAN_POINT('',(12.3000001847744,-6.10000008940697,0.6));
#11611=CARTESIAN_POINT('',(12.3000001847744,-3.24999999627471,0.6));
#11612=CARTESIAN_POINT('',(12.3000001847744,-6.10000008940697,0.1));
#11613=CARTESIAN_POINT('',(12.3000001847744,-6.10000008940697,0.));
#11614=CARTESIAN_POINT('',(12.3000001847744,-6.40000009685755,0.1));
#11615=CARTESIAN_POINT('',(12.3000001847744,-3.37500005029142,0.1));
#11616=CARTESIAN_POINT('',(12.3000001847744,-6.40000009685755,0.6));
#11617=CARTESIAN_POINT('',(12.3000001847744,-6.40000009685755,0.));
#11618=CARTESIAN_POINT('',(12.3000001847744,-7.10000010430813,0.6));
#11619=CARTESIAN_POINT('',(12.3000001847744,-3.24999999627471,0.6));
#11620=CARTESIAN_POINT('',(12.3000001847744,-7.10000010430813,0.1));
#11621=CARTESIAN_POINT('',(12.3000001847744,-7.10000010430813,0.));
#11622=CARTESIAN_POINT('',(12.3000001847744,-7.40000011175871,0.1));
#11623=CARTESIAN_POINT('',(12.3000001847744,-3.875000057742,0.1));
#11624=CARTESIAN_POINT('',(12.3000001847744,-7.40000011175871,0.6));
#11625=CARTESIAN_POINT('',(12.3000001847744,-7.40000011175871,0.));
#11626=CARTESIAN_POINT('',(12.3000001847744,-8.10000011920929,0.6));
#11627=CARTESIAN_POINT('',(12.3000001847744,-3.24999999627471,0.6));
#11628=CARTESIAN_POINT('',(12.3000001847744,-8.10000011920929,0.1));
#11629=CARTESIAN_POINT('',(12.3000001847744,-8.10000011920929,0.));
#11630=CARTESIAN_POINT('',(12.3000001847744,-8.40000012665987,0.1));
#11631=CARTESIAN_POINT('',(12.3000001847744,-4.37500006519258,0.1));
#11632=CARTESIAN_POINT('',(12.3000001847744,-8.40000012665987,0.6));
#11633=CARTESIAN_POINT('',(12.3000001847744,-8.40000012665987,0.));
#11634=CARTESIAN_POINT('',(12.3000001847744,-9.10000013411045,0.6));
#11635=CARTESIAN_POINT('',(12.3000001847744,-3.24999999627471,0.6));
#11636=CARTESIAN_POINT('',(12.3000001847744,-9.10000013411045,0.1));
#11637=CARTESIAN_POINT('',(12.3000001847744,-9.10000013411045,0.));
#11638=CARTESIAN_POINT('',(12.3000001847744,-9.40000014156103,0.1));
#11639=CARTESIAN_POINT('',(12.3000001847744,-4.87500007264316,0.1));
#11640=CARTESIAN_POINT('',(12.3000001847744,-9.40000014156103,0.6));
#11641=CARTESIAN_POINT('',(12.3000001847744,-9.40000014156103,0.));
#11642=CARTESIAN_POINT('',(12.3000001847744,-10.1000001490116,0.6));
#11643=CARTESIAN_POINT('',(12.3000001847744,-3.24999999627471,0.6));
#11644=CARTESIAN_POINT('',(12.3000001847744,-10.1000001490116,0.1));
#11645=CARTESIAN_POINT('',(12.3000001847744,-10.1000001490116,0.));
#11646=CARTESIAN_POINT('',(12.3000001847744,-10.4000001564622,0.1));
#11647=CARTESIAN_POINT('',(12.3000001847744,-5.37500008009374,0.1));
#11648=CARTESIAN_POINT('',(12.3000001847744,-10.4000001564622,0.6));
#11649=CARTESIAN_POINT('',(12.3000001847744,-10.4000001564622,0.));
#11650=CARTESIAN_POINT('',(12.3000001847744,-11.1000001639128,0.6));
#11651=CARTESIAN_POINT('',(12.3000001847744,-3.24999999627471,0.6));
#11652=CARTESIAN_POINT('',(12.3000001847744,-11.1000001639128,0.1));
#11653=CARTESIAN_POINT('',(12.3000001847744,-11.1000001639128,0.));
#11654=CARTESIAN_POINT('',(12.3000001847744,-11.4000001713634,0.1));
#11655=CARTESIAN_POINT('',(12.3000001847744,-5.87500008754432,0.1));
#11656=CARTESIAN_POINT('',(12.3000001847744,-11.4000001713634,0.6));
#11657=CARTESIAN_POINT('',(12.3000001847744,-11.4000001713634,0.));
#11658=CARTESIAN_POINT('',(12.3000001847744,-12.1000001788139,0.6));
#11659=CARTESIAN_POINT('',(12.3000001847744,-3.24999999627471,0.6));
#11660=CARTESIAN_POINT('',(12.3000001847744,-12.1000001788139,0.1));
#11661=CARTESIAN_POINT('',(12.3000001847744,-12.1000001788139,0.));
#11662=CARTESIAN_POINT('',(12.3000001847744,-12.4000001862645,0.1));
#11663=CARTESIAN_POINT('',(12.3000001847744,-6.3750000949949,0.1));
#11664=CARTESIAN_POINT('',(12.3000001847744,-12.4000001862645,0.6));
#11665=CARTESIAN_POINT('',(12.3000001847744,-12.4000001862645,0.));
#11666=CARTESIAN_POINT('',(12.3000001847744,-12.8999999850988,0.6));
#11667=CARTESIAN_POINT('',(12.3000001847744,-3.24999999627471,0.6));
#11668=CARTESIAN_POINT('',(12.3000001847744,-12.8999999850988,0.25));
#11669=CARTESIAN_POINT('Origin',(12.4000001773238,0.5,12.1));
#11670=CARTESIAN_POINT('',(12.4000001773238,0.900000014901161,12.1));
#11671=CARTESIAN_POINT('Origin',(12.4000001773238,1.,11.4));
#11672=CARTESIAN_POINT('',(12.4000001773238,0.900000014901161,11.4));
#11673=CARTESIAN_POINT('Origin',(12.4000001773238,0.500000007450581,8.10000011920929));
#11674=CARTESIAN_POINT('',(12.4000001773238,0.900000014901161,8.10000011920929));
#11675=CARTESIAN_POINT('Origin',(12.4000001773238,1.,7.4));
#11676=CARTESIAN_POINT('',(12.4000001773238,0.900000014901161,7.4));
#11677=CARTESIAN_POINT('Origin',(12.4000001773238,1.,3.4));
#11678=CARTESIAN_POINT('',(12.4000001773238,0.900000014901161,3.4));
#11679=CARTESIAN_POINT('Origin',(12.4000001773238,0.5,4.1));
#11680=CARTESIAN_POINT('',(12.4000001773238,0.900000014901161,4.1));
#11681=CARTESIAN_POINT('Origin',(12.4000001773238,0.5,1.1));
#11682=CARTESIAN_POINT('',(12.4000001773238,0.900000014901161,1.1));
#11683=CARTESIAN_POINT('Origin',(12.4000001773238,1.,4.4));
#11684=CARTESIAN_POINT('',(12.4000001773238,0.900000014901161,4.4));
#11685=CARTESIAN_POINT('Origin',(12.4000001773238,0.5,5.1));
#11686=CARTESIAN_POINT('',(12.4000001773238,0.900000014901161,5.1));
#11687=CARTESIAN_POINT('Origin',(12.4000001773238,0.500000007450581,9.10000013411045));
#11688=CARTESIAN_POINT('',(12.4000001773238,0.900000014901161,9.10000013411045));
#11689=CARTESIAN_POINT('Origin',(12.4000001773238,1.00000001490116,8.40000012665987));
#11690=CARTESIAN_POINT('',(12.4000001773238,0.900000014901161,8.40000012665987));
#11691=CARTESIAN_POINT('Origin',(12.4000001773238,0.5,13.1));
#11692=CARTESIAN_POINT('',(12.4000001773238,0.900000014901161,13.1));
#11693=CARTESIAN_POINT('Origin',(12.4000001773238,1.,12.4));
#11694=CARTESIAN_POINT('',(12.4000001773238,0.900000014901161,12.4));
#11695=CARTESIAN_POINT('Origin',(12.4000001773238,0.5,11.1));
#11696=CARTESIAN_POINT('',(12.4000001773238,0.900000014901161,11.1));
#11697=CARTESIAN_POINT('Origin',(12.4000001773238,1.,10.4));
#11698=CARTESIAN_POINT('',(12.4000001773238,0.900000014901161,10.4));
#11699=CARTESIAN_POINT('Origin',(12.4000001773238,1.,6.4));
#11700=CARTESIAN_POINT('',(12.4000001773238,0.900000014901161,6.4));
#11701=CARTESIAN_POINT('Origin',(12.4000001773238,0.5,7.1));
#11702=CARTESIAN_POINT('',(12.4000001773238,0.900000014901161,7.1));
#11703=CARTESIAN_POINT('Origin',(12.4000001773238,1.,2.4));
#11704=CARTESIAN_POINT('',(12.4000001773238,0.900000014901161,2.4));
#11705=CARTESIAN_POINT('Origin',(12.4000001773238,0.5,3.1));
#11706=CARTESIAN_POINT('',(12.4000001773238,0.900000014901161,3.1));
#11707=CARTESIAN_POINT('Origin',(12.4000001773238,1.,1.4));
#11708=CARTESIAN_POINT('',(12.4000001773238,0.900000014901161,1.4));
#11709=CARTESIAN_POINT('Origin',(12.4000001773238,0.5,2.1));
#11710=CARTESIAN_POINT('',(12.4000001773238,0.900000014901161,2.1));
#11711=CARTESIAN_POINT('Origin',(12.4000001773238,1.,5.4));
#11712=CARTESIAN_POINT('',(12.4000001773238,0.900000014901161,5.4));
#11713=CARTESIAN_POINT('Origin',(12.4000001773238,0.5,6.1));
#11714=CARTESIAN_POINT('',(12.4000001773238,0.900000014901161,6.1));
#11715=CARTESIAN_POINT('Origin',(12.4000001773238,0.5,10.1));
#11716=CARTESIAN_POINT('',(12.4000001773238,0.900000014901161,10.1));
#11717=CARTESIAN_POINT('Origin',(12.4000001773238,1.00000001490116,9.40000014156103));
#11718=CARTESIAN_POINT('',(12.4000001773238,0.900000014901161,9.40000014156103));
#11719=CARTESIAN_POINT('Origin',(12.4000001773238,0.400000014901161,13.5));
#11720=CARTESIAN_POINT('',(12.4000001773238,0.400000014901161,13.4));
#11721=CARTESIAN_POINT('Origin',(12.4000001773238,1.,13.4));
#11722=CARTESIAN_POINT('',(12.4000001773238,0.900000014901161,13.4));
#11723=CARTESIAN_POINT('Origin',(12.4000001773238,0.900000014901161,0.5));
#11724=CARTESIAN_POINT('Origin',(12.4000001773238,0.900000014901161,0.5));
#11725=CARTESIAN_POINT('Origin',(12.4000001773238,0.900000014901161,0.5));
#11726=CARTESIAN_POINT('Origin',(12.4000001773238,0.900000014901161,0.5));
#11727=CARTESIAN_POINT('Origin',(12.4000001773238,0.900000014901161,0.5));
#11728=CARTESIAN_POINT('Origin',(12.4000001773238,0.900000014901161,0.5));
#11729=CARTESIAN_POINT('Origin',(12.4000001773238,0.900000014901161,0.5));
#11730=CARTESIAN_POINT('Origin',(12.4000001773238,0.900000014901161,0.5));
#11731=CARTESIAN_POINT('Origin',(12.4000001773238,0.900000014901161,0.5));
#11732=CARTESIAN_POINT('Origin',(12.4000001773238,0.900000014901161,0.5));
#11733=CARTESIAN_POINT('Origin',(12.4000001773238,0.900000014901161,0.5));
#11734=CARTESIAN_POINT('Origin',(12.4000001773238,0.900000014901161,0.5));
#11735=CARTESIAN_POINT('Origin',(12.1500001773238,-5.99999998509884,0.6));
#11736=CARTESIAN_POINT('',(12.0250001773238,-12.4000001862645,0.6));
#11737=CARTESIAN_POINT('',(12.0250001773238,-12.8999999850988,0.6));
#11738=CARTESIAN_POINT('Origin',(12.1500001773238,-5.99999998509884,0.6));
#11739=CARTESIAN_POINT('',(12.0250001773238,-2.4000000372529,0.6));
#11740=CARTESIAN_POINT('',(12.2750001810491,-3.10000004470348,0.6));
#11741=CARTESIAN_POINT('Origin',(12.1500001773238,-5.99999998509884,0.6));
#11742=CARTESIAN_POINT('',(12.0250001773238,-0.400000007450581,0.6));
#11743=CARTESIAN_POINT('',(12.2750001810491,-1.10000001490116,0.6));
#11744=CARTESIAN_POINT('Origin',(12.1500001773238,-5.99999998509884,0.6));
#11745=CARTESIAN_POINT('',(12.0250001773238,-11.4000001713634,0.6));
#11746=CARTESIAN_POINT('',(12.2750001810491,-12.1000001788139,0.6));
#11747=CARTESIAN_POINT('Origin',(12.1500001773238,-5.99999998509884,0.6));
#11748=CARTESIAN_POINT('',(12.0250001773238,-8.40000012665987,0.6));
#11749=CARTESIAN_POINT('',(12.2750001810491,-9.10000013411045,0.6));
#11750=CARTESIAN_POINT('Origin',(12.1500001773238,-5.99999998509884,0.6));
#11751=CARTESIAN_POINT('',(12.0250001773238,-6.40000009685755,0.6));
#11752=CARTESIAN_POINT('',(12.2750001810491,-7.10000010430813,0.6));
#11753=CARTESIAN_POINT('Origin',(12.1500001773238,-5.99999998509884,0.6));
#11754=CARTESIAN_POINT('',(12.0250001773238,-4.40000006705523,0.6));
#11755=CARTESIAN_POINT('',(12.2750001810491,-5.10000007450581,0.6));
#11756=CARTESIAN_POINT('Origin',(12.1500001773238,-5.99999998509884,0.6));
#11757=CARTESIAN_POINT('',(12.2750001810491,-2.10000002980232,0.6));
#11758=CARTESIAN_POINT('',(12.0250001773238,-1.40000002235174,0.6));
#11759=CARTESIAN_POINT('Origin',(12.1500001773238,-5.99999998509884,0.6));
#11760=CARTESIAN_POINT('',(12.2750001810491,-8.10000011920929,0.6));
#11761=CARTESIAN_POINT('',(12.0250001773238,-7.40000011175871,0.6));
#11762=CARTESIAN_POINT('Origin',(12.1500001773238,-5.99999998509884,0.6));
#11763=CARTESIAN_POINT('',(12.0250001773238,-10.4000001564622,0.6));
#11764=CARTESIAN_POINT('',(12.2750001810491,-11.1000001639128,0.6));
#11765=CARTESIAN_POINT('Origin',(12.1500001773238,-5.99999998509884,0.6));
#11766=CARTESIAN_POINT('',(12.2750001810491,-10.1000001490116,0.6));
#11767=CARTESIAN_POINT('',(12.0250001773238,-9.40000014156103,0.6));
#11768=CARTESIAN_POINT('Origin',(12.1500001773238,-5.99999998509884,0.6));
#11769=CARTESIAN_POINT('',(12.2750001810491,-6.10000008940697,0.6));
#11770=CARTESIAN_POINT('',(12.0250001773238,-5.40000008195639,0.6));
#11771=CARTESIAN_POINT('Origin',(11.9000001773238,-12.8999999850988,0.5));
#11772=CARTESIAN_POINT('Origin',(12.4000001773238,0.900000014901161,0.5));
#11773=CARTESIAN_POINT('Origin',(11.9000001773238,-3.40000005215406,0.));
#11774=CARTESIAN_POINT('',(12.0250001791865,-3.40000005215406,0.1));
#11775=CARTESIAN_POINT('Origin',(12.4000001847744,-3.10000004470348,0.));
#11776=CARTESIAN_POINT('',(12.2750001829118,-3.10000004470348,0.1));
#11777=CARTESIAN_POINT('Origin',(12.1500001810491,-3.25000004842877,0.1));
#11778=CARTESIAN_POINT('Origin',(11.9000001773238,-1.40000002235174,0.));
#11779=CARTESIAN_POINT('',(12.0250001791865,-1.40000002235174,0.1));
#11780=CARTESIAN_POINT('Origin',(12.4000001847744,-1.10000001490116,0.));
#11781=CARTESIAN_POINT('',(12.2750001829118,-1.10000001490116,0.1));
#11782=CARTESIAN_POINT('Origin',(12.1500001810491,-1.25000001862645,0.1));
#11783=CARTESIAN_POINT('Origin',(11.9000001773238,-12.4000001862645,0.));
#11784=CARTESIAN_POINT('',(12.0250001791865,-12.4000001862645,0.1));
#11785=CARTESIAN_POINT('Origin',(12.4000001847744,-12.1000001788139,0.));
#11786=CARTESIAN_POINT('',(12.2750001829118,-12.1000001788139,0.1));
#11787=CARTESIAN_POINT('Origin',(12.1500001810491,-12.2500001825392,0.1));
#11788=CARTESIAN_POINT('Origin',(11.9000001773238,-9.40000014156103,0.));
#11789=CARTESIAN_POINT('',(12.0250001791865,-9.40000014156103,0.1));
#11790=CARTESIAN_POINT('Origin',(12.4000001847744,-9.10000013411045,0.));
#11791=CARTESIAN_POINT('',(12.2750001829118,-9.10000013411045,0.1));
#11792=CARTESIAN_POINT('Origin',(12.1500001810491,-9.25000013783574,0.1));
#11793=CARTESIAN_POINT('Origin',(11.9000001773238,-7.40000011175871,0.));
#11794=CARTESIAN_POINT('',(12.0250001791865,-7.40000011175871,0.1));
#11795=CARTESIAN_POINT('Origin',(12.4000001847744,-7.10000010430813,0.));
#11796=CARTESIAN_POINT('',(12.2750001829118,-7.10000010430813,0.1));
#11797=CARTESIAN_POINT('Origin',(12.1500001810491,-7.25000010803342,0.1));
#11798=CARTESIAN_POINT('Origin',(11.9000001773238,-5.40000008195639,0.));
#11799=CARTESIAN_POINT('',(12.0250001791865,-5.40000008195639,0.1));
#11800=CARTESIAN_POINT('Origin',(12.4000001847744,-5.10000007450581,0.));
#11801=CARTESIAN_POINT('',(12.2750001829118,-5.10000007450581,0.1));
#11802=CARTESIAN_POINT('Origin',(12.1500001810491,-5.2500000782311,0.1));
#11803=CARTESIAN_POINT('Origin',(11.9000001773238,-4.40000006705523,0.));
#11804=CARTESIAN_POINT('',(12.0250001791865,-4.40000006705523,0.1));
#11805=CARTESIAN_POINT('Origin',(12.4000001847744,-4.10000005960464,0.));
#11806=CARTESIAN_POINT('',(12.2750001829118,-4.10000005960464,0.1));
#11807=CARTESIAN_POINT('Origin',(12.1500001810491,-4.25000006332994,0.1));
#11808=CARTESIAN_POINT('Origin',(11.9000001773238,-2.4000000372529,0.));
#11809=CARTESIAN_POINT('',(12.0250001791865,-2.4000000372529,0.1));
#11810=CARTESIAN_POINT('Origin',(12.4000001847744,-2.10000002980232,0.));
#11811=CARTESIAN_POINT('',(12.2750001829118,-2.10000002980232,0.1));
#11812=CARTESIAN_POINT('Origin',(12.1500001810491,-2.25000003352761,0.1));
#11813=CARTESIAN_POINT('Origin',(11.9000001773238,-8.40000012665987,0.));
#11814=CARTESIAN_POINT('',(12.0250001791865,-8.40000012665987,0.1));
#11815=CARTESIAN_POINT('Origin',(12.4000001847744,-8.10000011920929,0.));
#11816=CARTESIAN_POINT('',(12.2750001829118,-8.10000011920929,0.1));
#11817=CARTESIAN_POINT('Origin',(12.1500001810491,-8.25000012293458,0.1));
#11818=CARTESIAN_POINT('Origin',(11.9000001773238,-11.4000001713634,0.));
#11819=CARTESIAN_POINT('',(12.0250001791865,-11.4000001713634,0.1));
#11820=CARTESIAN_POINT('Origin',(12.4000001847744,-11.1000001639128,0.));
#11821=CARTESIAN_POINT('',(12.2750001829118,-11.1000001639128,0.1));
#11822=CARTESIAN_POINT('Origin',(12.1500001810491,-11.2500001676381,0.1));
#11823=CARTESIAN_POINT('Origin',(11.9000001773238,-10.4000001564622,0.));
#11824=CARTESIAN_POINT('',(12.0250001791865,-10.4000001564622,0.1));
#11825=CARTESIAN_POINT('Origin',(12.4000001847744,-10.1000001490116,0.));
#11826=CARTESIAN_POINT('',(12.2750001829118,-10.1000001490116,0.1));
#11827=CARTESIAN_POINT('Origin',(12.1500001810491,-10.2500001527369,0.1));
#11828=CARTESIAN_POINT('Origin',(11.9000001773238,-6.40000009685755,0.));
#11829=CARTESIAN_POINT('',(12.0250001791865,-6.40000009685755,0.1));
#11830=CARTESIAN_POINT('Origin',(12.4000001847744,-6.10000008940697,0.));
#11831=CARTESIAN_POINT('',(12.2750001829118,-6.10000008940697,0.1));
#11832=CARTESIAN_POINT('Origin',(12.1500001810491,-6.25000009313226,0.1));
#11833=CARTESIAN_POINT('Origin',(12.4000001847744,-0.1,0.));
#11834=CARTESIAN_POINT('',(12.2750001829118,-0.1,0.1));
#11835=CARTESIAN_POINT('Origin',(11.9000001773238,-0.400000007450581,0.));
#11836=CARTESIAN_POINT('',(12.0250001791865,-0.400000007450581,0.1));
#11837=CARTESIAN_POINT('Origin',(12.1500001810491,-0.25000000372529,0.1));
#11838=UNCERTAINTY_MEASURE_WITH_UNIT(LENGTH_MEASURE(0.001),#11842,
'DISTANCE_ACCURACY_VALUE',
'Maximum model space distance between geometric entities at asserted c
onnectivities');
#11839=UNCERTAINTY_MEASURE_WITH_UNIT(LENGTH_MEASURE(0.001),#11842,
'DISTANCE_ACCURACY_VALUE',
'Maximum model space distance between geometric entities at asserted c
onnectivities');
#11840=(
GEOMETRIC_REPRESENTATION_CONTEXT(3)
GLOBAL_UNCERTAINTY_ASSIGNED_CONTEXT((#11838))
GLOBAL_UNIT_ASSIGNED_CONTEXT((#11842,#11844,#11845))
REPRESENTATION_CONTEXT('','3D')
);
#11841=(
GEOMETRIC_REPRESENTATION_CONTEXT(3)
GLOBAL_UNCERTAINTY_ASSIGNED_CONTEXT((#11839))
GLOBAL_UNIT_ASSIGNED_CONTEXT((#11842,#11844,#11845))
REPRESENTATION_CONTEXT('','3D')
);
#11842=(
LENGTH_UNIT()
NAMED_UNIT(*)
SI_UNIT(.CENTI.,.METRE.)
);
#11843=(
LENGTH_UNIT()
NAMED_UNIT(*)
SI_UNIT($,.METRE.)
);
#11844=(
NAMED_UNIT(*)
PLANE_ANGLE_UNIT()
SI_UNIT($,.RADIAN.)
);
#11845=(
NAMED_UNIT(*)
SI_UNIT($,.STERADIAN.)
SOLID_ANGLE_UNIT()
);
#11846=SHAPE_DEFINITION_REPRESENTATION(#11847,#11848);
#11847=PRODUCT_DEFINITION_SHAPE('',$,#11850);
#11848=SHAPE_REPRESENTATION('',(#7498),#11840);
#11849=PRODUCT_DEFINITION_CONTEXT('part definition',#11854,'design');
#11850=PRODUCT_DEFINITION('2026-08-26-00-51-53-560','obroom',#11851,#11849);
#11851=PRODUCT_DEFINITION_FORMATION('',$,#11856);
#11852=PRODUCT_RELATED_PRODUCT_CATEGORY('obroom','obroom',(#11856));
#11853=APPLICATION_PROTOCOL_DEFINITION('international standard',
'automotive_design',2009,#11854);
#11854=APPLICATION_CONTEXT(
'Core Data for Automotive Mechanical Design Process');
#11855=PRODUCT_CONTEXT('part definition',#11854,'mechanical');
#11856=PRODUCT('2026-08-26-00-51-53-560','obroom',$,(#11855));
#11857=PRESENTATION_STYLE_ASSIGNMENT((#11864));
#11858=PRESENTATION_STYLE_ASSIGNMENT((#11865));
#11859=PRESENTATION_STYLE_ASSIGNMENT((#11866));
#11860=PRESENTATION_STYLE_ASSIGNMENT((#11867));
#11861=PRESENTATION_STYLE_ASSIGNMENT((#11868));
#11862=PRESENTATION_STYLE_ASSIGNMENT((#11869));
#11863=PRESENTATION_STYLE_ASSIGNMENT((#11870));
#11864=SURFACE_STYLE_USAGE(.BOTH.,#11871);
#11865=SURFACE_STYLE_USAGE(.BOTH.,#11872);
#11866=SURFACE_STYLE_USAGE(.BOTH.,#11873);
#11867=SURFACE_STYLE_USAGE(.BOTH.,#11874);
#11868=SURFACE_STYLE_USAGE(.BOTH.,#11875);
#11869=SURFACE_STYLE_USAGE(.BOTH.,#11876);
#11870=SURFACE_STYLE_USAGE(.BOTH.,#11877);
#11871=SURFACE_SIDE_STYLE('',(#11878));
#11872=SURFACE_SIDE_STYLE('',(#11879));
#11873=SURFACE_SIDE_STYLE('',(#11880));
#11874=SURFACE_SIDE_STYLE('',(#11881));
#11875=SURFACE_SIDE_STYLE('',(#11882));
#11876=SURFACE_SIDE_STYLE('',(#11883));
#11877=SURFACE_SIDE_STYLE('',(#11884));
#11878=SURFACE_STYLE_FILL_AREA(#11885);
#11879=SURFACE_STYLE_FILL_AREA(#11886);
#11880=SURFACE_STYLE_FILL_AREA(#11887);
#11881=SURFACE_STYLE_FILL_AREA(#11888);
#11882=SURFACE_STYLE_FILL_AREA(#11889);
#11883=SURFACE_STYLE_FILL_AREA(#11890);
#11884=SURFACE_STYLE_FILL_AREA(#11891);
#11885=FILL_AREA_STYLE('Steel - Satin',(#11892));
#11886=FILL_AREA_STYLE('PEEK',(#11893));
#11887=FILL_AREA_STYLE('Paek (Beige)',(#11894));
#11888=FILL_AREA_STYLE('Paint - Metallic (Yellow)',(#11895));
#11889=FILL_AREA_STYLE('Plastic - Translucent Glossy (Blue)',(#11896));
#11890=FILL_AREA_STYLE('Granite - Black and White',(#11897));
#11891=FILL_AREA_STYLE('Paint - Metallic (Silver)',(#11898));
#11892=FILL_AREA_STYLE_COLOUR('Steel - Satin',#11899);
#11893=FILL_AREA_STYLE_COLOUR('PEEK',#11900);
#11894=FILL_AREA_STYLE_COLOUR('Paek (Beige)',#11901);
#11895=FILL_AREA_STYLE_COLOUR('Paint - Metallic (Yellow)',#11902);
#11896=FILL_AREA_STYLE_COLOUR('Plastic - Translucent Glossy (Blue)',#11903);
#11897=FILL_AREA_STYLE_COLOUR('Granite - Black and White',#11904);
#11898=FILL_AREA_STYLE_COLOUR('Paint - Metallic (Silver)',#11905);
#11899=COLOUR_RGB('Steel - Satin',0.627450980392157,0.627450980392157,0.627450980392157);
#11900=COLOUR_RGB('PEEK',0.6,0.509803921568627,0.368627450980392);
#11901=COLOUR_RGB('Paek (Beige)',0.898039215686275,0.792156862745098,0.619607843137255);
#11902=COLOUR_RGB('Paint - Metallic (Yellow)',0.909803921568627,0.67843137254902,
0.137254901960784);
#11903=COLOUR_RGB('Plastic - Translucent Glossy (Blue)',0.188235294117647,
0.231372549019608,0.588235294117647);
#11904=COLOUR_RGB('Granite - Black and White',0.,0.,0.);
#11905=COLOUR_RGB('Paint - Metallic (Silver)',0.984313725490196,0.980392156862745,
0.96078431372549);
ENDSEC;
END-ISO-10303-21;
