ISO-10303-21;
HEADER;
/* Generated by software containing ST-Developer
 * from STEP Tools, Inc. (www.steptools.com) 
 */

FILE_DESCRIPTION(
/* description */ (''),
/* implementation_level */ '2;1');

FILE_NAME(
/* name */ 'Body1.step',
/* time_stamp */ '2026-09-03T13:28:59+01:00',
/* author */ (''),
/* organization */ (''),
/* preprocessor_version */ 'ST-DEVELOPER v20.1',
/* originating_system */ 'Autodesk Translation Framework v15.8.0.0',
/* authorisation */ '');

FILE_SCHEMA (('AUTOMOTIVE_DESIGN { 1 0 10303 214 3 1 1 }'));
ENDSEC;

DATA;
#10=MECHANICAL_DESIGN_GEOMETRIC_PRESENTATION_REPRESENTATION('',(#13),#5331);
#11=SHAPE_REPRESENTATION_RELATIONSHIP('SRR','None',#5338,#12);
#12=ADVANCED_BREP_SHAPE_REPRESENTATION('',(#14),#5330);
#13=STYLED_ITEM('',(#5348),#14);
#14=MANIFOLD_SOLID_BREP('Body1',#3383);
#15=FACE_OUTER_BOUND('',#177,.T.);
#16=FACE_OUTER_BOUND('',#178,.T.);
#17=FACE_OUTER_BOUND('',#179,.T.);
#18=FACE_OUTER_BOUND('',#180,.T.);
#19=FACE_OUTER_BOUND('',#181,.T.);
#20=FACE_OUTER_BOUND('',#182,.T.);
#21=FACE_OUTER_BOUND('',#183,.T.);
#22=FACE_OUTER_BOUND('',#184,.T.);
#23=FACE_OUTER_BOUND('',#185,.T.);
#24=FACE_OUTER_BOUND('',#186,.T.);
#25=FACE_OUTER_BOUND('',#187,.T.);
#26=FACE_OUTER_BOUND('',#188,.T.);
#27=FACE_OUTER_BOUND('',#189,.T.);
#28=FACE_OUTER_BOUND('',#190,.T.);
#29=FACE_OUTER_BOUND('',#191,.T.);
#30=FACE_OUTER_BOUND('',#192,.T.);
#31=FACE_OUTER_BOUND('',#193,.T.);
#32=FACE_OUTER_BOUND('',#194,.T.);
#33=FACE_OUTER_BOUND('',#195,.T.);
#34=FACE_OUTER_BOUND('',#196,.T.);
#35=FACE_OUTER_BOUND('',#197,.T.);
#36=FACE_OUTER_BOUND('',#198,.T.);
#37=FACE_OUTER_BOUND('',#199,.T.);
#38=FACE_OUTER_BOUND('',#200,.T.);
#39=FACE_OUTER_BOUND('',#201,.T.);
#40=FACE_OUTER_BOUND('',#202,.T.);
#41=FACE_OUTER_BOUND('',#203,.T.);
#42=FACE_OUTER_BOUND('',#204,.T.);
#43=FACE_OUTER_BOUND('',#205,.T.);
#44=FACE_OUTER_BOUND('',#206,.T.);
#45=FACE_OUTER_BOUND('',#207,.T.);
#46=FACE_OUTER_BOUND('',#208,.T.);
#47=FACE_OUTER_BOUND('',#209,.T.);
#48=FACE_OUTER_BOUND('',#210,.T.);
#49=FACE_OUTER_BOUND('',#211,.T.);
#50=FACE_OUTER_BOUND('',#212,.T.);
#51=FACE_OUTER_BOUND('',#213,.T.);
#52=FACE_OUTER_BOUND('',#214,.T.);
#53=FACE_OUTER_BOUND('',#215,.T.);
#54=FACE_OUTER_BOUND('',#216,.T.);
#55=FACE_OUTER_BOUND('',#217,.T.);
#56=FACE_OUTER_BOUND('',#218,.T.);
#57=FACE_OUTER_BOUND('',#219,.T.);
#58=FACE_OUTER_BOUND('',#220,.T.);
#59=FACE_OUTER_BOUND('',#221,.T.);
#60=FACE_OUTER_BOUND('',#222,.T.);
#61=FACE_OUTER_BOUND('',#223,.T.);
#62=FACE_OUTER_BOUND('',#224,.T.);
#63=FACE_OUTER_BOUND('',#225,.T.);
#64=FACE_OUTER_BOUND('',#226,.T.);
#65=FACE_OUTER_BOUND('',#227,.T.);
#66=FACE_OUTER_BOUND('',#228,.T.);
#67=FACE_OUTER_BOUND('',#229,.T.);
#68=FACE_OUTER_BOUND('',#230,.T.);
#69=FACE_OUTER_BOUND('',#231,.T.);
#70=FACE_OUTER_BOUND('',#232,.T.);
#71=FACE_OUTER_BOUND('',#233,.T.);
#72=FACE_OUTER_BOUND('',#234,.T.);
#73=FACE_OUTER_BOUND('',#235,.T.);
#74=FACE_OUTER_BOUND('',#236,.T.);
#75=FACE_OUTER_BOUND('',#237,.T.);
#76=FACE_OUTER_BOUND('',#238,.T.);
#77=FACE_OUTER_BOUND('',#239,.T.);
#78=FACE_OUTER_BOUND('',#240,.T.);
#79=FACE_OUTER_BOUND('',#241,.T.);
#80=FACE_OUTER_BOUND('',#242,.T.);
#81=FACE_OUTER_BOUND('',#243,.T.);
#82=FACE_OUTER_BOUND('',#244,.T.);
#83=FACE_OUTER_BOUND('',#245,.T.);
#84=FACE_OUTER_BOUND('',#246,.T.);
#85=FACE_OUTER_BOUND('',#247,.T.);
#86=FACE_OUTER_BOUND('',#248,.T.);
#87=FACE_OUTER_BOUND('',#249,.T.);
#88=FACE_OUTER_BOUND('',#250,.T.);
#89=FACE_OUTER_BOUND('',#251,.T.);
#90=FACE_OUTER_BOUND('',#252,.T.);
#91=FACE_OUTER_BOUND('',#253,.T.);
#92=FACE_OUTER_BOUND('',#254,.T.);
#93=FACE_OUTER_BOUND('',#255,.T.);
#94=FACE_OUTER_BOUND('',#256,.T.);
#95=FACE_OUTER_BOUND('',#257,.T.);
#96=FACE_OUTER_BOUND('',#258,.T.);
#97=FACE_OUTER_BOUND('',#259,.T.);
#98=FACE_OUTER_BOUND('',#260,.T.);
#99=FACE_OUTER_BOUND('',#261,.T.);
#100=FACE_OUTER_BOUND('',#262,.T.);
#101=FACE_OUTER_BOUND('',#263,.T.);
#102=FACE_OUTER_BOUND('',#264,.T.);
#103=FACE_OUTER_BOUND('',#265,.T.);
#104=FACE_OUTER_BOUND('',#266,.T.);
#105=FACE_OUTER_BOUND('',#267,.T.);
#106=FACE_OUTER_BOUND('',#268,.T.);
#107=FACE_OUTER_BOUND('',#269,.T.);
#108=FACE_OUTER_BOUND('',#270,.T.);
#109=FACE_OUTER_BOUND('',#271,.T.);
#110=FACE_OUTER_BOUND('',#272,.T.);
#111=FACE_OUTER_BOUND('',#273,.T.);
#112=FACE_OUTER_BOUND('',#274,.T.);
#113=FACE_OUTER_BOUND('',#275,.T.);
#114=FACE_OUTER_BOUND('',#276,.T.);
#115=FACE_OUTER_BOUND('',#277,.T.);
#116=FACE_OUTER_BOUND('',#278,.T.);
#117=FACE_OUTER_BOUND('',#279,.T.);
#118=FACE_OUTER_BOUND('',#280,.T.);
#119=FACE_OUTER_BOUND('',#281,.T.);
#120=FACE_OUTER_BOUND('',#282,.T.);
#121=FACE_OUTER_BOUND('',#283,.T.);
#122=FACE_OUTER_BOUND('',#284,.T.);
#123=FACE_OUTER_BOUND('',#285,.T.);
#124=FACE_OUTER_BOUND('',#286,.T.);
#125=FACE_OUTER_BOUND('',#287,.T.);
#126=FACE_OUTER_BOUND('',#288,.T.);
#127=FACE_OUTER_BOUND('',#289,.T.);
#128=FACE_OUTER_BOUND('',#290,.T.);
#129=FACE_OUTER_BOUND('',#291,.T.);
#130=FACE_OUTER_BOUND('',#292,.T.);
#131=FACE_OUTER_BOUND('',#293,.T.);
#132=FACE_OUTER_BOUND('',#294,.T.);
#133=FACE_OUTER_BOUND('',#295,.T.);
#134=FACE_OUTER_BOUND('',#296,.T.);
#135=FACE_OUTER_BOUND('',#297,.T.);
#136=FACE_OUTER_BOUND('',#298,.T.);
#137=FACE_OUTER_BOUND('',#299,.T.);
#138=FACE_OUTER_BOUND('',#300,.T.);
#139=FACE_OUTER_BOUND('',#301,.T.);
#140=FACE_OUTER_BOUND('',#302,.T.);
#141=FACE_OUTER_BOUND('',#303,.T.);
#142=FACE_OUTER_BOUND('',#304,.T.);
#143=FACE_OUTER_BOUND('',#305,.T.);
#144=FACE_OUTER_BOUND('',#306,.T.);
#145=FACE_OUTER_BOUND('',#307,.T.);
#146=FACE_OUTER_BOUND('',#308,.T.);
#147=FACE_OUTER_BOUND('',#309,.T.);
#148=FACE_OUTER_BOUND('',#310,.T.);
#149=FACE_OUTER_BOUND('',#311,.T.);
#150=FACE_OUTER_BOUND('',#312,.T.);
#151=FACE_OUTER_BOUND('',#313,.T.);
#152=FACE_OUTER_BOUND('',#314,.T.);
#153=FACE_OUTER_BOUND('',#315,.T.);
#154=FACE_OUTER_BOUND('',#316,.T.);
#155=FACE_OUTER_BOUND('',#317,.T.);
#156=FACE_OUTER_BOUND('',#318,.T.);
#157=FACE_OUTER_BOUND('',#319,.T.);
#158=FACE_OUTER_BOUND('',#320,.T.);
#159=FACE_OUTER_BOUND('',#321,.T.);
#160=FACE_OUTER_BOUND('',#322,.T.);
#161=FACE_OUTER_BOUND('',#323,.T.);
#162=FACE_OUTER_BOUND('',#324,.T.);
#163=FACE_OUTER_BOUND('',#325,.T.);
#164=FACE_OUTER_BOUND('',#326,.T.);
#165=FACE_OUTER_BOUND('',#327,.T.);
#166=FACE_OUTER_BOUND('',#328,.T.);
#167=FACE_OUTER_BOUND('',#329,.T.);
#168=FACE_OUTER_BOUND('',#330,.T.);
#169=FACE_OUTER_BOUND('',#331,.T.);
#170=FACE_OUTER_BOUND('',#332,.T.);
#171=FACE_OUTER_BOUND('',#333,.T.);
#172=FACE_OUTER_BOUND('',#334,.T.);
#173=FACE_OUTER_BOUND('',#335,.T.);
#174=FACE_OUTER_BOUND('',#336,.T.);
#175=FACE_OUTER_BOUND('',#337,.T.);
#176=FACE_OUTER_BOUND('',#338,.T.);
#177=EDGE_LOOP('',(#2099,#2100,#2101,#2102,#2103,#2104,#2105,#2106,#2107,
#2108,#2109,#2110,#2111,#2112,#2113,#2114,#2115,#2116,#2117,#2118,#2119,
#2120,#2121,#2122,#2123,#2124,#2125,#2126,#2127,#2128,#2129,#2130,#2131,
#2132,#2133,#2134,#2135,#2136,#2137,#2138,#2139,#2140,#2141,#2142,#2143,
#2144,#2145,#2146,#2147,#2148,#2149,#2150,#2151,#2152,#2153,#2154,#2155,
#2156,#2157,#2158,#2159,#2160,#2161,#2162,#2163,#2164,#2165,#2166,#2167,
#2168,#2169,#2170,#2171,#2172,#2173,#2174,#2175,#2176,#2177,#2178,#2179,
#2180,#2181,#2182,#2183,#2184,#2185,#2186,#2187,#2188,#2189,#2190,#2191,
#2192,#2193,#2194,#2195,#2196,#2197,#2198,#2199,#2200,#2201,#2202,#2203,
#2204,#2205,#2206,#2207,#2208,#2209,#2210,#2211,#2212,#2213,#2214,#2215,
#2216,#2217,#2218,#2219,#2220,#2221,#2222,#2223,#2224,#2225,#2226,#2227,
#2228,#2229,#2230,#2231,#2232,#2233,#2234,#2235,#2236,#2237,#2238,#2239,
#2240,#2241,#2242,#2243,#2244,#2245,#2246,#2247,#2248,#2249,#2250,#2251,
#2252,#2253,#2254,#2255,#2256,#2257,#2258));
#178=EDGE_LOOP('',(#2259,#2260,#2261,#2262));
#179=EDGE_LOOP('',(#2263,#2264,#2265,#2266));
#180=EDGE_LOOP('',(#2267,#2268,#2269,#2270));
#181=EDGE_LOOP('',(#2271,#2272,#2273,#2274));
#182=EDGE_LOOP('',(#2275,#2276,#2277,#2278));
#183=EDGE_LOOP('',(#2279,#2280,#2281,#2282));
#184=EDGE_LOOP('',(#2283,#2284,#2285,#2286));
#185=EDGE_LOOP('',(#2287,#2288,#2289,#2290));
#186=EDGE_LOOP('',(#2291,#2292,#2293,#2294));
#187=EDGE_LOOP('',(#2295,#2296,#2297,#2298));
#188=EDGE_LOOP('',(#2299,#2300,#2301,#2302));
#189=EDGE_LOOP('',(#2303,#2304,#2305,#2306));
#190=EDGE_LOOP('',(#2307,#2308,#2309,#2310));
#191=EDGE_LOOP('',(#2311,#2312,#2313,#2314));
#192=EDGE_LOOP('',(#2315,#2316,#2317,#2318));
#193=EDGE_LOOP('',(#2319,#2320,#2321,#2322));
#194=EDGE_LOOP('',(#2323,#2324,#2325,#2326));
#195=EDGE_LOOP('',(#2327,#2328,#2329,#2330));
#196=EDGE_LOOP('',(#2331,#2332,#2333,#2334));
#197=EDGE_LOOP('',(#2335,#2336,#2337,#2338));
#198=EDGE_LOOP('',(#2339,#2340,#2341,#2342));
#199=EDGE_LOOP('',(#2343,#2344,#2345,#2346));
#200=EDGE_LOOP('',(#2347,#2348,#2349,#2350));
#201=EDGE_LOOP('',(#2351,#2352,#2353,#2354));
#202=EDGE_LOOP('',(#2355,#2356,#2357,#2358));
#203=EDGE_LOOP('',(#2359,#2360,#2361,#2362));
#204=EDGE_LOOP('',(#2363,#2364,#2365,#2366));
#205=EDGE_LOOP('',(#2367,#2368,#2369,#2370));
#206=EDGE_LOOP('',(#2371,#2372,#2373,#2374));
#207=EDGE_LOOP('',(#2375,#2376,#2377,#2378));
#208=EDGE_LOOP('',(#2379,#2380,#2381,#2382));
#209=EDGE_LOOP('',(#2383,#2384,#2385,#2386));
#210=EDGE_LOOP('',(#2387,#2388,#2389,#2390));
#211=EDGE_LOOP('',(#2391,#2392,#2393,#2394));
#212=EDGE_LOOP('',(#2395,#2396,#2397,#2398));
#213=EDGE_LOOP('',(#2399,#2400,#2401,#2402));
#214=EDGE_LOOP('',(#2403,#2404,#2405,#2406));
#215=EDGE_LOOP('',(#2407,#2408,#2409,#2410));
#216=EDGE_LOOP('',(#2411,#2412,#2413,#2414));
#217=EDGE_LOOP('',(#2415,#2416,#2417,#2418));
#218=EDGE_LOOP('',(#2419,#2420,#2421,#2422));
#219=EDGE_LOOP('',(#2423,#2424,#2425,#2426));
#220=EDGE_LOOP('',(#2427,#2428,#2429,#2430));
#221=EDGE_LOOP('',(#2431,#2432,#2433,#2434));
#222=EDGE_LOOP('',(#2435,#2436,#2437,#2438));
#223=EDGE_LOOP('',(#2439,#2440,#2441,#2442));
#224=EDGE_LOOP('',(#2443,#2444,#2445,#2446));
#225=EDGE_LOOP('',(#2447,#2448,#2449,#2450));
#226=EDGE_LOOP('',(#2451,#2452,#2453,#2454));
#227=EDGE_LOOP('',(#2455,#2456,#2457,#2458));
#228=EDGE_LOOP('',(#2459,#2460,#2461,#2462));
#229=EDGE_LOOP('',(#2463,#2464,#2465,#2466));
#230=EDGE_LOOP('',(#2467,#2468,#2469,#2470));
#231=EDGE_LOOP('',(#2471,#2472,#2473,#2474));
#232=EDGE_LOOP('',(#2475,#2476,#2477,#2478));
#233=EDGE_LOOP('',(#2479,#2480,#2481,#2482));
#234=EDGE_LOOP('',(#2483,#2484,#2485,#2486));
#235=EDGE_LOOP('',(#2487,#2488,#2489,#2490));
#236=EDGE_LOOP('',(#2491,#2492,#2493,#2494));
#237=EDGE_LOOP('',(#2495,#2496,#2497,#2498));
#238=EDGE_LOOP('',(#2499,#2500,#2501,#2502));
#239=EDGE_LOOP('',(#2503,#2504,#2505,#2506));
#240=EDGE_LOOP('',(#2507,#2508,#2509,#2510));
#241=EDGE_LOOP('',(#2511,#2512,#2513,#2514));
#242=EDGE_LOOP('',(#2515,#2516,#2517,#2518));
#243=EDGE_LOOP('',(#2519,#2520,#2521,#2522));
#244=EDGE_LOOP('',(#2523,#2524,#2525,#2526));
#245=EDGE_LOOP('',(#2527,#2528,#2529,#2530));
#246=EDGE_LOOP('',(#2531,#2532,#2533,#2534));
#247=EDGE_LOOP('',(#2535,#2536,#2537,#2538));
#248=EDGE_LOOP('',(#2539,#2540,#2541,#2542));
#249=EDGE_LOOP('',(#2543,#2544,#2545,#2546));
#250=EDGE_LOOP('',(#2547,#2548,#2549,#2550));
#251=EDGE_LOOP('',(#2551,#2552,#2553,#2554));
#252=EDGE_LOOP('',(#2555,#2556,#2557,#2558));
#253=EDGE_LOOP('',(#2559,#2560,#2561,#2562));
#254=EDGE_LOOP('',(#2563,#2564,#2565,#2566));
#255=EDGE_LOOP('',(#2567,#2568,#2569,#2570));
#256=EDGE_LOOP('',(#2571,#2572,#2573,#2574));
#257=EDGE_LOOP('',(#2575,#2576,#2577,#2578));
#258=EDGE_LOOP('',(#2579,#2580,#2581,#2582));
#259=EDGE_LOOP('',(#2583,#2584,#2585,#2586));
#260=EDGE_LOOP('',(#2587,#2588,#2589,#2590));
#261=EDGE_LOOP('',(#2591,#2592,#2593,#2594));
#262=EDGE_LOOP('',(#2595,#2596,#2597,#2598));
#263=EDGE_LOOP('',(#2599,#2600,#2601,#2602));
#264=EDGE_LOOP('',(#2603,#2604,#2605,#2606));
#265=EDGE_LOOP('',(#2607,#2608,#2609,#2610));
#266=EDGE_LOOP('',(#2611,#2612,#2613,#2614));
#267=EDGE_LOOP('',(#2615,#2616,#2617,#2618));
#268=EDGE_LOOP('',(#2619,#2620,#2621,#2622));
#269=EDGE_LOOP('',(#2623,#2624,#2625,#2626));
#270=EDGE_LOOP('',(#2627,#2628,#2629,#2630));
#271=EDGE_LOOP('',(#2631,#2632,#2633,#2634));
#272=EDGE_LOOP('',(#2635,#2636,#2637,#2638));
#273=EDGE_LOOP('',(#2639,#2640,#2641,#2642));
#274=EDGE_LOOP('',(#2643,#2644,#2645,#2646));
#275=EDGE_LOOP('',(#2647,#2648,#2649,#2650));
#276=EDGE_LOOP('',(#2651,#2652,#2653,#2654));
#277=EDGE_LOOP('',(#2655,#2656,#2657,#2658));
#278=EDGE_LOOP('',(#2659,#2660,#2661,#2662));
#279=EDGE_LOOP('',(#2663,#2664,#2665,#2666));
#280=EDGE_LOOP('',(#2667,#2668,#2669,#2670));
#281=EDGE_LOOP('',(#2671,#2672,#2673,#2674));
#282=EDGE_LOOP('',(#2675,#2676,#2677,#2678));
#283=EDGE_LOOP('',(#2679,#2680,#2681,#2682));
#284=EDGE_LOOP('',(#2683,#2684,#2685,#2686));
#285=EDGE_LOOP('',(#2687,#2688,#2689,#2690));
#286=EDGE_LOOP('',(#2691,#2692,#2693,#2694));
#287=EDGE_LOOP('',(#2695,#2696,#2697,#2698));
#288=EDGE_LOOP('',(#2699,#2700,#2701,#2702));
#289=EDGE_LOOP('',(#2703,#2704,#2705,#2706));
#290=EDGE_LOOP('',(#2707,#2708,#2709,#2710));
#291=EDGE_LOOP('',(#2711,#2712,#2713,#2714));
#292=EDGE_LOOP('',(#2715,#2716,#2717,#2718));
#293=EDGE_LOOP('',(#2719,#2720,#2721,#2722));
#294=EDGE_LOOP('',(#2723,#2724,#2725,#2726));
#295=EDGE_LOOP('',(#2727,#2728,#2729,#2730));
#296=EDGE_LOOP('',(#2731,#2732,#2733,#2734));
#297=EDGE_LOOP('',(#2735,#2736,#2737,#2738));
#298=EDGE_LOOP('',(#2739,#2740,#2741,#2742));
#299=EDGE_LOOP('',(#2743,#2744,#2745,#2746));
#300=EDGE_LOOP('',(#2747,#2748,#2749,#2750));
#301=EDGE_LOOP('',(#2751,#2752,#2753,#2754));
#302=EDGE_LOOP('',(#2755,#2756,#2757,#2758));
#303=EDGE_LOOP('',(#2759,#2760,#2761,#2762));
#304=EDGE_LOOP('',(#2763,#2764,#2765,#2766));
#305=EDGE_LOOP('',(#2767,#2768,#2769,#2770));
#306=EDGE_LOOP('',(#2771,#2772,#2773,#2774));
#307=EDGE_LOOP('',(#2775,#2776,#2777,#2778));
#308=EDGE_LOOP('',(#2779,#2780,#2781,#2782));
#309=EDGE_LOOP('',(#2783,#2784,#2785,#2786));
#310=EDGE_LOOP('',(#2787,#2788,#2789,#2790));
#311=EDGE_LOOP('',(#2791,#2792,#2793,#2794));
#312=EDGE_LOOP('',(#2795,#2796,#2797,#2798));
#313=EDGE_LOOP('',(#2799,#2800,#2801,#2802));
#314=EDGE_LOOP('',(#2803,#2804,#2805,#2806));
#315=EDGE_LOOP('',(#2807,#2808,#2809,#2810));
#316=EDGE_LOOP('',(#2811,#2812,#2813,#2814));
#317=EDGE_LOOP('',(#2815,#2816,#2817,#2818));
#318=EDGE_LOOP('',(#2819,#2820,#2821,#2822));
#319=EDGE_LOOP('',(#2823,#2824,#2825,#2826));
#320=EDGE_LOOP('',(#2827,#2828,#2829,#2830));
#321=EDGE_LOOP('',(#2831,#2832,#2833,#2834));
#322=EDGE_LOOP('',(#2835,#2836,#2837,#2838));
#323=EDGE_LOOP('',(#2839,#2840,#2841,#2842));
#324=EDGE_LOOP('',(#2843,#2844,#2845,#2846));
#325=EDGE_LOOP('',(#2847,#2848,#2849,#2850));
#326=EDGE_LOOP('',(#2851,#2852,#2853,#2854));
#327=EDGE_LOOP('',(#2855,#2856,#2857,#2858));
#328=EDGE_LOOP('',(#2859,#2860,#2861,#2862));
#329=EDGE_LOOP('',(#2863,#2864,#2865,#2866));
#330=EDGE_LOOP('',(#2867,#2868,#2869,#2870));
#331=EDGE_LOOP('',(#2871,#2872,#2873,#2874));
#332=EDGE_LOOP('',(#2875,#2876,#2877,#2878));
#333=EDGE_LOOP('',(#2879,#2880,#2881,#2882));
#334=EDGE_LOOP('',(#2883,#2884,#2885,#2886));
#335=EDGE_LOOP('',(#2887,#2888,#2889,#2890,#2891,#2892,#2893,#2894,#2895,
#2896,#2897,#2898,#2899,#2900,#2901,#2902,#2903,#2904,#2905,#2906,#2907,
#2908,#2909,#2910,#2911,#2912,#2913,#2914,#2915,#2916,#2917,#2918,#2919,
#2920,#2921,#2922,#2923,#2924,#2925,#2926,#2927,#2928,#2929,#2930,#2931,
#2932,#2933,#2934,#2935,#2936,#2937,#2938,#2939,#2940,#2941,#2942,#2943,
#2944,#2945,#2946,#2947,#2948,#2949,#2950,#2951,#2952,#2953,#2954,#2955,
#2956,#2957,#2958,#2959,#2960,#2961,#2962,#2963,#2964,#2965,#2966,#2967,
#2968,#2969,#2970,#2971,#2972,#2973,#2974,#2975,#2976,#2977,#2978,#2979,
#2980,#2981,#2982,#2983,#2984,#2985,#2986,#2987,#2988,#2989,#2990,#2991,
#2992,#2993,#2994,#2995,#2996,#2997,#2998,#2999,#3000,#3001,#3002,#3003,
#3004,#3005,#3006,#3007,#3008,#3009,#3010,#3011,#3012,#3013,#3014,#3015,
#3016,#3017,#3018,#3019,#3020,#3021,#3022,#3023,#3024,#3025,#3026,#3027,
#3028,#3029,#3030,#3031,#3032,#3033,#3034,#3035,#3036,#3037,#3038,#3039,
#3040,#3041,#3042,#3043,#3044,#3045,#3046));
#336=EDGE_LOOP('',(#3047,#3048,#3049,#3050));
#337=EDGE_LOOP('',(#3051,#3052,#3053,#3054));
#338=EDGE_LOOP('',(#3055,#3056,#3057,#3058));
#339=LINE('',#4369,#819);
#340=LINE('',#4371,#820);
#341=LINE('',#4373,#821);
#342=LINE('',#4375,#822);
#343=LINE('',#4377,#823);
#344=LINE('',#4379,#824);
#345=LINE('',#4381,#825);
#346=LINE('',#4383,#826);
#347=LINE('',#4385,#827);
#348=LINE('',#4387,#828);
#349=LINE('',#4389,#829);
#350=LINE('',#4391,#830);
#351=LINE('',#4393,#831);
#352=LINE('',#4395,#832);
#353=LINE('',#4397,#833);
#354=LINE('',#4399,#834);
#355=LINE('',#4401,#835);
#356=LINE('',#4403,#836);
#357=LINE('',#4405,#837);
#358=LINE('',#4407,#838);
#359=LINE('',#4409,#839);
#360=LINE('',#4411,#840);
#361=LINE('',#4413,#841);
#362=LINE('',#4415,#842);
#363=LINE('',#4417,#843);
#364=LINE('',#4419,#844);
#365=LINE('',#4421,#845);
#366=LINE('',#4423,#846);
#367=LINE('',#4425,#847);
#368=LINE('',#4427,#848);
#369=LINE('',#4429,#849);
#370=LINE('',#4431,#850);
#371=LINE('',#4433,#851);
#372=LINE('',#4435,#852);
#373=LINE('',#4437,#853);
#374=LINE('',#4439,#854);
#375=LINE('',#4441,#855);
#376=LINE('',#4443,#856);
#377=LINE('',#4445,#857);
#378=LINE('',#4447,#858);
#379=LINE('',#4449,#859);
#380=LINE('',#4451,#860);
#381=LINE('',#4453,#861);
#382=LINE('',#4455,#862);
#383=LINE('',#4457,#863);
#384=LINE('',#4459,#864);
#385=LINE('',#4461,#865);
#386=LINE('',#4463,#866);
#387=LINE('',#4465,#867);
#388=LINE('',#4467,#868);
#389=LINE('',#4469,#869);
#390=LINE('',#4471,#870);
#391=LINE('',#4473,#871);
#392=LINE('',#4475,#872);
#393=LINE('',#4477,#873);
#394=LINE('',#4479,#874);
#395=LINE('',#4481,#875);
#396=LINE('',#4483,#876);
#397=LINE('',#4485,#877);
#398=LINE('',#4487,#878);
#399=LINE('',#4489,#879);
#400=LINE('',#4491,#880);
#401=LINE('',#4493,#881);
#402=LINE('',#4495,#882);
#403=LINE('',#4497,#883);
#404=LINE('',#4499,#884);
#405=LINE('',#4501,#885);
#406=LINE('',#4503,#886);
#407=LINE('',#4505,#887);
#408=LINE('',#4507,#888);
#409=LINE('',#4509,#889);
#410=LINE('',#4511,#890);
#411=LINE('',#4513,#891);
#412=LINE('',#4515,#892);
#413=LINE('',#4517,#893);
#414=LINE('',#4519,#894);
#415=LINE('',#4521,#895);
#416=LINE('',#4523,#896);
#417=LINE('',#4525,#897);
#418=LINE('',#4527,#898);
#419=LINE('',#4529,#899);
#420=LINE('',#4531,#900);
#421=LINE('',#4533,#901);
#422=LINE('',#4535,#902);
#423=LINE('',#4537,#903);
#424=LINE('',#4539,#904);
#425=LINE('',#4541,#905);
#426=LINE('',#4543,#906);
#427=LINE('',#4545,#907);
#428=LINE('',#4547,#908);
#429=LINE('',#4549,#909);
#430=LINE('',#4551,#910);
#431=LINE('',#4553,#911);
#432=LINE('',#4555,#912);
#433=LINE('',#4557,#913);
#434=LINE('',#4559,#914);
#435=LINE('',#4561,#915);
#436=LINE('',#4563,#916);
#437=LINE('',#4565,#917);
#438=LINE('',#4567,#918);
#439=LINE('',#4569,#919);
#440=LINE('',#4571,#920);
#441=LINE('',#4573,#921);
#442=LINE('',#4575,#922);
#443=LINE('',#4577,#923);
#444=LINE('',#4579,#924);
#445=LINE('',#4581,#925);
#446=LINE('',#4583,#926);
#447=LINE('',#4585,#927);
#448=LINE('',#4587,#928);
#449=LINE('',#4589,#929);
#450=LINE('',#4591,#930);
#451=LINE('',#4593,#931);
#452=LINE('',#4595,#932);
#453=LINE('',#4597,#933);
#454=LINE('',#4599,#934);
#455=LINE('',#4601,#935);
#456=LINE('',#4603,#936);
#457=LINE('',#4605,#937);
#458=LINE('',#4607,#938);
#459=LINE('',#4609,#939);
#460=LINE('',#4611,#940);
#461=LINE('',#4613,#941);
#462=LINE('',#4615,#942);
#463=LINE('',#4617,#943);
#464=LINE('',#4619,#944);
#465=LINE('',#4621,#945);
#466=LINE('',#4623,#946);
#467=LINE('',#4625,#947);
#468=LINE('',#4627,#948);
#469=LINE('',#4629,#949);
#470=LINE('',#4631,#950);
#471=LINE('',#4633,#951);
#472=LINE('',#4635,#952);
#473=LINE('',#4637,#953);
#474=LINE('',#4639,#954);
#475=LINE('',#4641,#955);
#476=LINE('',#4643,#956);
#477=LINE('',#4645,#957);
#478=LINE('',#4647,#958);
#479=LINE('',#4649,#959);
#480=LINE('',#4651,#960);
#481=LINE('',#4653,#961);
#482=LINE('',#4655,#962);
#483=LINE('',#4657,#963);
#484=LINE('',#4659,#964);
#485=LINE('',#4661,#965);
#486=LINE('',#4663,#966);
#487=LINE('',#4665,#967);
#488=LINE('',#4667,#968);
#489=LINE('',#4669,#969);
#490=LINE('',#4671,#970);
#491=LINE('',#4673,#971);
#492=LINE('',#4675,#972);
#493=LINE('',#4677,#973);
#494=LINE('',#4679,#974);
#495=LINE('',#4681,#975);
#496=LINE('',#4683,#976);
#497=LINE('',#4685,#977);
#498=LINE('',#4686,#978);
#499=LINE('',#4689,#979);
#500=LINE('',#4691,#980);
#501=LINE('',#4692,#981);
#502=LINE('',#4695,#982);
#503=LINE('',#4696,#983);
#504=LINE('',#4699,#984);
#505=LINE('',#4700,#985);
#506=LINE('',#4703,#986);
#507=LINE('',#4704,#987);
#508=LINE('',#4708,#988);
#509=LINE('',#4709,#989);
#510=LINE('',#4710,#990);
#511=LINE('',#4714,#991);
#512=LINE('',#4715,#992);
#513=LINE('',#4716,#993);
#514=LINE('',#4718,#994);
#515=LINE('',#4722,#995);
#516=LINE('',#4723,#996);
#517=LINE('',#4724,#997);
#518=LINE('',#4727,#998);
#519=LINE('',#4728,#999);
#520=LINE('',#4731,#1000);
#521=LINE('',#4732,#1001);
#522=LINE('',#4736,#1002);
#523=LINE('',#4737,#1003);
#524=LINE('',#4738,#1004);
#525=LINE('',#4741,#1005);
#526=LINE('',#4742,#1006);
#527=LINE('',#4745,#1007);
#528=LINE('',#4746,#1008);
#529=LINE('',#4750,#1009);
#530=LINE('',#4751,#1010);
#531=LINE('',#4752,#1011);
#532=LINE('',#4755,#1012);
#533=LINE('',#4756,#1013);
#534=LINE('',#4759,#1014);
#535=LINE('',#4760,#1015);
#536=LINE('',#4764,#1016);
#537=LINE('',#4765,#1017);
#538=LINE('',#4766,#1018);
#539=LINE('',#4769,#1019);
#540=LINE('',#4770,#1020);
#541=LINE('',#4773,#1021);
#542=LINE('',#4774,#1022);
#543=LINE('',#4778,#1023);
#544=LINE('',#4779,#1024);
#545=LINE('',#4780,#1025);
#546=LINE('',#4783,#1026);
#547=LINE('',#4784,#1027);
#548=LINE('',#4787,#1028);
#549=LINE('',#4788,#1029);
#550=LINE('',#4792,#1030);
#551=LINE('',#4793,#1031);
#552=LINE('',#4794,#1032);
#553=LINE('',#4797,#1033);
#554=LINE('',#4798,#1034);
#555=LINE('',#4801,#1035);
#556=LINE('',#4802,#1036);
#557=LINE('',#4806,#1037);
#558=LINE('',#4807,#1038);
#559=LINE('',#4808,#1039);
#560=LINE('',#4811,#1040);
#561=LINE('',#4812,#1041);
#562=LINE('',#4815,#1042);
#563=LINE('',#4816,#1043);
#564=LINE('',#4820,#1044);
#565=LINE('',#4821,#1045);
#566=LINE('',#4822,#1046);
#567=LINE('',#4825,#1047);
#568=LINE('',#4826,#1048);
#569=LINE('',#4829,#1049);
#570=LINE('',#4830,#1050);
#571=LINE('',#4834,#1051);
#572=LINE('',#4835,#1052);
#573=LINE('',#4836,#1053);
#574=LINE('',#4839,#1054);
#575=LINE('',#4840,#1055);
#576=LINE('',#4843,#1056);
#577=LINE('',#4844,#1057);
#578=LINE('',#4848,#1058);
#579=LINE('',#4849,#1059);
#580=LINE('',#4850,#1060);
#581=LINE('',#4854,#1061);
#582=LINE('',#4855,#1062);
#583=LINE('',#4856,#1063);
#584=LINE('',#4858,#1064);
#585=LINE('',#4862,#1065);
#586=LINE('',#4863,#1066);
#587=LINE('',#4864,#1067);
#588=LINE('',#4867,#1068);
#589=LINE('',#4868,#1069);
#590=LINE('',#4871,#1070);
#591=LINE('',#4872,#1071);
#592=LINE('',#4876,#1072);
#593=LINE('',#4877,#1073);
#594=LINE('',#4878,#1074);
#595=LINE('',#4882,#1075);
#596=LINE('',#4883,#1076);
#597=LINE('',#4884,#1077);
#598=LINE('',#4886,#1078);
#599=LINE('',#4890,#1079);
#600=LINE('',#4891,#1080);
#601=LINE('',#4892,#1081);
#602=LINE('',#4895,#1082);
#603=LINE('',#4896,#1083);
#604=LINE('',#4899,#1084);
#605=LINE('',#4900,#1085);
#606=LINE('',#4904,#1086);
#607=LINE('',#4905,#1087);
#608=LINE('',#4906,#1088);
#609=LINE('',#4909,#1089);
#610=LINE('',#4910,#1090);
#611=LINE('',#4913,#1091);
#612=LINE('',#4914,#1092);
#613=LINE('',#4918,#1093);
#614=LINE('',#4919,#1094);
#615=LINE('',#4920,#1095);
#616=LINE('',#4923,#1096);
#617=LINE('',#4924,#1097);
#618=LINE('',#4927,#1098);
#619=LINE('',#4928,#1099);
#620=LINE('',#4932,#1100);
#621=LINE('',#4933,#1101);
#622=LINE('',#4934,#1102);
#623=LINE('',#4938,#1103);
#624=LINE('',#4939,#1104);
#625=LINE('',#4940,#1105);
#626=LINE('',#4942,#1106);
#627=LINE('',#4946,#1107);
#628=LINE('',#4947,#1108);
#629=LINE('',#4948,#1109);
#630=LINE('',#4952,#1110);
#631=LINE('',#4953,#1111);
#632=LINE('',#4954,#1112);
#633=LINE('',#4956,#1113);
#634=LINE('',#4960,#1114);
#635=LINE('',#4961,#1115);
#636=LINE('',#4962,#1116);
#637=LINE('',#4966,#1117);
#638=LINE('',#4967,#1118);
#639=LINE('',#4968,#1119);
#640=LINE('',#4970,#1120);
#641=LINE('',#4974,#1121);
#642=LINE('',#4975,#1122);
#643=LINE('',#4976,#1123);
#644=LINE('',#4979,#1124);
#645=LINE('',#4980,#1125);
#646=LINE('',#4983,#1126);
#647=LINE('',#4984,#1127);
#648=LINE('',#4988,#1128);
#649=LINE('',#4989,#1129);
#650=LINE('',#4990,#1130);
#651=LINE('',#4993,#1131);
#652=LINE('',#4994,#1132);
#653=LINE('',#4997,#1133);
#654=LINE('',#4998,#1134);
#655=LINE('',#5002,#1135);
#656=LINE('',#5003,#1136);
#657=LINE('',#5004,#1137);
#658=LINE('',#5008,#1138);
#659=LINE('',#5009,#1139);
#660=LINE('',#5010,#1140);
#661=LINE('',#5012,#1141);
#662=LINE('',#5016,#1142);
#663=LINE('',#5017,#1143);
#664=LINE('',#5018,#1144);
#665=LINE('',#5022,#1145);
#666=LINE('',#5023,#1146);
#667=LINE('',#5024,#1147);
#668=LINE('',#5026,#1148);
#669=LINE('',#5030,#1149);
#670=LINE('',#5031,#1150);
#671=LINE('',#5032,#1151);
#672=LINE('',#5036,#1152);
#673=LINE('',#5037,#1153);
#674=LINE('',#5038,#1154);
#675=LINE('',#5040,#1155);
#676=LINE('',#5044,#1156);
#677=LINE('',#5045,#1157);
#678=LINE('',#5046,#1158);
#679=LINE('',#5050,#1159);
#680=LINE('',#5051,#1160);
#681=LINE('',#5052,#1161);
#682=LINE('',#5054,#1162);
#683=LINE('',#5058,#1163);
#684=LINE('',#5059,#1164);
#685=LINE('',#5060,#1165);
#686=LINE('',#5063,#1166);
#687=LINE('',#5064,#1167);
#688=LINE('',#5067,#1168);
#689=LINE('',#5068,#1169);
#690=LINE('',#5072,#1170);
#691=LINE('',#5073,#1171);
#692=LINE('',#5074,#1172);
#693=LINE('',#5077,#1173);
#694=LINE('',#5078,#1174);
#695=LINE('',#5081,#1175);
#696=LINE('',#5082,#1176);
#697=LINE('',#5086,#1177);
#698=LINE('',#5087,#1178);
#699=LINE('',#5088,#1179);
#700=LINE('',#5091,#1180);
#701=LINE('',#5092,#1181);
#702=LINE('',#5095,#1182);
#703=LINE('',#5096,#1183);
#704=LINE('',#5100,#1184);
#705=LINE('',#5101,#1185);
#706=LINE('',#5102,#1186);
#707=LINE('',#5105,#1187);
#708=LINE('',#5106,#1188);
#709=LINE('',#5109,#1189);
#710=LINE('',#5110,#1190);
#711=LINE('',#5114,#1191);
#712=LINE('',#5115,#1192);
#713=LINE('',#5116,#1193);
#714=LINE('',#5119,#1194);
#715=LINE('',#5120,#1195);
#716=LINE('',#5123,#1196);
#717=LINE('',#5124,#1197);
#718=LINE('',#5128,#1198);
#719=LINE('',#5129,#1199);
#720=LINE('',#5130,#1200);
#721=LINE('',#5133,#1201);
#722=LINE('',#5134,#1202);
#723=LINE('',#5137,#1203);
#724=LINE('',#5138,#1204);
#725=LINE('',#5142,#1205);
#726=LINE('',#5143,#1206);
#727=LINE('',#5144,#1207);
#728=LINE('',#5147,#1208);
#729=LINE('',#5148,#1209);
#730=LINE('',#5151,#1210);
#731=LINE('',#5152,#1211);
#732=LINE('',#5156,#1212);
#733=LINE('',#5157,#1213);
#734=LINE('',#5158,#1214);
#735=LINE('',#5161,#1215);
#736=LINE('',#5162,#1216);
#737=LINE('',#5165,#1217);
#738=LINE('',#5166,#1218);
#739=LINE('',#5170,#1219);
#740=LINE('',#5171,#1220);
#741=LINE('',#5172,#1221);
#742=LINE('',#5175,#1222);
#743=LINE('',#5176,#1223);
#744=LINE('',#5179,#1224);
#745=LINE('',#5180,#1225);
#746=LINE('',#5184,#1226);
#747=LINE('',#5185,#1227);
#748=LINE('',#5186,#1228);
#749=LINE('',#5189,#1229);
#750=LINE('',#5190,#1230);
#751=LINE('',#5193,#1231);
#752=LINE('',#5194,#1232);
#753=LINE('',#5198,#1233);
#754=LINE('',#5199,#1234);
#755=LINE('',#5200,#1235);
#756=LINE('',#5204,#1236);
#757=LINE('',#5205,#1237);
#758=LINE('',#5206,#1238);
#759=LINE('',#5208,#1239);
#760=LINE('',#5212,#1240);
#761=LINE('',#5213,#1241);
#762=LINE('',#5214,#1242);
#763=LINE('',#5218,#1243);
#764=LINE('',#5219,#1244);
#765=LINE('',#5220,#1245);
#766=LINE('',#5222,#1246);
#767=LINE('',#5226,#1247);
#768=LINE('',#5227,#1248);
#769=LINE('',#5228,#1249);
#770=LINE('',#5231,#1250);
#771=LINE('',#5232,#1251);
#772=LINE('',#5235,#1252);
#773=LINE('',#5236,#1253);
#774=LINE('',#5239,#1254);
#775=LINE('',#5240,#1255);
#776=LINE('',#5242,#1256);
#777=LINE('',#5244,#1257);
#778=LINE('',#5246,#1258);
#779=LINE('',#5248,#1259);
#780=LINE('',#5250,#1260);
#781=LINE('',#5252,#1261);
#782=LINE('',#5254,#1262);
#783=LINE('',#5256,#1263);
#784=LINE('',#5258,#1264);
#785=LINE('',#5260,#1265);
#786=LINE('',#5262,#1266);
#787=LINE('',#5264,#1267);
#788=LINE('',#5267,#1268);
#789=LINE('',#5268,#1269);
#790=LINE('',#5270,#1270);
#791=LINE('',#5272,#1271);
#792=LINE('',#5274,#1272);
#793=LINE('',#5277,#1273);
#794=LINE('',#5278,#1274);
#795=LINE('',#5280,#1275);
#796=LINE('',#5282,#1276);
#797=LINE('',#5284,#1277);
#798=LINE('',#5286,#1278);
#799=LINE('',#5288,#1279);
#800=LINE('',#5290,#1280);
#801=LINE('',#5292,#1281);
#802=LINE('',#5294,#1282);
#803=LINE('',#5296,#1283);
#804=LINE('',#5298,#1284);
#805=LINE('',#5300,#1285);
#806=LINE('',#5302,#1286);
#807=LINE('',#5304,#1287);
#808=LINE('',#5306,#1288);
#809=LINE('',#5308,#1289);
#810=LINE('',#5310,#1290);
#811=LINE('',#5312,#1291);
#812=LINE('',#5314,#1292);
#813=LINE('',#5316,#1293);
#814=LINE('',#5318,#1294);
#815=LINE('',#5320,#1295);
#816=LINE('',#5322,#1296);
#817=LINE('',#5323,#1297);
#818=LINE('',#5324,#1298);
#819=VECTOR('',#3563,1.);
#820=VECTOR('',#3564,1.);
#821=VECTOR('',#3565,1.);
#822=VECTOR('',#3566,1.);
#823=VECTOR('',#3567,1.);
#824=VECTOR('',#3568,1.);
#825=VECTOR('',#3569,1.);
#826=VECTOR('',#3570,1.);
#827=VECTOR('',#3571,1.);
#828=VECTOR('',#3572,1.);
#829=VECTOR('',#3573,1.);
#830=VECTOR('',#3574,1.);
#831=VECTOR('',#3575,1.);
#832=VECTOR('',#3576,1.);
#833=VECTOR('',#3577,1.);
#834=VECTOR('',#3578,1.);
#835=VECTOR('',#3579,1.);
#836=VECTOR('',#3580,1.);
#837=VECTOR('',#3581,1.);
#838=VECTOR('',#3582,1.);
#839=VECTOR('',#3583,1.);
#840=VECTOR('',#3584,1.);
#841=VECTOR('',#3585,1.);
#842=VECTOR('',#3586,1.);
#843=VECTOR('',#3587,1.);
#844=VECTOR('',#3588,1.);
#845=VECTOR('',#3589,1.);
#846=VECTOR('',#3590,1.);
#847=VECTOR('',#3591,1.);
#848=VECTOR('',#3592,1.);
#849=VECTOR('',#3593,1.);
#850=VECTOR('',#3594,1.);
#851=VECTOR('',#3595,1.);
#852=VECTOR('',#3596,1.);
#853=VECTOR('',#3597,1.);
#854=VECTOR('',#3598,1.);
#855=VECTOR('',#3599,1.);
#856=VECTOR('',#3600,1.);
#857=VECTOR('',#3601,1.);
#858=VECTOR('',#3602,1.);
#859=VECTOR('',#3603,1.);
#860=VECTOR('',#3604,1.);
#861=VECTOR('',#3605,1.);
#862=VECTOR('',#3606,1.);
#863=VECTOR('',#3607,1.);
#864=VECTOR('',#3608,1.);
#865=VECTOR('',#3609,1.);
#866=VECTOR('',#3610,1.);
#867=VECTOR('',#3611,1.);
#868=VECTOR('',#3612,1.);
#869=VECTOR('',#3613,1.);
#870=VECTOR('',#3614,1.);
#871=VECTOR('',#3615,1.);
#872=VECTOR('',#3616,1.);
#873=VECTOR('',#3617,1.);
#874=VECTOR('',#3618,1.);
#875=VECTOR('',#3619,1.);
#876=VECTOR('',#3620,1.);
#877=VECTOR('',#3621,1.);
#878=VECTOR('',#3622,1.);
#879=VECTOR('',#3623,1.);
#880=VECTOR('',#3624,1.);
#881=VECTOR('',#3625,1.);
#882=VECTOR('',#3626,1.);
#883=VECTOR('',#3627,1.);
#884=VECTOR('',#3628,1.);
#885=VECTOR('',#3629,1.);
#886=VECTOR('',#3630,1.);
#887=VECTOR('',#3631,1.);
#888=VECTOR('',#3632,1.);
#889=VECTOR('',#3633,1.);
#890=VECTOR('',#3634,1.);
#891=VECTOR('',#3635,1.);
#892=VECTOR('',#3636,1.);
#893=VECTOR('',#3637,1.);
#894=VECTOR('',#3638,1.);
#895=VECTOR('',#3639,1.);
#896=VECTOR('',#3640,1.);
#897=VECTOR('',#3641,1.);
#898=VECTOR('',#3642,1.);
#899=VECTOR('',#3643,1.);
#900=VECTOR('',#3644,1.);
#901=VECTOR('',#3645,1.);
#902=VECTOR('',#3646,1.);
#903=VECTOR('',#3647,1.);
#904=VECTOR('',#3648,1.);
#905=VECTOR('',#3649,1.);
#906=VECTOR('',#3650,1.);
#907=VECTOR('',#3651,1.);
#908=VECTOR('',#3652,1.);
#909=VECTOR('',#3653,1.);
#910=VECTOR('',#3654,1.);
#911=VECTOR('',#3655,1.);
#912=VECTOR('',#3656,1.);
#913=VECTOR('',#3657,1.);
#914=VECTOR('',#3658,1.);
#915=VECTOR('',#3659,1.);
#916=VECTOR('',#3660,1.);
#917=VECTOR('',#3661,1.);
#918=VECTOR('',#3662,1.);
#919=VECTOR('',#3663,1.);
#920=VECTOR('',#3664,1.);
#921=VECTOR('',#3665,1.);
#922=VECTOR('',#3666,1.);
#923=VECTOR('',#3667,1.);
#924=VECTOR('',#3668,1.);
#925=VECTOR('',#3669,1.);
#926=VECTOR('',#3670,1.);
#927=VECTOR('',#3671,1.);
#928=VECTOR('',#3672,1.);
#929=VECTOR('',#3673,1.);
#930=VECTOR('',#3674,1.);
#931=VECTOR('',#3675,1.);
#932=VECTOR('',#3676,1.);
#933=VECTOR('',#3677,1.);
#934=VECTOR('',#3678,1.);
#935=VECTOR('',#3679,1.);
#936=VECTOR('',#3680,1.);
#937=VECTOR('',#3681,1.);
#938=VECTOR('',#3682,1.);
#939=VECTOR('',#3683,1.);
#940=VECTOR('',#3684,1.);
#941=VECTOR('',#3685,1.);
#942=VECTOR('',#3686,1.);
#943=VECTOR('',#3687,1.);
#944=VECTOR('',#3688,1.);
#945=VECTOR('',#3689,1.);
#946=VECTOR('',#3690,1.);
#947=VECTOR('',#3691,1.);
#948=VECTOR('',#3692,1.);
#949=VECTOR('',#3693,1.);
#950=VECTOR('',#3694,1.);
#951=VECTOR('',#3695,1.);
#952=VECTOR('',#3696,1.);
#953=VECTOR('',#3697,1.);
#954=VECTOR('',#3698,1.);
#955=VECTOR('',#3699,1.);
#956=VECTOR('',#3700,1.);
#957=VECTOR('',#3701,1.);
#958=VECTOR('',#3702,1.);
#959=VECTOR('',#3703,1.);
#960=VECTOR('',#3704,1.);
#961=VECTOR('',#3705,1.);
#962=VECTOR('',#3706,1.);
#963=VECTOR('',#3707,1.);
#964=VECTOR('',#3708,1.);
#965=VECTOR('',#3709,1.);
#966=VECTOR('',#3710,1.);
#967=VECTOR('',#3711,1.);
#968=VECTOR('',#3712,1.);
#969=VECTOR('',#3713,1.);
#970=VECTOR('',#3714,1.);
#971=VECTOR('',#3715,1.);
#972=VECTOR('',#3716,1.);
#973=VECTOR('',#3717,1.);
#974=VECTOR('',#3718,1.);
#975=VECTOR('',#3719,1.);
#976=VECTOR('',#3720,1.);
#977=VECTOR('',#3721,1.);
#978=VECTOR('',#3722,1.);
#979=VECTOR('',#3725,1.);
#980=VECTOR('',#3726,1.);
#981=VECTOR('',#3727,1.);
#982=VECTOR('',#3730,1.);
#983=VECTOR('',#3731,1.);
#984=VECTOR('',#3734,1.);
#985=VECTOR('',#3735,1.);
#986=VECTOR('',#3738,1.);
#987=VECTOR('',#3739,1.);
#988=VECTOR('',#3742,1.);
#989=VECTOR('',#3743,1.);
#990=VECTOR('',#3744,1.);
#991=VECTOR('',#3747,1.);
#992=VECTOR('',#3748,1.);
#993=VECTOR('',#3749,1.);
#994=VECTOR('',#3752,1.);
#995=VECTOR('',#3755,1.);
#996=VECTOR('',#3756,1.);
#997=VECTOR('',#3757,1.);
#998=VECTOR('',#3760,1.);
#999=VECTOR('',#3761,1.);
#1000=VECTOR('',#3764,1.);
#1001=VECTOR('',#3765,1.);
#1002=VECTOR('',#3768,1.);
#1003=VECTOR('',#3769,1.);
#1004=VECTOR('',#3770,1.);
#1005=VECTOR('',#3773,1.);
#1006=VECTOR('',#3774,1.);
#1007=VECTOR('',#3777,1.);
#1008=VECTOR('',#3778,1.);
#1009=VECTOR('',#3781,1.);
#1010=VECTOR('',#3782,1.);
#1011=VECTOR('',#3783,1.);
#1012=VECTOR('',#3786,1.);
#1013=VECTOR('',#3787,1.);
#1014=VECTOR('',#3790,1.);
#1015=VECTOR('',#3791,1.);
#1016=VECTOR('',#3794,1.);
#1017=VECTOR('',#3795,1.);
#1018=VECTOR('',#3796,1.);
#1019=VECTOR('',#3799,1.);
#1020=VECTOR('',#3800,1.);
#1021=VECTOR('',#3803,1.);
#1022=VECTOR('',#3804,1.);
#1023=VECTOR('',#3807,1.);
#1024=VECTOR('',#3808,1.);
#1025=VECTOR('',#3809,1.);
#1026=VECTOR('',#3812,1.);
#1027=VECTOR('',#3813,1.);
#1028=VECTOR('',#3816,1.);
#1029=VECTOR('',#3817,1.);
#1030=VECTOR('',#3820,1.);
#1031=VECTOR('',#3821,1.);
#1032=VECTOR('',#3822,1.);
#1033=VECTOR('',#3825,1.);
#1034=VECTOR('',#3826,1.);
#1035=VECTOR('',#3829,1.);
#1036=VECTOR('',#3830,1.);
#1037=VECTOR('',#3833,1.);
#1038=VECTOR('',#3834,1.);
#1039=VECTOR('',#3835,1.);
#1040=VECTOR('',#3838,1.);
#1041=VECTOR('',#3839,1.);
#1042=VECTOR('',#3842,1.);
#1043=VECTOR('',#3843,1.);
#1044=VECTOR('',#3846,1.);
#1045=VECTOR('',#3847,1.);
#1046=VECTOR('',#3848,1.);
#1047=VECTOR('',#3851,1.);
#1048=VECTOR('',#3852,1.);
#1049=VECTOR('',#3855,1.);
#1050=VECTOR('',#3856,1.);
#1051=VECTOR('',#3859,1.);
#1052=VECTOR('',#3860,1.);
#1053=VECTOR('',#3861,1.);
#1054=VECTOR('',#3864,1.);
#1055=VECTOR('',#3865,1.);
#1056=VECTOR('',#3868,1.);
#1057=VECTOR('',#3869,1.);
#1058=VECTOR('',#3872,1.);
#1059=VECTOR('',#3873,1.);
#1060=VECTOR('',#3874,1.);
#1061=VECTOR('',#3877,1.);
#1062=VECTOR('',#3878,1.);
#1063=VECTOR('',#3879,1.);
#1064=VECTOR('',#3882,1.);
#1065=VECTOR('',#3885,1.);
#1066=VECTOR('',#3886,1.);
#1067=VECTOR('',#3887,1.);
#1068=VECTOR('',#3890,1.);
#1069=VECTOR('',#3891,1.);
#1070=VECTOR('',#3894,1.);
#1071=VECTOR('',#3895,1.);
#1072=VECTOR('',#3898,1.);
#1073=VECTOR('',#3899,1.);
#1074=VECTOR('',#3900,1.);
#1075=VECTOR('',#3903,1.);
#1076=VECTOR('',#3904,1.);
#1077=VECTOR('',#3905,1.);
#1078=VECTOR('',#3908,1.);
#1079=VECTOR('',#3911,1.);
#1080=VECTOR('',#3912,1.);
#1081=VECTOR('',#3913,1.);
#1082=VECTOR('',#3916,1.);
#1083=VECTOR('',#3917,1.);
#1084=VECTOR('',#3920,1.);
#1085=VECTOR('',#3921,1.);
#1086=VECTOR('',#3924,1.);
#1087=VECTOR('',#3925,1.);
#1088=VECTOR('',#3926,1.);
#1089=VECTOR('',#3929,1.);
#1090=VECTOR('',#3930,1.);
#1091=VECTOR('',#3933,1.);
#1092=VECTOR('',#3934,1.);
#1093=VECTOR('',#3937,1.);
#1094=VECTOR('',#3938,1.);
#1095=VECTOR('',#3939,1.);
#1096=VECTOR('',#3942,1.);
#1097=VECTOR('',#3943,1.);
#1098=VECTOR('',#3946,1.);
#1099=VECTOR('',#3947,1.);
#1100=VECTOR('',#3950,1.);
#1101=VECTOR('',#3951,1.);
#1102=VECTOR('',#3952,1.);
#1103=VECTOR('',#3955,1.);
#1104=VECTOR('',#3956,1.);
#1105=VECTOR('',#3957,1.);
#1106=VECTOR('',#3960,1.);
#1107=VECTOR('',#3963,1.);
#1108=VECTOR('',#3964,1.);
#1109=VECTOR('',#3965,1.);
#1110=VECTOR('',#3968,1.);
#1111=VECTOR('',#3969,1.);
#1112=VECTOR('',#3970,1.);
#1113=VECTOR('',#3973,1.);
#1114=VECTOR('',#3976,1.);
#1115=VECTOR('',#3977,1.);
#1116=VECTOR('',#3978,1.);
#1117=VECTOR('',#3981,1.);
#1118=VECTOR('',#3982,1.);
#1119=VECTOR('',#3983,1.);
#1120=VECTOR('',#3986,1.);
#1121=VECTOR('',#3989,1.);
#1122=VECTOR('',#3990,1.);
#1123=VECTOR('',#3991,1.);
#1124=VECTOR('',#3994,1.);
#1125=VECTOR('',#3995,1.);
#1126=VECTOR('',#3998,1.);
#1127=VECTOR('',#3999,1.);
#1128=VECTOR('',#4002,1.);
#1129=VECTOR('',#4003,1.);
#1130=VECTOR('',#4004,1.);
#1131=VECTOR('',#4007,1.);
#1132=VECTOR('',#4008,1.);
#1133=VECTOR('',#4011,1.);
#1134=VECTOR('',#4012,1.);
#1135=VECTOR('',#4015,1.);
#1136=VECTOR('',#4016,1.);
#1137=VECTOR('',#4017,1.);
#1138=VECTOR('',#4020,1.);
#1139=VECTOR('',#4021,1.);
#1140=VECTOR('',#4022,1.);
#1141=VECTOR('',#4025,1.);
#1142=VECTOR('',#4028,1.);
#1143=VECTOR('',#4029,1.);
#1144=VECTOR('',#4030,1.);
#1145=VECTOR('',#4033,1.);
#1146=VECTOR('',#4034,1.);
#1147=VECTOR('',#4035,1.);
#1148=VECTOR('',#4038,1.);
#1149=VECTOR('',#4041,1.);
#1150=VECTOR('',#4042,1.);
#1151=VECTOR('',#4043,1.);
#1152=VECTOR('',#4046,1.);
#1153=VECTOR('',#4047,1.);
#1154=VECTOR('',#4048,1.);
#1155=VECTOR('',#4051,1.);
#1156=VECTOR('',#4054,1.);
#1157=VECTOR('',#4055,1.);
#1158=VECTOR('',#4056,1.);
#1159=VECTOR('',#4059,1.);
#1160=VECTOR('',#4060,1.);
#1161=VECTOR('',#4061,1.);
#1162=VECTOR('',#4064,1.);
#1163=VECTOR('',#4067,1.);
#1164=VECTOR('',#4068,1.);
#1165=VECTOR('',#4069,1.);
#1166=VECTOR('',#4072,1.);
#1167=VECTOR('',#4073,1.);
#1168=VECTOR('',#4076,1.);
#1169=VECTOR('',#4077,1.);
#1170=VECTOR('',#4080,1.);
#1171=VECTOR('',#4081,1.);
#1172=VECTOR('',#4082,1.);
#1173=VECTOR('',#4085,1.);
#1174=VECTOR('',#4086,1.);
#1175=VECTOR('',#4089,1.);
#1176=VECTOR('',#4090,1.);
#1177=VECTOR('',#4093,1.);
#1178=VECTOR('',#4094,1.);
#1179=VECTOR('',#4095,1.);
#1180=VECTOR('',#4098,1.);
#1181=VECTOR('',#4099,1.);
#1182=VECTOR('',#4102,1.);
#1183=VECTOR('',#4103,1.);
#1184=VECTOR('',#4106,1.);
#1185=VECTOR('',#4107,1.);
#1186=VECTOR('',#4108,1.);
#1187=VECTOR('',#4111,1.);
#1188=VECTOR('',#4112,1.);
#1189=VECTOR('',#4115,1.);
#1190=VECTOR('',#4116,1.);
#1191=VECTOR('',#4119,1.);
#1192=VECTOR('',#4120,1.);
#1193=VECTOR('',#4121,1.);
#1194=VECTOR('',#4124,1.);
#1195=VECTOR('',#4125,1.);
#1196=VECTOR('',#4128,1.);
#1197=VECTOR('',#4129,1.);
#1198=VECTOR('',#4132,1.);
#1199=VECTOR('',#4133,1.);
#1200=VECTOR('',#4134,1.);
#1201=VECTOR('',#4137,1.);
#1202=VECTOR('',#4138,1.);
#1203=VECTOR('',#4141,1.);
#1204=VECTOR('',#4142,1.);
#1205=VECTOR('',#4145,1.);
#1206=VECTOR('',#4146,1.);
#1207=VECTOR('',#4147,1.);
#1208=VECTOR('',#4150,1.);
#1209=VECTOR('',#4151,1.);
#1210=VECTOR('',#4154,1.);
#1211=VECTOR('',#4155,1.);
#1212=VECTOR('',#4158,1.);
#1213=VECTOR('',#4159,1.);
#1214=VECTOR('',#4160,1.);
#1215=VECTOR('',#4163,1.);
#1216=VECTOR('',#4164,1.);
#1217=VECTOR('',#4167,1.);
#1218=VECTOR('',#4168,1.);
#1219=VECTOR('',#4171,1.);
#1220=VECTOR('',#4172,1.);
#1221=VECTOR('',#4173,1.);
#1222=VECTOR('',#4176,1.);
#1223=VECTOR('',#4177,1.);
#1224=VECTOR('',#4180,1.);
#1225=VECTOR('',#4181,1.);
#1226=VECTOR('',#4184,1.);
#1227=VECTOR('',#4185,1.);
#1228=VECTOR('',#4186,1.);
#1229=VECTOR('',#4189,1.);
#1230=VECTOR('',#4190,1.);
#1231=VECTOR('',#4193,1.);
#1232=VECTOR('',#4194,1.);
#1233=VECTOR('',#4197,1.);
#1234=VECTOR('',#4198,1.);
#1235=VECTOR('',#4199,1.);
#1236=VECTOR('',#4202,1.);
#1237=VECTOR('',#4203,1.);
#1238=VECTOR('',#4204,1.);
#1239=VECTOR('',#4207,1.);
#1240=VECTOR('',#4210,1.);
#1241=VECTOR('',#4211,1.);
#1242=VECTOR('',#4212,1.);
#1243=VECTOR('',#4215,1.);
#1244=VECTOR('',#4216,1.);
#1245=VECTOR('',#4217,1.);
#1246=VECTOR('',#4220,1.);
#1247=VECTOR('',#4223,1.);
#1248=VECTOR('',#4224,1.);
#1249=VECTOR('',#4225,1.);
#1250=VECTOR('',#4228,1.);
#1251=VECTOR('',#4229,1.);
#1252=VECTOR('',#4232,1.);
#1253=VECTOR('',#4233,1.);
#1254=VECTOR('',#4236,1.);
#1255=VECTOR('',#4237,1.);
#1256=VECTOR('',#4240,1.);
#1257=VECTOR('',#4243,1.);
#1258=VECTOR('',#4246,1.);
#1259=VECTOR('',#4249,1.);
#1260=VECTOR('',#4252,1.);
#1261=VECTOR('',#4255,1.);
#1262=VECTOR('',#4258,1.);
#1263=VECTOR('',#4261,1.);
#1264=VECTOR('',#4264,1.);
#1265=VECTOR('',#4267,1.);
#1266=VECTOR('',#4270,1.);
#1267=VECTOR('',#4273,1.);
#1268=VECTOR('',#4276,1.);
#1269=VECTOR('',#4277,1.);
#1270=VECTOR('',#4280,1.);
#1271=VECTOR('',#4283,1.);
#1272=VECTOR('',#4286,1.);
#1273=VECTOR('',#4289,1.);
#1274=VECTOR('',#4290,1.);
#1275=VECTOR('',#4293,1.);
#1276=VECTOR('',#4296,1.);
#1277=VECTOR('',#4299,1.);
#1278=VECTOR('',#4302,1.);
#1279=VECTOR('',#4305,1.);
#1280=VECTOR('',#4308,1.);
#1281=VECTOR('',#4311,1.);
#1282=VECTOR('',#4314,1.);
#1283=VECTOR('',#4317,1.);
#1284=VECTOR('',#4320,1.);
#1285=VECTOR('',#4323,1.);
#1286=VECTOR('',#4326,1.);
#1287=VECTOR('',#4329,1.);
#1288=VECTOR('',#4332,1.);
#1289=VECTOR('',#4335,1.);
#1290=VECTOR('',#4338,1.);
#1291=VECTOR('',#4341,1.);
#1292=VECTOR('',#4344,1.);
#1293=VECTOR('',#4347,1.);
#1294=VECTOR('',#4350,1.);
#1295=VECTOR('',#4353,1.);
#1296=VECTOR('',#4356,1.);
#1297=VECTOR('',#4357,1.);
#1298=VECTOR('',#4358,1.);
#1299=VERTEX_POINT('',#4367);
#1300=VERTEX_POINT('',#4368);
#1301=VERTEX_POINT('',#4370);
#1302=VERTEX_POINT('',#4372);
#1303=VERTEX_POINT('',#4374);
#1304=VERTEX_POINT('',#4376);
#1305=VERTEX_POINT('',#4378);
#1306=VERTEX_POINT('',#4380);
#1307=VERTEX_POINT('',#4382);
#1308=VERTEX_POINT('',#4384);
#1309=VERTEX_POINT('',#4386);
#1310=VERTEX_POINT('',#4388);
#1311=VERTEX_POINT('',#4390);
#1312=VERTEX_POINT('',#4392);
#1313=VERTEX_POINT('',#4394);
#1314=VERTEX_POINT('',#4396);
#1315=VERTEX_POINT('',#4398);
#1316=VERTEX_POINT('',#4400);
#1317=VERTEX_POINT('',#4402);
#1318=VERTEX_POINT('',#4404);
#1319=VERTEX_POINT('',#4406);
#1320=VERTEX_POINT('',#4408);
#1321=VERTEX_POINT('',#4410);
#1322=VERTEX_POINT('',#4412);
#1323=VERTEX_POINT('',#4414);
#1324=VERTEX_POINT('',#4416);
#1325=VERTEX_POINT('',#4418);
#1326=VERTEX_POINT('',#4420);
#1327=VERTEX_POINT('',#4422);
#1328=VERTEX_POINT('',#4424);
#1329=VERTEX_POINT('',#4426);
#1330=VERTEX_POINT('',#4428);
#1331=VERTEX_POINT('',#4430);
#1332=VERTEX_POINT('',#4432);
#1333=VERTEX_POINT('',#4434);
#1334=VERTEX_POINT('',#4436);
#1335=VERTEX_POINT('',#4438);
#1336=VERTEX_POINT('',#4440);
#1337=VERTEX_POINT('',#4442);
#1338=VERTEX_POINT('',#4444);
#1339=VERTEX_POINT('',#4446);
#1340=VERTEX_POINT('',#4448);
#1341=VERTEX_POINT('',#4450);
#1342=VERTEX_POINT('',#4452);
#1343=VERTEX_POINT('',#4454);
#1344=VERTEX_POINT('',#4456);
#1345=VERTEX_POINT('',#4458);
#1346=VERTEX_POINT('',#4460);
#1347=VERTEX_POINT('',#4462);
#1348=VERTEX_POINT('',#4464);
#1349=VERTEX_POINT('',#4466);
#1350=VERTEX_POINT('',#4468);
#1351=VERTEX_POINT('',#4470);
#1352=VERTEX_POINT('',#4472);
#1353=VERTEX_POINT('',#4474);
#1354=VERTEX_POINT('',#4476);
#1355=VERTEX_POINT('',#4478);
#1356=VERTEX_POINT('',#4480);
#1357=VERTEX_POINT('',#4482);
#1358=VERTEX_POINT('',#4484);
#1359=VERTEX_POINT('',#4486);
#1360=VERTEX_POINT('',#4488);
#1361=VERTEX_POINT('',#4490);
#1362=VERTEX_POINT('',#4492);
#1363=VERTEX_POINT('',#4494);
#1364=VERTEX_POINT('',#4496);
#1365=VERTEX_POINT('',#4498);
#1366=VERTEX_POINT('',#4500);
#1367=VERTEX_POINT('',#4502);
#1368=VERTEX_POINT('',#4504);
#1369=VERTEX_POINT('',#4506);
#1370=VERTEX_POINT('',#4508);
#1371=VERTEX_POINT('',#4510);
#1372=VERTEX_POINT('',#4512);
#1373=VERTEX_POINT('',#4514);
#1374=VERTEX_POINT('',#4516);
#1375=VERTEX_POINT('',#4518);
#1376=VERTEX_POINT('',#4520);
#1377=VERTEX_POINT('',#4522);
#1378=VERTEX_POINT('',#4524);
#1379=VERTEX_POINT('',#4526);
#1380=VERTEX_POINT('',#4528);
#1381=VERTEX_POINT('',#4530);
#1382=VERTEX_POINT('',#4532);
#1383=VERTEX_POINT('',#4534);
#1384=VERTEX_POINT('',#4536);
#1385=VERTEX_POINT('',#4538);
#1386=VERTEX_POINT('',#4540);
#1387=VERTEX_POINT('',#4542);
#1388=VERTEX_POINT('',#4544);
#1389=VERTEX_POINT('',#4546);
#1390=VERTEX_POINT('',#4548);
#1391=VERTEX_POINT('',#4550);
#1392=VERTEX_POINT('',#4552);
#1393=VERTEX_POINT('',#4554);
#1394=VERTEX_POINT('',#4556);
#1395=VERTEX_POINT('',#4558);
#1396=VERTEX_POINT('',#4560);
#1397=VERTEX_POINT('',#4562);
#1398=VERTEX_POINT('',#4564);
#1399=VERTEX_POINT('',#4566);
#1400=VERTEX_POINT('',#4568);
#1401=VERTEX_POINT('',#4570);
#1402=VERTEX_POINT('',#4572);
#1403=VERTEX_POINT('',#4574);
#1404=VERTEX_POINT('',#4576);
#1405=VERTEX_POINT('',#4578);
#1406=VERTEX_POINT('',#4580);
#1407=VERTEX_POINT('',#4582);
#1408=VERTEX_POINT('',#4584);
#1409=VERTEX_POINT('',#4586);
#1410=VERTEX_POINT('',#4588);
#1411=VERTEX_POINT('',#4590);
#1412=VERTEX_POINT('',#4592);
#1413=VERTEX_POINT('',#4594);
#1414=VERTEX_POINT('',#4596);
#1415=VERTEX_POINT('',#4598);
#1416=VERTEX_POINT('',#4600);
#1417=VERTEX_POINT('',#4602);
#1418=VERTEX_POINT('',#4604);
#1419=VERTEX_POINT('',#4606);
#1420=VERTEX_POINT('',#4608);
#1421=VERTEX_POINT('',#4610);
#1422=VERTEX_POINT('',#4612);
#1423=VERTEX_POINT('',#4614);
#1424=VERTEX_POINT('',#4616);
#1425=VERTEX_POINT('',#4618);
#1426=VERTEX_POINT('',#4620);
#1427=VERTEX_POINT('',#4622);
#1428=VERTEX_POINT('',#4624);
#1429=VERTEX_POINT('',#4626);
#1430=VERTEX_POINT('',#4628);
#1431=VERTEX_POINT('',#4630);
#1432=VERTEX_POINT('',#4632);
#1433=VERTEX_POINT('',#4634);
#1434=VERTEX_POINT('',#4636);
#1435=VERTEX_POINT('',#4638);
#1436=VERTEX_POINT('',#4640);
#1437=VERTEX_POINT('',#4642);
#1438=VERTEX_POINT('',#4644);
#1439=VERTEX_POINT('',#4646);
#1440=VERTEX_POINT('',#4648);
#1441=VERTEX_POINT('',#4650);
#1442=VERTEX_POINT('',#4652);
#1443=VERTEX_POINT('',#4654);
#1444=VERTEX_POINT('',#4656);
#1445=VERTEX_POINT('',#4658);
#1446=VERTEX_POINT('',#4660);
#1447=VERTEX_POINT('',#4662);
#1448=VERTEX_POINT('',#4664);
#1449=VERTEX_POINT('',#4666);
#1450=VERTEX_POINT('',#4668);
#1451=VERTEX_POINT('',#4670);
#1452=VERTEX_POINT('',#4672);
#1453=VERTEX_POINT('',#4674);
#1454=VERTEX_POINT('',#4676);
#1455=VERTEX_POINT('',#4678);
#1456=VERTEX_POINT('',#4680);
#1457=VERTEX_POINT('',#4682);
#1458=VERTEX_POINT('',#4684);
#1459=VERTEX_POINT('',#4688);
#1460=VERTEX_POINT('',#4690);
#1461=VERTEX_POINT('',#4694);
#1462=VERTEX_POINT('',#4698);
#1463=VERTEX_POINT('',#4702);
#1464=VERTEX_POINT('',#4706);
#1465=VERTEX_POINT('',#4707);
#1466=VERTEX_POINT('',#4712);
#1467=VERTEX_POINT('',#4713);
#1468=VERTEX_POINT('',#4720);
#1469=VERTEX_POINT('',#4721);
#1470=VERTEX_POINT('',#4726);
#1471=VERTEX_POINT('',#4730);
#1472=VERTEX_POINT('',#4734);
#1473=VERTEX_POINT('',#4735);
#1474=VERTEX_POINT('',#4740);
#1475=VERTEX_POINT('',#4744);
#1476=VERTEX_POINT('',#4748);
#1477=VERTEX_POINT('',#4749);
#1478=VERTEX_POINT('',#4754);
#1479=VERTEX_POINT('',#4758);
#1480=VERTEX_POINT('',#4762);
#1481=VERTEX_POINT('',#4763);
#1482=VERTEX_POINT('',#4768);
#1483=VERTEX_POINT('',#4772);
#1484=VERTEX_POINT('',#4776);
#1485=VERTEX_POINT('',#4777);
#1486=VERTEX_POINT('',#4782);
#1487=VERTEX_POINT('',#4786);
#1488=VERTEX_POINT('',#4790);
#1489=VERTEX_POINT('',#4791);
#1490=VERTEX_POINT('',#4796);
#1491=VERTEX_POINT('',#4800);
#1492=VERTEX_POINT('',#4804);
#1493=VERTEX_POINT('',#4805);
#1494=VERTEX_POINT('',#4810);
#1495=VERTEX_POINT('',#4814);
#1496=VERTEX_POINT('',#4818);
#1497=VERTEX_POINT('',#4819);
#1498=VERTEX_POINT('',#4824);
#1499=VERTEX_POINT('',#4828);
#1500=VERTEX_POINT('',#4832);
#1501=VERTEX_POINT('',#4833);
#1502=VERTEX_POINT('',#4838);
#1503=VERTEX_POINT('',#4842);
#1504=VERTEX_POINT('',#4846);
#1505=VERTEX_POINT('',#4847);
#1506=VERTEX_POINT('',#4852);
#1507=VERTEX_POINT('',#4853);
#1508=VERTEX_POINT('',#4860);
#1509=VERTEX_POINT('',#4861);
#1510=VERTEX_POINT('',#4866);
#1511=VERTEX_POINT('',#4870);
#1512=VERTEX_POINT('',#4874);
#1513=VERTEX_POINT('',#4875);
#1514=VERTEX_POINT('',#4880);
#1515=VERTEX_POINT('',#4881);
#1516=VERTEX_POINT('',#4888);
#1517=VERTEX_POINT('',#4889);
#1518=VERTEX_POINT('',#4894);
#1519=VERTEX_POINT('',#4898);
#1520=VERTEX_POINT('',#4902);
#1521=VERTEX_POINT('',#4903);
#1522=VERTEX_POINT('',#4908);
#1523=VERTEX_POINT('',#4912);
#1524=VERTEX_POINT('',#4916);
#1525=VERTEX_POINT('',#4917);
#1526=VERTEX_POINT('',#4922);
#1527=VERTEX_POINT('',#4926);
#1528=VERTEX_POINT('',#4930);
#1529=VERTEX_POINT('',#4931);
#1530=VERTEX_POINT('',#4936);
#1531=VERTEX_POINT('',#4937);
#1532=VERTEX_POINT('',#4944);
#1533=VERTEX_POINT('',#4945);
#1534=VERTEX_POINT('',#4950);
#1535=VERTEX_POINT('',#4951);
#1536=VERTEX_POINT('',#4958);
#1537=VERTEX_POINT('',#4959);
#1538=VERTEX_POINT('',#4964);
#1539=VERTEX_POINT('',#4965);
#1540=VERTEX_POINT('',#4972);
#1541=VERTEX_POINT('',#4973);
#1542=VERTEX_POINT('',#4978);
#1543=VERTEX_POINT('',#4982);
#1544=VERTEX_POINT('',#4986);
#1545=VERTEX_POINT('',#4987);
#1546=VERTEX_POINT('',#4992);
#1547=VERTEX_POINT('',#4996);
#1548=VERTEX_POINT('',#5000);
#1549=VERTEX_POINT('',#5001);
#1550=VERTEX_POINT('',#5006);
#1551=VERTEX_POINT('',#5007);
#1552=VERTEX_POINT('',#5014);
#1553=VERTEX_POINT('',#5015);
#1554=VERTEX_POINT('',#5020);
#1555=VERTEX_POINT('',#5021);
#1556=VERTEX_POINT('',#5028);
#1557=VERTEX_POINT('',#5029);
#1558=VERTEX_POINT('',#5034);
#1559=VERTEX_POINT('',#5035);
#1560=VERTEX_POINT('',#5042);
#1561=VERTEX_POINT('',#5043);
#1562=VERTEX_POINT('',#5048);
#1563=VERTEX_POINT('',#5049);
#1564=VERTEX_POINT('',#5056);
#1565=VERTEX_POINT('',#5057);
#1566=VERTEX_POINT('',#5062);
#1567=VERTEX_POINT('',#5066);
#1568=VERTEX_POINT('',#5070);
#1569=VERTEX_POINT('',#5071);
#1570=VERTEX_POINT('',#5076);
#1571=VERTEX_POINT('',#5080);
#1572=VERTEX_POINT('',#5084);
#1573=VERTEX_POINT('',#5085);
#1574=VERTEX_POINT('',#5090);
#1575=VERTEX_POINT('',#5094);
#1576=VERTEX_POINT('',#5098);
#1577=VERTEX_POINT('',#5099);
#1578=VERTEX_POINT('',#5104);
#1579=VERTEX_POINT('',#5108);
#1580=VERTEX_POINT('',#5112);
#1581=VERTEX_POINT('',#5113);
#1582=VERTEX_POINT('',#5118);
#1583=VERTEX_POINT('',#5122);
#1584=VERTEX_POINT('',#5126);
#1585=VERTEX_POINT('',#5127);
#1586=VERTEX_POINT('',#5132);
#1587=VERTEX_POINT('',#5136);
#1588=VERTEX_POINT('',#5140);
#1589=VERTEX_POINT('',#5141);
#1590=VERTEX_POINT('',#5146);
#1591=VERTEX_POINT('',#5150);
#1592=VERTEX_POINT('',#5154);
#1593=VERTEX_POINT('',#5155);
#1594=VERTEX_POINT('',#5160);
#1595=VERTEX_POINT('',#5164);
#1596=VERTEX_POINT('',#5168);
#1597=VERTEX_POINT('',#5169);
#1598=VERTEX_POINT('',#5174);
#1599=VERTEX_POINT('',#5178);
#1600=VERTEX_POINT('',#5182);
#1601=VERTEX_POINT('',#5183);
#1602=VERTEX_POINT('',#5188);
#1603=VERTEX_POINT('',#5192);
#1604=VERTEX_POINT('',#5196);
#1605=VERTEX_POINT('',#5197);
#1606=VERTEX_POINT('',#5202);
#1607=VERTEX_POINT('',#5203);
#1608=VERTEX_POINT('',#5210);
#1609=VERTEX_POINT('',#5211);
#1610=VERTEX_POINT('',#5216);
#1611=VERTEX_POINT('',#5217);
#1612=VERTEX_POINT('',#5224);
#1613=VERTEX_POINT('',#5225);
#1614=VERTEX_POINT('',#5230);
#1615=VERTEX_POINT('',#5234);
#1616=VERTEX_POINT('',#5238);
#1617=VERTEX_POINT('',#5266);
#1618=VERTEX_POINT('',#5276);
#1619=EDGE_CURVE('',#1299,#1300,#339,.T.);
#1620=EDGE_CURVE('',#1300,#1301,#340,.T.);
#1621=EDGE_CURVE('',#1301,#1302,#341,.T.);
#1622=EDGE_CURVE('',#1302,#1303,#342,.T.);
#1623=EDGE_CURVE('',#1303,#1304,#343,.T.);
#1624=EDGE_CURVE('',#1304,#1305,#344,.T.);
#1625=EDGE_CURVE('',#1305,#1306,#345,.T.);
#1626=EDGE_CURVE('',#1306,#1307,#346,.T.);
#1627=EDGE_CURVE('',#1307,#1308,#347,.T.);
#1628=EDGE_CURVE('',#1308,#1309,#348,.T.);
#1629=EDGE_CURVE('',#1309,#1310,#349,.T.);
#1630=EDGE_CURVE('',#1310,#1311,#350,.T.);
#1631=EDGE_CURVE('',#1311,#1312,#351,.T.);
#1632=EDGE_CURVE('',#1312,#1313,#352,.T.);
#1633=EDGE_CURVE('',#1313,#1314,#353,.T.);
#1634=EDGE_CURVE('',#1314,#1315,#354,.T.);
#1635=EDGE_CURVE('',#1315,#1316,#355,.T.);
#1636=EDGE_CURVE('',#1316,#1317,#356,.T.);
#1637=EDGE_CURVE('',#1317,#1318,#357,.T.);
#1638=EDGE_CURVE('',#1318,#1319,#358,.T.);
#1639=EDGE_CURVE('',#1319,#1320,#359,.T.);
#1640=EDGE_CURVE('',#1320,#1321,#360,.T.);
#1641=EDGE_CURVE('',#1321,#1322,#361,.T.);
#1642=EDGE_CURVE('',#1322,#1323,#362,.T.);
#1643=EDGE_CURVE('',#1323,#1324,#363,.T.);
#1644=EDGE_CURVE('',#1324,#1325,#364,.T.);
#1645=EDGE_CURVE('',#1325,#1326,#365,.T.);
#1646=EDGE_CURVE('',#1326,#1327,#366,.T.);
#1647=EDGE_CURVE('',#1327,#1328,#367,.T.);
#1648=EDGE_CURVE('',#1328,#1329,#368,.T.);
#1649=EDGE_CURVE('',#1329,#1330,#369,.T.);
#1650=EDGE_CURVE('',#1330,#1331,#370,.T.);
#1651=EDGE_CURVE('',#1331,#1332,#371,.T.);
#1652=EDGE_CURVE('',#1332,#1333,#372,.T.);
#1653=EDGE_CURVE('',#1333,#1334,#373,.T.);
#1654=EDGE_CURVE('',#1334,#1335,#374,.T.);
#1655=EDGE_CURVE('',#1335,#1336,#375,.T.);
#1656=EDGE_CURVE('',#1336,#1337,#376,.T.);
#1657=EDGE_CURVE('',#1337,#1338,#377,.T.);
#1658=EDGE_CURVE('',#1338,#1339,#378,.T.);
#1659=EDGE_CURVE('',#1339,#1340,#379,.T.);
#1660=EDGE_CURVE('',#1340,#1341,#380,.T.);
#1661=EDGE_CURVE('',#1341,#1342,#381,.T.);
#1662=EDGE_CURVE('',#1342,#1343,#382,.T.);
#1663=EDGE_CURVE('',#1343,#1344,#383,.T.);
#1664=EDGE_CURVE('',#1344,#1345,#384,.T.);
#1665=EDGE_CURVE('',#1345,#1346,#385,.T.);
#1666=EDGE_CURVE('',#1346,#1347,#386,.T.);
#1667=EDGE_CURVE('',#1347,#1348,#387,.T.);
#1668=EDGE_CURVE('',#1348,#1349,#388,.T.);
#1669=EDGE_CURVE('',#1349,#1350,#389,.T.);
#1670=EDGE_CURVE('',#1350,#1351,#390,.T.);
#1671=EDGE_CURVE('',#1351,#1352,#391,.T.);
#1672=EDGE_CURVE('',#1352,#1353,#392,.T.);
#1673=EDGE_CURVE('',#1353,#1354,#393,.T.);
#1674=EDGE_CURVE('',#1354,#1355,#394,.T.);
#1675=EDGE_CURVE('',#1355,#1356,#395,.T.);
#1676=EDGE_CURVE('',#1356,#1357,#396,.T.);
#1677=EDGE_CURVE('',#1357,#1358,#397,.T.);
#1678=EDGE_CURVE('',#1358,#1359,#398,.T.);
#1679=EDGE_CURVE('',#1359,#1360,#399,.T.);
#1680=EDGE_CURVE('',#1360,#1361,#400,.T.);
#1681=EDGE_CURVE('',#1361,#1362,#401,.T.);
#1682=EDGE_CURVE('',#1362,#1363,#402,.T.);
#1683=EDGE_CURVE('',#1363,#1364,#403,.T.);
#1684=EDGE_CURVE('',#1364,#1365,#404,.T.);
#1685=EDGE_CURVE('',#1365,#1366,#405,.T.);
#1686=EDGE_CURVE('',#1366,#1367,#406,.T.);
#1687=EDGE_CURVE('',#1367,#1368,#407,.T.);
#1688=EDGE_CURVE('',#1368,#1369,#408,.T.);
#1689=EDGE_CURVE('',#1369,#1370,#409,.T.);
#1690=EDGE_CURVE('',#1370,#1371,#410,.T.);
#1691=EDGE_CURVE('',#1371,#1372,#411,.T.);
#1692=EDGE_CURVE('',#1372,#1373,#412,.T.);
#1693=EDGE_CURVE('',#1373,#1374,#413,.T.);
#1694=EDGE_CURVE('',#1374,#1375,#414,.T.);
#1695=EDGE_CURVE('',#1375,#1376,#415,.T.);
#1696=EDGE_CURVE('',#1376,#1377,#416,.T.);
#1697=EDGE_CURVE('',#1377,#1378,#417,.T.);
#1698=EDGE_CURVE('',#1378,#1379,#418,.T.);
#1699=EDGE_CURVE('',#1379,#1380,#419,.T.);
#1700=EDGE_CURVE('',#1380,#1381,#420,.T.);
#1701=EDGE_CURVE('',#1381,#1382,#421,.T.);
#1702=EDGE_CURVE('',#1382,#1383,#422,.T.);
#1703=EDGE_CURVE('',#1383,#1384,#423,.T.);
#1704=EDGE_CURVE('',#1384,#1385,#424,.T.);
#1705=EDGE_CURVE('',#1385,#1386,#425,.T.);
#1706=EDGE_CURVE('',#1386,#1387,#426,.T.);
#1707=EDGE_CURVE('',#1387,#1388,#427,.T.);
#1708=EDGE_CURVE('',#1388,#1389,#428,.T.);
#1709=EDGE_CURVE('',#1389,#1390,#429,.T.);
#1710=EDGE_CURVE('',#1390,#1391,#430,.T.);
#1711=EDGE_CURVE('',#1391,#1392,#431,.T.);
#1712=EDGE_CURVE('',#1392,#1393,#432,.T.);
#1713=EDGE_CURVE('',#1393,#1394,#433,.T.);
#1714=EDGE_CURVE('',#1394,#1395,#434,.T.);
#1715=EDGE_CURVE('',#1395,#1396,#435,.T.);
#1716=EDGE_CURVE('',#1396,#1397,#436,.T.);
#1717=EDGE_CURVE('',#1397,#1398,#437,.T.);
#1718=EDGE_CURVE('',#1398,#1399,#438,.T.);
#1719=EDGE_CURVE('',#1399,#1400,#439,.T.);
#1720=EDGE_CURVE('',#1400,#1401,#440,.T.);
#1721=EDGE_CURVE('',#1401,#1402,#441,.T.);
#1722=EDGE_CURVE('',#1402,#1403,#442,.T.);
#1723=EDGE_CURVE('',#1403,#1404,#443,.T.);
#1724=EDGE_CURVE('',#1404,#1405,#444,.T.);
#1725=EDGE_CURVE('',#1405,#1406,#445,.T.);
#1726=EDGE_CURVE('',#1406,#1407,#446,.T.);
#1727=EDGE_CURVE('',#1407,#1408,#447,.T.);
#1728=EDGE_CURVE('',#1408,#1409,#448,.T.);
#1729=EDGE_CURVE('',#1409,#1410,#449,.T.);
#1730=EDGE_CURVE('',#1410,#1411,#450,.T.);
#1731=EDGE_CURVE('',#1411,#1412,#451,.T.);
#1732=EDGE_CURVE('',#1412,#1413,#452,.T.);
#1733=EDGE_CURVE('',#1413,#1414,#453,.T.);
#1734=EDGE_CURVE('',#1414,#1415,#454,.T.);
#1735=EDGE_CURVE('',#1415,#1416,#455,.T.);
#1736=EDGE_CURVE('',#1416,#1417,#456,.T.);
#1737=EDGE_CURVE('',#1417,#1418,#457,.T.);
#1738=EDGE_CURVE('',#1418,#1419,#458,.T.);
#1739=EDGE_CURVE('',#1419,#1420,#459,.T.);
#1740=EDGE_CURVE('',#1420,#1421,#460,.T.);
#1741=EDGE_CURVE('',#1421,#1422,#461,.T.);
#1742=EDGE_CURVE('',#1422,#1423,#462,.T.);
#1743=EDGE_CURVE('',#1423,#1424,#463,.T.);
#1744=EDGE_CURVE('',#1424,#1425,#464,.T.);
#1745=EDGE_CURVE('',#1425,#1426,#465,.T.);
#1746=EDGE_CURVE('',#1426,#1427,#466,.T.);
#1747=EDGE_CURVE('',#1427,#1428,#467,.T.);
#1748=EDGE_CURVE('',#1428,#1429,#468,.T.);
#1749=EDGE_CURVE('',#1429,#1430,#469,.T.);
#1750=EDGE_CURVE('',#1430,#1431,#470,.T.);
#1751=EDGE_CURVE('',#1431,#1432,#471,.T.);
#1752=EDGE_CURVE('',#1432,#1433,#472,.T.);
#1753=EDGE_CURVE('',#1433,#1434,#473,.T.);
#1754=EDGE_CURVE('',#1434,#1435,#474,.T.);
#1755=EDGE_CURVE('',#1435,#1436,#475,.T.);
#1756=EDGE_CURVE('',#1436,#1437,#476,.T.);
#1757=EDGE_CURVE('',#1437,#1438,#477,.T.);
#1758=EDGE_CURVE('',#1438,#1439,#478,.T.);
#1759=EDGE_CURVE('',#1439,#1440,#479,.T.);
#1760=EDGE_CURVE('',#1440,#1441,#480,.T.);
#1761=EDGE_CURVE('',#1441,#1442,#481,.T.);
#1762=EDGE_CURVE('',#1442,#1443,#482,.T.);
#1763=EDGE_CURVE('',#1443,#1444,#483,.T.);
#1764=EDGE_CURVE('',#1444,#1445,#484,.T.);
#1765=EDGE_CURVE('',#1445,#1446,#485,.T.);
#1766=EDGE_CURVE('',#1446,#1447,#486,.T.);
#1767=EDGE_CURVE('',#1447,#1448,#487,.T.);
#1768=EDGE_CURVE('',#1448,#1449,#488,.T.);
#1769=EDGE_CURVE('',#1449,#1450,#489,.T.);
#1770=EDGE_CURVE('',#1450,#1451,#490,.T.);
#1771=EDGE_CURVE('',#1451,#1452,#491,.T.);
#1772=EDGE_CURVE('',#1452,#1453,#492,.T.);
#1773=EDGE_CURVE('',#1453,#1454,#493,.T.);
#1774=EDGE_CURVE('',#1454,#1455,#494,.T.);
#1775=EDGE_CURVE('',#1455,#1456,#495,.T.);
#1776=EDGE_CURVE('',#1456,#1457,#496,.T.);
#1777=EDGE_CURVE('',#1457,#1458,#497,.T.);
#1778=EDGE_CURVE('',#1458,#1299,#498,.T.);
#1779=EDGE_CURVE('',#1459,#1457,#499,.T.);
#1780=EDGE_CURVE('',#1460,#1456,#500,.T.);
#1781=EDGE_CURVE('',#1459,#1460,#501,.T.);
#1782=EDGE_CURVE('',#1461,#1459,#502,.T.);
#1783=EDGE_CURVE('',#1461,#1458,#503,.T.);
#1784=EDGE_CURVE('',#1462,#1461,#504,.T.);
#1785=EDGE_CURVE('',#1462,#1299,#505,.T.);
#1786=EDGE_CURVE('',#1463,#1462,#506,.T.);
#1787=EDGE_CURVE('',#1300,#1463,#507,.T.);
#1788=EDGE_CURVE('',#1464,#1465,#508,.T.);
#1789=EDGE_CURVE('',#1451,#1464,#509,.T.);
#1790=EDGE_CURVE('',#1465,#1450,#510,.T.);
#1791=EDGE_CURVE('',#1466,#1467,#511,.T.);
#1792=EDGE_CURVE('',#1466,#1449,#512,.T.);
#1793=EDGE_CURVE('',#1467,#1448,#513,.T.);
#1794=EDGE_CURVE('',#1465,#1466,#514,.T.);
#1795=EDGE_CURVE('',#1468,#1469,#515,.T.);
#1796=EDGE_CURVE('',#1468,#1356,#516,.T.);
#1797=EDGE_CURVE('',#1469,#1355,#517,.T.);
#1798=EDGE_CURVE('',#1470,#1468,#518,.T.);
#1799=EDGE_CURVE('',#1470,#1357,#519,.T.);
#1800=EDGE_CURVE('',#1471,#1470,#520,.T.);
#1801=EDGE_CURVE('',#1358,#1471,#521,.T.);
#1802=EDGE_CURVE('',#1472,#1473,#522,.T.);
#1803=EDGE_CURVE('',#1472,#1360,#523,.T.);
#1804=EDGE_CURVE('',#1473,#1359,#524,.T.);
#1805=EDGE_CURVE('',#1474,#1472,#525,.T.);
#1806=EDGE_CURVE('',#1474,#1361,#526,.T.);
#1807=EDGE_CURVE('',#1475,#1474,#527,.T.);
#1808=EDGE_CURVE('',#1362,#1475,#528,.T.);
#1809=EDGE_CURVE('',#1476,#1477,#529,.T.);
#1810=EDGE_CURVE('',#1476,#1368,#530,.T.);
#1811=EDGE_CURVE('',#1477,#1367,#531,.T.);
#1812=EDGE_CURVE('',#1478,#1476,#532,.T.);
#1813=EDGE_CURVE('',#1478,#1369,#533,.T.);
#1814=EDGE_CURVE('',#1479,#1478,#534,.T.);
#1815=EDGE_CURVE('',#1370,#1479,#535,.T.);
#1816=EDGE_CURVE('',#1480,#1481,#536,.T.);
#1817=EDGE_CURVE('',#1480,#1306,#537,.T.);
#1818=EDGE_CURVE('',#1481,#1305,#538,.T.);
#1819=EDGE_CURVE('',#1482,#1480,#539,.T.);
#1820=EDGE_CURVE('',#1482,#1307,#540,.T.);
#1821=EDGE_CURVE('',#1483,#1482,#541,.T.);
#1822=EDGE_CURVE('',#1308,#1483,#542,.T.);
#1823=EDGE_CURVE('',#1484,#1485,#543,.T.);
#1824=EDGE_CURVE('',#1484,#1310,#544,.T.);
#1825=EDGE_CURVE('',#1485,#1309,#545,.T.);
#1826=EDGE_CURVE('',#1486,#1484,#546,.T.);
#1827=EDGE_CURVE('',#1486,#1311,#547,.T.);
#1828=EDGE_CURVE('',#1487,#1486,#548,.T.);
#1829=EDGE_CURVE('',#1312,#1487,#549,.T.);
#1830=EDGE_CURVE('',#1488,#1489,#550,.T.);
#1831=EDGE_CURVE('',#1488,#1346,#551,.T.);
#1832=EDGE_CURVE('',#1489,#1345,#552,.T.);
#1833=EDGE_CURVE('',#1490,#1488,#553,.T.);
#1834=EDGE_CURVE('',#1490,#1347,#554,.T.);
#1835=EDGE_CURVE('',#1491,#1490,#555,.T.);
#1836=EDGE_CURVE('',#1348,#1491,#556,.T.);
#1837=EDGE_CURVE('',#1492,#1493,#557,.T.);
#1838=EDGE_CURVE('',#1492,#1302,#558,.T.);
#1839=EDGE_CURVE('',#1493,#1301,#559,.T.);
#1840=EDGE_CURVE('',#1494,#1492,#560,.T.);
#1841=EDGE_CURVE('',#1494,#1303,#561,.T.);
#1842=EDGE_CURVE('',#1495,#1494,#562,.T.);
#1843=EDGE_CURVE('',#1304,#1495,#563,.T.);
#1844=EDGE_CURVE('',#1496,#1497,#564,.T.);
#1845=EDGE_CURVE('',#1496,#1322,#565,.T.);
#1846=EDGE_CURVE('',#1497,#1321,#566,.T.);
#1847=EDGE_CURVE('',#1498,#1496,#567,.T.);
#1848=EDGE_CURVE('',#1498,#1323,#568,.T.);
#1849=EDGE_CURVE('',#1499,#1498,#569,.T.);
#1850=EDGE_CURVE('',#1324,#1499,#570,.T.);
#1851=EDGE_CURVE('',#1500,#1501,#571,.T.);
#1852=EDGE_CURVE('',#1500,#1318,#572,.T.);
#1853=EDGE_CURVE('',#1501,#1317,#573,.T.);
#1854=EDGE_CURVE('',#1502,#1500,#574,.T.);
#1855=EDGE_CURVE('',#1502,#1319,#575,.T.);
#1856=EDGE_CURVE('',#1503,#1502,#576,.T.);
#1857=EDGE_CURVE('',#1320,#1503,#577,.T.);
#1858=EDGE_CURVE('',#1504,#1505,#578,.T.);
#1859=EDGE_CURVE('',#1439,#1504,#579,.T.);
#1860=EDGE_CURVE('',#1505,#1438,#580,.T.);
#1861=EDGE_CURVE('',#1506,#1507,#581,.T.);
#1862=EDGE_CURVE('',#1506,#1437,#582,.T.);
#1863=EDGE_CURVE('',#1507,#1436,#583,.T.);
#1864=EDGE_CURVE('',#1505,#1506,#584,.T.);
#1865=EDGE_CURVE('',#1508,#1509,#585,.T.);
#1866=EDGE_CURVE('',#1508,#1384,#586,.T.);
#1867=EDGE_CURVE('',#1509,#1383,#587,.T.);
#1868=EDGE_CURVE('',#1510,#1508,#588,.T.);
#1869=EDGE_CURVE('',#1510,#1385,#589,.T.);
#1870=EDGE_CURVE('',#1511,#1510,#590,.T.);
#1871=EDGE_CURVE('',#1386,#1511,#591,.T.);
#1872=EDGE_CURVE('',#1512,#1513,#592,.T.);
#1873=EDGE_CURVE('',#1427,#1512,#593,.T.);
#1874=EDGE_CURVE('',#1513,#1426,#594,.T.);
#1875=EDGE_CURVE('',#1514,#1515,#595,.T.);
#1876=EDGE_CURVE('',#1514,#1425,#596,.T.);
#1877=EDGE_CURVE('',#1515,#1424,#597,.T.);
#1878=EDGE_CURVE('',#1513,#1514,#598,.T.);
#1879=EDGE_CURVE('',#1516,#1517,#599,.T.);
#1880=EDGE_CURVE('',#1516,#1396,#600,.T.);
#1881=EDGE_CURVE('',#1517,#1395,#601,.T.);
#1882=EDGE_CURVE('',#1518,#1516,#602,.T.);
#1883=EDGE_CURVE('',#1518,#1397,#603,.T.);
#1884=EDGE_CURVE('',#1519,#1518,#604,.T.);
#1885=EDGE_CURVE('',#1398,#1519,#605,.T.);
#1886=EDGE_CURVE('',#1520,#1521,#606,.T.);
#1887=EDGE_CURVE('',#1520,#1401,#607,.T.);
#1888=EDGE_CURVE('',#1521,#1400,#608,.T.);
#1889=EDGE_CURVE('',#1522,#1520,#609,.T.);
#1890=EDGE_CURVE('',#1402,#1522,#610,.T.);
#1891=EDGE_CURVE('',#1521,#1523,#611,.T.);
#1892=EDGE_CURVE('',#1523,#1399,#612,.T.);
#1893=EDGE_CURVE('',#1524,#1525,#613,.T.);
#1894=EDGE_CURVE('',#1524,#1392,#614,.T.);
#1895=EDGE_CURVE('',#1525,#1391,#615,.T.);
#1896=EDGE_CURVE('',#1526,#1524,#616,.T.);
#1897=EDGE_CURVE('',#1526,#1393,#617,.T.);
#1898=EDGE_CURVE('',#1527,#1526,#618,.T.);
#1899=EDGE_CURVE('',#1394,#1527,#619,.T.);
#1900=EDGE_CURVE('',#1528,#1529,#620,.T.);
#1901=EDGE_CURVE('',#1419,#1528,#621,.T.);
#1902=EDGE_CURVE('',#1529,#1418,#622,.T.);
#1903=EDGE_CURVE('',#1530,#1531,#623,.T.);
#1904=EDGE_CURVE('',#1530,#1417,#624,.T.);
#1905=EDGE_CURVE('',#1531,#1416,#625,.T.);
#1906=EDGE_CURVE('',#1529,#1530,#626,.T.);
#1907=EDGE_CURVE('',#1532,#1533,#627,.T.);
#1908=EDGE_CURVE('',#1423,#1532,#628,.T.);
#1909=EDGE_CURVE('',#1533,#1422,#629,.T.);
#1910=EDGE_CURVE('',#1534,#1535,#630,.T.);
#1911=EDGE_CURVE('',#1534,#1421,#631,.T.);
#1912=EDGE_CURVE('',#1535,#1420,#632,.T.);
#1913=EDGE_CURVE('',#1533,#1534,#633,.T.);
#1914=EDGE_CURVE('',#1536,#1537,#634,.T.);
#1915=EDGE_CURVE('',#1407,#1536,#635,.T.);
#1916=EDGE_CURVE('',#1537,#1406,#636,.T.);
#1917=EDGE_CURVE('',#1538,#1539,#637,.T.);
#1918=EDGE_CURVE('',#1538,#1405,#638,.T.);
#1919=EDGE_CURVE('',#1539,#1404,#639,.T.);
#1920=EDGE_CURVE('',#1537,#1538,#640,.T.);
#1921=EDGE_CURVE('',#1540,#1541,#641,.T.);
#1922=EDGE_CURVE('',#1540,#1376,#642,.T.);
#1923=EDGE_CURVE('',#1541,#1375,#643,.T.);
#1924=EDGE_CURVE('',#1542,#1540,#644,.T.);
#1925=EDGE_CURVE('',#1542,#1377,#645,.T.);
#1926=EDGE_CURVE('',#1543,#1542,#646,.T.);
#1927=EDGE_CURVE('',#1378,#1543,#647,.T.);
#1928=EDGE_CURVE('',#1544,#1545,#648,.T.);
#1929=EDGE_CURVE('',#1544,#1380,#649,.T.);
#1930=EDGE_CURVE('',#1545,#1379,#650,.T.);
#1931=EDGE_CURVE('',#1546,#1544,#651,.T.);
#1932=EDGE_CURVE('',#1546,#1381,#652,.T.);
#1933=EDGE_CURVE('',#1547,#1546,#653,.T.);
#1934=EDGE_CURVE('',#1382,#1547,#654,.T.);
#1935=EDGE_CURVE('',#1548,#1549,#655,.T.);
#1936=EDGE_CURVE('',#1411,#1548,#656,.T.);
#1937=EDGE_CURVE('',#1549,#1410,#657,.T.);
#1938=EDGE_CURVE('',#1550,#1551,#658,.T.);
#1939=EDGE_CURVE('',#1550,#1409,#659,.T.);
#1940=EDGE_CURVE('',#1551,#1408,#660,.T.);
#1941=EDGE_CURVE('',#1549,#1550,#661,.T.);
#1942=EDGE_CURVE('',#1552,#1553,#662,.T.);
#1943=EDGE_CURVE('',#1415,#1552,#663,.T.);
#1944=EDGE_CURVE('',#1553,#1414,#664,.T.);
#1945=EDGE_CURVE('',#1554,#1555,#665,.T.);
#1946=EDGE_CURVE('',#1554,#1413,#666,.T.);
#1947=EDGE_CURVE('',#1555,#1412,#667,.T.);
#1948=EDGE_CURVE('',#1553,#1554,#668,.T.);
#1949=EDGE_CURVE('',#1556,#1557,#669,.T.);
#1950=EDGE_CURVE('',#1431,#1556,#670,.T.);
#1951=EDGE_CURVE('',#1557,#1430,#671,.T.);
#1952=EDGE_CURVE('',#1558,#1559,#672,.T.);
#1953=EDGE_CURVE('',#1558,#1429,#673,.T.);
#1954=EDGE_CURVE('',#1559,#1428,#674,.T.);
#1955=EDGE_CURVE('',#1557,#1558,#675,.T.);
#1956=EDGE_CURVE('',#1560,#1561,#676,.T.);
#1957=EDGE_CURVE('',#1435,#1560,#677,.T.);
#1958=EDGE_CURVE('',#1561,#1434,#678,.T.);
#1959=EDGE_CURVE('',#1562,#1563,#679,.T.);
#1960=EDGE_CURVE('',#1562,#1433,#680,.T.);
#1961=EDGE_CURVE('',#1563,#1432,#681,.T.);
#1962=EDGE_CURVE('',#1561,#1562,#682,.T.);
#1963=EDGE_CURVE('',#1564,#1565,#683,.T.);
#1964=EDGE_CURVE('',#1564,#1388,#684,.T.);
#1965=EDGE_CURVE('',#1565,#1387,#685,.T.);
#1966=EDGE_CURVE('',#1566,#1564,#686,.T.);
#1967=EDGE_CURVE('',#1566,#1389,#687,.T.);
#1968=EDGE_CURVE('',#1567,#1566,#688,.T.);
#1969=EDGE_CURVE('',#1390,#1567,#689,.T.);
#1970=EDGE_CURVE('',#1568,#1569,#690,.T.);
#1971=EDGE_CURVE('',#1568,#1342,#691,.T.);
#1972=EDGE_CURVE('',#1569,#1341,#692,.T.);
#1973=EDGE_CURVE('',#1570,#1568,#693,.T.);
#1974=EDGE_CURVE('',#1570,#1343,#694,.T.);
#1975=EDGE_CURVE('',#1571,#1570,#695,.T.);
#1976=EDGE_CURVE('',#1344,#1571,#696,.T.);
#1977=EDGE_CURVE('',#1572,#1573,#697,.T.);
#1978=EDGE_CURVE('',#1572,#1314,#698,.T.);
#1979=EDGE_CURVE('',#1573,#1313,#699,.T.);
#1980=EDGE_CURVE('',#1574,#1572,#700,.T.);
#1981=EDGE_CURVE('',#1574,#1315,#701,.T.);
#1982=EDGE_CURVE('',#1575,#1574,#702,.T.);
#1983=EDGE_CURVE('',#1316,#1575,#703,.T.);
#1984=EDGE_CURVE('',#1576,#1577,#704,.T.);
#1985=EDGE_CURVE('',#1576,#1338,#705,.T.);
#1986=EDGE_CURVE('',#1577,#1337,#706,.T.);
#1987=EDGE_CURVE('',#1578,#1576,#707,.T.);
#1988=EDGE_CURVE('',#1578,#1339,#708,.T.);
#1989=EDGE_CURVE('',#1579,#1578,#709,.T.);
#1990=EDGE_CURVE('',#1340,#1579,#710,.T.);
#1991=EDGE_CURVE('',#1580,#1581,#711,.T.);
#1992=EDGE_CURVE('',#1580,#1326,#712,.T.);
#1993=EDGE_CURVE('',#1581,#1325,#713,.T.);
#1994=EDGE_CURVE('',#1582,#1580,#714,.T.);
#1995=EDGE_CURVE('',#1582,#1327,#715,.T.);
#1996=EDGE_CURVE('',#1583,#1582,#716,.T.);
#1997=EDGE_CURVE('',#1328,#1583,#717,.T.);
#1998=EDGE_CURVE('',#1584,#1585,#718,.T.);
#1999=EDGE_CURVE('',#1584,#1330,#719,.T.);
#2000=EDGE_CURVE('',#1585,#1329,#720,.T.);
#2001=EDGE_CURVE('',#1586,#1584,#721,.T.);
#2002=EDGE_CURVE('',#1586,#1331,#722,.T.);
#2003=EDGE_CURVE('',#1587,#1586,#723,.T.);
#2004=EDGE_CURVE('',#1332,#1587,#724,.T.);
#2005=EDGE_CURVE('',#1588,#1589,#725,.T.);
#2006=EDGE_CURVE('',#1588,#1334,#726,.T.);
#2007=EDGE_CURVE('',#1589,#1333,#727,.T.);
#2008=EDGE_CURVE('',#1590,#1588,#728,.T.);
#2009=EDGE_CURVE('',#1590,#1335,#729,.T.);
#2010=EDGE_CURVE('',#1591,#1590,#730,.T.);
#2011=EDGE_CURVE('',#1336,#1591,#731,.T.);
#2012=EDGE_CURVE('',#1592,#1593,#732,.T.);
#2013=EDGE_CURVE('',#1592,#1364,#733,.T.);
#2014=EDGE_CURVE('',#1593,#1363,#734,.T.);
#2015=EDGE_CURVE('',#1594,#1592,#735,.T.);
#2016=EDGE_CURVE('',#1594,#1365,#736,.T.);
#2017=EDGE_CURVE('',#1595,#1594,#737,.T.);
#2018=EDGE_CURVE('',#1366,#1595,#738,.T.);
#2019=EDGE_CURVE('',#1596,#1597,#739,.T.);
#2020=EDGE_CURVE('',#1596,#1372,#740,.T.);
#2021=EDGE_CURVE('',#1597,#1371,#741,.T.);
#2022=EDGE_CURVE('',#1598,#1596,#742,.T.);
#2023=EDGE_CURVE('',#1598,#1373,#743,.T.);
#2024=EDGE_CURVE('',#1599,#1598,#744,.T.);
#2025=EDGE_CURVE('',#1374,#1599,#745,.T.);
#2026=EDGE_CURVE('',#1600,#1601,#746,.T.);
#2027=EDGE_CURVE('',#1600,#1352,#747,.T.);
#2028=EDGE_CURVE('',#1601,#1351,#748,.T.);
#2029=EDGE_CURVE('',#1602,#1600,#749,.T.);
#2030=EDGE_CURVE('',#1602,#1353,#750,.T.);
#2031=EDGE_CURVE('',#1603,#1602,#751,.T.);
#2032=EDGE_CURVE('',#1354,#1603,#752,.T.);
#2033=EDGE_CURVE('',#1604,#1605,#753,.T.);
#2034=EDGE_CURVE('',#1447,#1604,#754,.T.);
#2035=EDGE_CURVE('',#1605,#1446,#755,.T.);
#2036=EDGE_CURVE('',#1606,#1607,#756,.T.);
#2037=EDGE_CURVE('',#1606,#1445,#757,.T.);
#2038=EDGE_CURVE('',#1607,#1444,#758,.T.);
#2039=EDGE_CURVE('',#1605,#1606,#759,.T.);
#2040=EDGE_CURVE('',#1608,#1609,#760,.T.);
#2041=EDGE_CURVE('',#1443,#1608,#761,.T.);
#2042=EDGE_CURVE('',#1609,#1442,#762,.T.);
#2043=EDGE_CURVE('',#1610,#1611,#763,.T.);
#2044=EDGE_CURVE('',#1610,#1441,#764,.T.);
#2045=EDGE_CURVE('',#1611,#1440,#765,.T.);
#2046=EDGE_CURVE('',#1609,#1610,#766,.T.);
#2047=EDGE_CURVE('',#1612,#1613,#767,.T.);
#2048=EDGE_CURVE('',#1612,#1453,#768,.T.);
#2049=EDGE_CURVE('',#1613,#1452,#769,.T.);
#2050=EDGE_CURVE('',#1614,#1612,#770,.T.);
#2051=EDGE_CURVE('',#1614,#1454,#771,.T.);
#2052=EDGE_CURVE('',#1615,#1614,#772,.T.);
#2053=EDGE_CURVE('',#1455,#1615,#773,.T.);
#2054=EDGE_CURVE('',#1616,#1491,#774,.T.);
#2055=EDGE_CURVE('',#1616,#1349,#775,.T.);
#2056=EDGE_CURVE('',#1589,#1587,#776,.T.);
#2057=EDGE_CURVE('',#1585,#1583,#777,.T.);
#2058=EDGE_CURVE('',#1581,#1499,#778,.T.);
#2059=EDGE_CURVE('',#1577,#1591,#779,.T.);
#2060=EDGE_CURVE('',#1573,#1487,#780,.T.);
#2061=EDGE_CURVE('',#1569,#1579,#781,.T.);
#2062=EDGE_CURVE('',#1501,#1575,#782,.T.);
#2063=EDGE_CURVE('',#1497,#1503,#783,.T.);
#2064=EDGE_CURVE('',#1493,#1463,#784,.T.);
#2065=EDGE_CURVE('',#1489,#1571,#785,.T.);
#2066=EDGE_CURVE('',#1485,#1483,#786,.T.);
#2067=EDGE_CURVE('',#1481,#1495,#787,.T.);
#2068=EDGE_CURVE('',#1617,#1350,#788,.T.);
#2069=EDGE_CURVE('',#1601,#1617,#789,.T.);
#2070=EDGE_CURVE('',#1545,#1543,#790,.T.);
#2071=EDGE_CURVE('',#1541,#1599,#791,.T.);
#2072=EDGE_CURVE('',#1525,#1567,#792,.T.);
#2073=EDGE_CURVE('',#1618,#1522,#793,.T.);
#2074=EDGE_CURVE('',#1618,#1403,#794,.T.);
#2075=EDGE_CURVE('',#1523,#1519,#795,.T.);
#2076=EDGE_CURVE('',#1517,#1527,#796,.T.);
#2077=EDGE_CURVE('',#1565,#1511,#797,.T.);
#2078=EDGE_CURVE('',#1509,#1547,#798,.T.);
#2079=EDGE_CURVE('',#1597,#1479,#799,.T.);
#2080=EDGE_CURVE('',#1477,#1595,#800,.T.);
#2081=EDGE_CURVE('',#1593,#1475,#801,.T.);
#2082=EDGE_CURVE('',#1473,#1471,#802,.T.);
#2083=EDGE_CURVE('',#1460,#1615,#803,.T.);
#2084=EDGE_CURVE('',#1607,#1608,#804,.T.);
#2085=EDGE_CURVE('',#1563,#1556,#805,.T.);
#2086=EDGE_CURVE('',#1555,#1548,#806,.T.);
#2087=EDGE_CURVE('',#1551,#1536,#807,.T.);
#2088=EDGE_CURVE('',#1539,#1618,#808,.T.);
#2089=EDGE_CURVE('',#1535,#1528,#809,.T.);
#2090=EDGE_CURVE('',#1531,#1552,#810,.T.);
#2091=EDGE_CURVE('',#1559,#1512,#811,.T.);
#2092=EDGE_CURVE('',#1515,#1532,#812,.T.);
#2093=EDGE_CURVE('',#1611,#1504,#813,.T.);
#2094=EDGE_CURVE('',#1507,#1560,#814,.T.);
#2095=EDGE_CURVE('',#1613,#1464,#815,.T.);
#2096=EDGE_CURVE('',#1467,#1604,#816,.T.);
#2097=EDGE_CURVE('',#1469,#1603,#817,.T.);
#2098=EDGE_CURVE('',#1617,#1616,#818,.T.);
#2099=ORIENTED_EDGE('',*,*,#1619,.T.);
#2100=ORIENTED_EDGE('',*,*,#1620,.T.);
#2101=ORIENTED_EDGE('',*,*,#1621,.T.);
#2102=ORIENTED_EDGE('',*,*,#1622,.T.);
#2103=ORIENTED_EDGE('',*,*,#1623,.T.);
#2104=ORIENTED_EDGE('',*,*,#1624,.T.);
#2105=ORIENTED_EDGE('',*,*,#1625,.T.);
#2106=ORIENTED_EDGE('',*,*,#1626,.T.);
#2107=ORIENTED_EDGE('',*,*,#1627,.T.);
#2108=ORIENTED_EDGE('',*,*,#1628,.T.);
#2109=ORIENTED_EDGE('',*,*,#1629,.T.);
#2110=ORIENTED_EDGE('',*,*,#1630,.T.);
#2111=ORIENTED_EDGE('',*,*,#1631,.T.);
#2112=ORIENTED_EDGE('',*,*,#1632,.T.);
#2113=ORIENTED_EDGE('',*,*,#1633,.T.);
#2114=ORIENTED_EDGE('',*,*,#1634,.T.);
#2115=ORIENTED_EDGE('',*,*,#1635,.T.);
#2116=ORIENTED_EDGE('',*,*,#1636,.T.);
#2117=ORIENTED_EDGE('',*,*,#1637,.T.);
#2118=ORIENTED_EDGE('',*,*,#1638,.T.);
#2119=ORIENTED_EDGE('',*,*,#1639,.T.);
#2120=ORIENTED_EDGE('',*,*,#1640,.T.);
#2121=ORIENTED_EDGE('',*,*,#1641,.T.);
#2122=ORIENTED_EDGE('',*,*,#1642,.T.);
#2123=ORIENTED_EDGE('',*,*,#1643,.T.);
#2124=ORIENTED_EDGE('',*,*,#1644,.T.);
#2125=ORIENTED_EDGE('',*,*,#1645,.T.);
#2126=ORIENTED_EDGE('',*,*,#1646,.T.);
#2127=ORIENTED_EDGE('',*,*,#1647,.T.);
#2128=ORIENTED_EDGE('',*,*,#1648,.T.);
#2129=ORIENTED_EDGE('',*,*,#1649,.T.);
#2130=ORIENTED_EDGE('',*,*,#1650,.T.);
#2131=ORIENTED_EDGE('',*,*,#1651,.T.);
#2132=ORIENTED_EDGE('',*,*,#1652,.T.);
#2133=ORIENTED_EDGE('',*,*,#1653,.T.);
#2134=ORIENTED_EDGE('',*,*,#1654,.T.);
#2135=ORIENTED_EDGE('',*,*,#1655,.T.);
#2136=ORIENTED_EDGE('',*,*,#1656,.T.);
#2137=ORIENTED_EDGE('',*,*,#1657,.T.);
#2138=ORIENTED_EDGE('',*,*,#1658,.T.);
#2139=ORIENTED_EDGE('',*,*,#1659,.T.);
#2140=ORIENTED_EDGE('',*,*,#1660,.T.);
#2141=ORIENTED_EDGE('',*,*,#1661,.T.);
#2142=ORIENTED_EDGE('',*,*,#1662,.T.);
#2143=ORIENTED_EDGE('',*,*,#1663,.T.);
#2144=ORIENTED_EDGE('',*,*,#1664,.T.);
#2145=ORIENTED_EDGE('',*,*,#1665,.T.);
#2146=ORIENTED_EDGE('',*,*,#1666,.T.);
#2147=ORIENTED_EDGE('',*,*,#1667,.T.);
#2148=ORIENTED_EDGE('',*,*,#1668,.T.);
#2149=ORIENTED_EDGE('',*,*,#1669,.T.);
#2150=ORIENTED_EDGE('',*,*,#1670,.T.);
#2151=ORIENTED_EDGE('',*,*,#1671,.T.);
#2152=ORIENTED_EDGE('',*,*,#1672,.T.);
#2153=ORIENTED_EDGE('',*,*,#1673,.T.);
#2154=ORIENTED_EDGE('',*,*,#1674,.T.);
#2155=ORIENTED_EDGE('',*,*,#1675,.T.);
#2156=ORIENTED_EDGE('',*,*,#1676,.T.);
#2157=ORIENTED_EDGE('',*,*,#1677,.T.);
#2158=ORIENTED_EDGE('',*,*,#1678,.T.);
#2159=ORIENTED_EDGE('',*,*,#1679,.T.);
#2160=ORIENTED_EDGE('',*,*,#1680,.T.);
#2161=ORIENTED_EDGE('',*,*,#1681,.T.);
#2162=ORIENTED_EDGE('',*,*,#1682,.T.);
#2163=ORIENTED_EDGE('',*,*,#1683,.T.);
#2164=ORIENTED_EDGE('',*,*,#1684,.T.);
#2165=ORIENTED_EDGE('',*,*,#1685,.T.);
#2166=ORIENTED_EDGE('',*,*,#1686,.T.);
#2167=ORIENTED_EDGE('',*,*,#1687,.T.);
#2168=ORIENTED_EDGE('',*,*,#1688,.T.);
#2169=ORIENTED_EDGE('',*,*,#1689,.T.);
#2170=ORIENTED_EDGE('',*,*,#1690,.T.);
#2171=ORIENTED_EDGE('',*,*,#1691,.T.);
#2172=ORIENTED_EDGE('',*,*,#1692,.T.);
#2173=ORIENTED_EDGE('',*,*,#1693,.T.);
#2174=ORIENTED_EDGE('',*,*,#1694,.T.);
#2175=ORIENTED_EDGE('',*,*,#1695,.T.);
#2176=ORIENTED_EDGE('',*,*,#1696,.T.);
#2177=ORIENTED_EDGE('',*,*,#1697,.T.);
#2178=ORIENTED_EDGE('',*,*,#1698,.T.);
#2179=ORIENTED_EDGE('',*,*,#1699,.T.);
#2180=ORIENTED_EDGE('',*,*,#1700,.T.);
#2181=ORIENTED_EDGE('',*,*,#1701,.T.);
#2182=ORIENTED_EDGE('',*,*,#1702,.T.);
#2183=ORIENTED_EDGE('',*,*,#1703,.T.);
#2184=ORIENTED_EDGE('',*,*,#1704,.T.);
#2185=ORIENTED_EDGE('',*,*,#1705,.T.);
#2186=ORIENTED_EDGE('',*,*,#1706,.T.);
#2187=ORIENTED_EDGE('',*,*,#1707,.T.);
#2188=ORIENTED_EDGE('',*,*,#1708,.T.);
#2189=ORIENTED_EDGE('',*,*,#1709,.T.);
#2190=ORIENTED_EDGE('',*,*,#1710,.T.);
#2191=ORIENTED_EDGE('',*,*,#1711,.T.);
#2192=ORIENTED_EDGE('',*,*,#1712,.T.);
#2193=ORIENTED_EDGE('',*,*,#1713,.T.);
#2194=ORIENTED_EDGE('',*,*,#1714,.T.);
#2195=ORIENTED_EDGE('',*,*,#1715,.T.);
#2196=ORIENTED_EDGE('',*,*,#1716,.T.);
#2197=ORIENTED_EDGE('',*,*,#1717,.T.);
#2198=ORIENTED_EDGE('',*,*,#1718,.T.);
#2199=ORIENTED_EDGE('',*,*,#1719,.T.);
#2200=ORIENTED_EDGE('',*,*,#1720,.T.);
#2201=ORIENTED_EDGE('',*,*,#1721,.T.);
#2202=ORIENTED_EDGE('',*,*,#1722,.T.);
#2203=ORIENTED_EDGE('',*,*,#1723,.T.);
#2204=ORIENTED_EDGE('',*,*,#1724,.T.);
#2205=ORIENTED_EDGE('',*,*,#1725,.T.);
#2206=ORIENTED_EDGE('',*,*,#1726,.T.);
#2207=ORIENTED_EDGE('',*,*,#1727,.T.);
#2208=ORIENTED_EDGE('',*,*,#1728,.T.);
#2209=ORIENTED_EDGE('',*,*,#1729,.T.);
#2210=ORIENTED_EDGE('',*,*,#1730,.T.);
#2211=ORIENTED_EDGE('',*,*,#1731,.T.);
#2212=ORIENTED_EDGE('',*,*,#1732,.T.);
#2213=ORIENTED_EDGE('',*,*,#1733,.T.);
#2214=ORIENTED_EDGE('',*,*,#1734,.T.);
#2215=ORIENTED_EDGE('',*,*,#1735,.T.);
#2216=ORIENTED_EDGE('',*,*,#1736,.T.);
#2217=ORIENTED_EDGE('',*,*,#1737,.T.);
#2218=ORIENTED_EDGE('',*,*,#1738,.T.);
#2219=ORIENTED_EDGE('',*,*,#1739,.T.);
#2220=ORIENTED_EDGE('',*,*,#1740,.T.);
#2221=ORIENTED_EDGE('',*,*,#1741,.T.);
#2222=ORIENTED_EDGE('',*,*,#1742,.T.);
#2223=ORIENTED_EDGE('',*,*,#1743,.T.);
#2224=ORIENTED_EDGE('',*,*,#1744,.T.);
#2225=ORIENTED_EDGE('',*,*,#1745,.T.);
#2226=ORIENTED_EDGE('',*,*,#1746,.T.);
#2227=ORIENTED_EDGE('',*,*,#1747,.T.);
#2228=ORIENTED_EDGE('',*,*,#1748,.T.);
#2229=ORIENTED_EDGE('',*,*,#1749,.T.);
#2230=ORIENTED_EDGE('',*,*,#1750,.T.);
#2231=ORIENTED_EDGE('',*,*,#1751,.T.);
#2232=ORIENTED_EDGE('',*,*,#1752,.T.);
#2233=ORIENTED_EDGE('',*,*,#1753,.T.);
#2234=ORIENTED_EDGE('',*,*,#1754,.T.);
#2235=ORIENTED_EDGE('',*,*,#1755,.T.);
#2236=ORIENTED_EDGE('',*,*,#1756,.T.);
#2237=ORIENTED_EDGE('',*,*,#1757,.T.);
#2238=ORIENTED_EDGE('',*,*,#1758,.T.);
#2239=ORIENTED_EDGE('',*,*,#1759,.T.);
#2240=ORIENTED_EDGE('',*,*,#1760,.T.);
#2241=ORIENTED_EDGE('',*,*,#1761,.T.);
#2242=ORIENTED_EDGE('',*,*,#1762,.T.);
#2243=ORIENTED_EDGE('',*,*,#1763,.T.);
#2244=ORIENTED_EDGE('',*,*,#1764,.T.);
#2245=ORIENTED_EDGE('',*,*,#1765,.T.);
#2246=ORIENTED_EDGE('',*,*,#1766,.T.);
#2247=ORIENTED_EDGE('',*,*,#1767,.T.);
#2248=ORIENTED_EDGE('',*,*,#1768,.T.);
#2249=ORIENTED_EDGE('',*,*,#1769,.T.);
#2250=ORIENTED_EDGE('',*,*,#1770,.T.);
#2251=ORIENTED_EDGE('',*,*,#1771,.T.);
#2252=ORIENTED_EDGE('',*,*,#1772,.T.);
#2253=ORIENTED_EDGE('',*,*,#1773,.T.);
#2254=ORIENTED_EDGE('',*,*,#1774,.T.);
#2255=ORIENTED_EDGE('',*,*,#1775,.T.);
#2256=ORIENTED_EDGE('',*,*,#1776,.T.);
#2257=ORIENTED_EDGE('',*,*,#1777,.T.);
#2258=ORIENTED_EDGE('',*,*,#1778,.T.);
#2259=ORIENTED_EDGE('',*,*,#1779,.T.);
#2260=ORIENTED_EDGE('',*,*,#1776,.F.);
#2261=ORIENTED_EDGE('',*,*,#1780,.F.);
#2262=ORIENTED_EDGE('',*,*,#1781,.F.);
#2263=ORIENTED_EDGE('',*,*,#1782,.F.);
#2264=ORIENTED_EDGE('',*,*,#1783,.T.);
#2265=ORIENTED_EDGE('',*,*,#1777,.F.);
#2266=ORIENTED_EDGE('',*,*,#1779,.F.);
#2267=ORIENTED_EDGE('',*,*,#1784,.F.);
#2268=ORIENTED_EDGE('',*,*,#1785,.T.);
#2269=ORIENTED_EDGE('',*,*,#1778,.F.);
#2270=ORIENTED_EDGE('',*,*,#1783,.F.);
#2271=ORIENTED_EDGE('',*,*,#1786,.F.);
#2272=ORIENTED_EDGE('',*,*,#1787,.F.);
#2273=ORIENTED_EDGE('',*,*,#1619,.F.);
#2274=ORIENTED_EDGE('',*,*,#1785,.F.);
#2275=ORIENTED_EDGE('',*,*,#1788,.F.);
#2276=ORIENTED_EDGE('',*,*,#1789,.F.);
#2277=ORIENTED_EDGE('',*,*,#1770,.F.);
#2278=ORIENTED_EDGE('',*,*,#1790,.F.);
#2279=ORIENTED_EDGE('',*,*,#1791,.F.);
#2280=ORIENTED_EDGE('',*,*,#1792,.T.);
#2281=ORIENTED_EDGE('',*,*,#1768,.F.);
#2282=ORIENTED_EDGE('',*,*,#1793,.F.);
#2283=ORIENTED_EDGE('',*,*,#1794,.F.);
#2284=ORIENTED_EDGE('',*,*,#1790,.T.);
#2285=ORIENTED_EDGE('',*,*,#1769,.F.);
#2286=ORIENTED_EDGE('',*,*,#1792,.F.);
#2287=ORIENTED_EDGE('',*,*,#1795,.F.);
#2288=ORIENTED_EDGE('',*,*,#1796,.T.);
#2289=ORIENTED_EDGE('',*,*,#1675,.F.);
#2290=ORIENTED_EDGE('',*,*,#1797,.F.);
#2291=ORIENTED_EDGE('',*,*,#1798,.F.);
#2292=ORIENTED_EDGE('',*,*,#1799,.T.);
#2293=ORIENTED_EDGE('',*,*,#1676,.F.);
#2294=ORIENTED_EDGE('',*,*,#1796,.F.);
#2295=ORIENTED_EDGE('',*,*,#1800,.F.);
#2296=ORIENTED_EDGE('',*,*,#1801,.F.);
#2297=ORIENTED_EDGE('',*,*,#1677,.F.);
#2298=ORIENTED_EDGE('',*,*,#1799,.F.);
#2299=ORIENTED_EDGE('',*,*,#1802,.F.);
#2300=ORIENTED_EDGE('',*,*,#1803,.T.);
#2301=ORIENTED_EDGE('',*,*,#1679,.F.);
#2302=ORIENTED_EDGE('',*,*,#1804,.F.);
#2303=ORIENTED_EDGE('',*,*,#1805,.F.);
#2304=ORIENTED_EDGE('',*,*,#1806,.T.);
#2305=ORIENTED_EDGE('',*,*,#1680,.F.);
#2306=ORIENTED_EDGE('',*,*,#1803,.F.);
#2307=ORIENTED_EDGE('',*,*,#1807,.F.);
#2308=ORIENTED_EDGE('',*,*,#1808,.F.);
#2309=ORIENTED_EDGE('',*,*,#1681,.F.);
#2310=ORIENTED_EDGE('',*,*,#1806,.F.);
#2311=ORIENTED_EDGE('',*,*,#1809,.F.);
#2312=ORIENTED_EDGE('',*,*,#1810,.T.);
#2313=ORIENTED_EDGE('',*,*,#1687,.F.);
#2314=ORIENTED_EDGE('',*,*,#1811,.F.);
#2315=ORIENTED_EDGE('',*,*,#1812,.F.);
#2316=ORIENTED_EDGE('',*,*,#1813,.T.);
#2317=ORIENTED_EDGE('',*,*,#1688,.F.);
#2318=ORIENTED_EDGE('',*,*,#1810,.F.);
#2319=ORIENTED_EDGE('',*,*,#1814,.F.);
#2320=ORIENTED_EDGE('',*,*,#1815,.F.);
#2321=ORIENTED_EDGE('',*,*,#1689,.F.);
#2322=ORIENTED_EDGE('',*,*,#1813,.F.);
#2323=ORIENTED_EDGE('',*,*,#1816,.F.);
#2324=ORIENTED_EDGE('',*,*,#1817,.T.);
#2325=ORIENTED_EDGE('',*,*,#1625,.F.);
#2326=ORIENTED_EDGE('',*,*,#1818,.F.);
#2327=ORIENTED_EDGE('',*,*,#1819,.F.);
#2328=ORIENTED_EDGE('',*,*,#1820,.T.);
#2329=ORIENTED_EDGE('',*,*,#1626,.F.);
#2330=ORIENTED_EDGE('',*,*,#1817,.F.);
#2331=ORIENTED_EDGE('',*,*,#1821,.F.);
#2332=ORIENTED_EDGE('',*,*,#1822,.F.);
#2333=ORIENTED_EDGE('',*,*,#1627,.F.);
#2334=ORIENTED_EDGE('',*,*,#1820,.F.);
#2335=ORIENTED_EDGE('',*,*,#1823,.F.);
#2336=ORIENTED_EDGE('',*,*,#1824,.T.);
#2337=ORIENTED_EDGE('',*,*,#1629,.F.);
#2338=ORIENTED_EDGE('',*,*,#1825,.F.);
#2339=ORIENTED_EDGE('',*,*,#1826,.F.);
#2340=ORIENTED_EDGE('',*,*,#1827,.T.);
#2341=ORIENTED_EDGE('',*,*,#1630,.F.);
#2342=ORIENTED_EDGE('',*,*,#1824,.F.);
#2343=ORIENTED_EDGE('',*,*,#1828,.F.);
#2344=ORIENTED_EDGE('',*,*,#1829,.F.);
#2345=ORIENTED_EDGE('',*,*,#1631,.F.);
#2346=ORIENTED_EDGE('',*,*,#1827,.F.);
#2347=ORIENTED_EDGE('',*,*,#1830,.F.);
#2348=ORIENTED_EDGE('',*,*,#1831,.T.);
#2349=ORIENTED_EDGE('',*,*,#1665,.F.);
#2350=ORIENTED_EDGE('',*,*,#1832,.F.);
#2351=ORIENTED_EDGE('',*,*,#1833,.F.);
#2352=ORIENTED_EDGE('',*,*,#1834,.T.);
#2353=ORIENTED_EDGE('',*,*,#1666,.F.);
#2354=ORIENTED_EDGE('',*,*,#1831,.F.);
#2355=ORIENTED_EDGE('',*,*,#1835,.F.);
#2356=ORIENTED_EDGE('',*,*,#1836,.F.);
#2357=ORIENTED_EDGE('',*,*,#1667,.F.);
#2358=ORIENTED_EDGE('',*,*,#1834,.F.);
#2359=ORIENTED_EDGE('',*,*,#1837,.F.);
#2360=ORIENTED_EDGE('',*,*,#1838,.T.);
#2361=ORIENTED_EDGE('',*,*,#1621,.F.);
#2362=ORIENTED_EDGE('',*,*,#1839,.F.);
#2363=ORIENTED_EDGE('',*,*,#1840,.F.);
#2364=ORIENTED_EDGE('',*,*,#1841,.T.);
#2365=ORIENTED_EDGE('',*,*,#1622,.F.);
#2366=ORIENTED_EDGE('',*,*,#1838,.F.);
#2367=ORIENTED_EDGE('',*,*,#1842,.F.);
#2368=ORIENTED_EDGE('',*,*,#1843,.F.);
#2369=ORIENTED_EDGE('',*,*,#1623,.F.);
#2370=ORIENTED_EDGE('',*,*,#1841,.F.);
#2371=ORIENTED_EDGE('',*,*,#1844,.F.);
#2372=ORIENTED_EDGE('',*,*,#1845,.T.);
#2373=ORIENTED_EDGE('',*,*,#1641,.F.);
#2374=ORIENTED_EDGE('',*,*,#1846,.F.);
#2375=ORIENTED_EDGE('',*,*,#1847,.F.);
#2376=ORIENTED_EDGE('',*,*,#1848,.T.);
#2377=ORIENTED_EDGE('',*,*,#1642,.F.);
#2378=ORIENTED_EDGE('',*,*,#1845,.F.);
#2379=ORIENTED_EDGE('',*,*,#1849,.F.);
#2380=ORIENTED_EDGE('',*,*,#1850,.F.);
#2381=ORIENTED_EDGE('',*,*,#1643,.F.);
#2382=ORIENTED_EDGE('',*,*,#1848,.F.);
#2383=ORIENTED_EDGE('',*,*,#1851,.F.);
#2384=ORIENTED_EDGE('',*,*,#1852,.T.);
#2385=ORIENTED_EDGE('',*,*,#1637,.F.);
#2386=ORIENTED_EDGE('',*,*,#1853,.F.);
#2387=ORIENTED_EDGE('',*,*,#1854,.F.);
#2388=ORIENTED_EDGE('',*,*,#1855,.T.);
#2389=ORIENTED_EDGE('',*,*,#1638,.F.);
#2390=ORIENTED_EDGE('',*,*,#1852,.F.);
#2391=ORIENTED_EDGE('',*,*,#1856,.F.);
#2392=ORIENTED_EDGE('',*,*,#1857,.F.);
#2393=ORIENTED_EDGE('',*,*,#1639,.F.);
#2394=ORIENTED_EDGE('',*,*,#1855,.F.);
#2395=ORIENTED_EDGE('',*,*,#1858,.F.);
#2396=ORIENTED_EDGE('',*,*,#1859,.F.);
#2397=ORIENTED_EDGE('',*,*,#1758,.F.);
#2398=ORIENTED_EDGE('',*,*,#1860,.F.);
#2399=ORIENTED_EDGE('',*,*,#1861,.F.);
#2400=ORIENTED_EDGE('',*,*,#1862,.T.);
#2401=ORIENTED_EDGE('',*,*,#1756,.F.);
#2402=ORIENTED_EDGE('',*,*,#1863,.F.);
#2403=ORIENTED_EDGE('',*,*,#1864,.F.);
#2404=ORIENTED_EDGE('',*,*,#1860,.T.);
#2405=ORIENTED_EDGE('',*,*,#1757,.F.);
#2406=ORIENTED_EDGE('',*,*,#1862,.F.);
#2407=ORIENTED_EDGE('',*,*,#1865,.F.);
#2408=ORIENTED_EDGE('',*,*,#1866,.T.);
#2409=ORIENTED_EDGE('',*,*,#1703,.F.);
#2410=ORIENTED_EDGE('',*,*,#1867,.F.);
#2411=ORIENTED_EDGE('',*,*,#1868,.F.);
#2412=ORIENTED_EDGE('',*,*,#1869,.T.);
#2413=ORIENTED_EDGE('',*,*,#1704,.F.);
#2414=ORIENTED_EDGE('',*,*,#1866,.F.);
#2415=ORIENTED_EDGE('',*,*,#1870,.F.);
#2416=ORIENTED_EDGE('',*,*,#1871,.F.);
#2417=ORIENTED_EDGE('',*,*,#1705,.F.);
#2418=ORIENTED_EDGE('',*,*,#1869,.F.);
#2419=ORIENTED_EDGE('',*,*,#1872,.F.);
#2420=ORIENTED_EDGE('',*,*,#1873,.F.);
#2421=ORIENTED_EDGE('',*,*,#1746,.F.);
#2422=ORIENTED_EDGE('',*,*,#1874,.F.);
#2423=ORIENTED_EDGE('',*,*,#1875,.F.);
#2424=ORIENTED_EDGE('',*,*,#1876,.T.);
#2425=ORIENTED_EDGE('',*,*,#1744,.F.);
#2426=ORIENTED_EDGE('',*,*,#1877,.F.);
#2427=ORIENTED_EDGE('',*,*,#1878,.F.);
#2428=ORIENTED_EDGE('',*,*,#1874,.T.);
#2429=ORIENTED_EDGE('',*,*,#1745,.F.);
#2430=ORIENTED_EDGE('',*,*,#1876,.F.);
#2431=ORIENTED_EDGE('',*,*,#1879,.F.);
#2432=ORIENTED_EDGE('',*,*,#1880,.T.);
#2433=ORIENTED_EDGE('',*,*,#1715,.F.);
#2434=ORIENTED_EDGE('',*,*,#1881,.F.);
#2435=ORIENTED_EDGE('',*,*,#1882,.F.);
#2436=ORIENTED_EDGE('',*,*,#1883,.T.);
#2437=ORIENTED_EDGE('',*,*,#1716,.F.);
#2438=ORIENTED_EDGE('',*,*,#1880,.F.);
#2439=ORIENTED_EDGE('',*,*,#1884,.F.);
#2440=ORIENTED_EDGE('',*,*,#1885,.F.);
#2441=ORIENTED_EDGE('',*,*,#1717,.F.);
#2442=ORIENTED_EDGE('',*,*,#1883,.F.);
#2443=ORIENTED_EDGE('',*,*,#1886,.F.);
#2444=ORIENTED_EDGE('',*,*,#1887,.T.);
#2445=ORIENTED_EDGE('',*,*,#1720,.F.);
#2446=ORIENTED_EDGE('',*,*,#1888,.F.);
#2447=ORIENTED_EDGE('',*,*,#1889,.F.);
#2448=ORIENTED_EDGE('',*,*,#1890,.F.);
#2449=ORIENTED_EDGE('',*,*,#1721,.F.);
#2450=ORIENTED_EDGE('',*,*,#1887,.F.);
#2451=ORIENTED_EDGE('',*,*,#1891,.F.);
#2452=ORIENTED_EDGE('',*,*,#1888,.T.);
#2453=ORIENTED_EDGE('',*,*,#1719,.F.);
#2454=ORIENTED_EDGE('',*,*,#1892,.F.);
#2455=ORIENTED_EDGE('',*,*,#1893,.F.);
#2456=ORIENTED_EDGE('',*,*,#1894,.T.);
#2457=ORIENTED_EDGE('',*,*,#1711,.F.);
#2458=ORIENTED_EDGE('',*,*,#1895,.F.);
#2459=ORIENTED_EDGE('',*,*,#1896,.F.);
#2460=ORIENTED_EDGE('',*,*,#1897,.T.);
#2461=ORIENTED_EDGE('',*,*,#1712,.F.);
#2462=ORIENTED_EDGE('',*,*,#1894,.F.);
#2463=ORIENTED_EDGE('',*,*,#1898,.F.);
#2464=ORIENTED_EDGE('',*,*,#1899,.F.);
#2465=ORIENTED_EDGE('',*,*,#1713,.F.);
#2466=ORIENTED_EDGE('',*,*,#1897,.F.);
#2467=ORIENTED_EDGE('',*,*,#1900,.F.);
#2468=ORIENTED_EDGE('',*,*,#1901,.F.);
#2469=ORIENTED_EDGE('',*,*,#1738,.F.);
#2470=ORIENTED_EDGE('',*,*,#1902,.F.);
#2471=ORIENTED_EDGE('',*,*,#1903,.F.);
#2472=ORIENTED_EDGE('',*,*,#1904,.T.);
#2473=ORIENTED_EDGE('',*,*,#1736,.F.);
#2474=ORIENTED_EDGE('',*,*,#1905,.F.);
#2475=ORIENTED_EDGE('',*,*,#1906,.F.);
#2476=ORIENTED_EDGE('',*,*,#1902,.T.);
#2477=ORIENTED_EDGE('',*,*,#1737,.F.);
#2478=ORIENTED_EDGE('',*,*,#1904,.F.);
#2479=ORIENTED_EDGE('',*,*,#1907,.F.);
#2480=ORIENTED_EDGE('',*,*,#1908,.F.);
#2481=ORIENTED_EDGE('',*,*,#1742,.F.);
#2482=ORIENTED_EDGE('',*,*,#1909,.F.);
#2483=ORIENTED_EDGE('',*,*,#1910,.F.);
#2484=ORIENTED_EDGE('',*,*,#1911,.T.);
#2485=ORIENTED_EDGE('',*,*,#1740,.F.);
#2486=ORIENTED_EDGE('',*,*,#1912,.F.);
#2487=ORIENTED_EDGE('',*,*,#1913,.F.);
#2488=ORIENTED_EDGE('',*,*,#1909,.T.);
#2489=ORIENTED_EDGE('',*,*,#1741,.F.);
#2490=ORIENTED_EDGE('',*,*,#1911,.F.);
#2491=ORIENTED_EDGE('',*,*,#1914,.F.);
#2492=ORIENTED_EDGE('',*,*,#1915,.F.);
#2493=ORIENTED_EDGE('',*,*,#1726,.F.);
#2494=ORIENTED_EDGE('',*,*,#1916,.F.);
#2495=ORIENTED_EDGE('',*,*,#1917,.F.);
#2496=ORIENTED_EDGE('',*,*,#1918,.T.);
#2497=ORIENTED_EDGE('',*,*,#1724,.F.);
#2498=ORIENTED_EDGE('',*,*,#1919,.F.);
#2499=ORIENTED_EDGE('',*,*,#1920,.F.);
#2500=ORIENTED_EDGE('',*,*,#1916,.T.);
#2501=ORIENTED_EDGE('',*,*,#1725,.F.);
#2502=ORIENTED_EDGE('',*,*,#1918,.F.);
#2503=ORIENTED_EDGE('',*,*,#1921,.F.);
#2504=ORIENTED_EDGE('',*,*,#1922,.T.);
#2505=ORIENTED_EDGE('',*,*,#1695,.F.);
#2506=ORIENTED_EDGE('',*,*,#1923,.F.);
#2507=ORIENTED_EDGE('',*,*,#1924,.F.);
#2508=ORIENTED_EDGE('',*,*,#1925,.T.);
#2509=ORIENTED_EDGE('',*,*,#1696,.F.);
#2510=ORIENTED_EDGE('',*,*,#1922,.F.);
#2511=ORIENTED_EDGE('',*,*,#1926,.F.);
#2512=ORIENTED_EDGE('',*,*,#1927,.F.);
#2513=ORIENTED_EDGE('',*,*,#1697,.F.);
#2514=ORIENTED_EDGE('',*,*,#1925,.F.);
#2515=ORIENTED_EDGE('',*,*,#1928,.F.);
#2516=ORIENTED_EDGE('',*,*,#1929,.T.);
#2517=ORIENTED_EDGE('',*,*,#1699,.F.);
#2518=ORIENTED_EDGE('',*,*,#1930,.F.);
#2519=ORIENTED_EDGE('',*,*,#1931,.F.);
#2520=ORIENTED_EDGE('',*,*,#1932,.T.);
#2521=ORIENTED_EDGE('',*,*,#1700,.F.);
#2522=ORIENTED_EDGE('',*,*,#1929,.F.);
#2523=ORIENTED_EDGE('',*,*,#1933,.F.);
#2524=ORIENTED_EDGE('',*,*,#1934,.F.);
#2525=ORIENTED_EDGE('',*,*,#1701,.F.);
#2526=ORIENTED_EDGE('',*,*,#1932,.F.);
#2527=ORIENTED_EDGE('',*,*,#1935,.F.);
#2528=ORIENTED_EDGE('',*,*,#1936,.F.);
#2529=ORIENTED_EDGE('',*,*,#1730,.F.);
#2530=ORIENTED_EDGE('',*,*,#1937,.F.);
#2531=ORIENTED_EDGE('',*,*,#1938,.F.);
#2532=ORIENTED_EDGE('',*,*,#1939,.T.);
#2533=ORIENTED_EDGE('',*,*,#1728,.F.);
#2534=ORIENTED_EDGE('',*,*,#1940,.F.);
#2535=ORIENTED_EDGE('',*,*,#1941,.F.);
#2536=ORIENTED_EDGE('',*,*,#1937,.T.);
#2537=ORIENTED_EDGE('',*,*,#1729,.F.);
#2538=ORIENTED_EDGE('',*,*,#1939,.F.);
#2539=ORIENTED_EDGE('',*,*,#1942,.F.);
#2540=ORIENTED_EDGE('',*,*,#1943,.F.);
#2541=ORIENTED_EDGE('',*,*,#1734,.F.);
#2542=ORIENTED_EDGE('',*,*,#1944,.F.);
#2543=ORIENTED_EDGE('',*,*,#1945,.F.);
#2544=ORIENTED_EDGE('',*,*,#1946,.T.);
#2545=ORIENTED_EDGE('',*,*,#1732,.F.);
#2546=ORIENTED_EDGE('',*,*,#1947,.F.);
#2547=ORIENTED_EDGE('',*,*,#1948,.F.);
#2548=ORIENTED_EDGE('',*,*,#1944,.T.);
#2549=ORIENTED_EDGE('',*,*,#1733,.F.);
#2550=ORIENTED_EDGE('',*,*,#1946,.F.);
#2551=ORIENTED_EDGE('',*,*,#1949,.F.);
#2552=ORIENTED_EDGE('',*,*,#1950,.F.);
#2553=ORIENTED_EDGE('',*,*,#1750,.F.);
#2554=ORIENTED_EDGE('',*,*,#1951,.F.);
#2555=ORIENTED_EDGE('',*,*,#1952,.F.);
#2556=ORIENTED_EDGE('',*,*,#1953,.T.);
#2557=ORIENTED_EDGE('',*,*,#1748,.F.);
#2558=ORIENTED_EDGE('',*,*,#1954,.F.);
#2559=ORIENTED_EDGE('',*,*,#1955,.F.);
#2560=ORIENTED_EDGE('',*,*,#1951,.T.);
#2561=ORIENTED_EDGE('',*,*,#1749,.F.);
#2562=ORIENTED_EDGE('',*,*,#1953,.F.);
#2563=ORIENTED_EDGE('',*,*,#1956,.F.);
#2564=ORIENTED_EDGE('',*,*,#1957,.F.);
#2565=ORIENTED_EDGE('',*,*,#1754,.F.);
#2566=ORIENTED_EDGE('',*,*,#1958,.F.);
#2567=ORIENTED_EDGE('',*,*,#1959,.F.);
#2568=ORIENTED_EDGE('',*,*,#1960,.T.);
#2569=ORIENTED_EDGE('',*,*,#1752,.F.);
#2570=ORIENTED_EDGE('',*,*,#1961,.F.);
#2571=ORIENTED_EDGE('',*,*,#1962,.F.);
#2572=ORIENTED_EDGE('',*,*,#1958,.T.);
#2573=ORIENTED_EDGE('',*,*,#1753,.F.);
#2574=ORIENTED_EDGE('',*,*,#1960,.F.);
#2575=ORIENTED_EDGE('',*,*,#1963,.F.);
#2576=ORIENTED_EDGE('',*,*,#1964,.T.);
#2577=ORIENTED_EDGE('',*,*,#1707,.F.);
#2578=ORIENTED_EDGE('',*,*,#1965,.F.);
#2579=ORIENTED_EDGE('',*,*,#1966,.F.);
#2580=ORIENTED_EDGE('',*,*,#1967,.T.);
#2581=ORIENTED_EDGE('',*,*,#1708,.F.);
#2582=ORIENTED_EDGE('',*,*,#1964,.F.);
#2583=ORIENTED_EDGE('',*,*,#1968,.F.);
#2584=ORIENTED_EDGE('',*,*,#1969,.F.);
#2585=ORIENTED_EDGE('',*,*,#1709,.F.);
#2586=ORIENTED_EDGE('',*,*,#1967,.F.);
#2587=ORIENTED_EDGE('',*,*,#1970,.F.);
#2588=ORIENTED_EDGE('',*,*,#1971,.T.);
#2589=ORIENTED_EDGE('',*,*,#1661,.F.);
#2590=ORIENTED_EDGE('',*,*,#1972,.F.);
#2591=ORIENTED_EDGE('',*,*,#1973,.F.);
#2592=ORIENTED_EDGE('',*,*,#1974,.T.);
#2593=ORIENTED_EDGE('',*,*,#1662,.F.);
#2594=ORIENTED_EDGE('',*,*,#1971,.F.);
#2595=ORIENTED_EDGE('',*,*,#1975,.F.);
#2596=ORIENTED_EDGE('',*,*,#1976,.F.);
#2597=ORIENTED_EDGE('',*,*,#1663,.F.);
#2598=ORIENTED_EDGE('',*,*,#1974,.F.);
#2599=ORIENTED_EDGE('',*,*,#1977,.F.);
#2600=ORIENTED_EDGE('',*,*,#1978,.T.);
#2601=ORIENTED_EDGE('',*,*,#1633,.F.);
#2602=ORIENTED_EDGE('',*,*,#1979,.F.);
#2603=ORIENTED_EDGE('',*,*,#1980,.F.);
#2604=ORIENTED_EDGE('',*,*,#1981,.T.);
#2605=ORIENTED_EDGE('',*,*,#1634,.F.);
#2606=ORIENTED_EDGE('',*,*,#1978,.F.);
#2607=ORIENTED_EDGE('',*,*,#1982,.F.);
#2608=ORIENTED_EDGE('',*,*,#1983,.F.);
#2609=ORIENTED_EDGE('',*,*,#1635,.F.);
#2610=ORIENTED_EDGE('',*,*,#1981,.F.);
#2611=ORIENTED_EDGE('',*,*,#1984,.F.);
#2612=ORIENTED_EDGE('',*,*,#1985,.T.);
#2613=ORIENTED_EDGE('',*,*,#1657,.F.);
#2614=ORIENTED_EDGE('',*,*,#1986,.F.);
#2615=ORIENTED_EDGE('',*,*,#1987,.F.);
#2616=ORIENTED_EDGE('',*,*,#1988,.T.);
#2617=ORIENTED_EDGE('',*,*,#1658,.F.);
#2618=ORIENTED_EDGE('',*,*,#1985,.F.);
#2619=ORIENTED_EDGE('',*,*,#1989,.F.);
#2620=ORIENTED_EDGE('',*,*,#1990,.F.);
#2621=ORIENTED_EDGE('',*,*,#1659,.F.);
#2622=ORIENTED_EDGE('',*,*,#1988,.F.);
#2623=ORIENTED_EDGE('',*,*,#1991,.F.);
#2624=ORIENTED_EDGE('',*,*,#1992,.T.);
#2625=ORIENTED_EDGE('',*,*,#1645,.F.);
#2626=ORIENTED_EDGE('',*,*,#1993,.F.);
#2627=ORIENTED_EDGE('',*,*,#1994,.F.);
#2628=ORIENTED_EDGE('',*,*,#1995,.T.);
#2629=ORIENTED_EDGE('',*,*,#1646,.F.);
#2630=ORIENTED_EDGE('',*,*,#1992,.F.);
#2631=ORIENTED_EDGE('',*,*,#1996,.F.);
#2632=ORIENTED_EDGE('',*,*,#1997,.F.);
#2633=ORIENTED_EDGE('',*,*,#1647,.F.);
#2634=ORIENTED_EDGE('',*,*,#1995,.F.);
#2635=ORIENTED_EDGE('',*,*,#1998,.F.);
#2636=ORIENTED_EDGE('',*,*,#1999,.T.);
#2637=ORIENTED_EDGE('',*,*,#1649,.F.);
#2638=ORIENTED_EDGE('',*,*,#2000,.F.);
#2639=ORIENTED_EDGE('',*,*,#2001,.F.);
#2640=ORIENTED_EDGE('',*,*,#2002,.T.);
#2641=ORIENTED_EDGE('',*,*,#1650,.F.);
#2642=ORIENTED_EDGE('',*,*,#1999,.F.);
#2643=ORIENTED_EDGE('',*,*,#2003,.F.);
#2644=ORIENTED_EDGE('',*,*,#2004,.F.);
#2645=ORIENTED_EDGE('',*,*,#1651,.F.);
#2646=ORIENTED_EDGE('',*,*,#2002,.F.);
#2647=ORIENTED_EDGE('',*,*,#2005,.F.);
#2648=ORIENTED_EDGE('',*,*,#2006,.T.);
#2649=ORIENTED_EDGE('',*,*,#1653,.F.);
#2650=ORIENTED_EDGE('',*,*,#2007,.F.);
#2651=ORIENTED_EDGE('',*,*,#2008,.F.);
#2652=ORIENTED_EDGE('',*,*,#2009,.T.);
#2653=ORIENTED_EDGE('',*,*,#1654,.F.);
#2654=ORIENTED_EDGE('',*,*,#2006,.F.);
#2655=ORIENTED_EDGE('',*,*,#2010,.F.);
#2656=ORIENTED_EDGE('',*,*,#2011,.F.);
#2657=ORIENTED_EDGE('',*,*,#1655,.F.);
#2658=ORIENTED_EDGE('',*,*,#2009,.F.);
#2659=ORIENTED_EDGE('',*,*,#2012,.F.);
#2660=ORIENTED_EDGE('',*,*,#2013,.T.);
#2661=ORIENTED_EDGE('',*,*,#1683,.F.);
#2662=ORIENTED_EDGE('',*,*,#2014,.F.);
#2663=ORIENTED_EDGE('',*,*,#2015,.F.);
#2664=ORIENTED_EDGE('',*,*,#2016,.T.);
#2665=ORIENTED_EDGE('',*,*,#1684,.F.);
#2666=ORIENTED_EDGE('',*,*,#2013,.F.);
#2667=ORIENTED_EDGE('',*,*,#2017,.F.);
#2668=ORIENTED_EDGE('',*,*,#2018,.F.);
#2669=ORIENTED_EDGE('',*,*,#1685,.F.);
#2670=ORIENTED_EDGE('',*,*,#2016,.F.);
#2671=ORIENTED_EDGE('',*,*,#2019,.F.);
#2672=ORIENTED_EDGE('',*,*,#2020,.T.);
#2673=ORIENTED_EDGE('',*,*,#1691,.F.);
#2674=ORIENTED_EDGE('',*,*,#2021,.F.);
#2675=ORIENTED_EDGE('',*,*,#2022,.F.);
#2676=ORIENTED_EDGE('',*,*,#2023,.T.);
#2677=ORIENTED_EDGE('',*,*,#1692,.F.);
#2678=ORIENTED_EDGE('',*,*,#2020,.F.);
#2679=ORIENTED_EDGE('',*,*,#2024,.F.);
#2680=ORIENTED_EDGE('',*,*,#2025,.F.);
#2681=ORIENTED_EDGE('',*,*,#1693,.F.);
#2682=ORIENTED_EDGE('',*,*,#2023,.F.);
#2683=ORIENTED_EDGE('',*,*,#2026,.F.);
#2684=ORIENTED_EDGE('',*,*,#2027,.T.);
#2685=ORIENTED_EDGE('',*,*,#1671,.F.);
#2686=ORIENTED_EDGE('',*,*,#2028,.F.);
#2687=ORIENTED_EDGE('',*,*,#2029,.F.);
#2688=ORIENTED_EDGE('',*,*,#2030,.T.);
#2689=ORIENTED_EDGE('',*,*,#1672,.F.);
#2690=ORIENTED_EDGE('',*,*,#2027,.F.);
#2691=ORIENTED_EDGE('',*,*,#2031,.F.);
#2692=ORIENTED_EDGE('',*,*,#2032,.F.);
#2693=ORIENTED_EDGE('',*,*,#1673,.F.);
#2694=ORIENTED_EDGE('',*,*,#2030,.F.);
#2695=ORIENTED_EDGE('',*,*,#2033,.F.);
#2696=ORIENTED_EDGE('',*,*,#2034,.F.);
#2697=ORIENTED_EDGE('',*,*,#1766,.F.);
#2698=ORIENTED_EDGE('',*,*,#2035,.F.);
#2699=ORIENTED_EDGE('',*,*,#2036,.F.);
#2700=ORIENTED_EDGE('',*,*,#2037,.T.);
#2701=ORIENTED_EDGE('',*,*,#1764,.F.);
#2702=ORIENTED_EDGE('',*,*,#2038,.F.);
#2703=ORIENTED_EDGE('',*,*,#2039,.F.);
#2704=ORIENTED_EDGE('',*,*,#2035,.T.);
#2705=ORIENTED_EDGE('',*,*,#1765,.F.);
#2706=ORIENTED_EDGE('',*,*,#2037,.F.);
#2707=ORIENTED_EDGE('',*,*,#2040,.F.);
#2708=ORIENTED_EDGE('',*,*,#2041,.F.);
#2709=ORIENTED_EDGE('',*,*,#1762,.F.);
#2710=ORIENTED_EDGE('',*,*,#2042,.F.);
#2711=ORIENTED_EDGE('',*,*,#2043,.F.);
#2712=ORIENTED_EDGE('',*,*,#2044,.T.);
#2713=ORIENTED_EDGE('',*,*,#1760,.F.);
#2714=ORIENTED_EDGE('',*,*,#2045,.F.);
#2715=ORIENTED_EDGE('',*,*,#2046,.F.);
#2716=ORIENTED_EDGE('',*,*,#2042,.T.);
#2717=ORIENTED_EDGE('',*,*,#1761,.F.);
#2718=ORIENTED_EDGE('',*,*,#2044,.F.);
#2719=ORIENTED_EDGE('',*,*,#2047,.F.);
#2720=ORIENTED_EDGE('',*,*,#2048,.T.);
#2721=ORIENTED_EDGE('',*,*,#1772,.F.);
#2722=ORIENTED_EDGE('',*,*,#2049,.F.);
#2723=ORIENTED_EDGE('',*,*,#2050,.F.);
#2724=ORIENTED_EDGE('',*,*,#2051,.T.);
#2725=ORIENTED_EDGE('',*,*,#1773,.F.);
#2726=ORIENTED_EDGE('',*,*,#2048,.F.);
#2727=ORIENTED_EDGE('',*,*,#2052,.F.);
#2728=ORIENTED_EDGE('',*,*,#2053,.F.);
#2729=ORIENTED_EDGE('',*,*,#1774,.F.);
#2730=ORIENTED_EDGE('',*,*,#2051,.F.);
#2731=ORIENTED_EDGE('',*,*,#1836,.T.);
#2732=ORIENTED_EDGE('',*,*,#2054,.F.);
#2733=ORIENTED_EDGE('',*,*,#2055,.T.);
#2734=ORIENTED_EDGE('',*,*,#1668,.F.);
#2735=ORIENTED_EDGE('',*,*,#2004,.T.);
#2736=ORIENTED_EDGE('',*,*,#2056,.F.);
#2737=ORIENTED_EDGE('',*,*,#2007,.T.);
#2738=ORIENTED_EDGE('',*,*,#1652,.F.);
#2739=ORIENTED_EDGE('',*,*,#1997,.T.);
#2740=ORIENTED_EDGE('',*,*,#2057,.F.);
#2741=ORIENTED_EDGE('',*,*,#2000,.T.);
#2742=ORIENTED_EDGE('',*,*,#1648,.F.);
#2743=ORIENTED_EDGE('',*,*,#1850,.T.);
#2744=ORIENTED_EDGE('',*,*,#2058,.F.);
#2745=ORIENTED_EDGE('',*,*,#1993,.T.);
#2746=ORIENTED_EDGE('',*,*,#1644,.F.);
#2747=ORIENTED_EDGE('',*,*,#1986,.T.);
#2748=ORIENTED_EDGE('',*,*,#1656,.F.);
#2749=ORIENTED_EDGE('',*,*,#2011,.T.);
#2750=ORIENTED_EDGE('',*,*,#2059,.F.);
#2751=ORIENTED_EDGE('',*,*,#1829,.T.);
#2752=ORIENTED_EDGE('',*,*,#2060,.F.);
#2753=ORIENTED_EDGE('',*,*,#1979,.T.);
#2754=ORIENTED_EDGE('',*,*,#1632,.F.);
#2755=ORIENTED_EDGE('',*,*,#1972,.T.);
#2756=ORIENTED_EDGE('',*,*,#1660,.F.);
#2757=ORIENTED_EDGE('',*,*,#1990,.T.);
#2758=ORIENTED_EDGE('',*,*,#2061,.F.);
#2759=ORIENTED_EDGE('',*,*,#1853,.T.);
#2760=ORIENTED_EDGE('',*,*,#1636,.F.);
#2761=ORIENTED_EDGE('',*,*,#1983,.T.);
#2762=ORIENTED_EDGE('',*,*,#2062,.F.);
#2763=ORIENTED_EDGE('',*,*,#1846,.T.);
#2764=ORIENTED_EDGE('',*,*,#1640,.F.);
#2765=ORIENTED_EDGE('',*,*,#1857,.T.);
#2766=ORIENTED_EDGE('',*,*,#2063,.F.);
#2767=ORIENTED_EDGE('',*,*,#1787,.T.);
#2768=ORIENTED_EDGE('',*,*,#2064,.F.);
#2769=ORIENTED_EDGE('',*,*,#1839,.T.);
#2770=ORIENTED_EDGE('',*,*,#1620,.F.);
#2771=ORIENTED_EDGE('',*,*,#1832,.T.);
#2772=ORIENTED_EDGE('',*,*,#1664,.F.);
#2773=ORIENTED_EDGE('',*,*,#1976,.T.);
#2774=ORIENTED_EDGE('',*,*,#2065,.F.);
#2775=ORIENTED_EDGE('',*,*,#1822,.T.);
#2776=ORIENTED_EDGE('',*,*,#2066,.F.);
#2777=ORIENTED_EDGE('',*,*,#1825,.T.);
#2778=ORIENTED_EDGE('',*,*,#1628,.F.);
#2779=ORIENTED_EDGE('',*,*,#1818,.T.);
#2780=ORIENTED_EDGE('',*,*,#1624,.F.);
#2781=ORIENTED_EDGE('',*,*,#1843,.T.);
#2782=ORIENTED_EDGE('',*,*,#2067,.F.);
#2783=ORIENTED_EDGE('',*,*,#2028,.T.);
#2784=ORIENTED_EDGE('',*,*,#1670,.F.);
#2785=ORIENTED_EDGE('',*,*,#2068,.F.);
#2786=ORIENTED_EDGE('',*,*,#2069,.F.);
#2787=ORIENTED_EDGE('',*,*,#1927,.T.);
#2788=ORIENTED_EDGE('',*,*,#2070,.F.);
#2789=ORIENTED_EDGE('',*,*,#1930,.T.);
#2790=ORIENTED_EDGE('',*,*,#1698,.F.);
#2791=ORIENTED_EDGE('',*,*,#1923,.T.);
#2792=ORIENTED_EDGE('',*,*,#1694,.F.);
#2793=ORIENTED_EDGE('',*,*,#2025,.T.);
#2794=ORIENTED_EDGE('',*,*,#2071,.F.);
#2795=ORIENTED_EDGE('',*,*,#1895,.T.);
#2796=ORIENTED_EDGE('',*,*,#1710,.F.);
#2797=ORIENTED_EDGE('',*,*,#1969,.T.);
#2798=ORIENTED_EDGE('',*,*,#2072,.F.);
#2799=ORIENTED_EDGE('',*,*,#1890,.T.);
#2800=ORIENTED_EDGE('',*,*,#2073,.F.);
#2801=ORIENTED_EDGE('',*,*,#2074,.T.);
#2802=ORIENTED_EDGE('',*,*,#1722,.F.);
#2803=ORIENTED_EDGE('',*,*,#1885,.T.);
#2804=ORIENTED_EDGE('',*,*,#2075,.F.);
#2805=ORIENTED_EDGE('',*,*,#1892,.T.);
#2806=ORIENTED_EDGE('',*,*,#1718,.F.);
#2807=ORIENTED_EDGE('',*,*,#1881,.T.);
#2808=ORIENTED_EDGE('',*,*,#1714,.F.);
#2809=ORIENTED_EDGE('',*,*,#1899,.T.);
#2810=ORIENTED_EDGE('',*,*,#2076,.F.);
#2811=ORIENTED_EDGE('',*,*,#1871,.T.);
#2812=ORIENTED_EDGE('',*,*,#2077,.F.);
#2813=ORIENTED_EDGE('',*,*,#1965,.T.);
#2814=ORIENTED_EDGE('',*,*,#1706,.F.);
#2815=ORIENTED_EDGE('',*,*,#1867,.T.);
#2816=ORIENTED_EDGE('',*,*,#1702,.F.);
#2817=ORIENTED_EDGE('',*,*,#1934,.T.);
#2818=ORIENTED_EDGE('',*,*,#2078,.F.);
#2819=ORIENTED_EDGE('',*,*,#1815,.T.);
#2820=ORIENTED_EDGE('',*,*,#2079,.F.);
#2821=ORIENTED_EDGE('',*,*,#2021,.T.);
#2822=ORIENTED_EDGE('',*,*,#1690,.F.);
#2823=ORIENTED_EDGE('',*,*,#1811,.T.);
#2824=ORIENTED_EDGE('',*,*,#1686,.F.);
#2825=ORIENTED_EDGE('',*,*,#2018,.T.);
#2826=ORIENTED_EDGE('',*,*,#2080,.F.);
#2827=ORIENTED_EDGE('',*,*,#1808,.T.);
#2828=ORIENTED_EDGE('',*,*,#2081,.F.);
#2829=ORIENTED_EDGE('',*,*,#2014,.T.);
#2830=ORIENTED_EDGE('',*,*,#1682,.F.);
#2831=ORIENTED_EDGE('',*,*,#1801,.T.);
#2832=ORIENTED_EDGE('',*,*,#2082,.F.);
#2833=ORIENTED_EDGE('',*,*,#1804,.T.);
#2834=ORIENTED_EDGE('',*,*,#1678,.F.);
#2835=ORIENTED_EDGE('',*,*,#2053,.T.);
#2836=ORIENTED_EDGE('',*,*,#2083,.F.);
#2837=ORIENTED_EDGE('',*,*,#1780,.T.);
#2838=ORIENTED_EDGE('',*,*,#1775,.F.);
#2839=ORIENTED_EDGE('',*,*,#2038,.T.);
#2840=ORIENTED_EDGE('',*,*,#1763,.F.);
#2841=ORIENTED_EDGE('',*,*,#2041,.T.);
#2842=ORIENTED_EDGE('',*,*,#2084,.F.);
#2843=ORIENTED_EDGE('',*,*,#1950,.T.);
#2844=ORIENTED_EDGE('',*,*,#2085,.F.);
#2845=ORIENTED_EDGE('',*,*,#1961,.T.);
#2846=ORIENTED_EDGE('',*,*,#1751,.F.);
#2847=ORIENTED_EDGE('',*,*,#1936,.T.);
#2848=ORIENTED_EDGE('',*,*,#2086,.F.);
#2849=ORIENTED_EDGE('',*,*,#1947,.T.);
#2850=ORIENTED_EDGE('',*,*,#1731,.F.);
#2851=ORIENTED_EDGE('',*,*,#1915,.T.);
#2852=ORIENTED_EDGE('',*,*,#2087,.F.);
#2853=ORIENTED_EDGE('',*,*,#1940,.T.);
#2854=ORIENTED_EDGE('',*,*,#1727,.F.);
#2855=ORIENTED_EDGE('',*,*,#1919,.T.);
#2856=ORIENTED_EDGE('',*,*,#1723,.F.);
#2857=ORIENTED_EDGE('',*,*,#2074,.F.);
#2858=ORIENTED_EDGE('',*,*,#2088,.F.);
#2859=ORIENTED_EDGE('',*,*,#1901,.T.);
#2860=ORIENTED_EDGE('',*,*,#2089,.F.);
#2861=ORIENTED_EDGE('',*,*,#1912,.T.);
#2862=ORIENTED_EDGE('',*,*,#1739,.F.);
#2863=ORIENTED_EDGE('',*,*,#1905,.T.);
#2864=ORIENTED_EDGE('',*,*,#1735,.F.);
#2865=ORIENTED_EDGE('',*,*,#1943,.T.);
#2866=ORIENTED_EDGE('',*,*,#2090,.F.);
#2867=ORIENTED_EDGE('',*,*,#1873,.T.);
#2868=ORIENTED_EDGE('',*,*,#2091,.F.);
#2869=ORIENTED_EDGE('',*,*,#1954,.T.);
#2870=ORIENTED_EDGE('',*,*,#1747,.F.);
#2871=ORIENTED_EDGE('',*,*,#1877,.T.);
#2872=ORIENTED_EDGE('',*,*,#1743,.F.);
#2873=ORIENTED_EDGE('',*,*,#1908,.T.);
#2874=ORIENTED_EDGE('',*,*,#2092,.F.);
#2875=ORIENTED_EDGE('',*,*,#1859,.T.);
#2876=ORIENTED_EDGE('',*,*,#2093,.F.);
#2877=ORIENTED_EDGE('',*,*,#2045,.T.);
#2878=ORIENTED_EDGE('',*,*,#1759,.F.);
#2879=ORIENTED_EDGE('',*,*,#1863,.T.);
#2880=ORIENTED_EDGE('',*,*,#1755,.F.);
#2881=ORIENTED_EDGE('',*,*,#1957,.T.);
#2882=ORIENTED_EDGE('',*,*,#2094,.F.);
#2883=ORIENTED_EDGE('',*,*,#1789,.T.);
#2884=ORIENTED_EDGE('',*,*,#2095,.F.);
#2885=ORIENTED_EDGE('',*,*,#2049,.T.);
#2886=ORIENTED_EDGE('',*,*,#1771,.F.);
#2887=ORIENTED_EDGE('',*,*,#1786,.T.);
#2888=ORIENTED_EDGE('',*,*,#1784,.T.);
#2889=ORIENTED_EDGE('',*,*,#1782,.T.);
#2890=ORIENTED_EDGE('',*,*,#1781,.T.);
#2891=ORIENTED_EDGE('',*,*,#2083,.T.);
#2892=ORIENTED_EDGE('',*,*,#2052,.T.);
#2893=ORIENTED_EDGE('',*,*,#2050,.T.);
#2894=ORIENTED_EDGE('',*,*,#2047,.T.);
#2895=ORIENTED_EDGE('',*,*,#2095,.T.);
#2896=ORIENTED_EDGE('',*,*,#1788,.T.);
#2897=ORIENTED_EDGE('',*,*,#1794,.T.);
#2898=ORIENTED_EDGE('',*,*,#1791,.T.);
#2899=ORIENTED_EDGE('',*,*,#2096,.T.);
#2900=ORIENTED_EDGE('',*,*,#2033,.T.);
#2901=ORIENTED_EDGE('',*,*,#2039,.T.);
#2902=ORIENTED_EDGE('',*,*,#2036,.T.);
#2903=ORIENTED_EDGE('',*,*,#2084,.T.);
#2904=ORIENTED_EDGE('',*,*,#2040,.T.);
#2905=ORIENTED_EDGE('',*,*,#2046,.T.);
#2906=ORIENTED_EDGE('',*,*,#2043,.T.);
#2907=ORIENTED_EDGE('',*,*,#2093,.T.);
#2908=ORIENTED_EDGE('',*,*,#1858,.T.);
#2909=ORIENTED_EDGE('',*,*,#1864,.T.);
#2910=ORIENTED_EDGE('',*,*,#1861,.T.);
#2911=ORIENTED_EDGE('',*,*,#2094,.T.);
#2912=ORIENTED_EDGE('',*,*,#1956,.T.);
#2913=ORIENTED_EDGE('',*,*,#1962,.T.);
#2914=ORIENTED_EDGE('',*,*,#1959,.T.);
#2915=ORIENTED_EDGE('',*,*,#2085,.T.);
#2916=ORIENTED_EDGE('',*,*,#1949,.T.);
#2917=ORIENTED_EDGE('',*,*,#1955,.T.);
#2918=ORIENTED_EDGE('',*,*,#1952,.T.);
#2919=ORIENTED_EDGE('',*,*,#2091,.T.);
#2920=ORIENTED_EDGE('',*,*,#1872,.T.);
#2921=ORIENTED_EDGE('',*,*,#1878,.T.);
#2922=ORIENTED_EDGE('',*,*,#1875,.T.);
#2923=ORIENTED_EDGE('',*,*,#2092,.T.);
#2924=ORIENTED_EDGE('',*,*,#1907,.T.);
#2925=ORIENTED_EDGE('',*,*,#1913,.T.);
#2926=ORIENTED_EDGE('',*,*,#1910,.T.);
#2927=ORIENTED_EDGE('',*,*,#2089,.T.);
#2928=ORIENTED_EDGE('',*,*,#1900,.T.);
#2929=ORIENTED_EDGE('',*,*,#1906,.T.);
#2930=ORIENTED_EDGE('',*,*,#1903,.T.);
#2931=ORIENTED_EDGE('',*,*,#2090,.T.);
#2932=ORIENTED_EDGE('',*,*,#1942,.T.);
#2933=ORIENTED_EDGE('',*,*,#1948,.T.);
#2934=ORIENTED_EDGE('',*,*,#1945,.T.);
#2935=ORIENTED_EDGE('',*,*,#2086,.T.);
#2936=ORIENTED_EDGE('',*,*,#1935,.T.);
#2937=ORIENTED_EDGE('',*,*,#1941,.T.);
#2938=ORIENTED_EDGE('',*,*,#1938,.T.);
#2939=ORIENTED_EDGE('',*,*,#2087,.T.);
#2940=ORIENTED_EDGE('',*,*,#1914,.T.);
#2941=ORIENTED_EDGE('',*,*,#1920,.T.);
#2942=ORIENTED_EDGE('',*,*,#1917,.T.);
#2943=ORIENTED_EDGE('',*,*,#2088,.T.);
#2944=ORIENTED_EDGE('',*,*,#2073,.T.);
#2945=ORIENTED_EDGE('',*,*,#1889,.T.);
#2946=ORIENTED_EDGE('',*,*,#1886,.T.);
#2947=ORIENTED_EDGE('',*,*,#1891,.T.);
#2948=ORIENTED_EDGE('',*,*,#2075,.T.);
#2949=ORIENTED_EDGE('',*,*,#1884,.T.);
#2950=ORIENTED_EDGE('',*,*,#1882,.T.);
#2951=ORIENTED_EDGE('',*,*,#1879,.T.);
#2952=ORIENTED_EDGE('',*,*,#2076,.T.);
#2953=ORIENTED_EDGE('',*,*,#1898,.T.);
#2954=ORIENTED_EDGE('',*,*,#1896,.T.);
#2955=ORIENTED_EDGE('',*,*,#1893,.T.);
#2956=ORIENTED_EDGE('',*,*,#2072,.T.);
#2957=ORIENTED_EDGE('',*,*,#1968,.T.);
#2958=ORIENTED_EDGE('',*,*,#1966,.T.);
#2959=ORIENTED_EDGE('',*,*,#1963,.T.);
#2960=ORIENTED_EDGE('',*,*,#2077,.T.);
#2961=ORIENTED_EDGE('',*,*,#1870,.T.);
#2962=ORIENTED_EDGE('',*,*,#1868,.T.);
#2963=ORIENTED_EDGE('',*,*,#1865,.T.);
#2964=ORIENTED_EDGE('',*,*,#2078,.T.);
#2965=ORIENTED_EDGE('',*,*,#1933,.T.);
#2966=ORIENTED_EDGE('',*,*,#1931,.T.);
#2967=ORIENTED_EDGE('',*,*,#1928,.T.);
#2968=ORIENTED_EDGE('',*,*,#2070,.T.);
#2969=ORIENTED_EDGE('',*,*,#1926,.T.);
#2970=ORIENTED_EDGE('',*,*,#1924,.T.);
#2971=ORIENTED_EDGE('',*,*,#1921,.T.);
#2972=ORIENTED_EDGE('',*,*,#2071,.T.);
#2973=ORIENTED_EDGE('',*,*,#2024,.T.);
#2974=ORIENTED_EDGE('',*,*,#2022,.T.);
#2975=ORIENTED_EDGE('',*,*,#2019,.T.);
#2976=ORIENTED_EDGE('',*,*,#2079,.T.);
#2977=ORIENTED_EDGE('',*,*,#1814,.T.);
#2978=ORIENTED_EDGE('',*,*,#1812,.T.);
#2979=ORIENTED_EDGE('',*,*,#1809,.T.);
#2980=ORIENTED_EDGE('',*,*,#2080,.T.);
#2981=ORIENTED_EDGE('',*,*,#2017,.T.);
#2982=ORIENTED_EDGE('',*,*,#2015,.T.);
#2983=ORIENTED_EDGE('',*,*,#2012,.T.);
#2984=ORIENTED_EDGE('',*,*,#2081,.T.);
#2985=ORIENTED_EDGE('',*,*,#1807,.T.);
#2986=ORIENTED_EDGE('',*,*,#1805,.T.);
#2987=ORIENTED_EDGE('',*,*,#1802,.T.);
#2988=ORIENTED_EDGE('',*,*,#2082,.T.);
#2989=ORIENTED_EDGE('',*,*,#1800,.T.);
#2990=ORIENTED_EDGE('',*,*,#1798,.T.);
#2991=ORIENTED_EDGE('',*,*,#1795,.T.);
#2992=ORIENTED_EDGE('',*,*,#2097,.T.);
#2993=ORIENTED_EDGE('',*,*,#2031,.T.);
#2994=ORIENTED_EDGE('',*,*,#2029,.T.);
#2995=ORIENTED_EDGE('',*,*,#2026,.T.);
#2996=ORIENTED_EDGE('',*,*,#2069,.T.);
#2997=ORIENTED_EDGE('',*,*,#2098,.T.);
#2998=ORIENTED_EDGE('',*,*,#2054,.T.);
#2999=ORIENTED_EDGE('',*,*,#1835,.T.);
#3000=ORIENTED_EDGE('',*,*,#1833,.T.);
#3001=ORIENTED_EDGE('',*,*,#1830,.T.);
#3002=ORIENTED_EDGE('',*,*,#2065,.T.);
#3003=ORIENTED_EDGE('',*,*,#1975,.T.);
#3004=ORIENTED_EDGE('',*,*,#1973,.T.);
#3005=ORIENTED_EDGE('',*,*,#1970,.T.);
#3006=ORIENTED_EDGE('',*,*,#2061,.T.);
#3007=ORIENTED_EDGE('',*,*,#1989,.T.);
#3008=ORIENTED_EDGE('',*,*,#1987,.T.);
#3009=ORIENTED_EDGE('',*,*,#1984,.T.);
#3010=ORIENTED_EDGE('',*,*,#2059,.T.);
#3011=ORIENTED_EDGE('',*,*,#2010,.T.);
#3012=ORIENTED_EDGE('',*,*,#2008,.T.);
#3013=ORIENTED_EDGE('',*,*,#2005,.T.);
#3014=ORIENTED_EDGE('',*,*,#2056,.T.);
#3015=ORIENTED_EDGE('',*,*,#2003,.T.);
#3016=ORIENTED_EDGE('',*,*,#2001,.T.);
#3017=ORIENTED_EDGE('',*,*,#1998,.T.);
#3018=ORIENTED_EDGE('',*,*,#2057,.T.);
#3019=ORIENTED_EDGE('',*,*,#1996,.T.);
#3020=ORIENTED_EDGE('',*,*,#1994,.T.);
#3021=ORIENTED_EDGE('',*,*,#1991,.T.);
#3022=ORIENTED_EDGE('',*,*,#2058,.T.);
#3023=ORIENTED_EDGE('',*,*,#1849,.T.);
#3024=ORIENTED_EDGE('',*,*,#1847,.T.);
#3025=ORIENTED_EDGE('',*,*,#1844,.T.);
#3026=ORIENTED_EDGE('',*,*,#2063,.T.);
#3027=ORIENTED_EDGE('',*,*,#1856,.T.);
#3028=ORIENTED_EDGE('',*,*,#1854,.T.);
#3029=ORIENTED_EDGE('',*,*,#1851,.T.);
#3030=ORIENTED_EDGE('',*,*,#2062,.T.);
#3031=ORIENTED_EDGE('',*,*,#1982,.T.);
#3032=ORIENTED_EDGE('',*,*,#1980,.T.);
#3033=ORIENTED_EDGE('',*,*,#1977,.T.);
#3034=ORIENTED_EDGE('',*,*,#2060,.T.);
#3035=ORIENTED_EDGE('',*,*,#1828,.T.);
#3036=ORIENTED_EDGE('',*,*,#1826,.T.);
#3037=ORIENTED_EDGE('',*,*,#1823,.T.);
#3038=ORIENTED_EDGE('',*,*,#2066,.T.);
#3039=ORIENTED_EDGE('',*,*,#1821,.T.);
#3040=ORIENTED_EDGE('',*,*,#1819,.T.);
#3041=ORIENTED_EDGE('',*,*,#1816,.T.);
#3042=ORIENTED_EDGE('',*,*,#2067,.T.);
#3043=ORIENTED_EDGE('',*,*,#1842,.T.);
#3044=ORIENTED_EDGE('',*,*,#1840,.T.);
#3045=ORIENTED_EDGE('',*,*,#1837,.T.);
#3046=ORIENTED_EDGE('',*,*,#2064,.T.);
#3047=ORIENTED_EDGE('',*,*,#1793,.T.);
#3048=ORIENTED_EDGE('',*,*,#1767,.F.);
#3049=ORIENTED_EDGE('',*,*,#2034,.T.);
#3050=ORIENTED_EDGE('',*,*,#2096,.F.);
#3051=ORIENTED_EDGE('',*,*,#1797,.T.);
#3052=ORIENTED_EDGE('',*,*,#1674,.F.);
#3053=ORIENTED_EDGE('',*,*,#2032,.T.);
#3054=ORIENTED_EDGE('',*,*,#2097,.F.);
#3055=ORIENTED_EDGE('',*,*,#2098,.F.);
#3056=ORIENTED_EDGE('',*,*,#2068,.T.);
#3057=ORIENTED_EDGE('',*,*,#1669,.F.);
#3058=ORIENTED_EDGE('',*,*,#2055,.F.);
#3059=PLANE('',#3397);
#3060=PLANE('',#3398);
#3061=PLANE('',#3399);
#3062=PLANE('',#3400);
#3063=PLANE('',#3401);
#3064=PLANE('',#3402);
#3065=PLANE('',#3403);
#3066=PLANE('',#3404);
#3067=PLANE('',#3405);
#3068=PLANE('',#3406);
#3069=PLANE('',#3407);
#3070=PLANE('',#3408);
#3071=PLANE('',#3409);
#3072=PLANE('',#3410);
#3073=PLANE('',#3411);
#3074=PLANE('',#3412);
#3075=PLANE('',#3413);
#3076=PLANE('',#3414);
#3077=PLANE('',#3415);
#3078=PLANE('',#3416);
#3079=PLANE('',#3417);
#3080=PLANE('',#3418);
#3081=PLANE('',#3419);
#3082=PLANE('',#3420);
#3083=PLANE('',#3421);
#3084=PLANE('',#3422);
#3085=PLANE('',#3423);
#3086=PLANE('',#3424);
#3087=PLANE('',#3425);
#3088=PLANE('',#3426);
#3089=PLANE('',#3427);
#3090=PLANE('',#3428);
#3091=PLANE('',#3429);
#3092=PLANE('',#3430);
#3093=PLANE('',#3431);
#3094=PLANE('',#3432);
#3095=PLANE('',#3433);
#3096=PLANE('',#3434);
#3097=PLANE('',#3435);
#3098=PLANE('',#3436);
#3099=PLANE('',#3437);
#3100=PLANE('',#3438);
#3101=PLANE('',#3439);
#3102=PLANE('',#3440);
#3103=PLANE('',#3441);
#3104=PLANE('',#3442);
#3105=PLANE('',#3443);
#3106=PLANE('',#3444);
#3107=PLANE('',#3445);
#3108=PLANE('',#3446);
#3109=PLANE('',#3447);
#3110=PLANE('',#3448);
#3111=PLANE('',#3449);
#3112=PLANE('',#3450);
#3113=PLANE('',#3451);
#3114=PLANE('',#3452);
#3115=PLANE('',#3453);
#3116=PLANE('',#3454);
#3117=PLANE('',#3455);
#3118=PLANE('',#3456);
#3119=PLANE('',#3457);
#3120=PLANE('',#3458);
#3121=PLANE('',#3459);
#3122=PLANE('',#3460);
#3123=PLANE('',#3461);
#3124=PLANE('',#3462);
#3125=PLANE('',#3463);
#3126=PLANE('',#3464);
#3127=PLANE('',#3465);
#3128=PLANE('',#3466);
#3129=PLANE('',#3467);
#3130=PLANE('',#3468);
#3131=PLANE('',#3469);
#3132=PLANE('',#3470);
#3133=PLANE('',#3471);
#3134=PLANE('',#3472);
#3135=PLANE('',#3473);
#3136=PLANE('',#3474);
#3137=PLANE('',#3475);
#3138=PLANE('',#3476);
#3139=PLANE('',#3477);
#3140=PLANE('',#3478);
#3141=PLANE('',#3479);
#3142=PLANE('',#3480);
#3143=PLANE('',#3481);
#3144=PLANE('',#3482);
#3145=PLANE('',#3483);
#3146=PLANE('',#3484);
#3147=PLANE('',#3485);
#3148=PLANE('',#3486);
#3149=PLANE('',#3487);
#3150=PLANE('',#3488);
#3151=PLANE('',#3489);
#3152=PLANE('',#3490);
#3153=PLANE('',#3491);
#3154=PLANE('',#3492);
#3155=PLANE('',#3493);
#3156=PLANE('',#3494);
#3157=PLANE('',#3495);
#3158=PLANE('',#3496);
#3159=PLANE('',#3497);
#3160=PLANE('',#3498);
#3161=PLANE('',#3499);
#3162=PLANE('',#3500);
#3163=PLANE('',#3501);
#3164=PLANE('',#3502);
#3165=PLANE('',#3503);
#3166=PLANE('',#3504);
#3167=PLANE('',#3505);
#3168=PLANE('',#3506);
#3169=PLANE('',#3507);
#3170=PLANE('',#3508);
#3171=PLANE('',#3509);
#3172=PLANE('',#3510);
#3173=PLANE('',#3511);
#3174=PLANE('',#3512);
#3175=PLANE('',#3513);
#3176=PLANE('',#3514);
#3177=PLANE('',#3515);
#3178=PLANE('',#3516);
#3179=PLANE('',#3517);
#3180=PLANE('',#3518);
#3181=PLANE('',#3519);
#3182=PLANE('',#3520);
#3183=PLANE('',#3521);
#3184=PLANE('',#3522);
#3185=PLANE('',#3523);
#3186=PLANE('',#3524);
#3187=PLANE('',#3525);
#3188=PLANE('',#3526);
#3189=PLANE('',#3527);
#3190=PLANE('',#3528);
#3191=PLANE('',#3529);
#3192=PLANE('',#3530);
#3193=PLANE('',#3531);
#3194=PLANE('',#3532);
#3195=PLANE('',#3533);
#3196=PLANE('',#3534);
#3197=PLANE('',#3535);
#3198=PLANE('',#3536);
#3199=PLANE('',#3537);
#3200=PLANE('',#3538);
#3201=PLANE('',#3539);
#3202=PLANE('',#3540);
#3203=PLANE('',#3541);
#3204=PLANE('',#3542);
#3205=PLANE('',#3543);
#3206=PLANE('',#3544);
#3207=PLANE('',#3545);
#3208=PLANE('',#3546);
#3209=PLANE('',#3547);
#3210=PLANE('',#3548);
#3211=PLANE('',#3549);
#3212=PLANE('',#3550);
#3213=PLANE('',#3551);
#3214=PLANE('',#3552);
#3215=PLANE('',#3553);
#3216=PLANE('',#3554);
#3217=PLANE('',#3555);
#3218=PLANE('',#3556);
#3219=PLANE('',#3557);
#3220=PLANE('',#3558);
#3221=ADVANCED_FACE('',(#15),#3059,.T.);
#3222=ADVANCED_FACE('',(#16),#3060,.T.);
#3223=ADVANCED_FACE('',(#17),#3061,.F.);
#3224=ADVANCED_FACE('',(#18),#3062,.F.);
#3225=ADVANCED_FACE('',(#19),#3063,.F.);
#3226=ADVANCED_FACE('',(#20),#3064,.F.);
#3227=ADVANCED_FACE('',(#21),#3065,.F.);
#3228=ADVANCED_FACE('',(#22),#3066,.F.);
#3229=ADVANCED_FACE('',(#23),#3067,.F.);
#3230=ADVANCED_FACE('',(#24),#3068,.F.);
#3231=ADVANCED_FACE('',(#25),#3069,.F.);
#3232=ADVANCED_FACE('',(#26),#3070,.F.);
#3233=ADVANCED_FACE('',(#27),#3071,.F.);
#3234=ADVANCED_FACE('',(#28),#3072,.F.);
#3235=ADVANCED_FACE('',(#29),#3073,.F.);
#3236=ADVANCED_FACE('',(#30),#3074,.F.);
#3237=ADVANCED_FACE('',(#31),#3075,.F.);
#3238=ADVANCED_FACE('',(#32),#3076,.F.);
#3239=ADVANCED_FACE('',(#33),#3077,.F.);
#3240=ADVANCED_FACE('',(#34),#3078,.F.);
#3241=ADVANCED_FACE('',(#35),#3079,.F.);
#3242=ADVANCED_FACE('',(#36),#3080,.F.);
#3243=ADVANCED_FACE('',(#37),#3081,.F.);
#3244=ADVANCED_FACE('',(#38),#3082,.F.);
#3245=ADVANCED_FACE('',(#39),#3083,.F.);
#3246=ADVANCED_FACE('',(#40),#3084,.F.);
#3247=ADVANCED_FACE('',(#41),#3085,.F.);
#3248=ADVANCED_FACE('',(#42),#3086,.F.);
#3249=ADVANCED_FACE('',(#43),#3087,.F.);
#3250=ADVANCED_FACE('',(#44),#3088,.F.);
#3251=ADVANCED_FACE('',(#45),#3089,.F.);
#3252=ADVANCED_FACE('',(#46),#3090,.F.);
#3253=ADVANCED_FACE('',(#47),#3091,.F.);
#3254=ADVANCED_FACE('',(#48),#3092,.F.);
#3255=ADVANCED_FACE('',(#49),#3093,.F.);
#3256=ADVANCED_FACE('',(#50),#3094,.F.);
#3257=ADVANCED_FACE('',(#51),#3095,.F.);
#3258=ADVANCED_FACE('',(#52),#3096,.F.);
#3259=ADVANCED_FACE('',(#53),#3097,.F.);
#3260=ADVANCED_FACE('',(#54),#3098,.F.);
#3261=ADVANCED_FACE('',(#55),#3099,.F.);
#3262=ADVANCED_FACE('',(#56),#3100,.F.);
#3263=ADVANCED_FACE('',(#57),#3101,.F.);
#3264=ADVANCED_FACE('',(#58),#3102,.F.);
#3265=ADVANCED_FACE('',(#59),#3103,.F.);
#3266=ADVANCED_FACE('',(#60),#3104,.F.);
#3267=ADVANCED_FACE('',(#61),#3105,.F.);
#3268=ADVANCED_FACE('',(#62),#3106,.F.);
#3269=ADVANCED_FACE('',(#63),#3107,.F.);
#3270=ADVANCED_FACE('',(#64),#3108,.F.);
#3271=ADVANCED_FACE('',(#65),#3109,.F.);
#3272=ADVANCED_FACE('',(#66),#3110,.F.);
#3273=ADVANCED_FACE('',(#67),#3111,.F.);
#3274=ADVANCED_FACE('',(#68),#3112,.F.);
#3275=ADVANCED_FACE('',(#69),#3113,.F.);
#3276=ADVANCED_FACE('',(#70),#3114,.F.);
#3277=ADVANCED_FACE('',(#71),#3115,.F.);
#3278=ADVANCED_FACE('',(#72),#3116,.F.);
#3279=ADVANCED_FACE('',(#73),#3117,.F.);
#3280=ADVANCED_FACE('',(#74),#3118,.F.);
#3281=ADVANCED_FACE('',(#75),#3119,.F.);
#3282=ADVANCED_FACE('',(#76),#3120,.F.);
#3283=ADVANCED_FACE('',(#77),#3121,.F.);
#3284=ADVANCED_FACE('',(#78),#3122,.F.);
#3285=ADVANCED_FACE('',(#79),#3123,.F.);
#3286=ADVANCED_FACE('',(#80),#3124,.F.);
#3287=ADVANCED_FACE('',(#81),#3125,.F.);
#3288=ADVANCED_FACE('',(#82),#3126,.F.);
#3289=ADVANCED_FACE('',(#83),#3127,.F.);
#3290=ADVANCED_FACE('',(#84),#3128,.F.);
#3291=ADVANCED_FACE('',(#85),#3129,.F.);
#3292=ADVANCED_FACE('',(#86),#3130,.F.);
#3293=ADVANCED_FACE('',(#87),#3131,.F.);
#3294=ADVANCED_FACE('',(#88),#3132,.F.);
#3295=ADVANCED_FACE('',(#89),#3133,.F.);
#3296=ADVANCED_FACE('',(#90),#3134,.F.);
#3297=ADVANCED_FACE('',(#91),#3135,.F.);
#3298=ADVANCED_FACE('',(#92),#3136,.F.);
#3299=ADVANCED_FACE('',(#93),#3137,.F.);
#3300=ADVANCED_FACE('',(#94),#3138,.F.);
#3301=ADVANCED_FACE('',(#95),#3139,.F.);
#3302=ADVANCED_FACE('',(#96),#3140,.F.);
#3303=ADVANCED_FACE('',(#97),#3141,.F.);
#3304=ADVANCED_FACE('',(#98),#3142,.F.);
#3305=ADVANCED_FACE('',(#99),#3143,.F.);
#3306=ADVANCED_FACE('',(#100),#3144,.F.);
#3307=ADVANCED_FACE('',(#101),#3145,.F.);
#3308=ADVANCED_FACE('',(#102),#3146,.F.);
#3309=ADVANCED_FACE('',(#103),#3147,.F.);
#3310=ADVANCED_FACE('',(#104),#3148,.F.);
#3311=ADVANCED_FACE('',(#105),#3149,.F.);
#3312=ADVANCED_FACE('',(#106),#3150,.F.);
#3313=ADVANCED_FACE('',(#107),#3151,.F.);
#3314=ADVANCED_FACE('',(#108),#3152,.F.);
#3315=ADVANCED_FACE('',(#109),#3153,.F.);
#3316=ADVANCED_FACE('',(#110),#3154,.F.);
#3317=ADVANCED_FACE('',(#111),#3155,.F.);
#3318=ADVANCED_FACE('',(#112),#3156,.F.);
#3319=ADVANCED_FACE('',(#113),#3157,.F.);
#3320=ADVANCED_FACE('',(#114),#3158,.F.);
#3321=ADVANCED_FACE('',(#115),#3159,.F.);
#3322=ADVANCED_FACE('',(#116),#3160,.F.);
#3323=ADVANCED_FACE('',(#117),#3161,.F.);
#3324=ADVANCED_FACE('',(#118),#3162,.F.);
#3325=ADVANCED_FACE('',(#119),#3163,.F.);
#3326=ADVANCED_FACE('',(#120),#3164,.F.);
#3327=ADVANCED_FACE('',(#121),#3165,.F.);
#3328=ADVANCED_FACE('',(#122),#3166,.F.);
#3329=ADVANCED_FACE('',(#123),#3167,.F.);
#3330=ADVANCED_FACE('',(#124),#3168,.F.);
#3331=ADVANCED_FACE('',(#125),#3169,.F.);
#3332=ADVANCED_FACE('',(#126),#3170,.F.);
#3333=ADVANCED_FACE('',(#127),#3171,.F.);
#3334=ADVANCED_FACE('',(#128),#3172,.F.);
#3335=ADVANCED_FACE('',(#129),#3173,.F.);
#3336=ADVANCED_FACE('',(#130),#3174,.F.);
#3337=ADVANCED_FACE('',(#131),#3175,.F.);
#3338=ADVANCED_FACE('',(#132),#3176,.F.);
#3339=ADVANCED_FACE('',(#133),#3177,.F.);
#3340=ADVANCED_FACE('',(#134),#3178,.T.);
#3341=ADVANCED_FACE('',(#135),#3179,.T.);
#3342=ADVANCED_FACE('',(#136),#3180,.T.);
#3343=ADVANCED_FACE('',(#137),#3181,.T.);
#3344=ADVANCED_FACE('',(#138),#3182,.T.);
#3345=ADVANCED_FACE('',(#139),#3183,.T.);
#3346=ADVANCED_FACE('',(#140),#3184,.T.);
#3347=ADVANCED_FACE('',(#141),#3185,.T.);
#3348=ADVANCED_FACE('',(#142),#3186,.T.);
#3349=ADVANCED_FACE('',(#143),#3187,.T.);
#3350=ADVANCED_FACE('',(#144),#3188,.T.);
#3351=ADVANCED_FACE('',(#145),#3189,.T.);
#3352=ADVANCED_FACE('',(#146),#3190,.T.);
#3353=ADVANCED_FACE('',(#147),#3191,.T.);
#3354=ADVANCED_FACE('',(#148),#3192,.T.);
#3355=ADVANCED_FACE('',(#149),#3193,.T.);
#3356=ADVANCED_FACE('',(#150),#3194,.T.);
#3357=ADVANCED_FACE('',(#151),#3195,.T.);
#3358=ADVANCED_FACE('',(#152),#3196,.T.);
#3359=ADVANCED_FACE('',(#153),#3197,.T.);
#3360=ADVANCED_FACE('',(#154),#3198,.T.);
#3361=ADVANCED_FACE('',(#155),#3199,.T.);
#3362=ADVANCED_FACE('',(#156),#3200,.T.);
#3363=ADVANCED_FACE('',(#157),#3201,.T.);
#3364=ADVANCED_FACE('',(#158),#3202,.T.);
#3365=ADVANCED_FACE('',(#159),#3203,.T.);
#3366=ADVANCED_FACE('',(#160),#3204,.T.);
#3367=ADVANCED_FACE('',(#161),#3205,.T.);
#3368=ADVANCED_FACE('',(#162),#3206,.T.);
#3369=ADVANCED_FACE('',(#163),#3207,.T.);
#3370=ADVANCED_FACE('',(#164),#3208,.T.);
#3371=ADVANCED_FACE('',(#165),#3209,.T.);
#3372=ADVANCED_FACE('',(#166),#3210,.T.);
#3373=ADVANCED_FACE('',(#167),#3211,.T.);
#3374=ADVANCED_FACE('',(#168),#3212,.T.);
#3375=ADVANCED_FACE('',(#169),#3213,.T.);
#3376=ADVANCED_FACE('',(#170),#3214,.T.);
#3377=ADVANCED_FACE('',(#171),#3215,.T.);
#3378=ADVANCED_FACE('',(#172),#3216,.T.);
#3379=ADVANCED_FACE('',(#173),#3217,.F.);
#3380=ADVANCED_FACE('',(#174),#3218,.T.);
#3381=ADVANCED_FACE('',(#175),#3219,.T.);
#3382=ADVANCED_FACE('',(#176),#3220,.T.);
#3383=CLOSED_SHELL('',(#3221,#3222,#3223,#3224,#3225,#3226,#3227,#3228,
#3229,#3230,#3231,#3232,#3233,#3234,#3235,#3236,#3237,#3238,#3239,#3240,
#3241,#3242,#3243,#3244,#3245,#3246,#3247,#3248,#3249,#3250,#3251,#3252,
#3253,#3254,#3255,#3256,#3257,#3258,#3259,#3260,#3261,#3262,#3263,#3264,
#3265,#3266,#3267,#3268,#3269,#3270,#3271,#3272,#3273,#3274,#3275,#3276,
#3277,#3278,#3279,#3280,#3281,#3282,#3283,#3284,#3285,#3286,#3287,#3288,
#3289,#3290,#3291,#3292,#3293,#3294,#3295,#3296,#3297,#3298,#3299,#3300,
#3301,#3302,#3303,#3304,#3305,#3306,#3307,#3308,#3309,#3310,#3311,#3312,
#3313,#3314,#3315,#3316,#3317,#3318,#3319,#3320,#3321,#3322,#3323,#3324,
#3325,#3326,#3327,#3328,#3329,#3330,#3331,#3332,#3333,#3334,#3335,#3336,
#3337,#3338,#3339,#3340,#3341,#3342,#3343,#3344,#3345,#3346,#3347,#3348,
#3349,#3350,#3351,#3352,#3353,#3354,#3355,#3356,#3357,#3358,#3359,#3360,
#3361,#3362,#3363,#3364,#3365,#3366,#3367,#3368,#3369,#3370,#3371,#3372,
#3373,#3374,#3375,#3376,#3377,#3378,#3379,#3380,#3381,#3382));
#3384=DERIVED_UNIT_ELEMENT(#3386,1.);
#3385=DERIVED_UNIT_ELEMENT(#5333,-3.);
#3386=(
MASS_UNIT()
NAMED_UNIT(*)
SI_UNIT(.KILO.,.GRAM.)
);
#3387=DERIVED_UNIT((#3384,#3385));
#3388=MEASURE_REPRESENTATION_ITEM('density measure',
POSITIVE_RATIO_MEASURE(7850.),#3387);
#3389=PROPERTY_DEFINITION_REPRESENTATION(#3394,#3391);
#3390=PROPERTY_DEFINITION_REPRESENTATION(#3395,#3392);
#3391=REPRESENTATION('material name',(#3393),#5330);
#3392=REPRESENTATION('density',(#3388),#5330);
#3393=DESCRIPTIVE_REPRESENTATION_ITEM('Steel','Steel');
#3394=PROPERTY_DEFINITION('material property','material name',#5340);
#3395=PROPERTY_DEFINITION('material property','density of part',#5340);
#3396=AXIS2_PLACEMENT_3D('',#4365,#3559,#3560);
#3397=AXIS2_PLACEMENT_3D('',#4366,#3561,#3562);
#3398=AXIS2_PLACEMENT_3D('',#4687,#3723,#3724);
#3399=AXIS2_PLACEMENT_3D('',#4693,#3728,#3729);
#3400=AXIS2_PLACEMENT_3D('',#4697,#3732,#3733);
#3401=AXIS2_PLACEMENT_3D('',#4701,#3736,#3737);
#3402=AXIS2_PLACEMENT_3D('',#4705,#3740,#3741);
#3403=AXIS2_PLACEMENT_3D('',#4711,#3745,#3746);
#3404=AXIS2_PLACEMENT_3D('',#4717,#3750,#3751);
#3405=AXIS2_PLACEMENT_3D('',#4719,#3753,#3754);
#3406=AXIS2_PLACEMENT_3D('',#4725,#3758,#3759);
#3407=AXIS2_PLACEMENT_3D('',#4729,#3762,#3763);
#3408=AXIS2_PLACEMENT_3D('',#4733,#3766,#3767);
#3409=AXIS2_PLACEMENT_3D('',#4739,#3771,#3772);
#3410=AXIS2_PLACEMENT_3D('',#4743,#3775,#3776);
#3411=AXIS2_PLACEMENT_3D('',#4747,#3779,#3780);
#3412=AXIS2_PLACEMENT_3D('',#4753,#3784,#3785);
#3413=AXIS2_PLACEMENT_3D('',#4757,#3788,#3789);
#3414=AXIS2_PLACEMENT_3D('',#4761,#3792,#3793);
#3415=AXIS2_PLACEMENT_3D('',#4767,#3797,#3798);
#3416=AXIS2_PLACEMENT_3D('',#4771,#3801,#3802);
#3417=AXIS2_PLACEMENT_3D('',#4775,#3805,#3806);
#3418=AXIS2_PLACEMENT_3D('',#4781,#3810,#3811);
#3419=AXIS2_PLACEMENT_3D('',#4785,#3814,#3815);
#3420=AXIS2_PLACEMENT_3D('',#4789,#3818,#3819);
#3421=AXIS2_PLACEMENT_3D('',#4795,#3823,#3824);
#3422=AXIS2_PLACEMENT_3D('',#4799,#3827,#3828);
#3423=AXIS2_PLACEMENT_3D('',#4803,#3831,#3832);
#3424=AXIS2_PLACEMENT_3D('',#4809,#3836,#3837);
#3425=AXIS2_PLACEMENT_3D('',#4813,#3840,#3841);
#3426=AXIS2_PLACEMENT_3D('',#4817,#3844,#3845);
#3427=AXIS2_PLACEMENT_3D('',#4823,#3849,#3850);
#3428=AXIS2_PLACEMENT_3D('',#4827,#3853,#3854);
#3429=AXIS2_PLACEMENT_3D('',#4831,#3857,#3858);
#3430=AXIS2_PLACEMENT_3D('',#4837,#3862,#3863);
#3431=AXIS2_PLACEMENT_3D('',#4841,#3866,#3867);
#3432=AXIS2_PLACEMENT_3D('',#4845,#3870,#3871);
#3433=AXIS2_PLACEMENT_3D('',#4851,#3875,#3876);
#3434=AXIS2_PLACEMENT_3D('',#4857,#3880,#3881);
#3435=AXIS2_PLACEMENT_3D('',#4859,#3883,#3884);
#3436=AXIS2_PLACEMENT_3D('',#4865,#3888,#3889);
#3437=AXIS2_PLACEMENT_3D('',#4869,#3892,#3893);
#3438=AXIS2_PLACEMENT_3D('',#4873,#3896,#3897);
#3439=AXIS2_PLACEMENT_3D('',#4879,#3901,#3902);
#3440=AXIS2_PLACEMENT_3D('',#4885,#3906,#3907);
#3441=AXIS2_PLACEMENT_3D('',#4887,#3909,#3910);
#3442=AXIS2_PLACEMENT_3D('',#4893,#3914,#3915);
#3443=AXIS2_PLACEMENT_3D('',#4897,#3918,#3919);
#3444=AXIS2_PLACEMENT_3D('',#4901,#3922,#3923);
#3445=AXIS2_PLACEMENT_3D('',#4907,#3927,#3928);
#3446=AXIS2_PLACEMENT_3D('',#4911,#3931,#3932);
#3447=AXIS2_PLACEMENT_3D('',#4915,#3935,#3936);
#3448=AXIS2_PLACEMENT_3D('',#4921,#3940,#3941);
#3449=AXIS2_PLACEMENT_3D('',#4925,#3944,#3945);
#3450=AXIS2_PLACEMENT_3D('',#4929,#3948,#3949);
#3451=AXIS2_PLACEMENT_3D('',#4935,#3953,#3954);
#3452=AXIS2_PLACEMENT_3D('',#4941,#3958,#3959);
#3453=AXIS2_PLACEMENT_3D('',#4943,#3961,#3962);
#3454=AXIS2_PLACEMENT_3D('',#4949,#3966,#3967);
#3455=AXIS2_PLACEMENT_3D('',#4955,#3971,#3972);
#3456=AXIS2_PLACEMENT_3D('',#4957,#3974,#3975);
#3457=AXIS2_PLACEMENT_3D('',#4963,#3979,#3980);
#3458=AXIS2_PLACEMENT_3D('',#4969,#3984,#3985);
#3459=AXIS2_PLACEMENT_3D('',#4971,#3987,#3988);
#3460=AXIS2_PLACEMENT_3D('',#4977,#3992,#3993);
#3461=AXIS2_PLACEMENT_3D('',#4981,#3996,#3997);
#3462=AXIS2_PLACEMENT_3D('',#4985,#4000,#4001);
#3463=AXIS2_PLACEMENT_3D('',#4991,#4005,#4006);
#3464=AXIS2_PLACEMENT_3D('',#4995,#4009,#4010);
#3465=AXIS2_PLACEMENT_3D('',#4999,#4013,#4014);
#3466=AXIS2_PLACEMENT_3D('',#5005,#4018,#4019);
#3467=AXIS2_PLACEMENT_3D('',#5011,#4023,#4024);
#3468=AXIS2_PLACEMENT_3D('',#5013,#4026,#4027);
#3469=AXIS2_PLACEMENT_3D('',#5019,#4031,#4032);
#3470=AXIS2_PLACEMENT_3D('',#5025,#4036,#4037);
#3471=AXIS2_PLACEMENT_3D('',#5027,#4039,#4040);
#3472=AXIS2_PLACEMENT_3D('',#5033,#4044,#4045);
#3473=AXIS2_PLACEMENT_3D('',#5039,#4049,#4050);
#3474=AXIS2_PLACEMENT_3D('',#5041,#4052,#4053);
#3475=AXIS2_PLACEMENT_3D('',#5047,#4057,#4058);
#3476=AXIS2_PLACEMENT_3D('',#5053,#4062,#4063);
#3477=AXIS2_PLACEMENT_3D('',#5055,#4065,#4066);
#3478=AXIS2_PLACEMENT_3D('',#5061,#4070,#4071);
#3479=AXIS2_PLACEMENT_3D('',#5065,#4074,#4075);
#3480=AXIS2_PLACEMENT_3D('',#5069,#4078,#4079);
#3481=AXIS2_PLACEMENT_3D('',#5075,#4083,#4084);
#3482=AXIS2_PLACEMENT_3D('',#5079,#4087,#4088);
#3483=AXIS2_PLACEMENT_3D('',#5083,#4091,#4092);
#3484=AXIS2_PLACEMENT_3D('',#5089,#4096,#4097);
#3485=AXIS2_PLACEMENT_3D('',#5093,#4100,#4101);
#3486=AXIS2_PLACEMENT_3D('',#5097,#4104,#4105);
#3487=AXIS2_PLACEMENT_3D('',#5103,#4109,#4110);
#3488=AXIS2_PLACEMENT_3D('',#5107,#4113,#4114);
#3489=AXIS2_PLACEMENT_3D('',#5111,#4117,#4118);
#3490=AXIS2_PLACEMENT_3D('',#5117,#4122,#4123);
#3491=AXIS2_PLACEMENT_3D('',#5121,#4126,#4127);
#3492=AXIS2_PLACEMENT_3D('',#5125,#4130,#4131);
#3493=AXIS2_PLACEMENT_3D('',#5131,#4135,#4136);
#3494=AXIS2_PLACEMENT_3D('',#5135,#4139,#4140);
#3495=AXIS2_PLACEMENT_3D('',#5139,#4143,#4144);
#3496=AXIS2_PLACEMENT_3D('',#5145,#4148,#4149);
#3497=AXIS2_PLACEMENT_3D('',#5149,#4152,#4153);
#3498=AXIS2_PLACEMENT_3D('',#5153,#4156,#4157);
#3499=AXIS2_PLACEMENT_3D('',#5159,#4161,#4162);
#3500=AXIS2_PLACEMENT_3D('',#5163,#4165,#4166);
#3501=AXIS2_PLACEMENT_3D('',#5167,#4169,#4170);
#3502=AXIS2_PLACEMENT_3D('',#5173,#4174,#4175);
#3503=AXIS2_PLACEMENT_3D('',#5177,#4178,#4179);
#3504=AXIS2_PLACEMENT_3D('',#5181,#4182,#4183);
#3505=AXIS2_PLACEMENT_3D('',#5187,#4187,#4188);
#3506=AXIS2_PLACEMENT_3D('',#5191,#4191,#4192);
#3507=AXIS2_PLACEMENT_3D('',#5195,#4195,#4196);
#3508=AXIS2_PLACEMENT_3D('',#5201,#4200,#4201);
#3509=AXIS2_PLACEMENT_3D('',#5207,#4205,#4206);
#3510=AXIS2_PLACEMENT_3D('',#5209,#4208,#4209);
#3511=AXIS2_PLACEMENT_3D('',#5215,#4213,#4214);
#3512=AXIS2_PLACEMENT_3D('',#5221,#4218,#4219);
#3513=AXIS2_PLACEMENT_3D('',#5223,#4221,#4222);
#3514=AXIS2_PLACEMENT_3D('',#5229,#4226,#4227);
#3515=AXIS2_PLACEMENT_3D('',#5233,#4230,#4231);
#3516=AXIS2_PLACEMENT_3D('',#5237,#4234,#4235);
#3517=AXIS2_PLACEMENT_3D('',#5241,#4238,#4239);
#3518=AXIS2_PLACEMENT_3D('',#5243,#4241,#4242);
#3519=AXIS2_PLACEMENT_3D('',#5245,#4244,#4245);
#3520=AXIS2_PLACEMENT_3D('',#5247,#4247,#4248);
#3521=AXIS2_PLACEMENT_3D('',#5249,#4250,#4251);
#3522=AXIS2_PLACEMENT_3D('',#5251,#4253,#4254);
#3523=AXIS2_PLACEMENT_3D('',#5253,#4256,#4257);
#3524=AXIS2_PLACEMENT_3D('',#5255,#4259,#4260);
#3525=AXIS2_PLACEMENT_3D('',#5257,#4262,#4263);
#3526=AXIS2_PLACEMENT_3D('',#5259,#4265,#4266);
#3527=AXIS2_PLACEMENT_3D('',#5261,#4268,#4269);
#3528=AXIS2_PLACEMENT_3D('',#5263,#4271,#4272);
#3529=AXIS2_PLACEMENT_3D('',#5265,#4274,#4275);
#3530=AXIS2_PLACEMENT_3D('',#5269,#4278,#4279);
#3531=AXIS2_PLACEMENT_3D('',#5271,#4281,#4282);
#3532=AXIS2_PLACEMENT_3D('',#5273,#4284,#4285);
#3533=AXIS2_PLACEMENT_3D('',#5275,#4287,#4288);
#3534=AXIS2_PLACEMENT_3D('',#5279,#4291,#4292);
#3535=AXIS2_PLACEMENT_3D('',#5281,#4294,#4295);
#3536=AXIS2_PLACEMENT_3D('',#5283,#4297,#4298);
#3537=AXIS2_PLACEMENT_3D('',#5285,#4300,#4301);
#3538=AXIS2_PLACEMENT_3D('',#5287,#4303,#4304);
#3539=AXIS2_PLACEMENT_3D('',#5289,#4306,#4307);
#3540=AXIS2_PLACEMENT_3D('',#5291,#4309,#4310);
#3541=AXIS2_PLACEMENT_3D('',#5293,#4312,#4313);
#3542=AXIS2_PLACEMENT_3D('',#5295,#4315,#4316);
#3543=AXIS2_PLACEMENT_3D('',#5297,#4318,#4319);
#3544=AXIS2_PLACEMENT_3D('',#5299,#4321,#4322);
#3545=AXIS2_PLACEMENT_3D('',#5301,#4324,#4325);
#3546=AXIS2_PLACEMENT_3D('',#5303,#4327,#4328);
#3547=AXIS2_PLACEMENT_3D('',#5305,#4330,#4331);
#3548=AXIS2_PLACEMENT_3D('',#5307,#4333,#4334);
#3549=AXIS2_PLACEMENT_3D('',#5309,#4336,#4337);
#3550=AXIS2_PLACEMENT_3D('',#5311,#4339,#4340);
#3551=AXIS2_PLACEMENT_3D('',#5313,#4342,#4343);
#3552=AXIS2_PLACEMENT_3D('',#5315,#4345,#4346);
#3553=AXIS2_PLACEMENT_3D('',#5317,#4348,#4349);
#3554=AXIS2_PLACEMENT_3D('',#5319,#4351,#4352);
#3555=AXIS2_PLACEMENT_3D('',#5321,#4354,#4355);
#3556=AXIS2_PLACEMENT_3D('',#5325,#4359,#4360);
#3557=AXIS2_PLACEMENT_3D('',#5326,#4361,#4362);
#3558=AXIS2_PLACEMENT_3D('',#5327,#4363,#4364);
#3559=DIRECTION('axis',(0.,0.,1.));
#3560=DIRECTION('refdir',(1.,0.,0.));
#3561=DIRECTION('center_axis',(0.,0.,1.));
#3562=DIRECTION('ref_axis',(1.,0.,0.));
#3563=DIRECTION('',(-1.,0.,0.));
#3564=DIRECTION('',(0.,-1.,0.));
#3565=DIRECTION('',(1.,0.,0.));
#3566=DIRECTION('',(0.,-1.,0.));
#3567=DIRECTION('',(-1.,0.,0.));
#3568=DIRECTION('',(0.,-1.,0.));
#3569=DIRECTION('',(1.,0.,0.));
#3570=DIRECTION('',(0.,-1.,0.));
#3571=DIRECTION('',(-1.,0.,0.));
#3572=DIRECTION('',(0.,-1.,0.));
#3573=DIRECTION('',(1.,0.,0.));
#3574=DIRECTION('',(0.,-1.,0.));
#3575=DIRECTION('',(-1.,0.,0.));
#3576=DIRECTION('',(0.,-1.,0.));
#3577=DIRECTION('',(1.,0.,0.));
#3578=DIRECTION('',(0.,-1.,0.));
#3579=DIRECTION('',(-1.,0.,0.));
#3580=DIRECTION('',(0.,-1.,0.));
#3581=DIRECTION('',(1.,0.,0.));
#3582=DIRECTION('',(0.,-1.,0.));
#3583=DIRECTION('',(-1.,0.,0.));
#3584=DIRECTION('',(0.,-1.,0.));
#3585=DIRECTION('',(1.,0.,0.));
#3586=DIRECTION('',(0.,-1.,0.));
#3587=DIRECTION('',(-1.,0.,0.));
#3588=DIRECTION('',(0.,-1.,0.));
#3589=DIRECTION('',(1.,0.,0.));
#3590=DIRECTION('',(0.,-1.,0.));
#3591=DIRECTION('',(-1.,0.,0.));
#3592=DIRECTION('',(0.,-1.,0.));
#3593=DIRECTION('',(1.,0.,0.));
#3594=DIRECTION('',(0.,-1.,0.));
#3595=DIRECTION('',(-1.,0.,0.));
#3596=DIRECTION('',(0.,-1.,0.));
#3597=DIRECTION('',(1.,0.,0.));
#3598=DIRECTION('',(0.,-1.,0.));
#3599=DIRECTION('',(-1.,0.,0.));
#3600=DIRECTION('',(0.,-1.,0.));
#3601=DIRECTION('',(1.,0.,0.));
#3602=DIRECTION('',(0.,-1.,0.));
#3603=DIRECTION('',(-1.,0.,0.));
#3604=DIRECTION('',(0.,-1.,0.));
#3605=DIRECTION('',(1.,0.,0.));
#3606=DIRECTION('',(0.,-1.,0.));
#3607=DIRECTION('',(-1.,0.,0.));
#3608=DIRECTION('',(0.,-1.,0.));
#3609=DIRECTION('',(1.,0.,0.));
#3610=DIRECTION('',(0.,-1.,0.));
#3611=DIRECTION('',(-1.,0.,0.));
#3612=DIRECTION('',(0.,-1.,0.));
#3613=DIRECTION('',(1.,0.,0.));
#3614=DIRECTION('',(0.,1.,0.));
#3615=DIRECTION('',(-1.,0.,0.));
#3616=DIRECTION('',(0.,1.,0.));
#3617=DIRECTION('',(1.,0.,0.));
#3618=DIRECTION('',(0.,1.,0.));
#3619=DIRECTION('',(-1.,0.,0.));
#3620=DIRECTION('',(0.,1.,0.));
#3621=DIRECTION('',(1.,0.,0.));
#3622=DIRECTION('',(0.,1.,0.));
#3623=DIRECTION('',(-1.,0.,0.));
#3624=DIRECTION('',(0.,1.,0.));
#3625=DIRECTION('',(1.,0.,0.));
#3626=DIRECTION('',(0.,1.,0.));
#3627=DIRECTION('',(-1.,0.,0.));
#3628=DIRECTION('',(0.,1.,0.));
#3629=DIRECTION('',(1.,0.,0.));
#3630=DIRECTION('',(0.,1.,0.));
#3631=DIRECTION('',(-1.,0.,0.));
#3632=DIRECTION('',(0.,1.,0.));
#3633=DIRECTION('',(1.,0.,0.));
#3634=DIRECTION('',(0.,1.,0.));
#3635=DIRECTION('',(-1.,0.,0.));
#3636=DIRECTION('',(0.,1.,0.));
#3637=DIRECTION('',(1.,0.,0.));
#3638=DIRECTION('',(0.,1.,0.));
#3639=DIRECTION('',(-1.,0.,0.));
#3640=DIRECTION('',(0.,1.,0.));
#3641=DIRECTION('',(1.,0.,0.));
#3642=DIRECTION('',(0.,1.,0.));
#3643=DIRECTION('',(-1.,0.,0.));
#3644=DIRECTION('',(0.,1.,0.));
#3645=DIRECTION('',(1.,0.,0.));
#3646=DIRECTION('',(0.,1.,0.));
#3647=DIRECTION('',(-1.,0.,0.));
#3648=DIRECTION('',(0.,1.,0.));
#3649=DIRECTION('',(1.,0.,0.));
#3650=DIRECTION('',(0.,1.,0.));
#3651=DIRECTION('',(-1.,0.,0.));
#3652=DIRECTION('',(0.,1.,0.));
#3653=DIRECTION('',(1.,0.,0.));
#3654=DIRECTION('',(0.,1.,0.));
#3655=DIRECTION('',(-1.,0.,0.));
#3656=DIRECTION('',(0.,1.,0.));
#3657=DIRECTION('',(1.,0.,0.));
#3658=DIRECTION('',(0.,1.,0.));
#3659=DIRECTION('',(-1.,0.,0.));
#3660=DIRECTION('',(0.,1.,0.));
#3661=DIRECTION('',(1.,0.,0.));
#3662=DIRECTION('',(0.,1.,0.));
#3663=DIRECTION('',(-1.,0.,0.));
#3664=DIRECTION('',(0.,1.,0.));
#3665=DIRECTION('',(1.,0.,0.));
#3666=DIRECTION('',(0.,1.,0.));
#3667=DIRECTION('',(-1.,0.,0.));
#3668=DIRECTION('',(0.,-1.,0.));
#3669=DIRECTION('',(-1.,0.,0.));
#3670=DIRECTION('',(0.,1.,0.));
#3671=DIRECTION('',(-1.,0.,0.));
#3672=DIRECTION('',(0.,-1.,0.));
#3673=DIRECTION('',(-1.,0.,0.));
#3674=DIRECTION('',(0.,1.,0.));
#3675=DIRECTION('',(-1.,0.,0.));
#3676=DIRECTION('',(0.,-1.,0.));
#3677=DIRECTION('',(-1.,0.,0.));
#3678=DIRECTION('',(0.,1.,0.));
#3679=DIRECTION('',(-1.,0.,0.));
#3680=DIRECTION('',(0.,-1.,0.));
#3681=DIRECTION('',(-1.,0.,0.));
#3682=DIRECTION('',(0.,1.,0.));
#3683=DIRECTION('',(-1.,0.,0.));
#3684=DIRECTION('',(0.,-1.,0.));
#3685=DIRECTION('',(-1.,0.,0.));
#3686=DIRECTION('',(0.,1.,0.));
#3687=DIRECTION('',(-1.,0.,0.));
#3688=DIRECTION('',(0.,-1.,0.));
#3689=DIRECTION('',(-1.,0.,0.));
#3690=DIRECTION('',(0.,1.,0.));
#3691=DIRECTION('',(-1.,0.,0.));
#3692=DIRECTION('',(0.,-1.,0.));
#3693=DIRECTION('',(-1.,0.,0.));
#3694=DIRECTION('',(0.,1.,0.));
#3695=DIRECTION('',(-1.,0.,0.));
#3696=DIRECTION('',(0.,-1.,0.));
#3697=DIRECTION('',(-1.,0.,0.));
#3698=DIRECTION('',(0.,1.,0.));
#3699=DIRECTION('',(-1.,0.,0.));
#3700=DIRECTION('',(0.,-1.,0.));
#3701=DIRECTION('',(-1.,0.,0.));
#3702=DIRECTION('',(0.,1.,0.));
#3703=DIRECTION('',(-1.,0.,0.));
#3704=DIRECTION('',(0.,-1.,0.));
#3705=DIRECTION('',(-1.,0.,0.));
#3706=DIRECTION('',(0.,1.,0.));
#3707=DIRECTION('',(-1.,0.,0.));
#3708=DIRECTION('',(0.,-1.,0.));
#3709=DIRECTION('',(-1.,0.,0.));
#3710=DIRECTION('',(0.,1.,0.));
#3711=DIRECTION('',(-1.,0.,0.));
#3712=DIRECTION('',(0.,-1.,0.));
#3713=DIRECTION('',(-1.,0.,0.));
#3714=DIRECTION('',(0.,1.,0.));
#3715=DIRECTION('',(-1.,0.,0.));
#3716=DIRECTION('',(0.,-1.,0.));
#3717=DIRECTION('',(-1.,0.,0.));
#3718=DIRECTION('',(0.,1.,0.));
#3719=DIRECTION('',(-1.,0.,0.));
#3720=DIRECTION('',(0.,-1.,0.));
#3721=DIRECTION('',(1.,0.,0.));
#3722=DIRECTION('',(0.,-1.,0.));
#3723=DIRECTION('center_axis',(-1.,0.,0.));
#3724=DIRECTION('ref_axis',(0.,-1.,0.));
#3725=DIRECTION('',(0.,0.,1.));
#3726=DIRECTION('',(0.,0.,1.));
#3727=DIRECTION('',(0.,1.,0.));
#3728=DIRECTION('center_axis',(0.,1.,0.));
#3729=DIRECTION('ref_axis',(-1.,0.,0.));
#3730=DIRECTION('',(-1.,0.,0.));
#3731=DIRECTION('',(0.,0.,1.));
#3732=DIRECTION('center_axis',(1.,0.,0.));
#3733=DIRECTION('ref_axis',(0.,1.,0.));
#3734=DIRECTION('',(0.,1.,0.));
#3735=DIRECTION('',(0.,0.,1.));
#3736=DIRECTION('center_axis',(0.,-1.,0.));
#3737=DIRECTION('ref_axis',(1.,0.,0.));
#3738=DIRECTION('',(1.,0.,0.));
#3739=DIRECTION('',(0.,0.,-1.));
#3740=DIRECTION('center_axis',(-1.,0.,0.));
#3741=DIRECTION('ref_axis',(0.,-1.,0.));
#3742=DIRECTION('',(0.,-1.,0.));
#3743=DIRECTION('',(0.,0.,-1.));
#3744=DIRECTION('',(0.,0.,1.));
#3745=DIRECTION('center_axis',(1.,0.,0.));
#3746=DIRECTION('ref_axis',(0.,1.,0.));
#3747=DIRECTION('',(0.,1.,0.));
#3748=DIRECTION('',(0.,0.,1.));
#3749=DIRECTION('',(0.,0.,1.));
#3750=DIRECTION('center_axis',(0.,-1.,0.));
#3751=DIRECTION('ref_axis',(1.,0.,0.));
#3752=DIRECTION('',(1.,0.,0.));
#3753=DIRECTION('center_axis',(0.,-1.,0.));
#3754=DIRECTION('ref_axis',(1.,0.,0.));
#3755=DIRECTION('',(1.,0.,0.));
#3756=DIRECTION('',(0.,0.,1.));
#3757=DIRECTION('',(0.,0.,1.));
#3758=DIRECTION('center_axis',(-1.,0.,0.));
#3759=DIRECTION('ref_axis',(0.,-1.,0.));
#3760=DIRECTION('',(0.,-1.,0.));
#3761=DIRECTION('',(0.,0.,1.));
#3762=DIRECTION('center_axis',(0.,1.,0.));
#3763=DIRECTION('ref_axis',(-1.,0.,0.));
#3764=DIRECTION('',(-1.,0.,0.));
#3765=DIRECTION('',(0.,0.,-1.));
#3766=DIRECTION('center_axis',(0.,-1.,0.));
#3767=DIRECTION('ref_axis',(1.,0.,0.));
#3768=DIRECTION('',(1.,0.,0.));
#3769=DIRECTION('',(0.,0.,1.));
#3770=DIRECTION('',(0.,0.,1.));
#3771=DIRECTION('center_axis',(-1.,0.,0.));
#3772=DIRECTION('ref_axis',(0.,-1.,0.));
#3773=DIRECTION('',(0.,-1.,0.));
#3774=DIRECTION('',(0.,0.,1.));
#3775=DIRECTION('center_axis',(0.,1.,0.));
#3776=DIRECTION('ref_axis',(-1.,0.,0.));
#3777=DIRECTION('',(-1.,0.,0.));
#3778=DIRECTION('',(0.,0.,-1.));
#3779=DIRECTION('center_axis',(0.,-1.,0.));
#3780=DIRECTION('ref_axis',(1.,0.,0.));
#3781=DIRECTION('',(1.,0.,0.));
#3782=DIRECTION('',(0.,0.,1.));
#3783=DIRECTION('',(0.,0.,1.));
#3784=DIRECTION('center_axis',(-1.,0.,0.));
#3785=DIRECTION('ref_axis',(0.,-1.,0.));
#3786=DIRECTION('',(0.,-1.,0.));
#3787=DIRECTION('',(0.,0.,1.));
#3788=DIRECTION('center_axis',(0.,1.,0.));
#3789=DIRECTION('ref_axis',(-1.,0.,0.));
#3790=DIRECTION('',(-1.,0.,0.));
#3791=DIRECTION('',(0.,0.,-1.));
#3792=DIRECTION('center_axis',(0.,1.,0.));
#3793=DIRECTION('ref_axis',(-1.,0.,0.));
#3794=DIRECTION('',(-1.,0.,0.));
#3795=DIRECTION('',(0.,0.,1.));
#3796=DIRECTION('',(0.,0.,1.));
#3797=DIRECTION('center_axis',(1.,0.,0.));
#3798=DIRECTION('ref_axis',(0.,1.,0.));
#3799=DIRECTION('',(0.,1.,0.));
#3800=DIRECTION('',(0.,0.,1.));
#3801=DIRECTION('center_axis',(0.,-1.,0.));
#3802=DIRECTION('ref_axis',(1.,0.,0.));
#3803=DIRECTION('',(1.,0.,0.));
#3804=DIRECTION('',(0.,0.,-1.));
#3805=DIRECTION('center_axis',(0.,1.,0.));
#3806=DIRECTION('ref_axis',(-1.,0.,0.));
#3807=DIRECTION('',(-1.,0.,0.));
#3808=DIRECTION('',(0.,0.,1.));
#3809=DIRECTION('',(0.,0.,1.));
#3810=DIRECTION('center_axis',(1.,0.,0.));
#3811=DIRECTION('ref_axis',(0.,1.,0.));
#3812=DIRECTION('',(0.,1.,0.));
#3813=DIRECTION('',(0.,0.,1.));
#3814=DIRECTION('center_axis',(0.,-1.,0.));
#3815=DIRECTION('ref_axis',(1.,0.,0.));
#3816=DIRECTION('',(1.,0.,0.));
#3817=DIRECTION('',(0.,0.,-1.));
#3818=DIRECTION('center_axis',(0.,1.,0.));
#3819=DIRECTION('ref_axis',(-1.,0.,0.));
#3820=DIRECTION('',(-1.,0.,0.));
#3821=DIRECTION('',(0.,0.,1.));
#3822=DIRECTION('',(0.,0.,1.));
#3823=DIRECTION('center_axis',(1.,0.,0.));
#3824=DIRECTION('ref_axis',(0.,1.,0.));
#3825=DIRECTION('',(0.,1.,0.));
#3826=DIRECTION('',(0.,0.,1.));
#3827=DIRECTION('center_axis',(0.,-1.,0.));
#3828=DIRECTION('ref_axis',(1.,0.,0.));
#3829=DIRECTION('',(1.,0.,0.));
#3830=DIRECTION('',(0.,0.,-1.));
#3831=DIRECTION('center_axis',(0.,1.,0.));
#3832=DIRECTION('ref_axis',(-1.,0.,0.));
#3833=DIRECTION('',(-1.,0.,0.));
#3834=DIRECTION('',(0.,0.,1.));
#3835=DIRECTION('',(0.,0.,1.));
#3836=DIRECTION('center_axis',(1.,0.,0.));
#3837=DIRECTION('ref_axis',(0.,1.,0.));
#3838=DIRECTION('',(0.,1.,0.));
#3839=DIRECTION('',(0.,0.,1.));
#3840=DIRECTION('center_axis',(0.,-1.,0.));
#3841=DIRECTION('ref_axis',(1.,0.,0.));
#3842=DIRECTION('',(1.,0.,0.));
#3843=DIRECTION('',(0.,0.,-1.));
#3844=DIRECTION('center_axis',(0.,1.,0.));
#3845=DIRECTION('ref_axis',(-1.,0.,0.));
#3846=DIRECTION('',(-1.,0.,0.));
#3847=DIRECTION('',(0.,0.,1.));
#3848=DIRECTION('',(0.,0.,1.));
#3849=DIRECTION('center_axis',(1.,0.,0.));
#3850=DIRECTION('ref_axis',(0.,1.,0.));
#3851=DIRECTION('',(0.,1.,0.));
#3852=DIRECTION('',(0.,0.,1.));
#3853=DIRECTION('center_axis',(0.,-1.,0.));
#3854=DIRECTION('ref_axis',(1.,0.,0.));
#3855=DIRECTION('',(1.,0.,0.));
#3856=DIRECTION('',(0.,0.,-1.));
#3857=DIRECTION('center_axis',(0.,1.,0.));
#3858=DIRECTION('ref_axis',(-1.,0.,0.));
#3859=DIRECTION('',(-1.,0.,0.));
#3860=DIRECTION('',(0.,0.,1.));
#3861=DIRECTION('',(0.,0.,1.));
#3862=DIRECTION('center_axis',(1.,0.,0.));
#3863=DIRECTION('ref_axis',(0.,1.,0.));
#3864=DIRECTION('',(0.,1.,0.));
#3865=DIRECTION('',(0.,0.,1.));
#3866=DIRECTION('center_axis',(0.,-1.,0.));
#3867=DIRECTION('ref_axis',(1.,0.,0.));
#3868=DIRECTION('',(1.,0.,0.));
#3869=DIRECTION('',(0.,0.,-1.));
#3870=DIRECTION('center_axis',(-1.,0.,0.));
#3871=DIRECTION('ref_axis',(0.,-1.,0.));
#3872=DIRECTION('',(0.,-1.,0.));
#3873=DIRECTION('',(0.,0.,-1.));
#3874=DIRECTION('',(0.,0.,1.));
#3875=DIRECTION('center_axis',(1.,0.,0.));
#3876=DIRECTION('ref_axis',(0.,1.,0.));
#3877=DIRECTION('',(0.,1.,0.));
#3878=DIRECTION('',(0.,0.,1.));
#3879=DIRECTION('',(0.,0.,1.));
#3880=DIRECTION('center_axis',(0.,-1.,0.));
#3881=DIRECTION('ref_axis',(1.,0.,0.));
#3882=DIRECTION('',(1.,0.,0.));
#3883=DIRECTION('center_axis',(0.,-1.,0.));
#3884=DIRECTION('ref_axis',(1.,0.,0.));
#3885=DIRECTION('',(1.,0.,0.));
#3886=DIRECTION('',(0.,0.,1.));
#3887=DIRECTION('',(0.,0.,1.));
#3888=DIRECTION('center_axis',(-1.,0.,0.));
#3889=DIRECTION('ref_axis',(0.,-1.,0.));
#3890=DIRECTION('',(0.,-1.,0.));
#3891=DIRECTION('',(0.,0.,1.));
#3892=DIRECTION('center_axis',(0.,1.,0.));
#3893=DIRECTION('ref_axis',(-1.,0.,0.));
#3894=DIRECTION('',(-1.,0.,0.));
#3895=DIRECTION('',(0.,0.,-1.));
#3896=DIRECTION('center_axis',(-1.,0.,0.));
#3897=DIRECTION('ref_axis',(0.,-1.,0.));
#3898=DIRECTION('',(0.,-1.,0.));
#3899=DIRECTION('',(0.,0.,-1.));
#3900=DIRECTION('',(0.,0.,1.));
#3901=DIRECTION('center_axis',(1.,0.,0.));
#3902=DIRECTION('ref_axis',(0.,1.,0.));
#3903=DIRECTION('',(0.,1.,0.));
#3904=DIRECTION('',(0.,0.,1.));
#3905=DIRECTION('',(0.,0.,1.));
#3906=DIRECTION('center_axis',(0.,-1.,0.));
#3907=DIRECTION('ref_axis',(1.,0.,0.));
#3908=DIRECTION('',(1.,0.,0.));
#3909=DIRECTION('center_axis',(0.,-1.,0.));
#3910=DIRECTION('ref_axis',(1.,0.,0.));
#3911=DIRECTION('',(1.,0.,0.));
#3912=DIRECTION('',(0.,0.,1.));
#3913=DIRECTION('',(0.,0.,1.));
#3914=DIRECTION('center_axis',(-1.,0.,0.));
#3915=DIRECTION('ref_axis',(0.,-1.,0.));
#3916=DIRECTION('',(0.,-1.,0.));
#3917=DIRECTION('',(0.,0.,1.));
#3918=DIRECTION('center_axis',(0.,1.,0.));
#3919=DIRECTION('ref_axis',(-1.,0.,0.));
#3920=DIRECTION('',(-1.,0.,0.));
#3921=DIRECTION('',(0.,0.,-1.));
#3922=DIRECTION('center_axis',(-1.,0.,0.));
#3923=DIRECTION('ref_axis',(0.,-1.,0.));
#3924=DIRECTION('',(0.,-1.,0.));
#3925=DIRECTION('',(0.,0.,1.));
#3926=DIRECTION('',(0.,0.,1.));
#3927=DIRECTION('center_axis',(0.,1.,0.));
#3928=DIRECTION('ref_axis',(-1.,0.,0.));
#3929=DIRECTION('',(-1.,0.,0.));
#3930=DIRECTION('',(0.,0.,-1.));
#3931=DIRECTION('center_axis',(0.,-1.,0.));
#3932=DIRECTION('ref_axis',(1.,0.,0.));
#3933=DIRECTION('',(1.,0.,0.));
#3934=DIRECTION('',(0.,0.,1.));
#3935=DIRECTION('center_axis',(0.,-1.,0.));
#3936=DIRECTION('ref_axis',(1.,0.,0.));
#3937=DIRECTION('',(1.,0.,0.));
#3938=DIRECTION('',(0.,0.,1.));
#3939=DIRECTION('',(0.,0.,1.));
#3940=DIRECTION('center_axis',(-1.,0.,0.));
#3941=DIRECTION('ref_axis',(0.,-1.,0.));
#3942=DIRECTION('',(0.,-1.,0.));
#3943=DIRECTION('',(0.,0.,1.));
#3944=DIRECTION('center_axis',(0.,1.,0.));
#3945=DIRECTION('ref_axis',(-1.,0.,0.));
#3946=DIRECTION('',(-1.,0.,0.));
#3947=DIRECTION('',(0.,0.,-1.));
#3948=DIRECTION('center_axis',(-1.,0.,0.));
#3949=DIRECTION('ref_axis',(0.,-1.,0.));
#3950=DIRECTION('',(0.,-1.,0.));
#3951=DIRECTION('',(0.,0.,-1.));
#3952=DIRECTION('',(0.,0.,1.));
#3953=DIRECTION('center_axis',(1.,0.,0.));
#3954=DIRECTION('ref_axis',(0.,1.,0.));
#3955=DIRECTION('',(0.,1.,0.));
#3956=DIRECTION('',(0.,0.,1.));
#3957=DIRECTION('',(0.,0.,1.));
#3958=DIRECTION('center_axis',(0.,-1.,0.));
#3959=DIRECTION('ref_axis',(1.,0.,0.));
#3960=DIRECTION('',(1.,0.,0.));
#3961=DIRECTION('center_axis',(-1.,0.,0.));
#3962=DIRECTION('ref_axis',(0.,-1.,0.));
#3963=DIRECTION('',(0.,-1.,0.));
#3964=DIRECTION('',(0.,0.,-1.));
#3965=DIRECTION('',(0.,0.,1.));
#3966=DIRECTION('center_axis',(1.,0.,0.));
#3967=DIRECTION('ref_axis',(0.,1.,0.));
#3968=DIRECTION('',(0.,1.,0.));
#3969=DIRECTION('',(0.,0.,1.));
#3970=DIRECTION('',(0.,0.,1.));
#3971=DIRECTION('center_axis',(0.,-1.,0.));
#3972=DIRECTION('ref_axis',(1.,0.,0.));
#3973=DIRECTION('',(1.,0.,0.));
#3974=DIRECTION('center_axis',(-1.,0.,0.));
#3975=DIRECTION('ref_axis',(0.,-1.,0.));
#3976=DIRECTION('',(0.,-1.,0.));
#3977=DIRECTION('',(0.,0.,-1.));
#3978=DIRECTION('',(0.,0.,1.));
#3979=DIRECTION('center_axis',(1.,0.,0.));
#3980=DIRECTION('ref_axis',(0.,1.,0.));
#3981=DIRECTION('',(0.,1.,0.));
#3982=DIRECTION('',(0.,0.,1.));
#3983=DIRECTION('',(0.,0.,1.));
#3984=DIRECTION('center_axis',(0.,-1.,0.));
#3985=DIRECTION('ref_axis',(1.,0.,0.));
#3986=DIRECTION('',(1.,0.,0.));
#3987=DIRECTION('center_axis',(0.,-1.,0.));
#3988=DIRECTION('ref_axis',(1.,0.,0.));
#3989=DIRECTION('',(1.,0.,0.));
#3990=DIRECTION('',(0.,0.,1.));
#3991=DIRECTION('',(0.,0.,1.));
#3992=DIRECTION('center_axis',(-1.,0.,0.));
#3993=DIRECTION('ref_axis',(0.,-1.,0.));
#3994=DIRECTION('',(0.,-1.,0.));
#3995=DIRECTION('',(0.,0.,1.));
#3996=DIRECTION('center_axis',(0.,1.,0.));
#3997=DIRECTION('ref_axis',(-1.,0.,0.));
#3998=DIRECTION('',(-1.,0.,0.));
#3999=DIRECTION('',(0.,0.,-1.));
#4000=DIRECTION('center_axis',(0.,-1.,0.));
#4001=DIRECTION('ref_axis',(1.,0.,0.));
#4002=DIRECTION('',(1.,0.,0.));
#4003=DIRECTION('',(0.,0.,1.));
#4004=DIRECTION('',(0.,0.,1.));
#4005=DIRECTION('center_axis',(-1.,0.,0.));
#4006=DIRECTION('ref_axis',(0.,-1.,0.));
#4007=DIRECTION('',(0.,-1.,0.));
#4008=DIRECTION('',(0.,0.,1.));
#4009=DIRECTION('center_axis',(0.,1.,0.));
#4010=DIRECTION('ref_axis',(-1.,0.,0.));
#4011=DIRECTION('',(-1.,0.,0.));
#4012=DIRECTION('',(0.,0.,-1.));
#4013=DIRECTION('center_axis',(-1.,0.,0.));
#4014=DIRECTION('ref_axis',(0.,-1.,0.));
#4015=DIRECTION('',(0.,-1.,0.));
#4016=DIRECTION('',(0.,0.,-1.));
#4017=DIRECTION('',(0.,0.,1.));
#4018=DIRECTION('center_axis',(1.,0.,0.));
#4019=DIRECTION('ref_axis',(0.,1.,0.));
#4020=DIRECTION('',(0.,1.,0.));
#4021=DIRECTION('',(0.,0.,1.));
#4022=DIRECTION('',(0.,0.,1.));
#4023=DIRECTION('center_axis',(0.,-1.,0.));
#4024=DIRECTION('ref_axis',(1.,0.,0.));
#4025=DIRECTION('',(1.,0.,0.));
#4026=DIRECTION('center_axis',(-1.,0.,0.));
#4027=DIRECTION('ref_axis',(0.,-1.,0.));
#4028=DIRECTION('',(0.,-1.,0.));
#4029=DIRECTION('',(0.,0.,-1.));
#4030=DIRECTION('',(0.,0.,1.));
#4031=DIRECTION('center_axis',(1.,0.,0.));
#4032=DIRECTION('ref_axis',(0.,1.,0.));
#4033=DIRECTION('',(0.,1.,0.));
#4034=DIRECTION('',(0.,0.,1.));
#4035=DIRECTION('',(0.,0.,1.));
#4036=DIRECTION('center_axis',(0.,-1.,0.));
#4037=DIRECTION('ref_axis',(1.,0.,0.));
#4038=DIRECTION('',(1.,0.,0.));
#4039=DIRECTION('center_axis',(-1.,0.,0.));
#4040=DIRECTION('ref_axis',(0.,-1.,0.));
#4041=DIRECTION('',(0.,-1.,0.));
#4042=DIRECTION('',(0.,0.,-1.));
#4043=DIRECTION('',(0.,0.,1.));
#4044=DIRECTION('center_axis',(1.,0.,0.));
#4045=DIRECTION('ref_axis',(0.,1.,0.));
#4046=DIRECTION('',(0.,1.,0.));
#4047=DIRECTION('',(0.,0.,1.));
#4048=DIRECTION('',(0.,0.,1.));
#4049=DIRECTION('center_axis',(0.,-1.,0.));
#4050=DIRECTION('ref_axis',(1.,0.,0.));
#4051=DIRECTION('',(1.,0.,0.));
#4052=DIRECTION('center_axis',(-1.,0.,0.));
#4053=DIRECTION('ref_axis',(0.,-1.,0.));
#4054=DIRECTION('',(0.,-1.,0.));
#4055=DIRECTION('',(0.,0.,-1.));
#4056=DIRECTION('',(0.,0.,1.));
#4057=DIRECTION('center_axis',(1.,0.,0.));
#4058=DIRECTION('ref_axis',(0.,1.,0.));
#4059=DIRECTION('',(0.,1.,0.));
#4060=DIRECTION('',(0.,0.,1.));
#4061=DIRECTION('',(0.,0.,1.));
#4062=DIRECTION('center_axis',(0.,-1.,0.));
#4063=DIRECTION('ref_axis',(1.,0.,0.));
#4064=DIRECTION('',(1.,0.,0.));
#4065=DIRECTION('center_axis',(0.,-1.,0.));
#4066=DIRECTION('ref_axis',(1.,0.,0.));
#4067=DIRECTION('',(1.,0.,0.));
#4068=DIRECTION('',(0.,0.,1.));
#4069=DIRECTION('',(0.,0.,1.));
#4070=DIRECTION('center_axis',(-1.,0.,0.));
#4071=DIRECTION('ref_axis',(0.,-1.,0.));
#4072=DIRECTION('',(0.,-1.,0.));
#4073=DIRECTION('',(0.,0.,1.));
#4074=DIRECTION('center_axis',(0.,1.,0.));
#4075=DIRECTION('ref_axis',(-1.,0.,0.));
#4076=DIRECTION('',(-1.,0.,0.));
#4077=DIRECTION('',(0.,0.,-1.));
#4078=DIRECTION('center_axis',(0.,1.,0.));
#4079=DIRECTION('ref_axis',(-1.,0.,0.));
#4080=DIRECTION('',(-1.,0.,0.));
#4081=DIRECTION('',(0.,0.,1.));
#4082=DIRECTION('',(0.,0.,1.));
#4083=DIRECTION('center_axis',(1.,0.,0.));
#4084=DIRECTION('ref_axis',(0.,1.,0.));
#4085=DIRECTION('',(0.,1.,0.));
#4086=DIRECTION('',(0.,0.,1.));
#4087=DIRECTION('center_axis',(0.,-1.,0.));
#4088=DIRECTION('ref_axis',(1.,0.,0.));
#4089=DIRECTION('',(1.,0.,0.));
#4090=DIRECTION('',(0.,0.,-1.));
#4091=DIRECTION('center_axis',(0.,1.,0.));
#4092=DIRECTION('ref_axis',(-1.,0.,0.));
#4093=DIRECTION('',(-1.,0.,0.));
#4094=DIRECTION('',(0.,0.,1.));
#4095=DIRECTION('',(0.,0.,1.));
#4096=DIRECTION('center_axis',(1.,0.,0.));
#4097=DIRECTION('ref_axis',(0.,1.,0.));
#4098=DIRECTION('',(0.,1.,0.));
#4099=DIRECTION('',(0.,0.,1.));
#4100=DIRECTION('center_axis',(0.,-1.,0.));
#4101=DIRECTION('ref_axis',(1.,0.,0.));
#4102=DIRECTION('',(1.,0.,0.));
#4103=DIRECTION('',(0.,0.,-1.));
#4104=DIRECTION('center_axis',(0.,1.,0.));
#4105=DIRECTION('ref_axis',(-1.,0.,0.));
#4106=DIRECTION('',(-1.,0.,0.));
#4107=DIRECTION('',(0.,0.,1.));
#4108=DIRECTION('',(0.,0.,1.));
#4109=DIRECTION('center_axis',(1.,0.,0.));
#4110=DIRECTION('ref_axis',(0.,1.,0.));
#4111=DIRECTION('',(0.,1.,0.));
#4112=DIRECTION('',(0.,0.,1.));
#4113=DIRECTION('center_axis',(0.,-1.,0.));
#4114=DIRECTION('ref_axis',(1.,0.,0.));
#4115=DIRECTION('',(1.,0.,0.));
#4116=DIRECTION('',(0.,0.,-1.));
#4117=DIRECTION('center_axis',(0.,1.,0.));
#4118=DIRECTION('ref_axis',(-1.,0.,0.));
#4119=DIRECTION('',(-1.,0.,0.));
#4120=DIRECTION('',(0.,0.,1.));
#4121=DIRECTION('',(0.,0.,1.));
#4122=DIRECTION('center_axis',(1.,0.,0.));
#4123=DIRECTION('ref_axis',(0.,1.,0.));
#4124=DIRECTION('',(0.,1.,0.));
#4125=DIRECTION('',(0.,0.,1.));
#4126=DIRECTION('center_axis',(0.,-1.,0.));
#4127=DIRECTION('ref_axis',(1.,0.,0.));
#4128=DIRECTION('',(1.,0.,0.));
#4129=DIRECTION('',(0.,0.,-1.));
#4130=DIRECTION('center_axis',(0.,1.,0.));
#4131=DIRECTION('ref_axis',(-1.,0.,0.));
#4132=DIRECTION('',(-1.,0.,0.));
#4133=DIRECTION('',(0.,0.,1.));
#4134=DIRECTION('',(0.,0.,1.));
#4135=DIRECTION('center_axis',(1.,0.,0.));
#4136=DIRECTION('ref_axis',(0.,1.,0.));
#4137=DIRECTION('',(0.,1.,0.));
#4138=DIRECTION('',(0.,0.,1.));
#4139=DIRECTION('center_axis',(0.,-1.,0.));
#4140=DIRECTION('ref_axis',(1.,0.,0.));
#4141=DIRECTION('',(1.,0.,0.));
#4142=DIRECTION('',(0.,0.,-1.));
#4143=DIRECTION('center_axis',(0.,1.,0.));
#4144=DIRECTION('ref_axis',(-1.,0.,0.));
#4145=DIRECTION('',(-1.,0.,0.));
#4146=DIRECTION('',(0.,0.,1.));
#4147=DIRECTION('',(0.,0.,1.));
#4148=DIRECTION('center_axis',(1.,0.,0.));
#4149=DIRECTION('ref_axis',(0.,1.,0.));
#4150=DIRECTION('',(0.,1.,0.));
#4151=DIRECTION('',(0.,0.,1.));
#4152=DIRECTION('center_axis',(0.,-1.,0.));
#4153=DIRECTION('ref_axis',(1.,0.,0.));
#4154=DIRECTION('',(1.,0.,0.));
#4155=DIRECTION('',(0.,0.,-1.));
#4156=DIRECTION('center_axis',(0.,-1.,0.));
#4157=DIRECTION('ref_axis',(1.,0.,0.));
#4158=DIRECTION('',(1.,0.,0.));
#4159=DIRECTION('',(0.,0.,1.));
#4160=DIRECTION('',(0.,0.,1.));
#4161=DIRECTION('center_axis',(-1.,0.,0.));
#4162=DIRECTION('ref_axis',(0.,-1.,0.));
#4163=DIRECTION('',(0.,-1.,0.));
#4164=DIRECTION('',(0.,0.,1.));
#4165=DIRECTION('center_axis',(0.,1.,0.));
#4166=DIRECTION('ref_axis',(-1.,0.,0.));
#4167=DIRECTION('',(-1.,0.,0.));
#4168=DIRECTION('',(0.,0.,-1.));
#4169=DIRECTION('center_axis',(0.,-1.,0.));
#4170=DIRECTION('ref_axis',(1.,0.,0.));
#4171=DIRECTION('',(1.,0.,0.));
#4172=DIRECTION('',(0.,0.,1.));
#4173=DIRECTION('',(0.,0.,1.));
#4174=DIRECTION('center_axis',(-1.,0.,0.));
#4175=DIRECTION('ref_axis',(0.,-1.,0.));
#4176=DIRECTION('',(0.,-1.,0.));
#4177=DIRECTION('',(0.,0.,1.));
#4178=DIRECTION('center_axis',(0.,1.,0.));
#4179=DIRECTION('ref_axis',(-1.,0.,0.));
#4180=DIRECTION('',(-1.,0.,0.));
#4181=DIRECTION('',(0.,0.,-1.));
#4182=DIRECTION('center_axis',(0.,-1.,0.));
#4183=DIRECTION('ref_axis',(1.,0.,0.));
#4184=DIRECTION('',(1.,0.,0.));
#4185=DIRECTION('',(0.,0.,1.));
#4186=DIRECTION('',(0.,0.,1.));
#4187=DIRECTION('center_axis',(-1.,0.,0.));
#4188=DIRECTION('ref_axis',(0.,-1.,0.));
#4189=DIRECTION('',(0.,-1.,0.));
#4190=DIRECTION('',(0.,0.,1.));
#4191=DIRECTION('center_axis',(0.,1.,0.));
#4192=DIRECTION('ref_axis',(-1.,0.,0.));
#4193=DIRECTION('',(-1.,0.,0.));
#4194=DIRECTION('',(0.,0.,-1.));
#4195=DIRECTION('center_axis',(-1.,0.,0.));
#4196=DIRECTION('ref_axis',(0.,-1.,0.));
#4197=DIRECTION('',(0.,-1.,0.));
#4198=DIRECTION('',(0.,0.,-1.));
#4199=DIRECTION('',(0.,0.,1.));
#4200=DIRECTION('center_axis',(1.,0.,0.));
#4201=DIRECTION('ref_axis',(0.,1.,0.));
#4202=DIRECTION('',(0.,1.,0.));
#4203=DIRECTION('',(0.,0.,1.));
#4204=DIRECTION('',(0.,0.,1.));
#4205=DIRECTION('center_axis',(0.,-1.,0.));
#4206=DIRECTION('ref_axis',(1.,0.,0.));
#4207=DIRECTION('',(1.,0.,0.));
#4208=DIRECTION('center_axis',(-1.,0.,0.));
#4209=DIRECTION('ref_axis',(0.,-1.,0.));
#4210=DIRECTION('',(0.,-1.,0.));
#4211=DIRECTION('',(0.,0.,-1.));
#4212=DIRECTION('',(0.,0.,1.));
#4213=DIRECTION('center_axis',(1.,0.,0.));
#4214=DIRECTION('ref_axis',(0.,1.,0.));
#4215=DIRECTION('',(0.,1.,0.));
#4216=DIRECTION('',(0.,0.,1.));
#4217=DIRECTION('',(0.,0.,1.));
#4218=DIRECTION('center_axis',(0.,-1.,0.));
#4219=DIRECTION('ref_axis',(1.,0.,0.));
#4220=DIRECTION('',(1.,0.,0.));
#4221=DIRECTION('center_axis',(1.,0.,0.));
#4222=DIRECTION('ref_axis',(0.,1.,0.));
#4223=DIRECTION('',(0.,1.,0.));
#4224=DIRECTION('',(0.,0.,1.));
#4225=DIRECTION('',(0.,0.,1.));
#4226=DIRECTION('center_axis',(0.,-1.,0.));
#4227=DIRECTION('ref_axis',(1.,0.,0.));
#4228=DIRECTION('',(1.,0.,0.));
#4229=DIRECTION('',(0.,0.,1.));
#4230=DIRECTION('center_axis',(-1.,0.,0.));
#4231=DIRECTION('ref_axis',(0.,-1.,0.));
#4232=DIRECTION('',(0.,-1.,0.));
#4233=DIRECTION('',(0.,0.,-1.));
#4234=DIRECTION('center_axis',(-1.,0.,0.));
#4235=DIRECTION('ref_axis',(0.,-1.,0.));
#4236=DIRECTION('',(0.,1.,0.));
#4237=DIRECTION('',(0.,0.,1.));
#4238=DIRECTION('center_axis',(-1.,0.,0.));
#4239=DIRECTION('ref_axis',(0.,-1.,0.));
#4240=DIRECTION('',(0.,1.,0.));
#4241=DIRECTION('center_axis',(-1.,0.,0.));
#4242=DIRECTION('ref_axis',(0.,-1.,0.));
#4243=DIRECTION('',(0.,1.,0.));
#4244=DIRECTION('center_axis',(-1.,0.,0.));
#4245=DIRECTION('ref_axis',(0.,-1.,0.));
#4246=DIRECTION('',(0.,1.,0.));
#4247=DIRECTION('center_axis',(-1.,0.,0.));
#4248=DIRECTION('ref_axis',(0.,-1.,0.));
#4249=DIRECTION('',(0.,1.,0.));
#4250=DIRECTION('center_axis',(-1.,0.,0.));
#4251=DIRECTION('ref_axis',(0.,-1.,0.));
#4252=DIRECTION('',(0.,1.,0.));
#4253=DIRECTION('center_axis',(-1.,0.,0.));
#4254=DIRECTION('ref_axis',(0.,-1.,0.));
#4255=DIRECTION('',(0.,1.,0.));
#4256=DIRECTION('center_axis',(-1.,0.,0.));
#4257=DIRECTION('ref_axis',(0.,-1.,0.));
#4258=DIRECTION('',(0.,1.,0.));
#4259=DIRECTION('center_axis',(-1.,0.,0.));
#4260=DIRECTION('ref_axis',(0.,-1.,0.));
#4261=DIRECTION('',(0.,1.,0.));
#4262=DIRECTION('center_axis',(-1.,0.,0.));
#4263=DIRECTION('ref_axis',(0.,-1.,0.));
#4264=DIRECTION('',(0.,1.,0.));
#4265=DIRECTION('center_axis',(-1.,0.,0.));
#4266=DIRECTION('ref_axis',(0.,-1.,0.));
#4267=DIRECTION('',(0.,1.,0.));
#4268=DIRECTION('center_axis',(-1.,0.,0.));
#4269=DIRECTION('ref_axis',(0.,-1.,0.));
#4270=DIRECTION('',(0.,1.,0.));
#4271=DIRECTION('center_axis',(-1.,0.,0.));
#4272=DIRECTION('ref_axis',(0.,-1.,0.));
#4273=DIRECTION('',(0.,1.,0.));
#4274=DIRECTION('center_axis',(1.,0.,0.));
#4275=DIRECTION('ref_axis',(0.,1.,0.));
#4276=DIRECTION('',(0.,0.,1.));
#4277=DIRECTION('',(0.,-1.,0.));
#4278=DIRECTION('center_axis',(1.,0.,0.));
#4279=DIRECTION('ref_axis',(0.,1.,0.));
#4280=DIRECTION('',(0.,-1.,0.));
#4281=DIRECTION('center_axis',(1.,0.,0.));
#4282=DIRECTION('ref_axis',(0.,1.,0.));
#4283=DIRECTION('',(0.,-1.,0.));
#4284=DIRECTION('center_axis',(1.,0.,0.));
#4285=DIRECTION('ref_axis',(0.,1.,0.));
#4286=DIRECTION('',(0.,-1.,0.));
#4287=DIRECTION('center_axis',(1.,0.,0.));
#4288=DIRECTION('ref_axis',(0.,1.,0.));
#4289=DIRECTION('',(0.,-1.,0.));
#4290=DIRECTION('',(0.,0.,1.));
#4291=DIRECTION('center_axis',(1.,0.,0.));
#4292=DIRECTION('ref_axis',(0.,1.,0.));
#4293=DIRECTION('',(0.,-1.,0.));
#4294=DIRECTION('center_axis',(1.,0.,0.));
#4295=DIRECTION('ref_axis',(0.,1.,0.));
#4296=DIRECTION('',(0.,-1.,0.));
#4297=DIRECTION('center_axis',(1.,0.,0.));
#4298=DIRECTION('ref_axis',(0.,1.,0.));
#4299=DIRECTION('',(0.,-1.,0.));
#4300=DIRECTION('center_axis',(1.,0.,0.));
#4301=DIRECTION('ref_axis',(0.,1.,0.));
#4302=DIRECTION('',(0.,-1.,0.));
#4303=DIRECTION('center_axis',(1.,0.,0.));
#4304=DIRECTION('ref_axis',(0.,1.,0.));
#4305=DIRECTION('',(0.,-1.,0.));
#4306=DIRECTION('center_axis',(1.,0.,0.));
#4307=DIRECTION('ref_axis',(0.,1.,0.));
#4308=DIRECTION('',(0.,-1.,0.));
#4309=DIRECTION('center_axis',(1.,0.,0.));
#4310=DIRECTION('ref_axis',(0.,1.,0.));
#4311=DIRECTION('',(0.,-1.,0.));
#4312=DIRECTION('center_axis',(1.,0.,0.));
#4313=DIRECTION('ref_axis',(0.,1.,0.));
#4314=DIRECTION('',(0.,-1.,0.));
#4315=DIRECTION('center_axis',(0.,1.,0.));
#4316=DIRECTION('ref_axis',(-1.,0.,0.));
#4317=DIRECTION('',(1.,0.,0.));
#4318=DIRECTION('center_axis',(0.,1.,0.));
#4319=DIRECTION('ref_axis',(-1.,0.,0.));
#4320=DIRECTION('',(1.,0.,0.));
#4321=DIRECTION('center_axis',(0.,1.,0.));
#4322=DIRECTION('ref_axis',(-1.,0.,0.));
#4323=DIRECTION('',(1.,0.,0.));
#4324=DIRECTION('center_axis',(0.,1.,0.));
#4325=DIRECTION('ref_axis',(-1.,0.,0.));
#4326=DIRECTION('',(1.,0.,0.));
#4327=DIRECTION('center_axis',(0.,1.,0.));
#4328=DIRECTION('ref_axis',(-1.,0.,0.));
#4329=DIRECTION('',(1.,0.,0.));
#4330=DIRECTION('center_axis',(0.,1.,0.));
#4331=DIRECTION('ref_axis',(-1.,0.,0.));
#4332=DIRECTION('',(1.,0.,0.));
#4333=DIRECTION('center_axis',(0.,1.,0.));
#4334=DIRECTION('ref_axis',(-1.,0.,0.));
#4335=DIRECTION('',(1.,0.,0.));
#4336=DIRECTION('center_axis',(0.,1.,0.));
#4337=DIRECTION('ref_axis',(-1.,0.,0.));
#4338=DIRECTION('',(1.,0.,0.));
#4339=DIRECTION('center_axis',(0.,1.,0.));
#4340=DIRECTION('ref_axis',(-1.,0.,0.));
#4341=DIRECTION('',(1.,0.,0.));
#4342=DIRECTION('center_axis',(0.,1.,0.));
#4343=DIRECTION('ref_axis',(-1.,0.,0.));
#4344=DIRECTION('',(1.,0.,0.));
#4345=DIRECTION('center_axis',(0.,1.,0.));
#4346=DIRECTION('ref_axis',(-1.,0.,0.));
#4347=DIRECTION('',(1.,0.,0.));
#4348=DIRECTION('center_axis',(0.,1.,0.));
#4349=DIRECTION('ref_axis',(-1.,0.,0.));
#4350=DIRECTION('',(1.,0.,0.));
#4351=DIRECTION('center_axis',(0.,1.,0.));
#4352=DIRECTION('ref_axis',(-1.,0.,0.));
#4353=DIRECTION('',(1.,0.,0.));
#4354=DIRECTION('center_axis',(0.,0.,1.));
#4355=DIRECTION('ref_axis',(1.,0.,0.));
#4356=DIRECTION('',(1.,0.,0.));
#4357=DIRECTION('',(0.,-1.,0.));
#4358=DIRECTION('',(-1.,0.,0.));
#4359=DIRECTION('center_axis',(0.,1.,0.));
#4360=DIRECTION('ref_axis',(-1.,0.,0.));
#4361=DIRECTION('center_axis',(1.,0.,0.));
#4362=DIRECTION('ref_axis',(0.,1.,0.));
#4363=DIRECTION('center_axis',(0.,-1.,0.));
#4364=DIRECTION('ref_axis',(1.,0.,0.));
#4365=CARTESIAN_POINT('',(0.,0.,0.));
#4366=CARTESIAN_POINT('Origin',(5.39999997615814,-5.99999998509884,0.5));
#4367=CARTESIAN_POINT('',(-1.09999269395195,-0.499985383381186,0.5));
#4368=CARTESIAN_POINT('',(-1.60000002384186,-0.499985383381186,0.5));
#4369=CARTESIAN_POINT('',(1.9000036411031,-0.499985383381186,0.5));
#4370=CARTESIAN_POINT('',(-1.60000002384186,-1.00000001490116,0.5));
#4371=CARTESIAN_POINT('',(-1.60000002384186,-12.9999999850988,0.5));
#4372=CARTESIAN_POINT('',(-1.10000001639128,-1.00000001490116,0.5));
#4373=CARTESIAN_POINT('',(2.14999997988343,-1.00000001490116,0.5));
#4374=CARTESIAN_POINT('',(-1.10000001639128,-1.50000002235174,0.5));
#4375=CARTESIAN_POINT('',(-1.10000001639128,-3.75000000372529,0.5));
#4376=CARTESIAN_POINT('',(-1.60000002384186,-1.50000002235174,0.5));
#4377=CARTESIAN_POINT('',(1.89999997615814,-1.50000002235174,0.5));
#4378=CARTESIAN_POINT('',(-1.60000002384186,-2.00000002980232,0.5));
#4379=CARTESIAN_POINT('',(-1.60000002384186,-12.9999999850988,0.5));
#4380=CARTESIAN_POINT('',(-1.10000001639128,-2.00000002980232,0.5));
#4381=CARTESIAN_POINT('',(2.14999997988343,-2.00000002980232,0.5));
#4382=CARTESIAN_POINT('',(-1.10000001639128,-2.5000000372529,0.5));
#4383=CARTESIAN_POINT('',(-1.10000001639128,-4.25000001117587,0.5));
#4384=CARTESIAN_POINT('',(-1.60000002384186,-2.5000000372529,0.5));
#4385=CARTESIAN_POINT('',(1.89999997615814,-2.5000000372529,0.5));
#4386=CARTESIAN_POINT('',(-1.60000002384186,-3.00000004470348,0.5));
#4387=CARTESIAN_POINT('',(-1.60000002384186,-12.9999999850988,0.5));
#4388=CARTESIAN_POINT('',(-1.10000001639128,-3.00000004470348,0.5));
#4389=CARTESIAN_POINT('',(2.14999997988343,-3.00000004470348,0.5));
#4390=CARTESIAN_POINT('',(-1.10000001639128,-3.50000005215406,0.5));
#4391=CARTESIAN_POINT('',(-1.10000001639128,-4.75000001862645,0.5));
#4392=CARTESIAN_POINT('',(-1.60000002384186,-3.50000005215406,0.5));
#4393=CARTESIAN_POINT('',(1.89999997615814,-3.50000005215406,0.5));
#4394=CARTESIAN_POINT('',(-1.60000002384186,-4.00000005960464,0.5));
#4395=CARTESIAN_POINT('',(-1.60000002384186,-12.9999999850988,0.5));
#4396=CARTESIAN_POINT('',(-1.10000001639128,-4.00000005960464,0.5));
#4397=CARTESIAN_POINT('',(2.14999997988343,-4.00000005960464,0.5));
#4398=CARTESIAN_POINT('',(-1.10000001639128,-4.50000006705523,0.5));
#4399=CARTESIAN_POINT('',(-1.10000001639128,-5.25000002607703,0.5));
#4400=CARTESIAN_POINT('',(-1.60000002384186,-4.50000006705523,0.5));
#4401=CARTESIAN_POINT('',(1.89999997615814,-4.50000006705523,0.5));
#4402=CARTESIAN_POINT('',(-1.60000002384186,-5.00000007450581,0.5));
#4403=CARTESIAN_POINT('',(-1.60000002384186,-12.9999999850988,0.5));
#4404=CARTESIAN_POINT('',(-1.10000001639128,-5.00000007450581,0.5));
#4405=CARTESIAN_POINT('',(2.14999997988343,-5.00000007450581,0.5));
#4406=CARTESIAN_POINT('',(-1.10000001639128,-5.50000008195639,0.5));
#4407=CARTESIAN_POINT('',(-1.10000001639128,-5.75000003352761,0.5));
#4408=CARTESIAN_POINT('',(-1.60000002384186,-5.50000008195639,0.5));
#4409=CARTESIAN_POINT('',(1.89999997615814,-5.50000008195639,0.5));
#4410=CARTESIAN_POINT('',(-1.60000002384186,-6.00000008940697,0.5));
#4411=CARTESIAN_POINT('',(-1.60000002384186,-12.9999999850988,0.5));
#4412=CARTESIAN_POINT('',(-1.10000001639128,-6.00000008940697,0.5));
#4413=CARTESIAN_POINT('',(2.14999997988343,-6.00000008940697,0.5));
#4414=CARTESIAN_POINT('',(-1.10000001639128,-6.50000009685755,0.5));
#4415=CARTESIAN_POINT('',(-1.10000001639128,-6.25000004097819,0.5));
#4416=CARTESIAN_POINT('',(-1.60000002384186,-6.50000009685755,0.5));
#4417=CARTESIAN_POINT('',(1.89999997615814,-6.50000009685755,0.5));
#4418=CARTESIAN_POINT('',(-1.60000002384186,-7.00000010430813,0.5));
#4419=CARTESIAN_POINT('',(-1.60000002384186,-12.9999999850988,0.5));
#4420=CARTESIAN_POINT('',(-1.10000001639128,-7.00000010430813,0.5));
#4421=CARTESIAN_POINT('',(2.14999997988343,-7.00000010430813,0.5));
#4422=CARTESIAN_POINT('',(-1.10000001639128,-7.50000011175871,0.5));
#4423=CARTESIAN_POINT('',(-1.10000001639128,-6.75000004842877,0.5));
#4424=CARTESIAN_POINT('',(-1.60000002384186,-7.50000011175871,0.5));
#4425=CARTESIAN_POINT('',(1.89999997615814,-7.50000011175871,0.5));
#4426=CARTESIAN_POINT('',(-1.60000002384186,-8.00000011920929,0.5));
#4427=CARTESIAN_POINT('',(-1.60000002384186,-12.9999999850988,0.5));
#4428=CARTESIAN_POINT('',(-1.10000001639128,-8.00000011920929,0.5));
#4429=CARTESIAN_POINT('',(2.14999997988343,-8.00000011920929,0.5));
#4430=CARTESIAN_POINT('',(-1.10000001639128,-8.50000012665987,0.5));
#4431=CARTESIAN_POINT('',(-1.10000001639128,-7.25000005587935,0.5));
#4432=CARTESIAN_POINT('',(-1.60000002384186,-8.50000012665987,0.5));
#4433=CARTESIAN_POINT('',(1.89999997615814,-8.50000012665987,0.5));
#4434=CARTESIAN_POINT('',(-1.60000002384186,-9.00000013411045,0.5));
#4435=CARTESIAN_POINT('',(-1.60000002384186,-12.9999999850988,0.5));
#4436=CARTESIAN_POINT('',(-1.10000001639128,-9.00000013411045,0.5));
#4437=CARTESIAN_POINT('',(2.14999997988343,-9.00000013411045,0.5));
#4438=CARTESIAN_POINT('',(-1.10000001639128,-9.50000014156103,0.5));
#4439=CARTESIAN_POINT('',(-1.10000001639128,-7.75000006332994,0.5));
#4440=CARTESIAN_POINT('',(-1.60000002384186,-9.50000014156103,0.5));
#4441=CARTESIAN_POINT('',(1.89999997615814,-9.50000014156103,0.5));
#4442=CARTESIAN_POINT('',(-1.60000002384186,-10.0000001490116,0.5));
#4443=CARTESIAN_POINT('',(-1.60000002384186,-12.9999999850988,0.5));
#4444=CARTESIAN_POINT('',(-1.10000001639128,-10.0000001490116,0.5));
#4445=CARTESIAN_POINT('',(2.14999997988343,-10.0000001490116,0.5));
#4446=CARTESIAN_POINT('',(-1.10000001639128,-10.5000001564622,0.5));
#4447=CARTESIAN_POINT('',(-1.10000001639128,-8.25000007078052,0.5));
#4448=CARTESIAN_POINT('',(-1.60000002384186,-10.5000001564622,0.5));
#4449=CARTESIAN_POINT('',(1.89999997615814,-10.5000001564622,0.5));
#4450=CARTESIAN_POINT('',(-1.60000002384186,-11.0000001639128,0.5));
#4451=CARTESIAN_POINT('',(-1.60000002384186,-12.9999999850988,0.5));
#4452=CARTESIAN_POINT('',(-1.10000001639128,-11.0000001639128,0.5));
#4453=CARTESIAN_POINT('',(2.14999997988343,-11.0000001639128,0.5));
#4454=CARTESIAN_POINT('',(-1.10000001639128,-11.5000001713634,0.5));
#4455=CARTESIAN_POINT('',(-1.10000001639128,-8.7500000782311,0.5));
#4456=CARTESIAN_POINT('',(-1.60000002384186,-11.5000001713634,0.5));
#4457=CARTESIAN_POINT('',(1.89999997615814,-11.5000001713634,0.5));
#4458=CARTESIAN_POINT('',(-1.60000002384186,-12.0000001788139,0.5));
#4459=CARTESIAN_POINT('',(-1.60000002384186,-12.9999999850988,0.5));
#4460=CARTESIAN_POINT('',(-1.10000001639128,-12.0000001788139,0.5));
#4461=CARTESIAN_POINT('',(2.14999997988343,-12.0000001788139,0.5));
#4462=CARTESIAN_POINT('',(-1.10000001639128,-12.5000001862645,0.5));
#4463=CARTESIAN_POINT('',(-1.10000001639128,-9.25000008568168,0.5));
#4464=CARTESIAN_POINT('',(-1.60000002384186,-12.5000001862645,0.5));
#4465=CARTESIAN_POINT('',(1.89999997615814,-12.5000001862645,0.5));
#4466=CARTESIAN_POINT('',(-1.60000002384186,-12.9999999850988,0.5));
#4467=CARTESIAN_POINT('',(-1.60000002384186,-12.9999999850988,0.5));
#4468=CARTESIAN_POINT('',(12.3999999761581,-12.9999999850988,0.5));
#4469=CARTESIAN_POINT('',(12.3999999761581,-12.9999999850988,0.5));
#4470=CARTESIAN_POINT('',(12.4000001847744,-12.5000001862645,0.5));
#4471=CARTESIAN_POINT('',(12.3999999761581,1.00000001490116,0.5));
#4472=CARTESIAN_POINT('',(11.9000001773238,-12.5000001862645,0.5));
#4473=CARTESIAN_POINT('',(8.65000007674098,-12.5000001862645,0.5));
#4474=CARTESIAN_POINT('',(11.9000001773238,-12.0000001788139,0.5));
#4475=CARTESIAN_POINT('',(11.9000001773238,-9.00000008195639,0.5));
#4476=CARTESIAN_POINT('',(12.4000001847744,-12.0000001788139,0.5));
#4477=CARTESIAN_POINT('',(8.90000008046627,-12.0000001788139,0.5));
#4478=CARTESIAN_POINT('',(12.4000001847744,-11.5000001713634,0.5));
#4479=CARTESIAN_POINT('',(12.3999999761581,1.00000001490116,0.5));
#4480=CARTESIAN_POINT('',(11.9000001773238,-11.5000001713634,0.5));
#4481=CARTESIAN_POINT('',(8.65000007674098,-11.5000001713634,0.5));
#4482=CARTESIAN_POINT('',(11.9000001773238,-11.0000001639128,0.5));
#4483=CARTESIAN_POINT('',(11.9000001773238,-8.50000007450581,0.5));
#4484=CARTESIAN_POINT('',(12.4000001847744,-11.0000001639128,0.5));
#4485=CARTESIAN_POINT('',(8.90000008046627,-11.0000001639128,0.5));
#4486=CARTESIAN_POINT('',(12.4000001847744,-10.5000001564622,0.5));
#4487=CARTESIAN_POINT('',(12.3999999761581,1.00000001490116,0.5));
#4488=CARTESIAN_POINT('',(11.9000001773238,-10.5000001564622,0.5));
#4489=CARTESIAN_POINT('',(8.65000007674098,-10.5000001564622,0.5));
#4490=CARTESIAN_POINT('',(11.9000001773238,-10.0000001490116,0.5));
#4491=CARTESIAN_POINT('',(11.9000001773238,-8.00000006705523,0.5));
#4492=CARTESIAN_POINT('',(12.4000001847744,-10.0000001490116,0.5));
#4493=CARTESIAN_POINT('',(8.90000008046627,-10.0000001490116,0.5));
#4494=CARTESIAN_POINT('',(12.4000001847744,-9.50000014156103,0.5));
#4495=CARTESIAN_POINT('',(12.3999999761581,1.00000001490116,0.5));
#4496=CARTESIAN_POINT('',(11.9000001773238,-9.50000014156103,0.5));
#4497=CARTESIAN_POINT('',(8.65000007674098,-9.50000014156103,0.5));
#4498=CARTESIAN_POINT('',(11.9000001773238,-9.00000013411045,0.5));
#4499=CARTESIAN_POINT('',(11.9000001773238,-7.50000005960464,0.5));
#4500=CARTESIAN_POINT('',(12.4000001847744,-9.00000013411045,0.5));
#4501=CARTESIAN_POINT('',(8.90000008046627,-9.00000013411045,0.5));
#4502=CARTESIAN_POINT('',(12.4000001847744,-8.50000012665987,0.5));
#4503=CARTESIAN_POINT('',(12.3999999761581,1.00000001490116,0.5));
#4504=CARTESIAN_POINT('',(11.9000001773238,-8.50000012665987,0.5));
#4505=CARTESIAN_POINT('',(8.65000007674098,-8.50000012665987,0.5));
#4506=CARTESIAN_POINT('',(11.9000001773238,-8.00000011920929,0.5));
#4507=CARTESIAN_POINT('',(11.9000001773238,-7.00000005215406,0.5));
#4508=CARTESIAN_POINT('',(12.4000001847744,-8.00000011920929,0.5));
#4509=CARTESIAN_POINT('',(8.90000008046627,-8.00000011920929,0.5));
#4510=CARTESIAN_POINT('',(12.4000001847744,-7.50000011175871,0.5));
#4511=CARTESIAN_POINT('',(12.3999999761581,1.00000001490116,0.5));
#4512=CARTESIAN_POINT('',(11.9000001773238,-7.50000011175871,0.5));
#4513=CARTESIAN_POINT('',(8.65000007674098,-7.50000011175871,0.5));
#4514=CARTESIAN_POINT('',(11.9000001773238,-7.00000010430813,0.5));
#4515=CARTESIAN_POINT('',(11.9000001773238,-6.50000004470348,0.5));
#4516=CARTESIAN_POINT('',(12.4000001847744,-7.00000010430813,0.5));
#4517=CARTESIAN_POINT('',(8.90000008046627,-7.00000010430813,0.5));
#4518=CARTESIAN_POINT('',(12.4000001847744,-6.50000009685755,0.5));
#4519=CARTESIAN_POINT('',(12.3999999761581,1.00000001490116,0.5));
#4520=CARTESIAN_POINT('',(11.9000001773238,-6.50000009685755,0.5));
#4521=CARTESIAN_POINT('',(8.65000007674098,-6.50000009685755,0.5));
#4522=CARTESIAN_POINT('',(11.9000001773238,-6.00000008940697,0.5));
#4523=CARTESIAN_POINT('',(11.9000001773238,-6.0000000372529,0.5));
#4524=CARTESIAN_POINT('',(12.4000001847744,-6.00000008940697,0.5));
#4525=CARTESIAN_POINT('',(8.90000008046627,-6.00000008940697,0.5));
#4526=CARTESIAN_POINT('',(12.4000001847744,-5.50000008195639,0.5));
#4527=CARTESIAN_POINT('',(12.3999999761581,1.00000001490116,0.5));
#4528=CARTESIAN_POINT('',(11.9000001773238,-5.50000008195639,0.5));
#4529=CARTESIAN_POINT('',(8.65000007674098,-5.50000008195639,0.5));
#4530=CARTESIAN_POINT('',(11.9000001773238,-5.00000007450581,0.5));
#4531=CARTESIAN_POINT('',(11.9000001773238,-5.50000002980232,0.5));
#4532=CARTESIAN_POINT('',(12.4000001847744,-5.00000007450581,0.5));
#4533=CARTESIAN_POINT('',(8.90000008046627,-5.00000007450581,0.5));
#4534=CARTESIAN_POINT('',(12.4000001847744,-4.50000006705523,0.5));
#4535=CARTESIAN_POINT('',(12.3999999761581,1.00000001490116,0.5));
#4536=CARTESIAN_POINT('',(11.9000001773238,-4.50000006705523,0.5));
#4537=CARTESIAN_POINT('',(8.65000007674098,-4.50000006705523,0.5));
#4538=CARTESIAN_POINT('',(11.9000001773238,-4.00000005960464,0.5));
#4539=CARTESIAN_POINT('',(11.9000001773238,-5.00000002235174,0.5));
#4540=CARTESIAN_POINT('',(12.4000001847744,-4.00000005960464,0.5));
#4541=CARTESIAN_POINT('',(8.90000008046627,-4.00000005960464,0.5));
#4542=CARTESIAN_POINT('',(12.4000001847744,-3.50000005215406,0.5));
#4543=CARTESIAN_POINT('',(12.3999999761581,1.00000001490116,0.5));
#4544=CARTESIAN_POINT('',(11.9000001773238,-3.50000005215406,0.5));
#4545=CARTESIAN_POINT('',(8.65000007674098,-3.50000005215406,0.5));
#4546=CARTESIAN_POINT('',(11.9000001773238,-3.00000004470348,0.5));
#4547=CARTESIAN_POINT('',(11.9000001773238,-4.50000001490116,0.5));
#4548=CARTESIAN_POINT('',(12.4000001847744,-3.00000004470348,0.5));
#4549=CARTESIAN_POINT('',(8.90000008046627,-3.00000004470348,0.5));
#4550=CARTESIAN_POINT('',(12.4000001847744,-2.5000000372529,0.5));
#4551=CARTESIAN_POINT('',(12.3999999761581,1.00000001490116,0.5));
#4552=CARTESIAN_POINT('',(11.9000001773238,-2.5000000372529,0.5));
#4553=CARTESIAN_POINT('',(8.65000007674098,-2.5000000372529,0.5));
#4554=CARTESIAN_POINT('',(11.9000001773238,-2.00000002980232,0.5));
#4555=CARTESIAN_POINT('',(11.9000001773238,-4.00000000745058,0.5));
#4556=CARTESIAN_POINT('',(12.4000001847744,-2.00000002980232,0.5));
#4557=CARTESIAN_POINT('',(8.90000008046627,-2.00000002980232,0.5));
#4558=CARTESIAN_POINT('',(12.4000001847744,-1.50000002235174,0.5));
#4559=CARTESIAN_POINT('',(12.3999999761581,1.00000001490116,0.5));
#4560=CARTESIAN_POINT('',(11.9000001773238,-1.50000002235174,0.5));
#4561=CARTESIAN_POINT('',(8.65000007674098,-1.50000002235174,0.5));
#4562=CARTESIAN_POINT('',(11.9000001773238,-1.00000001490116,0.5));
#4563=CARTESIAN_POINT('',(11.9000001773238,-3.5,0.5));
#4564=CARTESIAN_POINT('',(12.4000001847744,-1.00000001490116,0.5));
#4565=CARTESIAN_POINT('',(8.90000008046627,-1.00000001490116,0.5));
#4566=CARTESIAN_POINT('',(12.4000001847744,-0.500000007450581,0.5));
#4567=CARTESIAN_POINT('',(12.3999999761581,1.00000001490116,0.5));
#4568=CARTESIAN_POINT('',(11.9000001773238,-0.500000007450581,0.5));
#4569=CARTESIAN_POINT('',(8.65000007674098,-0.500000007450581,0.5));
#4570=CARTESIAN_POINT('',(11.9000001773238,0.,0.5));
#4571=CARTESIAN_POINT('',(11.9000001773238,-2.99999999254942,0.5));
#4572=CARTESIAN_POINT('',(12.4000001847744,0.,0.5));
#4573=CARTESIAN_POINT('',(8.90000008046627,0.,0.5));
#4574=CARTESIAN_POINT('',(12.3999999761581,1.00000001490116,0.5));
#4575=CARTESIAN_POINT('',(12.3999999761581,1.00000001490116,0.5));
#4576=CARTESIAN_POINT('',(11.9000001773238,1.00000001490116,0.5));
#4577=CARTESIAN_POINT('',(-1.60000002384186,1.00000001490116,0.5));
#4578=CARTESIAN_POINT('',(11.9000001773238,0.500000007450581,0.5));
#4579=CARTESIAN_POINT('',(11.9000001773238,-2.74999998882413,0.5));
#4580=CARTESIAN_POINT('',(11.4000001698732,0.500000007450581,0.5));
#4581=CARTESIAN_POINT('',(8.40000007301569,0.500000007450581,0.5));
#4582=CARTESIAN_POINT('',(11.4000001698732,1.00000001490116,0.5));
#4583=CARTESIAN_POINT('',(11.4000001698732,-2.49999998509884,0.5));
#4584=CARTESIAN_POINT('',(10.9000001624227,1.00000001490116,0.5));
#4585=CARTESIAN_POINT('',(-1.60000002384186,1.00000001490116,0.5));
#4586=CARTESIAN_POINT('',(10.9000001624227,0.500000007450581,0.5));
#4587=CARTESIAN_POINT('',(10.9000001624227,-2.74999998882413,0.5));
#4588=CARTESIAN_POINT('',(10.4000001549721,0.500000007450581,0.5));
#4589=CARTESIAN_POINT('',(7.90000006556511,0.500000007450581,0.5));
#4590=CARTESIAN_POINT('',(10.4000001549721,1.00000001490116,0.5));
#4591=CARTESIAN_POINT('',(10.4000001549721,-2.49999998509884,0.5));
#4592=CARTESIAN_POINT('',(9.9000001475215,1.00000001490116,0.5));
#4593=CARTESIAN_POINT('',(-1.60000002384186,1.00000001490116,0.5));
#4594=CARTESIAN_POINT('',(9.9000001475215,0.500000007450581,0.5));
#4595=CARTESIAN_POINT('',(9.9000001475215,-2.74999998882413,0.5));
#4596=CARTESIAN_POINT('',(9.40000014007092,0.500000007450581,0.5));
#4597=CARTESIAN_POINT('',(7.40000005811453,0.500000007450581,0.5));
#4598=CARTESIAN_POINT('',(9.40000014007092,1.00000001490116,0.5));
#4599=CARTESIAN_POINT('',(9.40000014007092,-2.49999998509884,0.5));
#4600=CARTESIAN_POINT('',(8.90000013262033,1.00000001490116,0.5));
#4601=CARTESIAN_POINT('',(-1.60000002384186,1.00000001490116,0.5));
#4602=CARTESIAN_POINT('',(8.90000013262033,0.500000007450581,0.5));
#4603=CARTESIAN_POINT('',(8.90000013262033,-2.74999998882413,0.5));
#4604=CARTESIAN_POINT('',(8.40000012516975,0.500000007450581,0.5));
#4605=CARTESIAN_POINT('',(6.90000005066395,0.500000007450581,0.5));
#4606=CARTESIAN_POINT('',(8.40000012516975,1.00000001490116,0.5));
#4607=CARTESIAN_POINT('',(8.40000012516975,-2.49999998509884,0.5));
#4608=CARTESIAN_POINT('',(7.90000011771917,1.00000001490116,0.5));
#4609=CARTESIAN_POINT('',(-1.60000002384186,1.00000001490116,0.5));
#4610=CARTESIAN_POINT('',(7.90000011771917,0.500000007450581,0.5));
#4611=CARTESIAN_POINT('',(7.90000011771917,-2.74999998882413,0.5));
#4612=CARTESIAN_POINT('',(7.40000011026859,0.500000007450581,0.5));
#4613=CARTESIAN_POINT('',(6.40000004321337,0.500000007450581,0.5));
#4614=CARTESIAN_POINT('',(7.40000011026859,1.00000001490116,0.5));
#4615=CARTESIAN_POINT('',(7.40000011026859,-2.49999998509884,0.5));
#4616=CARTESIAN_POINT('',(6.90000010281801,1.00000001490116,0.5));
#4617=CARTESIAN_POINT('',(-1.60000002384186,1.00000001490116,0.5));
#4618=CARTESIAN_POINT('',(6.90000010281801,0.500000007450581,0.5));
#4619=CARTESIAN_POINT('',(6.90000010281801,-2.74999998882413,0.5));
#4620=CARTESIAN_POINT('',(6.40000009536743,0.500000007450581,0.5));
#4621=CARTESIAN_POINT('',(5.90000003576279,0.500000007450581,0.5));
#4622=CARTESIAN_POINT('',(6.40000009536743,1.00000001490116,0.5));
#4623=CARTESIAN_POINT('',(6.40000009536743,-2.49999998509884,0.5));
#4624=CARTESIAN_POINT('',(5.90000008791685,1.00000001490116,0.5));
#4625=CARTESIAN_POINT('',(-1.60000002384186,1.00000001490116,0.5));
#4626=CARTESIAN_POINT('',(5.90000008791685,0.500000007450581,0.5));
#4627=CARTESIAN_POINT('',(5.90000008791685,-2.74999998882413,0.5));
#4628=CARTESIAN_POINT('',(5.40000008046627,0.500000007450581,0.5));
#4629=CARTESIAN_POINT('',(5.40000002831221,0.500000007450581,0.5));
#4630=CARTESIAN_POINT('',(5.40000008046627,1.00000001490116,0.5));
#4631=CARTESIAN_POINT('',(5.40000008046627,-2.49999998509884,0.5));
#4632=CARTESIAN_POINT('',(4.90000007301569,1.00000001490116,0.5));
#4633=CARTESIAN_POINT('',(-1.60000002384186,1.00000001490116,0.5));
#4634=CARTESIAN_POINT('',(4.90000007301569,0.500000007450581,0.5));
#4635=CARTESIAN_POINT('',(4.90000007301569,-2.74999998882413,0.5));
#4636=CARTESIAN_POINT('',(4.40000006556511,0.500000007450581,0.5));
#4637=CARTESIAN_POINT('',(4.90000002086163,0.500000007450581,0.5));
#4638=CARTESIAN_POINT('',(4.40000006556511,1.00000001490116,0.5));
#4639=CARTESIAN_POINT('',(4.40000006556511,-2.49999998509884,0.5));
#4640=CARTESIAN_POINT('',(3.90000005811453,1.00000001490116,0.5));
#4641=CARTESIAN_POINT('',(-1.60000002384186,1.00000001490116,0.5));
#4642=CARTESIAN_POINT('',(3.90000005811453,0.500000007450581,0.5));
#4643=CARTESIAN_POINT('',(3.90000005811453,-2.74999998882413,0.5));
#4644=CARTESIAN_POINT('',(3.40000005066395,0.500000007450581,0.5));
#4645=CARTESIAN_POINT('',(4.40000001341105,0.500000007450581,0.5));
#4646=CARTESIAN_POINT('',(3.40000005066395,1.00000001490116,0.5));
#4647=CARTESIAN_POINT('',(3.40000005066395,-2.49999998509884,0.5));
#4648=CARTESIAN_POINT('',(2.90000004321337,1.00000001490116,0.5));
#4649=CARTESIAN_POINT('',(-1.60000002384186,1.00000001490116,0.5));
#4650=CARTESIAN_POINT('',(2.90000004321337,0.500000007450581,0.5));
#4651=CARTESIAN_POINT('',(2.90000004321337,-2.74999998882413,0.5));
#4652=CARTESIAN_POINT('',(2.40000003576279,0.500000007450581,0.5));
#4653=CARTESIAN_POINT('',(3.90000000596046,0.500000007450581,0.5));
#4654=CARTESIAN_POINT('',(2.40000003576279,1.00000001490116,0.5));
#4655=CARTESIAN_POINT('',(2.40000003576279,-2.49999998509884,0.5));
#4656=CARTESIAN_POINT('',(1.90000002831221,1.00000001490116,0.5));
#4657=CARTESIAN_POINT('',(-1.60000002384186,1.00000001490116,0.5));
#4658=CARTESIAN_POINT('',(1.90000002831221,0.500000007450581,0.5));
#4659=CARTESIAN_POINT('',(1.90000002831221,-2.74999998882413,0.5));
#4660=CARTESIAN_POINT('',(1.40000002086163,0.500000007450581,0.5));
#4661=CARTESIAN_POINT('',(3.39999999850988,0.500000007450581,0.5));
#4662=CARTESIAN_POINT('',(1.40000002086163,1.00000001490116,0.5));
#4663=CARTESIAN_POINT('',(1.40000002086163,-2.49999998509884,0.5));
#4664=CARTESIAN_POINT('',(0.900000013411045,1.00000001490116,0.5));
#4665=CARTESIAN_POINT('',(-1.60000002384186,1.00000001490116,0.5));
#4666=CARTESIAN_POINT('',(0.900000013411045,0.500000007450581,0.5));
#4667=CARTESIAN_POINT('',(0.900000013411045,-2.74999998882413,0.5));
#4668=CARTESIAN_POINT('',(0.400000005960464,0.500000007450581,0.5));
#4669=CARTESIAN_POINT('',(2.8999999910593,0.500000007450581,0.5));
#4670=CARTESIAN_POINT('',(0.400000005960464,1.00000001490116,0.5));
#4671=CARTESIAN_POINT('',(0.400000005960464,-2.49999998509884,0.5));
#4672=CARTESIAN_POINT('',(-0.100000001490116,1.00000001490116,0.5));
#4673=CARTESIAN_POINT('',(-1.60000002384186,1.00000001490116,0.5));
#4674=CARTESIAN_POINT('',(-0.100000001490116,0.500000007450581,0.5));
#4675=CARTESIAN_POINT('',(-0.100000001490116,-2.74999998882413,0.5));
#4676=CARTESIAN_POINT('',(-0.600000008940697,0.500000007450581,0.5));
#4677=CARTESIAN_POINT('',(2.39999998360872,0.500000007450581,0.5));
#4678=CARTESIAN_POINT('',(-0.600000008940697,1.00000001490116,0.5));
#4679=CARTESIAN_POINT('',(-0.600000008940697,-2.49999998509884,0.5));
#4680=CARTESIAN_POINT('',(-1.60000002384186,1.00000001490116,0.5));
#4681=CARTESIAN_POINT('',(-1.60000002384186,1.00000001490116,0.5));
#4682=CARTESIAN_POINT('',(-1.60000002384186,1.46166188143559E-5,0.5));
#4683=CARTESIAN_POINT('',(-1.60000002384186,-12.9999999850988,0.5));
#4684=CARTESIAN_POINT('',(-1.09999269395195,1.46166188143559E-5,0.5));
#4685=CARTESIAN_POINT('',(2.1500036411031,1.46166188139674E-5,0.5));
#4686=CARTESIAN_POINT('',(-1.09999269395195,-3.24999268424001,0.5));
#4687=CARTESIAN_POINT('Origin',(-1.60000002384186,1.00000001490116,0.));
#4688=CARTESIAN_POINT('',(-1.60000002384186,1.46166188143199E-5,0.));
#4689=CARTESIAN_POINT('',(-1.60000002384186,1.46166188143559E-5,0.25));
#4690=CARTESIAN_POINT('',(-1.60000002384186,1.00000001490116,0.));
#4691=CARTESIAN_POINT('',(-1.60000002384186,1.00000001490116,0.));
#4692=CARTESIAN_POINT('',(-1.60000002384186,-12.9999999850988,0.));
#4693=CARTESIAN_POINT('Origin',(-1.09999269395195,1.46166188143199E-5,0.));
#4694=CARTESIAN_POINT('',(-1.09999269395195,1.46166188143199E-5,0.));
#4695=CARTESIAN_POINT('',(2.1500036411031,1.46166188139674E-5,0.));
#4696=CARTESIAN_POINT('',(-1.09999269395195,1.46166188143199E-5,0.));
#4697=CARTESIAN_POINT('Origin',(-1.09999269395195,-0.499985383381186,0.));
#4698=CARTESIAN_POINT('',(-1.09999269395195,-0.499985383381186,0.));
#4699=CARTESIAN_POINT('',(-1.09999269395195,-3.24999268424001,0.));
#4700=CARTESIAN_POINT('',(-1.09999269395195,-0.499985383381186,0.));
#4701=CARTESIAN_POINT('Origin',(-1.59999269395195,-0.499985383381186,0.));
#4702=CARTESIAN_POINT('',(-1.60000002384186,-0.499985383381186,0.));
#4703=CARTESIAN_POINT('',(1.9000036411031,-0.499985383381186,0.));
#4704=CARTESIAN_POINT('',(-1.60000002384186,-0.499985383381186,0.));
#4705=CARTESIAN_POINT('Origin',(0.400000005960464,1.00000001490116,0.));
#4706=CARTESIAN_POINT('',(0.400000005960464,1.00000001490116,0.));
#4707=CARTESIAN_POINT('',(0.400000005960464,0.500000007450581,0.));
#4708=CARTESIAN_POINT('',(0.400000005960464,-2.49999998509884,0.));
#4709=CARTESIAN_POINT('',(0.400000005960464,1.00000001490116,0.));
#4710=CARTESIAN_POINT('',(0.400000005960464,0.500000007450581,0.));
#4711=CARTESIAN_POINT('Origin',(0.900000013411045,0.500000007450581,0.));
#4712=CARTESIAN_POINT('',(0.900000013411045,0.500000007450581,0.));
#4713=CARTESIAN_POINT('',(0.900000013411045,1.00000001490116,0.));
#4714=CARTESIAN_POINT('',(0.900000013411045,-2.74999998882413,0.));
#4715=CARTESIAN_POINT('',(0.900000013411045,0.500000007450581,0.));
#4716=CARTESIAN_POINT('',(0.900000013411045,1.00000001490116,0.));
#4717=CARTESIAN_POINT('Origin',(0.400000005960464,0.500000007450581,0.));
#4718=CARTESIAN_POINT('',(2.8999999910593,0.500000007450581,0.));
#4719=CARTESIAN_POINT('Origin',(11.9000001773238,-11.5000001713634,0.));
#4720=CARTESIAN_POINT('',(11.9000001773238,-11.5000001713634,0.));
#4721=CARTESIAN_POINT('',(12.4000001847744,-11.5000001713634,0.));
#4722=CARTESIAN_POINT('',(8.65000007674098,-11.5000001713634,0.));
#4723=CARTESIAN_POINT('',(11.9000001773238,-11.5000001713634,0.));
#4724=CARTESIAN_POINT('',(12.3999999761581,-11.5000001713634,0.));
#4725=CARTESIAN_POINT('Origin',(11.9000001773238,-11.0000001639128,0.));
#4726=CARTESIAN_POINT('',(11.9000001773238,-11.0000001639128,0.));
#4727=CARTESIAN_POINT('',(11.9000001773238,-8.50000007450581,0.));
#4728=CARTESIAN_POINT('',(11.9000001773238,-11.0000001639128,0.));
#4729=CARTESIAN_POINT('Origin',(12.4000001847744,-11.0000001639128,0.));
#4730=CARTESIAN_POINT('',(12.4000001847744,-11.0000001639128,0.));
#4731=CARTESIAN_POINT('',(8.90000008046627,-11.0000001639128,0.));
#4732=CARTESIAN_POINT('',(12.3999999761581,-11.0000001639128,0.));
#4733=CARTESIAN_POINT('Origin',(11.9000001773238,-10.5000001564622,0.));
#4734=CARTESIAN_POINT('',(11.9000001773238,-10.5000001564622,0.));
#4735=CARTESIAN_POINT('',(12.4000001847744,-10.5000001564622,0.));
#4736=CARTESIAN_POINT('',(8.65000007674098,-10.5000001564622,0.));
#4737=CARTESIAN_POINT('',(11.9000001773238,-10.5000001564622,0.));
#4738=CARTESIAN_POINT('',(12.3999999761581,-10.5000001564622,0.));
#4739=CARTESIAN_POINT('Origin',(11.9000001773238,-10.0000001490116,0.));
#4740=CARTESIAN_POINT('',(11.9000001773238,-10.0000001490116,0.));
#4741=CARTESIAN_POINT('',(11.9000001773238,-8.00000006705523,0.));
#4742=CARTESIAN_POINT('',(11.9000001773238,-10.0000001490116,0.));
#4743=CARTESIAN_POINT('Origin',(12.4000001847744,-10.0000001490116,0.));
#4744=CARTESIAN_POINT('',(12.4000001847744,-10.0000001490116,0.));
#4745=CARTESIAN_POINT('',(8.90000008046627,-10.0000001490116,0.));
#4746=CARTESIAN_POINT('',(12.3999999761581,-10.0000001490116,0.));
#4747=CARTESIAN_POINT('Origin',(11.9000001773238,-8.50000012665987,0.));
#4748=CARTESIAN_POINT('',(11.9000001773238,-8.50000012665987,0.));
#4749=CARTESIAN_POINT('',(12.4000001847744,-8.50000012665987,0.));
#4750=CARTESIAN_POINT('',(8.65000007674098,-8.50000012665987,0.));
#4751=CARTESIAN_POINT('',(11.9000001773238,-8.50000012665987,0.));
#4752=CARTESIAN_POINT('',(12.3999999761581,-8.50000012665987,0.));
#4753=CARTESIAN_POINT('Origin',(11.9000001773238,-8.00000011920929,0.));
#4754=CARTESIAN_POINT('',(11.9000001773238,-8.00000011920929,0.));
#4755=CARTESIAN_POINT('',(11.9000001773238,-7.00000005215406,0.));
#4756=CARTESIAN_POINT('',(11.9000001773238,-8.00000011920929,0.));
#4757=CARTESIAN_POINT('Origin',(12.4000001847744,-8.00000011920929,0.));
#4758=CARTESIAN_POINT('',(12.4000001847744,-8.00000011920929,0.));
#4759=CARTESIAN_POINT('',(8.90000008046627,-8.00000011920929,0.));
#4760=CARTESIAN_POINT('',(12.3999999761581,-8.00000011920929,0.));
#4761=CARTESIAN_POINT('Origin',(-1.10000001639128,-2.00000002980232,0.));
#4762=CARTESIAN_POINT('',(-1.10000001639128,-2.00000002980232,0.));
#4763=CARTESIAN_POINT('',(-1.60000002384186,-2.00000002980232,0.));
#4764=CARTESIAN_POINT('',(2.14999997988343,-2.00000002980232,0.));
#4765=CARTESIAN_POINT('',(-1.10000001639128,-2.00000002980232,0.));
#4766=CARTESIAN_POINT('',(-1.60000002384186,-2.00000002980232,0.));
#4767=CARTESIAN_POINT('Origin',(-1.10000001639128,-2.5000000372529,0.));
#4768=CARTESIAN_POINT('',(-1.10000001639128,-2.5000000372529,0.));
#4769=CARTESIAN_POINT('',(-1.10000001639128,-4.25000001117587,0.));
#4770=CARTESIAN_POINT('',(-1.10000001639128,-2.5000000372529,0.));
#4771=CARTESIAN_POINT('Origin',(-1.60000002384186,-2.5000000372529,0.));
#4772=CARTESIAN_POINT('',(-1.60000002384186,-2.5000000372529,0.));
#4773=CARTESIAN_POINT('',(1.89999997615814,-2.5000000372529,0.));
#4774=CARTESIAN_POINT('',(-1.60000002384186,-2.5000000372529,0.));
#4775=CARTESIAN_POINT('Origin',(-1.10000001639128,-3.00000004470348,0.));
#4776=CARTESIAN_POINT('',(-1.10000001639128,-3.00000004470348,0.));
#4777=CARTESIAN_POINT('',(-1.60000002384186,-3.00000004470348,0.));
#4778=CARTESIAN_POINT('',(2.14999997988343,-3.00000004470348,0.));
#4779=CARTESIAN_POINT('',(-1.10000001639128,-3.00000004470348,0.));
#4780=CARTESIAN_POINT('',(-1.60000002384186,-3.00000004470348,0.));
#4781=CARTESIAN_POINT('Origin',(-1.10000001639128,-3.50000005215406,0.));
#4782=CARTESIAN_POINT('',(-1.10000001639128,-3.50000005215406,0.));
#4783=CARTESIAN_POINT('',(-1.10000001639128,-4.75000001862645,0.));
#4784=CARTESIAN_POINT('',(-1.10000001639128,-3.50000005215406,0.));
#4785=CARTESIAN_POINT('Origin',(-1.60000002384186,-3.50000005215406,0.));
#4786=CARTESIAN_POINT('',(-1.60000002384186,-3.50000005215406,0.));
#4787=CARTESIAN_POINT('',(1.89999997615814,-3.50000005215406,0.));
#4788=CARTESIAN_POINT('',(-1.60000002384186,-3.50000005215406,0.));
#4789=CARTESIAN_POINT('Origin',(-1.10000001639128,-12.0000001788139,0.));
#4790=CARTESIAN_POINT('',(-1.10000001639128,-12.0000001788139,0.));
#4791=CARTESIAN_POINT('',(-1.60000002384186,-12.0000001788139,0.));
#4792=CARTESIAN_POINT('',(2.14999997988343,-12.0000001788139,0.));
#4793=CARTESIAN_POINT('',(-1.10000001639128,-12.0000001788139,0.));
#4794=CARTESIAN_POINT('',(-1.60000002384186,-12.0000001788139,0.));
#4795=CARTESIAN_POINT('Origin',(-1.10000001639128,-12.5000001862645,0.));
#4796=CARTESIAN_POINT('',(-1.10000001639128,-12.5000001862645,0.));
#4797=CARTESIAN_POINT('',(-1.10000001639128,-9.25000008568168,0.));
#4798=CARTESIAN_POINT('',(-1.10000001639128,-12.5000001862645,0.));
#4799=CARTESIAN_POINT('Origin',(-1.60000002384186,-12.5000001862645,0.));
#4800=CARTESIAN_POINT('',(-1.60000002384186,-12.5000001862645,0.));
#4801=CARTESIAN_POINT('',(1.89999997615814,-12.5000001862645,0.));
#4802=CARTESIAN_POINT('',(-1.60000002384186,-12.5000001862645,0.));
#4803=CARTESIAN_POINT('Origin',(-1.10000001639128,-1.00000001490116,0.));
#4804=CARTESIAN_POINT('',(-1.10000001639128,-1.00000001490116,0.));
#4805=CARTESIAN_POINT('',(-1.60000002384186,-1.00000001490116,0.));
#4806=CARTESIAN_POINT('',(2.14999997988343,-1.00000001490116,0.));
#4807=CARTESIAN_POINT('',(-1.10000001639128,-1.00000001490116,0.));
#4808=CARTESIAN_POINT('',(-1.60000002384186,-1.00000001490116,0.));
#4809=CARTESIAN_POINT('Origin',(-1.10000001639128,-1.50000002235174,0.));
#4810=CARTESIAN_POINT('',(-1.10000001639128,-1.50000002235174,0.));
#4811=CARTESIAN_POINT('',(-1.10000001639128,-3.75000000372529,0.));
#4812=CARTESIAN_POINT('',(-1.10000001639128,-1.50000002235174,0.));
#4813=CARTESIAN_POINT('Origin',(-1.60000002384186,-1.50000002235174,0.));
#4814=CARTESIAN_POINT('',(-1.60000002384186,-1.50000002235174,0.));
#4815=CARTESIAN_POINT('',(1.89999997615814,-1.50000002235174,0.));
#4816=CARTESIAN_POINT('',(-1.60000002384186,-1.50000002235174,0.));
#4817=CARTESIAN_POINT('Origin',(-1.10000001639128,-6.00000008940697,0.));
#4818=CARTESIAN_POINT('',(-1.10000001639128,-6.00000008940697,0.));
#4819=CARTESIAN_POINT('',(-1.60000002384186,-6.00000008940697,0.));
#4820=CARTESIAN_POINT('',(2.14999997988343,-6.00000008940697,0.));
#4821=CARTESIAN_POINT('',(-1.10000001639128,-6.00000008940697,0.));
#4822=CARTESIAN_POINT('',(-1.60000002384186,-6.00000008940697,0.));
#4823=CARTESIAN_POINT('Origin',(-1.10000001639128,-6.50000009685755,0.));
#4824=CARTESIAN_POINT('',(-1.10000001639128,-6.50000009685755,0.));
#4825=CARTESIAN_POINT('',(-1.10000001639128,-6.25000004097819,0.));
#4826=CARTESIAN_POINT('',(-1.10000001639128,-6.50000009685755,0.));
#4827=CARTESIAN_POINT('Origin',(-1.60000002384186,-6.50000009685755,0.));
#4828=CARTESIAN_POINT('',(-1.60000002384186,-6.50000009685755,0.));
#4829=CARTESIAN_POINT('',(1.89999997615814,-6.50000009685755,0.));
#4830=CARTESIAN_POINT('',(-1.60000002384186,-6.50000009685755,0.));
#4831=CARTESIAN_POINT('Origin',(-1.10000001639128,-5.00000007450581,0.));
#4832=CARTESIAN_POINT('',(-1.10000001639128,-5.00000007450581,0.));
#4833=CARTESIAN_POINT('',(-1.60000002384186,-5.00000007450581,0.));
#4834=CARTESIAN_POINT('',(2.14999997988343,-5.00000007450581,0.));
#4835=CARTESIAN_POINT('',(-1.10000001639128,-5.00000007450581,0.));
#4836=CARTESIAN_POINT('',(-1.60000002384186,-5.00000007450581,0.));
#4837=CARTESIAN_POINT('Origin',(-1.10000001639128,-5.50000008195639,0.));
#4838=CARTESIAN_POINT('',(-1.10000001639128,-5.50000008195639,0.));
#4839=CARTESIAN_POINT('',(-1.10000001639128,-5.75000003352761,0.));
#4840=CARTESIAN_POINT('',(-1.10000001639128,-5.50000008195639,0.));
#4841=CARTESIAN_POINT('Origin',(-1.60000002384186,-5.50000008195639,0.));
#4842=CARTESIAN_POINT('',(-1.60000002384186,-5.50000008195639,0.));
#4843=CARTESIAN_POINT('',(1.89999997615814,-5.50000008195639,0.));
#4844=CARTESIAN_POINT('',(-1.60000002384186,-5.50000008195639,0.));
#4845=CARTESIAN_POINT('Origin',(3.40000005066395,1.00000001490116,0.));
#4846=CARTESIAN_POINT('',(3.40000005066395,1.00000001490116,0.));
#4847=CARTESIAN_POINT('',(3.40000005066395,0.500000007450581,0.));
#4848=CARTESIAN_POINT('',(3.40000005066395,-2.49999998509884,0.));
#4849=CARTESIAN_POINT('',(3.40000005066395,1.00000001490116,0.));
#4850=CARTESIAN_POINT('',(3.40000005066395,0.500000007450581,0.));
#4851=CARTESIAN_POINT('Origin',(3.90000005811453,0.500000007450581,0.));
#4852=CARTESIAN_POINT('',(3.90000005811453,0.500000007450581,0.));
#4853=CARTESIAN_POINT('',(3.90000005811453,1.00000001490116,0.));
#4854=CARTESIAN_POINT('',(3.90000005811453,-2.74999998882413,0.));
#4855=CARTESIAN_POINT('',(3.90000005811453,0.500000007450581,0.));
#4856=CARTESIAN_POINT('',(3.90000005811453,1.00000001490116,0.));
#4857=CARTESIAN_POINT('Origin',(3.40000005066395,0.500000007450581,0.));
#4858=CARTESIAN_POINT('',(4.40000001341105,0.500000007450581,0.));
#4859=CARTESIAN_POINT('Origin',(11.9000001773238,-4.50000006705523,0.));
#4860=CARTESIAN_POINT('',(11.9000001773238,-4.50000006705523,0.));
#4861=CARTESIAN_POINT('',(12.4000001847744,-4.50000006705523,0.));
#4862=CARTESIAN_POINT('',(8.65000007674098,-4.50000006705523,0.));
#4863=CARTESIAN_POINT('',(11.9000001773238,-4.50000006705523,0.));
#4864=CARTESIAN_POINT('',(12.3999999761581,-4.50000006705523,0.));
#4865=CARTESIAN_POINT('Origin',(11.9000001773238,-4.00000005960464,0.));
#4866=CARTESIAN_POINT('',(11.9000001773238,-4.00000005960464,0.));
#4867=CARTESIAN_POINT('',(11.9000001773238,-5.00000002235174,0.));
#4868=CARTESIAN_POINT('',(11.9000001773238,-4.00000005960464,0.));
#4869=CARTESIAN_POINT('Origin',(12.4000001847744,-4.00000005960464,0.));
#4870=CARTESIAN_POINT('',(12.4000001847744,-4.00000005960464,0.));
#4871=CARTESIAN_POINT('',(8.90000008046627,-4.00000005960464,0.));
#4872=CARTESIAN_POINT('',(12.3999999761581,-4.00000005960464,0.));
#4873=CARTESIAN_POINT('Origin',(6.40000009536743,1.00000001490116,0.));
#4874=CARTESIAN_POINT('',(6.40000009536743,1.00000001490116,0.));
#4875=CARTESIAN_POINT('',(6.40000009536743,0.500000007450581,0.));
#4876=CARTESIAN_POINT('',(6.40000009536743,-2.49999998509884,0.));
#4877=CARTESIAN_POINT('',(6.40000009536743,1.00000001490116,0.));
#4878=CARTESIAN_POINT('',(6.40000009536743,0.500000007450581,0.));
#4879=CARTESIAN_POINT('Origin',(6.90000010281801,0.500000007450581,0.));
#4880=CARTESIAN_POINT('',(6.90000010281801,0.500000007450581,0.));
#4881=CARTESIAN_POINT('',(6.90000010281801,1.00000001490116,0.));
#4882=CARTESIAN_POINT('',(6.90000010281801,-2.74999998882413,0.));
#4883=CARTESIAN_POINT('',(6.90000010281801,0.500000007450581,0.));
#4884=CARTESIAN_POINT('',(6.90000010281801,1.00000001490116,0.));
#4885=CARTESIAN_POINT('Origin',(6.40000009536743,0.500000007450581,0.));
#4886=CARTESIAN_POINT('',(5.90000003576279,0.500000007450581,0.));
#4887=CARTESIAN_POINT('Origin',(11.9000001773238,-1.50000002235174,0.));
#4888=CARTESIAN_POINT('',(11.9000001773238,-1.50000002235174,0.));
#4889=CARTESIAN_POINT('',(12.4000001847744,-1.50000002235174,0.));
#4890=CARTESIAN_POINT('',(8.65000007674098,-1.50000002235174,0.));
#4891=CARTESIAN_POINT('',(11.9000001773238,-1.50000002235174,0.));
#4892=CARTESIAN_POINT('',(12.3999999761581,-1.50000002235174,0.));
#4893=CARTESIAN_POINT('Origin',(11.9000001773238,-1.00000001490116,0.));
#4894=CARTESIAN_POINT('',(11.9000001773238,-1.00000001490116,0.));
#4895=CARTESIAN_POINT('',(11.9000001773238,-3.5,0.));
#4896=CARTESIAN_POINT('',(11.9000001773238,-1.00000001490116,0.));
#4897=CARTESIAN_POINT('Origin',(12.4000001847744,-1.00000001490116,0.));
#4898=CARTESIAN_POINT('',(12.4000001847744,-1.00000001490116,0.));
#4899=CARTESIAN_POINT('',(8.90000008046627,-1.00000001490116,0.));
#4900=CARTESIAN_POINT('',(12.3999999761581,-1.00000001490116,0.));
#4901=CARTESIAN_POINT('Origin',(11.9000001773238,0.,0.));
#4902=CARTESIAN_POINT('',(11.9000001773238,0.,0.));
#4903=CARTESIAN_POINT('',(11.9000001773238,-0.500000007450581,0.));
#4904=CARTESIAN_POINT('',(11.9000001773238,-2.99999999254942,0.));
#4905=CARTESIAN_POINT('',(11.9000001773238,0.,0.));
#4906=CARTESIAN_POINT('',(11.9000001773238,-0.500000007450581,0.));
#4907=CARTESIAN_POINT('Origin',(12.4000001847744,0.,0.));
#4908=CARTESIAN_POINT('',(12.4000001847744,0.,0.));
#4909=CARTESIAN_POINT('',(8.90000008046627,0.,0.));
#4910=CARTESIAN_POINT('',(12.3999999761581,0.,0.));
#4911=CARTESIAN_POINT('Origin',(11.9000001773238,-0.500000007450581,0.));
#4912=CARTESIAN_POINT('',(12.4000001847744,-0.500000007450581,0.));
#4913=CARTESIAN_POINT('',(8.65000007674098,-0.500000007450581,0.));
#4914=CARTESIAN_POINT('',(12.3999999761581,-0.500000007450581,0.));
#4915=CARTESIAN_POINT('Origin',(11.9000001773238,-2.5000000372529,0.));
#4916=CARTESIAN_POINT('',(11.9000001773238,-2.5000000372529,0.));
#4917=CARTESIAN_POINT('',(12.4000001847744,-2.5000000372529,0.));
#4918=CARTESIAN_POINT('',(8.65000007674098,-2.5000000372529,0.));
#4919=CARTESIAN_POINT('',(11.9000001773238,-2.5000000372529,0.));
#4920=CARTESIAN_POINT('',(12.3999999761581,-2.5000000372529,0.));
#4921=CARTESIAN_POINT('Origin',(11.9000001773238,-2.00000002980232,0.));
#4922=CARTESIAN_POINT('',(11.9000001773238,-2.00000002980232,0.));
#4923=CARTESIAN_POINT('',(11.9000001773238,-4.00000000745058,0.));
#4924=CARTESIAN_POINT('',(11.9000001773238,-2.00000002980232,0.));
#4925=CARTESIAN_POINT('Origin',(12.4000001847744,-2.00000002980232,0.));
#4926=CARTESIAN_POINT('',(12.4000001847744,-2.00000002980232,0.));
#4927=CARTESIAN_POINT('',(8.90000008046627,-2.00000002980232,0.));
#4928=CARTESIAN_POINT('',(12.3999999761581,-2.00000002980232,0.));
#4929=CARTESIAN_POINT('Origin',(8.40000012516975,1.00000001490116,0.));
#4930=CARTESIAN_POINT('',(8.40000012516975,1.00000001490116,0.));
#4931=CARTESIAN_POINT('',(8.40000012516975,0.500000007450581,0.));
#4932=CARTESIAN_POINT('',(8.40000012516975,-2.49999998509884,0.));
#4933=CARTESIAN_POINT('',(8.40000012516975,1.00000001490116,0.));
#4934=CARTESIAN_POINT('',(8.40000012516975,0.500000007450581,0.));
#4935=CARTESIAN_POINT('Origin',(8.90000013262033,0.500000007450581,0.));
#4936=CARTESIAN_POINT('',(8.90000013262033,0.500000007450581,0.));
#4937=CARTESIAN_POINT('',(8.90000013262033,1.00000001490116,0.));
#4938=CARTESIAN_POINT('',(8.90000013262033,-2.74999998882413,0.));
#4939=CARTESIAN_POINT('',(8.90000013262033,0.500000007450581,0.));
#4940=CARTESIAN_POINT('',(8.90000013262033,1.00000001490116,0.));
#4941=CARTESIAN_POINT('Origin',(8.40000012516975,0.500000007450581,0.));
#4942=CARTESIAN_POINT('',(6.90000005066395,0.500000007450581,0.));
#4943=CARTESIAN_POINT('Origin',(7.40000011026859,1.00000001490116,0.));
#4944=CARTESIAN_POINT('',(7.40000011026859,1.00000001490116,0.));
#4945=CARTESIAN_POINT('',(7.40000011026859,0.500000007450581,0.));
#4946=CARTESIAN_POINT('',(7.40000011026859,-2.49999998509884,0.));
#4947=CARTESIAN_POINT('',(7.40000011026859,1.00000001490116,0.));
#4948=CARTESIAN_POINT('',(7.40000011026859,0.500000007450581,0.));
#4949=CARTESIAN_POINT('Origin',(7.90000011771917,0.500000007450581,0.));
#4950=CARTESIAN_POINT('',(7.90000011771917,0.500000007450581,0.));
#4951=CARTESIAN_POINT('',(7.90000011771917,1.00000001490116,0.));
#4952=CARTESIAN_POINT('',(7.90000011771917,-2.74999998882413,0.));
#4953=CARTESIAN_POINT('',(7.90000011771917,0.500000007450581,0.));
#4954=CARTESIAN_POINT('',(7.90000011771917,1.00000001490116,0.));
#4955=CARTESIAN_POINT('Origin',(7.40000011026859,0.500000007450581,0.));
#4956=CARTESIAN_POINT('',(6.40000004321337,0.500000007450581,0.));
#4957=CARTESIAN_POINT('Origin',(11.4000001698732,1.00000001490116,0.));
#4958=CARTESIAN_POINT('',(11.4000001698732,1.00000001490116,0.));
#4959=CARTESIAN_POINT('',(11.4000001698732,0.500000007450581,0.));
#4960=CARTESIAN_POINT('',(11.4000001698732,-2.49999998509884,0.));
#4961=CARTESIAN_POINT('',(11.4000001698732,1.00000001490116,0.));
#4962=CARTESIAN_POINT('',(11.4000001698732,0.500000007450581,0.));
#4963=CARTESIAN_POINT('Origin',(11.9000001773238,0.500000007450581,0.));
#4964=CARTESIAN_POINT('',(11.9000001773238,0.500000007450581,0.));
#4965=CARTESIAN_POINT('',(11.9000001773238,1.00000001490116,0.));
#4966=CARTESIAN_POINT('',(11.9000001773238,-2.74999998882413,0.));
#4967=CARTESIAN_POINT('',(11.9000001773238,0.500000007450581,0.));
#4968=CARTESIAN_POINT('',(11.9000001773238,1.00000001490116,0.));
#4969=CARTESIAN_POINT('Origin',(11.4000001698732,0.500000007450581,0.));
#4970=CARTESIAN_POINT('',(8.40000007301569,0.500000007450581,0.));
#4971=CARTESIAN_POINT('Origin',(11.9000001773238,-6.50000009685755,0.));
#4972=CARTESIAN_POINT('',(11.9000001773238,-6.50000009685755,0.));
#4973=CARTESIAN_POINT('',(12.4000001847744,-6.50000009685755,0.));
#4974=CARTESIAN_POINT('',(8.65000007674098,-6.50000009685755,0.));
#4975=CARTESIAN_POINT('',(11.9000001773238,-6.50000009685755,0.));
#4976=CARTESIAN_POINT('',(12.3999999761581,-6.50000009685755,0.));
#4977=CARTESIAN_POINT('Origin',(11.9000001773238,-6.00000008940697,0.));
#4978=CARTESIAN_POINT('',(11.9000001773238,-6.00000008940697,0.));
#4979=CARTESIAN_POINT('',(11.9000001773238,-6.0000000372529,0.));
#4980=CARTESIAN_POINT('',(11.9000001773238,-6.00000008940697,0.));
#4981=CARTESIAN_POINT('Origin',(12.4000001847744,-6.00000008940697,0.));
#4982=CARTESIAN_POINT('',(12.4000001847744,-6.00000008940697,0.));
#4983=CARTESIAN_POINT('',(8.90000008046627,-6.00000008940697,0.));
#4984=CARTESIAN_POINT('',(12.3999999761581,-6.00000008940697,0.));
#4985=CARTESIAN_POINT('Origin',(11.9000001773238,-5.50000008195639,0.));
#4986=CARTESIAN_POINT('',(11.9000001773238,-5.50000008195639,0.));
#4987=CARTESIAN_POINT('',(12.4000001847744,-5.50000008195639,0.));
#4988=CARTESIAN_POINT('',(8.65000007674098,-5.50000008195639,0.));
#4989=CARTESIAN_POINT('',(11.9000001773238,-5.50000008195639,0.));
#4990=CARTESIAN_POINT('',(12.3999999761581,-5.50000008195639,0.));
#4991=CARTESIAN_POINT('Origin',(11.9000001773238,-5.00000007450581,0.));
#4992=CARTESIAN_POINT('',(11.9000001773238,-5.00000007450581,0.));
#4993=CARTESIAN_POINT('',(11.9000001773238,-5.50000002980232,0.));
#4994=CARTESIAN_POINT('',(11.9000001773238,-5.00000007450581,0.));
#4995=CARTESIAN_POINT('Origin',(12.4000001847744,-5.00000007450581,0.));
#4996=CARTESIAN_POINT('',(12.4000001847744,-5.00000007450581,0.));
#4997=CARTESIAN_POINT('',(8.90000008046627,-5.00000007450581,0.));
#4998=CARTESIAN_POINT('',(12.3999999761581,-5.00000007450581,0.));
#4999=CARTESIAN_POINT('Origin',(10.4000001549721,1.00000001490116,0.));
#5000=CARTESIAN_POINT('',(10.4000001549721,1.00000001490116,0.));
#5001=CARTESIAN_POINT('',(10.4000001549721,0.500000007450581,0.));
#5002=CARTESIAN_POINT('',(10.4000001549721,-2.49999998509884,0.));
#5003=CARTESIAN_POINT('',(10.4000001549721,1.00000001490116,0.));
#5004=CARTESIAN_POINT('',(10.4000001549721,0.500000007450581,0.));
#5005=CARTESIAN_POINT('Origin',(10.9000001624227,0.500000007450581,0.));
#5006=CARTESIAN_POINT('',(10.9000001624227,0.500000007450581,0.));
#5007=CARTESIAN_POINT('',(10.9000001624227,1.00000001490116,0.));
#5008=CARTESIAN_POINT('',(10.9000001624227,-2.74999998882413,0.));
#5009=CARTESIAN_POINT('',(10.9000001624227,0.500000007450581,0.));
#5010=CARTESIAN_POINT('',(10.9000001624227,1.00000001490116,0.));
#5011=CARTESIAN_POINT('Origin',(10.4000001549721,0.500000007450581,0.));
#5012=CARTESIAN_POINT('',(7.90000006556511,0.500000007450581,0.));
#5013=CARTESIAN_POINT('Origin',(9.40000014007092,1.00000001490116,0.));
#5014=CARTESIAN_POINT('',(9.40000014007092,1.00000001490116,0.));
#5015=CARTESIAN_POINT('',(9.40000014007092,0.500000007450581,0.));
#5016=CARTESIAN_POINT('',(9.40000014007092,-2.49999998509884,0.));
#5017=CARTESIAN_POINT('',(9.40000014007092,1.00000001490116,0.));
#5018=CARTESIAN_POINT('',(9.40000014007092,0.500000007450581,0.));
#5019=CARTESIAN_POINT('Origin',(9.9000001475215,0.500000007450581,0.));
#5020=CARTESIAN_POINT('',(9.9000001475215,0.500000007450581,0.));
#5021=CARTESIAN_POINT('',(9.9000001475215,1.00000001490116,0.));
#5022=CARTESIAN_POINT('',(9.9000001475215,-2.74999998882413,0.));
#5023=CARTESIAN_POINT('',(9.9000001475215,0.500000007450581,0.));
#5024=CARTESIAN_POINT('',(9.9000001475215,1.00000001490116,0.));
#5025=CARTESIAN_POINT('Origin',(9.40000014007092,0.500000007450581,0.));
#5026=CARTESIAN_POINT('',(7.40000005811453,0.500000007450581,0.));
#5027=CARTESIAN_POINT('Origin',(5.40000008046627,1.00000001490116,0.));
#5028=CARTESIAN_POINT('',(5.40000008046627,1.00000001490116,0.));
#5029=CARTESIAN_POINT('',(5.40000008046627,0.500000007450581,0.));
#5030=CARTESIAN_POINT('',(5.40000008046627,-2.49999998509884,0.));
#5031=CARTESIAN_POINT('',(5.40000008046627,1.00000001490116,0.));
#5032=CARTESIAN_POINT('',(5.40000008046627,0.500000007450581,0.));
#5033=CARTESIAN_POINT('Origin',(5.90000008791685,0.500000007450581,0.));
#5034=CARTESIAN_POINT('',(5.90000008791685,0.500000007450581,0.));
#5035=CARTESIAN_POINT('',(5.90000008791685,1.00000001490116,0.));
#5036=CARTESIAN_POINT('',(5.90000008791685,-2.74999998882413,0.));
#5037=CARTESIAN_POINT('',(5.90000008791685,0.500000007450581,0.));
#5038=CARTESIAN_POINT('',(5.90000008791685,1.00000001490116,0.));
#5039=CARTESIAN_POINT('Origin',(5.40000008046627,0.500000007450581,0.));
#5040=CARTESIAN_POINT('',(5.40000002831221,0.500000007450581,0.));
#5041=CARTESIAN_POINT('Origin',(4.40000006556511,1.00000001490116,0.));
#5042=CARTESIAN_POINT('',(4.40000006556511,1.00000001490116,0.));
#5043=CARTESIAN_POINT('',(4.40000006556511,0.500000007450581,0.));
#5044=CARTESIAN_POINT('',(4.40000006556511,-2.49999998509884,0.));
#5045=CARTESIAN_POINT('',(4.40000006556511,1.00000001490116,0.));
#5046=CARTESIAN_POINT('',(4.40000006556511,0.500000007450581,0.));
#5047=CARTESIAN_POINT('Origin',(4.90000007301569,0.500000007450581,0.));
#5048=CARTESIAN_POINT('',(4.90000007301569,0.500000007450581,0.));
#5049=CARTESIAN_POINT('',(4.90000007301569,1.00000001490116,0.));
#5050=CARTESIAN_POINT('',(4.90000007301569,-2.74999998882413,0.));
#5051=CARTESIAN_POINT('',(4.90000007301569,0.500000007450581,0.));
#5052=CARTESIAN_POINT('',(4.90000007301569,1.00000001490116,0.));
#5053=CARTESIAN_POINT('Origin',(4.40000006556511,0.500000007450581,0.));
#5054=CARTESIAN_POINT('',(4.90000002086163,0.500000007450581,0.));
#5055=CARTESIAN_POINT('Origin',(11.9000001773238,-3.50000005215406,0.));
#5056=CARTESIAN_POINT('',(11.9000001773238,-3.50000005215406,0.));
#5057=CARTESIAN_POINT('',(12.4000001847744,-3.50000005215406,0.));
#5058=CARTESIAN_POINT('',(8.65000007674098,-3.50000005215406,0.));
#5059=CARTESIAN_POINT('',(11.9000001773238,-3.50000005215406,0.));
#5060=CARTESIAN_POINT('',(12.3999999761581,-3.50000005215406,0.));
#5061=CARTESIAN_POINT('Origin',(11.9000001773238,-3.00000004470348,0.));
#5062=CARTESIAN_POINT('',(11.9000001773238,-3.00000004470348,0.));
#5063=CARTESIAN_POINT('',(11.9000001773238,-4.50000001490116,0.));
#5064=CARTESIAN_POINT('',(11.9000001773238,-3.00000004470348,0.));
#5065=CARTESIAN_POINT('Origin',(12.4000001847744,-3.00000004470348,0.));
#5066=CARTESIAN_POINT('',(12.4000001847744,-3.00000004470348,0.));
#5067=CARTESIAN_POINT('',(8.90000008046627,-3.00000004470348,0.));
#5068=CARTESIAN_POINT('',(12.3999999761581,-3.00000004470348,0.));
#5069=CARTESIAN_POINT('Origin',(-1.10000001639128,-11.0000001639128,0.));
#5070=CARTESIAN_POINT('',(-1.10000001639128,-11.0000001639128,0.));
#5071=CARTESIAN_POINT('',(-1.60000002384186,-11.0000001639128,0.));
#5072=CARTESIAN_POINT('',(2.14999997988343,-11.0000001639128,0.));
#5073=CARTESIAN_POINT('',(-1.10000001639128,-11.0000001639128,0.));
#5074=CARTESIAN_POINT('',(-1.60000002384186,-11.0000001639128,0.));
#5075=CARTESIAN_POINT('Origin',(-1.10000001639128,-11.5000001713634,0.));
#5076=CARTESIAN_POINT('',(-1.10000001639128,-11.5000001713634,0.));
#5077=CARTESIAN_POINT('',(-1.10000001639128,-8.7500000782311,0.));
#5078=CARTESIAN_POINT('',(-1.10000001639128,-11.5000001713634,0.));
#5079=CARTESIAN_POINT('Origin',(-1.60000002384186,-11.5000001713634,0.));
#5080=CARTESIAN_POINT('',(-1.60000002384186,-11.5000001713634,0.));
#5081=CARTESIAN_POINT('',(1.89999997615814,-11.5000001713634,0.));
#5082=CARTESIAN_POINT('',(-1.60000002384186,-11.5000001713634,0.));
#5083=CARTESIAN_POINT('Origin',(-1.10000001639128,-4.00000005960464,0.));
#5084=CARTESIAN_POINT('',(-1.10000001639128,-4.00000005960464,0.));
#5085=CARTESIAN_POINT('',(-1.60000002384186,-4.00000005960464,0.));
#5086=CARTESIAN_POINT('',(2.14999997988343,-4.00000005960464,0.));
#5087=CARTESIAN_POINT('',(-1.10000001639128,-4.00000005960464,0.));
#5088=CARTESIAN_POINT('',(-1.60000002384186,-4.00000005960464,0.));
#5089=CARTESIAN_POINT('Origin',(-1.10000001639128,-4.50000006705523,0.));
#5090=CARTESIAN_POINT('',(-1.10000001639128,-4.50000006705523,0.));
#5091=CARTESIAN_POINT('',(-1.10000001639128,-5.25000002607703,0.));
#5092=CARTESIAN_POINT('',(-1.10000001639128,-4.50000006705523,0.));
#5093=CARTESIAN_POINT('Origin',(-1.60000002384186,-4.50000006705523,0.));
#5094=CARTESIAN_POINT('',(-1.60000002384186,-4.50000006705523,0.));
#5095=CARTESIAN_POINT('',(1.89999997615814,-4.50000006705523,0.));
#5096=CARTESIAN_POINT('',(-1.60000002384186,-4.50000006705523,0.));
#5097=CARTESIAN_POINT('Origin',(-1.10000001639128,-10.0000001490116,0.));
#5098=CARTESIAN_POINT('',(-1.10000001639128,-10.0000001490116,0.));
#5099=CARTESIAN_POINT('',(-1.60000002384186,-10.0000001490116,0.));
#5100=CARTESIAN_POINT('',(2.14999997988343,-10.0000001490116,0.));
#5101=CARTESIAN_POINT('',(-1.10000001639128,-10.0000001490116,0.));
#5102=CARTESIAN_POINT('',(-1.60000002384186,-10.0000001490116,0.));
#5103=CARTESIAN_POINT('Origin',(-1.10000001639128,-10.5000001564622,0.));
#5104=CARTESIAN_POINT('',(-1.10000001639128,-10.5000001564622,0.));
#5105=CARTESIAN_POINT('',(-1.10000001639128,-8.25000007078052,0.));
#5106=CARTESIAN_POINT('',(-1.10000001639128,-10.5000001564622,0.));
#5107=CARTESIAN_POINT('Origin',(-1.60000002384186,-10.5000001564622,0.));
#5108=CARTESIAN_POINT('',(-1.60000002384186,-10.5000001564622,0.));
#5109=CARTESIAN_POINT('',(1.89999997615814,-10.5000001564622,0.));
#5110=CARTESIAN_POINT('',(-1.60000002384186,-10.5000001564622,0.));
#5111=CARTESIAN_POINT('Origin',(-1.10000001639128,-7.00000010430813,0.));
#5112=CARTESIAN_POINT('',(-1.10000001639128,-7.00000010430813,0.));
#5113=CARTESIAN_POINT('',(-1.60000002384186,-7.00000010430813,0.));
#5114=CARTESIAN_POINT('',(2.14999997988343,-7.00000010430813,0.));
#5115=CARTESIAN_POINT('',(-1.10000001639128,-7.00000010430813,0.));
#5116=CARTESIAN_POINT('',(-1.60000002384186,-7.00000010430813,0.));
#5117=CARTESIAN_POINT('Origin',(-1.10000001639128,-7.50000011175871,0.));
#5118=CARTESIAN_POINT('',(-1.10000001639128,-7.50000011175871,0.));
#5119=CARTESIAN_POINT('',(-1.10000001639128,-6.75000004842877,0.));
#5120=CARTESIAN_POINT('',(-1.10000001639128,-7.50000011175871,0.));
#5121=CARTESIAN_POINT('Origin',(-1.60000002384186,-7.50000011175871,0.));
#5122=CARTESIAN_POINT('',(-1.60000002384186,-7.50000011175871,0.));
#5123=CARTESIAN_POINT('',(1.89999997615814,-7.50000011175871,0.));
#5124=CARTESIAN_POINT('',(-1.60000002384186,-7.50000011175871,0.));
#5125=CARTESIAN_POINT('Origin',(-1.10000001639128,-8.00000011920929,0.));
#5126=CARTESIAN_POINT('',(-1.10000001639128,-8.00000011920929,0.));
#5127=CARTESIAN_POINT('',(-1.60000002384186,-8.00000011920929,0.));
#5128=CARTESIAN_POINT('',(2.14999997988343,-8.00000011920929,0.));
#5129=CARTESIAN_POINT('',(-1.10000001639128,-8.00000011920929,0.));
#5130=CARTESIAN_POINT('',(-1.60000002384186,-8.00000011920929,0.));
#5131=CARTESIAN_POINT('Origin',(-1.10000001639128,-8.50000012665987,0.));
#5132=CARTESIAN_POINT('',(-1.10000001639128,-8.50000012665987,0.));
#5133=CARTESIAN_POINT('',(-1.10000001639128,-7.25000005587935,0.));
#5134=CARTESIAN_POINT('',(-1.10000001639128,-8.50000012665987,0.));
#5135=CARTESIAN_POINT('Origin',(-1.60000002384186,-8.50000012665987,0.));
#5136=CARTESIAN_POINT('',(-1.60000002384186,-8.50000012665987,0.));
#5137=CARTESIAN_POINT('',(1.89999997615814,-8.50000012665987,0.));
#5138=CARTESIAN_POINT('',(-1.60000002384186,-8.50000012665987,0.));
#5139=CARTESIAN_POINT('Origin',(-1.10000001639128,-9.00000013411045,0.));
#5140=CARTESIAN_POINT('',(-1.10000001639128,-9.00000013411045,0.));
#5141=CARTESIAN_POINT('',(-1.60000002384186,-9.00000013411045,0.));
#5142=CARTESIAN_POINT('',(2.14999997988343,-9.00000013411045,0.));
#5143=CARTESIAN_POINT('',(-1.10000001639128,-9.00000013411045,0.));
#5144=CARTESIAN_POINT('',(-1.60000002384186,-9.00000013411045,0.));
#5145=CARTESIAN_POINT('Origin',(-1.10000001639128,-9.50000014156103,0.));
#5146=CARTESIAN_POINT('',(-1.10000001639128,-9.50000014156103,0.));
#5147=CARTESIAN_POINT('',(-1.10000001639128,-7.75000006332994,0.));
#5148=CARTESIAN_POINT('',(-1.10000001639128,-9.50000014156103,0.));
#5149=CARTESIAN_POINT('Origin',(-1.60000002384186,-9.50000014156103,0.));
#5150=CARTESIAN_POINT('',(-1.60000002384186,-9.50000014156103,0.));
#5151=CARTESIAN_POINT('',(1.89999997615814,-9.50000014156103,0.));
#5152=CARTESIAN_POINT('',(-1.60000002384186,-9.50000014156103,0.));
#5153=CARTESIAN_POINT('Origin',(11.9000001773238,-9.50000014156103,0.));
#5154=CARTESIAN_POINT('',(11.9000001773238,-9.50000014156103,0.));
#5155=CARTESIAN_POINT('',(12.4000001847744,-9.50000014156103,0.));
#5156=CARTESIAN_POINT('',(8.65000007674098,-9.50000014156103,0.));
#5157=CARTESIAN_POINT('',(11.9000001773238,-9.50000014156103,0.));
#5158=CARTESIAN_POINT('',(12.3999999761581,-9.50000014156103,0.));
#5159=CARTESIAN_POINT('Origin',(11.9000001773238,-9.00000013411045,0.));
#5160=CARTESIAN_POINT('',(11.9000001773238,-9.00000013411045,0.));
#5161=CARTESIAN_POINT('',(11.9000001773238,-7.50000005960464,0.));
#5162=CARTESIAN_POINT('',(11.9000001773238,-9.00000013411045,0.));
#5163=CARTESIAN_POINT('Origin',(12.4000001847744,-9.00000013411045,0.));
#5164=CARTESIAN_POINT('',(12.4000001847744,-9.00000013411045,0.));
#5165=CARTESIAN_POINT('',(8.90000008046627,-9.00000013411045,0.));
#5166=CARTESIAN_POINT('',(12.3999999761581,-9.00000013411045,0.));
#5167=CARTESIAN_POINT('Origin',(11.9000001773238,-7.50000011175871,0.));
#5168=CARTESIAN_POINT('',(11.9000001773238,-7.50000011175871,0.));
#5169=CARTESIAN_POINT('',(12.4000001847744,-7.50000011175871,0.));
#5170=CARTESIAN_POINT('',(8.65000007674098,-7.50000011175871,0.));
#5171=CARTESIAN_POINT('',(11.9000001773238,-7.50000011175871,0.));
#5172=CARTESIAN_POINT('',(12.3999999761581,-7.50000011175871,0.));
#5173=CARTESIAN_POINT('Origin',(11.9000001773238,-7.00000010430813,0.));
#5174=CARTESIAN_POINT('',(11.9000001773238,-7.00000010430813,0.));
#5175=CARTESIAN_POINT('',(11.9000001773238,-6.50000004470348,0.));
#5176=CARTESIAN_POINT('',(11.9000001773238,-7.00000010430813,0.));
#5177=CARTESIAN_POINT('Origin',(12.4000001847744,-7.00000010430813,0.));
#5178=CARTESIAN_POINT('',(12.4000001847744,-7.00000010430813,0.));
#5179=CARTESIAN_POINT('',(8.90000008046627,-7.00000010430813,0.));
#5180=CARTESIAN_POINT('',(12.3999999761581,-7.00000010430813,0.));
#5181=CARTESIAN_POINT('Origin',(11.9000001773238,-12.5000001862645,0.));
#5182=CARTESIAN_POINT('',(11.9000001773238,-12.5000001862645,0.));
#5183=CARTESIAN_POINT('',(12.4000001847744,-12.5000001862645,0.));
#5184=CARTESIAN_POINT('',(8.65000007674098,-12.5000001862645,0.));
#5185=CARTESIAN_POINT('',(11.9000001773238,-12.5000001862645,0.));
#5186=CARTESIAN_POINT('',(12.3999999761581,-12.5000001862645,0.));
#5187=CARTESIAN_POINT('Origin',(11.9000001773238,-12.0000001788139,0.));
#5188=CARTESIAN_POINT('',(11.9000001773238,-12.0000001788139,0.));
#5189=CARTESIAN_POINT('',(11.9000001773238,-9.00000008195639,0.));
#5190=CARTESIAN_POINT('',(11.9000001773238,-12.0000001788139,0.));
#5191=CARTESIAN_POINT('Origin',(12.4000001847744,-12.0000001788139,0.));
#5192=CARTESIAN_POINT('',(12.4000001847744,-12.0000001788139,0.));
#5193=CARTESIAN_POINT('',(8.90000008046627,-12.0000001788139,0.));
#5194=CARTESIAN_POINT('',(12.3999999761581,-12.0000001788139,0.));
#5195=CARTESIAN_POINT('Origin',(1.40000002086163,1.00000001490116,0.));
#5196=CARTESIAN_POINT('',(1.40000002086163,1.00000001490116,0.));
#5197=CARTESIAN_POINT('',(1.40000002086163,0.500000007450581,0.));
#5198=CARTESIAN_POINT('',(1.40000002086163,-2.49999998509884,0.));
#5199=CARTESIAN_POINT('',(1.40000002086163,1.00000001490116,0.));
#5200=CARTESIAN_POINT('',(1.40000002086163,0.500000007450581,0.));
#5201=CARTESIAN_POINT('Origin',(1.90000002831221,0.500000007450581,0.));
#5202=CARTESIAN_POINT('',(1.90000002831221,0.500000007450581,0.));
#5203=CARTESIAN_POINT('',(1.90000002831221,1.00000001490116,0.));
#5204=CARTESIAN_POINT('',(1.90000002831221,-2.74999998882413,0.));
#5205=CARTESIAN_POINT('',(1.90000002831221,0.500000007450581,0.));
#5206=CARTESIAN_POINT('',(1.90000002831221,1.00000001490116,0.));
#5207=CARTESIAN_POINT('Origin',(1.40000002086163,0.500000007450581,0.));
#5208=CARTESIAN_POINT('',(3.39999999850988,0.500000007450581,0.));
#5209=CARTESIAN_POINT('Origin',(2.40000003576279,1.00000001490116,0.));
#5210=CARTESIAN_POINT('',(2.40000003576279,1.00000001490116,0.));
#5211=CARTESIAN_POINT('',(2.40000003576279,0.500000007450581,0.));
#5212=CARTESIAN_POINT('',(2.40000003576279,-2.49999998509884,0.));
#5213=CARTESIAN_POINT('',(2.40000003576279,1.00000001490116,0.));
#5214=CARTESIAN_POINT('',(2.40000003576279,0.500000007450581,0.));
#5215=CARTESIAN_POINT('Origin',(2.90000004321337,0.500000007450581,0.));
#5216=CARTESIAN_POINT('',(2.90000004321337,0.500000007450581,0.));
#5217=CARTESIAN_POINT('',(2.90000004321337,1.00000001490116,0.));
#5218=CARTESIAN_POINT('',(2.90000004321337,-2.74999998882413,0.));
#5219=CARTESIAN_POINT('',(2.90000004321337,0.500000007450581,0.));
#5220=CARTESIAN_POINT('',(2.90000004321337,1.00000001490116,0.));
#5221=CARTESIAN_POINT('Origin',(2.40000003576279,0.500000007450581,0.));
#5222=CARTESIAN_POINT('',(3.90000000596046,0.500000007450581,0.));
#5223=CARTESIAN_POINT('Origin',(-0.100000001490116,0.500000007450581,0.));
#5224=CARTESIAN_POINT('',(-0.100000001490116,0.500000007450581,0.));
#5225=CARTESIAN_POINT('',(-0.100000001490116,1.00000001490116,0.));
#5226=CARTESIAN_POINT('',(-0.100000001490116,-2.74999998882413,0.));
#5227=CARTESIAN_POINT('',(-0.100000001490116,0.500000007450581,0.));
#5228=CARTESIAN_POINT('',(-0.100000001490116,1.00000001490116,0.));
#5229=CARTESIAN_POINT('Origin',(-0.600000008940697,0.500000007450581,0.));
#5230=CARTESIAN_POINT('',(-0.600000008940697,0.500000007450581,0.));
#5231=CARTESIAN_POINT('',(2.39999998360872,0.500000007450581,0.));
#5232=CARTESIAN_POINT('',(-0.600000008940697,0.500000007450581,0.));
#5233=CARTESIAN_POINT('Origin',(-0.600000008940697,1.00000001490116,0.));
#5234=CARTESIAN_POINT('',(-0.600000008940697,1.00000001490116,0.));
#5235=CARTESIAN_POINT('',(-0.600000008940697,-2.49999998509884,0.));
#5236=CARTESIAN_POINT('',(-0.600000008940697,1.00000001490116,0.));
#5237=CARTESIAN_POINT('Origin',(-1.60000002384186,1.00000001490116,0.));
#5238=CARTESIAN_POINT('',(-1.60000002384186,-12.9999999850988,0.));
#5239=CARTESIAN_POINT('',(-1.60000002384186,-12.9999999850988,0.));
#5240=CARTESIAN_POINT('',(-1.60000002384186,-12.9999999850988,0.));
#5241=CARTESIAN_POINT('Origin',(-1.60000002384186,1.00000001490116,0.));
#5242=CARTESIAN_POINT('',(-1.60000002384186,-12.9999999850988,0.));
#5243=CARTESIAN_POINT('Origin',(-1.60000002384186,1.00000001490116,0.));
#5244=CARTESIAN_POINT('',(-1.60000002384186,-12.9999999850988,0.));
#5245=CARTESIAN_POINT('Origin',(-1.60000002384186,1.00000001490116,0.));
#5246=CARTESIAN_POINT('',(-1.60000002384186,-12.9999999850988,0.));
#5247=CARTESIAN_POINT('Origin',(-1.60000002384186,1.00000001490116,0.));
#5248=CARTESIAN_POINT('',(-1.60000002384186,-12.9999999850988,0.));
#5249=CARTESIAN_POINT('Origin',(-1.60000002384186,1.00000001490116,0.));
#5250=CARTESIAN_POINT('',(-1.60000002384186,-12.9999999850988,0.));
#5251=CARTESIAN_POINT('Origin',(-1.60000002384186,1.00000001490116,0.));
#5252=CARTESIAN_POINT('',(-1.60000002384186,-12.9999999850988,0.));
#5253=CARTESIAN_POINT('Origin',(-1.60000002384186,1.00000001490116,0.));
#5254=CARTESIAN_POINT('',(-1.60000002384186,-12.9999999850988,0.));
#5255=CARTESIAN_POINT('Origin',(-1.60000002384186,1.00000001490116,0.));
#5256=CARTESIAN_POINT('',(-1.60000002384186,-12.9999999850988,0.));
#5257=CARTESIAN_POINT('Origin',(-1.60000002384186,1.00000001490116,0.));
#5258=CARTESIAN_POINT('',(-1.60000002384186,-12.9999999850988,0.));
#5259=CARTESIAN_POINT('Origin',(-1.60000002384186,1.00000001490116,0.));
#5260=CARTESIAN_POINT('',(-1.60000002384186,-12.9999999850988,0.));
#5261=CARTESIAN_POINT('Origin',(-1.60000002384186,1.00000001490116,0.));
#5262=CARTESIAN_POINT('',(-1.60000002384186,-12.9999999850988,0.));
#5263=CARTESIAN_POINT('Origin',(-1.60000002384186,1.00000001490116,0.));
#5264=CARTESIAN_POINT('',(-1.60000002384186,-12.9999999850988,0.));
#5265=CARTESIAN_POINT('Origin',(12.3999999761581,-12.9999999850988,0.));
#5266=CARTESIAN_POINT('',(12.3999999761581,-12.9999999850988,0.));
#5267=CARTESIAN_POINT('',(12.3999999761581,-12.9999999850988,0.));
#5268=CARTESIAN_POINT('',(12.3999999761581,1.00000001490116,0.));
#5269=CARTESIAN_POINT('Origin',(12.3999999761581,-12.9999999850988,0.));
#5270=CARTESIAN_POINT('',(12.3999999761581,1.00000001490116,0.));
#5271=CARTESIAN_POINT('Origin',(12.3999999761581,-12.9999999850988,0.));
#5272=CARTESIAN_POINT('',(12.3999999761581,1.00000001490116,0.));
#5273=CARTESIAN_POINT('Origin',(12.3999999761581,-12.9999999850988,0.));
#5274=CARTESIAN_POINT('',(12.3999999761581,1.00000001490116,0.));
#5275=CARTESIAN_POINT('Origin',(12.3999999761581,-12.9999999850988,0.));
#5276=CARTESIAN_POINT('',(12.3999999761581,1.00000001490116,0.));
#5277=CARTESIAN_POINT('',(12.3999999761581,1.00000001490116,0.));
#5278=CARTESIAN_POINT('',(12.3999999761581,1.00000001490116,0.));
#5279=CARTESIAN_POINT('Origin',(12.3999999761581,-12.9999999850988,0.));
#5280=CARTESIAN_POINT('',(12.3999999761581,1.00000001490116,0.));
#5281=CARTESIAN_POINT('Origin',(12.3999999761581,-12.9999999850988,0.));
#5282=CARTESIAN_POINT('',(12.3999999761581,1.00000001490116,0.));
#5283=CARTESIAN_POINT('Origin',(12.3999999761581,-12.9999999850988,0.));
#5284=CARTESIAN_POINT('',(12.3999999761581,1.00000001490116,0.));
#5285=CARTESIAN_POINT('Origin',(12.3999999761581,-12.9999999850988,0.));
#5286=CARTESIAN_POINT('',(12.3999999761581,1.00000001490116,0.));
#5287=CARTESIAN_POINT('Origin',(12.3999999761581,-12.9999999850988,0.));
#5288=CARTESIAN_POINT('',(12.3999999761581,1.00000001490116,0.));
#5289=CARTESIAN_POINT('Origin',(12.3999999761581,-12.9999999850988,0.));
#5290=CARTESIAN_POINT('',(12.3999999761581,1.00000001490116,0.));
#5291=CARTESIAN_POINT('Origin',(12.3999999761581,-12.9999999850988,0.));
#5292=CARTESIAN_POINT('',(12.3999999761581,1.00000001490116,0.));
#5293=CARTESIAN_POINT('Origin',(12.3999999761581,-12.9999999850988,0.));
#5294=CARTESIAN_POINT('',(12.3999999761581,1.00000001490116,0.));
#5295=CARTESIAN_POINT('Origin',(12.3999999761581,1.00000001490116,0.));
#5296=CARTESIAN_POINT('',(-1.60000002384186,1.00000001490116,0.));
#5297=CARTESIAN_POINT('Origin',(12.3999999761581,1.00000001490116,0.));
#5298=CARTESIAN_POINT('',(-1.60000002384186,1.00000001490116,0.));
#5299=CARTESIAN_POINT('Origin',(12.3999999761581,1.00000001490116,0.));
#5300=CARTESIAN_POINT('',(-1.60000002384186,1.00000001490116,0.));
#5301=CARTESIAN_POINT('Origin',(12.3999999761581,1.00000001490116,0.));
#5302=CARTESIAN_POINT('',(-1.60000002384186,1.00000001490116,0.));
#5303=CARTESIAN_POINT('Origin',(12.3999999761581,1.00000001490116,0.));
#5304=CARTESIAN_POINT('',(-1.60000002384186,1.00000001490116,0.));
#5305=CARTESIAN_POINT('Origin',(12.3999999761581,1.00000001490116,0.));
#5306=CARTESIAN_POINT('',(-1.60000002384186,1.00000001490116,0.));
#5307=CARTESIAN_POINT('Origin',(12.3999999761581,1.00000001490116,0.));
#5308=CARTESIAN_POINT('',(-1.60000002384186,1.00000001490116,0.));
#5309=CARTESIAN_POINT('Origin',(12.3999999761581,1.00000001490116,0.));
#5310=CARTESIAN_POINT('',(-1.60000002384186,1.00000001490116,0.));
#5311=CARTESIAN_POINT('Origin',(12.3999999761581,1.00000001490116,0.));
#5312=CARTESIAN_POINT('',(-1.60000002384186,1.00000001490116,0.));
#5313=CARTESIAN_POINT('Origin',(12.3999999761581,1.00000001490116,0.));
#5314=CARTESIAN_POINT('',(-1.60000002384186,1.00000001490116,0.));
#5315=CARTESIAN_POINT('Origin',(12.3999999761581,1.00000001490116,0.));
#5316=CARTESIAN_POINT('',(-1.60000002384186,1.00000001490116,0.));
#5317=CARTESIAN_POINT('Origin',(12.3999999761581,1.00000001490116,0.));
#5318=CARTESIAN_POINT('',(-1.60000002384186,1.00000001490116,0.));
#5319=CARTESIAN_POINT('Origin',(12.3999999761581,1.00000001490116,0.));
#5320=CARTESIAN_POINT('',(-1.60000002384186,1.00000001490116,0.));
#5321=CARTESIAN_POINT('Origin',(5.39999997615814,-5.99999998509884,0.));
#5322=CARTESIAN_POINT('',(-1.60000002384186,1.00000001490116,0.));
#5323=CARTESIAN_POINT('',(12.3999999761581,1.00000001490116,0.));
#5324=CARTESIAN_POINT('',(12.3999999761581,-12.9999999850988,0.));
#5325=CARTESIAN_POINT('Origin',(12.3999999761581,1.00000001490116,0.));
#5326=CARTESIAN_POINT('Origin',(12.3999999761581,-12.9999999850988,0.));
#5327=CARTESIAN_POINT('Origin',(-1.60000002384186,-12.9999999850988,0.));
#5328=UNCERTAINTY_MEASURE_WITH_UNIT(LENGTH_MEASURE(0.001),#5332,
'DISTANCE_ACCURACY_VALUE',
'Maximum model space distance between geometric entities at asserted c
onnectivities');
#5329=UNCERTAINTY_MEASURE_WITH_UNIT(LENGTH_MEASURE(0.001),#5332,
'DISTANCE_ACCURACY_VALUE',
'Maximum model space distance between geometric entities at asserted c
onnectivities');
#5330=(
GEOMETRIC_REPRESENTATION_CONTEXT(3)
GLOBAL_UNCERTAINTY_ASSIGNED_CONTEXT((#5328))
GLOBAL_UNIT_ASSIGNED_CONTEXT((#5332,#5334,#5335))
REPRESENTATION_CONTEXT('','3D')
);
#5331=(
GEOMETRIC_REPRESENTATION_CONTEXT(3)
GLOBAL_UNCERTAINTY_ASSIGNED_CONTEXT((#5329))
GLOBAL_UNIT_ASSIGNED_CONTEXT((#5332,#5334,#5335))
REPRESENTATION_CONTEXT('','3D')
);
#5332=(
LENGTH_UNIT()
NAMED_UNIT(*)
SI_UNIT(.CENTI.,.METRE.)
);
#5333=(
LENGTH_UNIT()
NAMED_UNIT(*)
SI_UNIT($,.METRE.)
);
#5334=(
NAMED_UNIT(*)
PLANE_ANGLE_UNIT()
SI_UNIT($,.RADIAN.)
);
#5335=(
NAMED_UNIT(*)
SI_UNIT($,.STERADIAN.)
SOLID_ANGLE_UNIT()
);
#5336=SHAPE_DEFINITION_REPRESENTATION(#5337,#5338);
#5337=PRODUCT_DEFINITION_SHAPE('',$,#5340);
#5338=SHAPE_REPRESENTATION('',(#3396),#5330);
#5339=PRODUCT_DEFINITION_CONTEXT('part definition',#5344,'design');
#5340=PRODUCT_DEFINITION('2026-08-26-00-51-53-560','obroom',#5341,#5339);
#5341=PRODUCT_DEFINITION_FORMATION('',$,#5346);
#5342=PRODUCT_RELATED_PRODUCT_CATEGORY('obroom','obroom',(#5346));
#5343=APPLICATION_PROTOCOL_DEFINITION('international standard',
'automotive_design',2009,#5344);
#5344=APPLICATION_CONTEXT(
'Core Data for Automotive Mechanical Design Process');
#5345=PRODUCT_CONTEXT('part definition',#5344,'mechanical');
#5346=PRODUCT('2026-08-26-00-51-53-560','obroom',$,(#5345));
#5347=PRESENTATION_STYLE_ASSIGNMENT((#5354));
#5348=PRESENTATION_STYLE_ASSIGNMENT((#5355));
#5349=PRESENTATION_STYLE_ASSIGNMENT((#5356));
#5350=PRESENTATION_STYLE_ASSIGNMENT((#5357));
#5351=PRESENTATION_STYLE_ASSIGNMENT((#5358));
#5352=PRESENTATION_STYLE_ASSIGNMENT((#5359));
#5353=PRESENTATION_STYLE_ASSIGNMENT((#5360));
#5354=SURFACE_STYLE_USAGE(.BOTH.,#5361);
#5355=SURFACE_STYLE_USAGE(.BOTH.,#5362);
#5356=SURFACE_STYLE_USAGE(.BOTH.,#5363);
#5357=SURFACE_STYLE_USAGE(.BOTH.,#5364);
#5358=SURFACE_STYLE_USAGE(.BOTH.,#5365);
#5359=SURFACE_STYLE_USAGE(.BOTH.,#5366);
#5360=SURFACE_STYLE_USAGE(.BOTH.,#5367);
#5361=SURFACE_SIDE_STYLE('',(#5368));
#5362=SURFACE_SIDE_STYLE('',(#5369));
#5363=SURFACE_SIDE_STYLE('',(#5370));
#5364=SURFACE_SIDE_STYLE('',(#5371));
#5365=SURFACE_SIDE_STYLE('',(#5372));
#5366=SURFACE_SIDE_STYLE('',(#5373));
#5367=SURFACE_SIDE_STYLE('',(#5374));
#5368=SURFACE_STYLE_FILL_AREA(#5375);
#5369=SURFACE_STYLE_FILL_AREA(#5376);
#5370=SURFACE_STYLE_FILL_AREA(#5377);
#5371=SURFACE_STYLE_FILL_AREA(#5378);
#5372=SURFACE_STYLE_FILL_AREA(#5379);
#5373=SURFACE_STYLE_FILL_AREA(#5380);
#5374=SURFACE_STYLE_FILL_AREA(#5381);
#5375=FILL_AREA_STYLE('Steel - Satin',(#5382));
#5376=FILL_AREA_STYLE('PEEK',(#5383));
#5377=FILL_AREA_STYLE('Paek (Beige)',(#5384));
#5378=FILL_AREA_STYLE('Paint - Metallic (Yellow)',(#5385));
#5379=FILL_AREA_STYLE('Plastic - Translucent Glossy (Blue)',(#5386));
#5380=FILL_AREA_STYLE('Granite - Black and White',(#5387));
#5381=FILL_AREA_STYLE('Paint - Metallic (Silver)',(#5388));
#5382=FILL_AREA_STYLE_COLOUR('Steel - Satin',#5389);
#5383=FILL_AREA_STYLE_COLOUR('PEEK',#5390);
#5384=FILL_AREA_STYLE_COLOUR('Paek (Beige)',#5391);
#5385=FILL_AREA_STYLE_COLOUR('Paint - Metallic (Yellow)',#5392);
#5386=FILL_AREA_STYLE_COLOUR('Plastic - Translucent Glossy (Blue)',#5393);
#5387=FILL_AREA_STYLE_COLOUR('Granite - Black and White',#5394);
#5388=FILL_AREA_STYLE_COLOUR('Paint - Metallic (Silver)',#5395);
#5389=COLOUR_RGB('Steel - Satin',0.627450980392157,0.627450980392157,0.627450980392157);
#5390=COLOUR_RGB('PEEK',0.6,0.509803921568627,0.368627450980392);
#5391=COLOUR_RGB('Paek (Beige)',0.898039215686275,0.792156862745098,0.619607843137255);
#5392=COLOUR_RGB('Paint - Metallic (Yellow)',0.909803921568627,0.67843137254902,
0.137254901960784);
#5393=COLOUR_RGB('Plastic - Translucent Glossy (Blue)',0.188235294117647,
0.231372549019608,0.588235294117647);
#5394=COLOUR_RGB('Granite - Black and White',0.,0.,0.);
#5395=COLOUR_RGB('Paint - Metallic (Silver)',0.984313725490196,0.980392156862745,
0.96078431372549);
ENDSEC;
END-ISO-10303-21;
