ISO-10303-21;
HEADER;
/* Generated by software containing ST-Developer
 * from STEP Tools, Inc. (www.steptools.com) 
 */

FILE_DESCRIPTION(
/* description */ (''),
/* implementation_level */ '2;1');

FILE_NAME(
/* name */ 'Body43.step',
/* time_stamp */ '2026-09-03T13:29:00+01:00',
/* author */ (''),
/* organization */ (''),
/* preprocessor_version */ 'ST-DEVELOPER v20.1',
/* originating_system */ 'Autodesk Translation Framework v15.8.0.0',
/* authorisation */ '');

FILE_SCHEMA (('AUTOMOTIVE_DESIGN { 1 0 10303 214 3 1 1 }'));
ENDSEC;

DATA;
#10=MECHANICAL_DESIGN_GEOMETRIC_PRESENTATION_REPRESENTATION('',(#13),#5643);
#11=SHAPE_REPRESENTATION_RELATIONSHIP('SRR','None',#5650,#12);
#12=ADVANCED_BREP_SHAPE_REPRESENTATION('',(#14),#5642);
#13=STYLED_ITEM('',(#5661),#14);
#14=MANIFOLD_SOLID_BREP('Body43',#3569);
#15=CYLINDRICAL_SURFACE('',#3702,1.75000009313226);
#16=CYLINDRICAL_SURFACE('',#3706,1.75000002607703);
#17=CYLINDRICAL_SURFACE('',#3711,1.75);
#18=CIRCLE('',#3595,1.75000009313226);
#19=CIRCLE('',#3596,1.75000002607703);
#20=CIRCLE('',#3597,1.75);
#21=CIRCLE('',#3703,1.75000009313226);
#22=CIRCLE('',#3707,1.75000002607703);
#23=CIRCLE('',#3712,1.75);
#24=FACE_OUTER_BOUND('',#198,.T.);
#25=FACE_OUTER_BOUND('',#199,.T.);
#26=FACE_OUTER_BOUND('',#200,.T.);
#27=FACE_OUTER_BOUND('',#201,.T.);
#28=FACE_OUTER_BOUND('',#202,.T.);
#29=FACE_OUTER_BOUND('',#203,.T.);
#30=FACE_OUTER_BOUND('',#204,.T.);
#31=FACE_OUTER_BOUND('',#205,.T.);
#32=FACE_OUTER_BOUND('',#206,.T.);
#33=FACE_OUTER_BOUND('',#207,.T.);
#34=FACE_OUTER_BOUND('',#208,.T.);
#35=FACE_OUTER_BOUND('',#209,.T.);
#36=FACE_OUTER_BOUND('',#210,.T.);
#37=FACE_OUTER_BOUND('',#211,.T.);
#38=FACE_OUTER_BOUND('',#212,.T.);
#39=FACE_OUTER_BOUND('',#213,.T.);
#40=FACE_OUTER_BOUND('',#214,.T.);
#41=FACE_OUTER_BOUND('',#215,.T.);
#42=FACE_OUTER_BOUND('',#216,.T.);
#43=FACE_OUTER_BOUND('',#217,.T.);
#44=FACE_OUTER_BOUND('',#218,.T.);
#45=FACE_OUTER_BOUND('',#219,.T.);
#46=FACE_OUTER_BOUND('',#220,.T.);
#47=FACE_OUTER_BOUND('',#221,.T.);
#48=FACE_OUTER_BOUND('',#222,.T.);
#49=FACE_OUTER_BOUND('',#223,.T.);
#50=FACE_OUTER_BOUND('',#224,.T.);
#51=FACE_OUTER_BOUND('',#225,.T.);
#52=FACE_OUTER_BOUND('',#226,.T.);
#53=FACE_OUTER_BOUND('',#227,.T.);
#54=FACE_OUTER_BOUND('',#228,.T.);
#55=FACE_OUTER_BOUND('',#229,.T.);
#56=FACE_OUTER_BOUND('',#230,.T.);
#57=FACE_OUTER_BOUND('',#231,.T.);
#58=FACE_OUTER_BOUND('',#232,.T.);
#59=FACE_OUTER_BOUND('',#233,.T.);
#60=FACE_OUTER_BOUND('',#234,.T.);
#61=FACE_OUTER_BOUND('',#235,.T.);
#62=FACE_OUTER_BOUND('',#236,.T.);
#63=FACE_OUTER_BOUND('',#237,.T.);
#64=FACE_OUTER_BOUND('',#238,.T.);
#65=FACE_OUTER_BOUND('',#239,.T.);
#66=FACE_OUTER_BOUND('',#240,.T.);
#67=FACE_OUTER_BOUND('',#241,.T.);
#68=FACE_OUTER_BOUND('',#242,.T.);
#69=FACE_OUTER_BOUND('',#243,.T.);
#70=FACE_OUTER_BOUND('',#244,.T.);
#71=FACE_OUTER_BOUND('',#245,.T.);
#72=FACE_OUTER_BOUND('',#246,.T.);
#73=FACE_OUTER_BOUND('',#247,.T.);
#74=FACE_OUTER_BOUND('',#248,.T.);
#75=FACE_OUTER_BOUND('',#249,.T.);
#76=FACE_OUTER_BOUND('',#250,.T.);
#77=FACE_OUTER_BOUND('',#251,.T.);
#78=FACE_OUTER_BOUND('',#252,.T.);
#79=FACE_OUTER_BOUND('',#253,.T.);
#80=FACE_OUTER_BOUND('',#254,.T.);
#81=FACE_OUTER_BOUND('',#255,.T.);
#82=FACE_OUTER_BOUND('',#256,.T.);
#83=FACE_OUTER_BOUND('',#257,.T.);
#84=FACE_OUTER_BOUND('',#258,.T.);
#85=FACE_OUTER_BOUND('',#259,.T.);
#86=FACE_OUTER_BOUND('',#260,.T.);
#87=FACE_OUTER_BOUND('',#261,.T.);
#88=FACE_OUTER_BOUND('',#262,.T.);
#89=FACE_OUTER_BOUND('',#263,.T.);
#90=FACE_OUTER_BOUND('',#264,.T.);
#91=FACE_OUTER_BOUND('',#265,.T.);
#92=FACE_OUTER_BOUND('',#266,.T.);
#93=FACE_OUTER_BOUND('',#267,.T.);
#94=FACE_OUTER_BOUND('',#268,.T.);
#95=FACE_OUTER_BOUND('',#269,.T.);
#96=FACE_OUTER_BOUND('',#270,.T.);
#97=FACE_OUTER_BOUND('',#271,.T.);
#98=FACE_OUTER_BOUND('',#272,.T.);
#99=FACE_OUTER_BOUND('',#273,.T.);
#100=FACE_OUTER_BOUND('',#274,.T.);
#101=FACE_OUTER_BOUND('',#275,.T.);
#102=FACE_OUTER_BOUND('',#276,.T.);
#103=FACE_OUTER_BOUND('',#277,.T.);
#104=FACE_OUTER_BOUND('',#278,.T.);
#105=FACE_OUTER_BOUND('',#279,.T.);
#106=FACE_OUTER_BOUND('',#280,.T.);
#107=FACE_OUTER_BOUND('',#281,.T.);
#108=FACE_OUTER_BOUND('',#282,.T.);
#109=FACE_OUTER_BOUND('',#283,.T.);
#110=FACE_OUTER_BOUND('',#284,.T.);
#111=FACE_OUTER_BOUND('',#285,.T.);
#112=FACE_OUTER_BOUND('',#286,.T.);
#113=FACE_OUTER_BOUND('',#287,.T.);
#114=FACE_OUTER_BOUND('',#288,.T.);
#115=FACE_OUTER_BOUND('',#289,.T.);
#116=FACE_OUTER_BOUND('',#290,.T.);
#117=FACE_OUTER_BOUND('',#291,.T.);
#118=FACE_OUTER_BOUND('',#292,.T.);
#119=FACE_OUTER_BOUND('',#293,.T.);
#120=FACE_OUTER_BOUND('',#294,.T.);
#121=FACE_OUTER_BOUND('',#295,.T.);
#122=FACE_OUTER_BOUND('',#296,.T.);
#123=FACE_OUTER_BOUND('',#297,.T.);
#124=FACE_OUTER_BOUND('',#298,.T.);
#125=FACE_OUTER_BOUND('',#299,.T.);
#126=FACE_OUTER_BOUND('',#300,.T.);
#127=FACE_OUTER_BOUND('',#301,.T.);
#128=FACE_OUTER_BOUND('',#302,.T.);
#129=FACE_OUTER_BOUND('',#303,.T.);
#130=FACE_OUTER_BOUND('',#304,.T.);
#131=FACE_OUTER_BOUND('',#305,.T.);
#132=FACE_OUTER_BOUND('',#306,.T.);
#133=FACE_OUTER_BOUND('',#307,.T.);
#134=FACE_OUTER_BOUND('',#308,.T.);
#135=FACE_OUTER_BOUND('',#309,.T.);
#136=FACE_OUTER_BOUND('',#310,.T.);
#137=FACE_OUTER_BOUND('',#311,.T.);
#138=FACE_OUTER_BOUND('',#312,.T.);
#139=FACE_OUTER_BOUND('',#313,.T.);
#140=FACE_OUTER_BOUND('',#314,.T.);
#141=FACE_OUTER_BOUND('',#315,.T.);
#142=FACE_OUTER_BOUND('',#316,.T.);
#143=FACE_OUTER_BOUND('',#317,.T.);
#144=FACE_OUTER_BOUND('',#318,.T.);
#145=FACE_OUTER_BOUND('',#319,.T.);
#146=FACE_OUTER_BOUND('',#320,.T.);
#147=FACE_OUTER_BOUND('',#321,.T.);
#148=FACE_OUTER_BOUND('',#322,.T.);
#149=FACE_OUTER_BOUND('',#323,.T.);
#150=FACE_OUTER_BOUND('',#324,.T.);
#151=FACE_OUTER_BOUND('',#325,.T.);
#152=FACE_OUTER_BOUND('',#326,.T.);
#153=FACE_OUTER_BOUND('',#327,.T.);
#154=FACE_OUTER_BOUND('',#328,.T.);
#155=FACE_OUTER_BOUND('',#329,.T.);
#156=FACE_OUTER_BOUND('',#330,.T.);
#157=FACE_OUTER_BOUND('',#331,.T.);
#158=FACE_OUTER_BOUND('',#332,.T.);
#159=FACE_OUTER_BOUND('',#333,.T.);
#160=FACE_OUTER_BOUND('',#334,.T.);
#161=FACE_OUTER_BOUND('',#335,.T.);
#162=FACE_OUTER_BOUND('',#336,.T.);
#163=FACE_OUTER_BOUND('',#337,.T.);
#164=FACE_OUTER_BOUND('',#338,.T.);
#165=FACE_OUTER_BOUND('',#339,.T.);
#166=FACE_OUTER_BOUND('',#340,.T.);
#167=FACE_OUTER_BOUND('',#341,.T.);
#168=FACE_OUTER_BOUND('',#342,.T.);
#169=FACE_OUTER_BOUND('',#343,.T.);
#170=FACE_OUTER_BOUND('',#344,.T.);
#171=FACE_OUTER_BOUND('',#345,.T.);
#172=FACE_OUTER_BOUND('',#346,.T.);
#173=FACE_OUTER_BOUND('',#347,.T.);
#174=FACE_OUTER_BOUND('',#348,.T.);
#175=FACE_OUTER_BOUND('',#349,.T.);
#176=FACE_OUTER_BOUND('',#350,.T.);
#177=FACE_OUTER_BOUND('',#351,.T.);
#178=FACE_OUTER_BOUND('',#352,.T.);
#179=FACE_OUTER_BOUND('',#353,.T.);
#180=FACE_OUTER_BOUND('',#354,.T.);
#181=FACE_OUTER_BOUND('',#355,.T.);
#182=FACE_OUTER_BOUND('',#356,.T.);
#183=FACE_OUTER_BOUND('',#357,.T.);
#184=FACE_OUTER_BOUND('',#358,.T.);
#185=FACE_OUTER_BOUND('',#359,.T.);
#186=FACE_OUTER_BOUND('',#360,.T.);
#187=FACE_OUTER_BOUND('',#361,.T.);
#188=FACE_OUTER_BOUND('',#362,.T.);
#189=FACE_OUTER_BOUND('',#363,.T.);
#190=FACE_OUTER_BOUND('',#364,.T.);
#191=FACE_OUTER_BOUND('',#365,.T.);
#192=FACE_OUTER_BOUND('',#366,.T.);
#193=FACE_OUTER_BOUND('',#367,.T.);
#194=FACE_OUTER_BOUND('',#368,.T.);
#195=FACE_OUTER_BOUND('',#369,.T.);
#196=FACE_OUTER_BOUND('',#370,.T.);
#197=FACE_OUTER_BOUND('',#371,.T.);
#198=EDGE_LOOP('',(#2212,#2213,#2214,#2215));
#199=EDGE_LOOP('',(#2216,#2217,#2218,#2219));
#200=EDGE_LOOP('',(#2220,#2221,#2222,#2223));
#201=EDGE_LOOP('',(#2224,#2225,#2226,#2227));
#202=EDGE_LOOP('',(#2228,#2229,#2230,#2231));
#203=EDGE_LOOP('',(#2232,#2233,#2234,#2235));
#204=EDGE_LOOP('',(#2236,#2237,#2238,#2239));
#205=EDGE_LOOP('',(#2240,#2241,#2242,#2243));
#206=EDGE_LOOP('',(#2244,#2245,#2246,#2247));
#207=EDGE_LOOP('',(#2248,#2249,#2250,#2251));
#208=EDGE_LOOP('',(#2252,#2253,#2254,#2255));
#209=EDGE_LOOP('',(#2256,#2257,#2258,#2259,#2260,#2261,#2262,#2263,#2264,
#2265,#2266,#2267,#2268,#2269,#2270,#2271));
#210=EDGE_LOOP('',(#2272,#2273,#2274,#2275,#2276,#2277,#2278,#2279,#2280,
#2281,#2282,#2283,#2284,#2285,#2286,#2287,#2288,#2289,#2290,#2291,#2292,
#2293,#2294,#2295,#2296,#2297,#2298,#2299,#2300,#2301,#2302,#2303,#2304,
#2305,#2306,#2307,#2308,#2309,#2310,#2311,#2312,#2313,#2314,#2315,#2316,
#2317,#2318,#2319,#2320,#2321,#2322,#2323,#2324,#2325,#2326,#2327,#2328,
#2329,#2330,#2331,#2332,#2333,#2334,#2335,#2336,#2337,#2338,#2339,#2340,
#2341,#2342,#2343,#2344,#2345,#2346,#2347,#2348,#2349,#2350,#2351,#2352,
#2353,#2354,#2355,#2356,#2357,#2358,#2359,#2360,#2361,#2362,#2363,#2364,
#2365,#2366,#2367,#2368,#2369,#2370,#2371,#2372,#2373,#2374,#2375,#2376,
#2377,#2378,#2379,#2380,#2381,#2382,#2383,#2384,#2385,#2386,#2387,#2388,
#2389,#2390,#2391,#2392,#2393,#2394,#2395,#2396,#2397,#2398,#2399,#2400,
#2401,#2402,#2403,#2404,#2405,#2406,#2407,#2408,#2409,#2410,#2411,#2412,
#2413,#2414,#2415,#2416,#2417,#2418,#2419,#2420,#2421,#2422,#2423,#2424,
#2425,#2426,#2427));
#211=EDGE_LOOP('',(#2428,#2429,#2430,#2431));
#212=EDGE_LOOP('',(#2432,#2433,#2434,#2435));
#213=EDGE_LOOP('',(#2436,#2437,#2438,#2439));
#214=EDGE_LOOP('',(#2440,#2441,#2442,#2443));
#215=EDGE_LOOP('',(#2444,#2445,#2446,#2447));
#216=EDGE_LOOP('',(#2448,#2449,#2450,#2451));
#217=EDGE_LOOP('',(#2452,#2453,#2454,#2455));
#218=EDGE_LOOP('',(#2456,#2457,#2458,#2459));
#219=EDGE_LOOP('',(#2460,#2461,#2462,#2463));
#220=EDGE_LOOP('',(#2464,#2465,#2466,#2467));
#221=EDGE_LOOP('',(#2468,#2469,#2470,#2471));
#222=EDGE_LOOP('',(#2472,#2473,#2474,#2475));
#223=EDGE_LOOP('',(#2476,#2477,#2478,#2479));
#224=EDGE_LOOP('',(#2480,#2481,#2482,#2483));
#225=EDGE_LOOP('',(#2484,#2485,#2486,#2487));
#226=EDGE_LOOP('',(#2488,#2489,#2490,#2491));
#227=EDGE_LOOP('',(#2492,#2493,#2494,#2495));
#228=EDGE_LOOP('',(#2496,#2497,#2498,#2499));
#229=EDGE_LOOP('',(#2500,#2501,#2502,#2503));
#230=EDGE_LOOP('',(#2504,#2505,#2506,#2507));
#231=EDGE_LOOP('',(#2508,#2509,#2510,#2511));
#232=EDGE_LOOP('',(#2512,#2513,#2514,#2515));
#233=EDGE_LOOP('',(#2516,#2517,#2518,#2519));
#234=EDGE_LOOP('',(#2520,#2521,#2522,#2523));
#235=EDGE_LOOP('',(#2524,#2525,#2526,#2527));
#236=EDGE_LOOP('',(#2528,#2529,#2530,#2531));
#237=EDGE_LOOP('',(#2532,#2533,#2534,#2535));
#238=EDGE_LOOP('',(#2536,#2537,#2538,#2539));
#239=EDGE_LOOP('',(#2540,#2541,#2542,#2543));
#240=EDGE_LOOP('',(#2544,#2545,#2546,#2547));
#241=EDGE_LOOP('',(#2548,#2549,#2550,#2551));
#242=EDGE_LOOP('',(#2552,#2553,#2554,#2555));
#243=EDGE_LOOP('',(#2556,#2557,#2558,#2559));
#244=EDGE_LOOP('',(#2560,#2561,#2562,#2563));
#245=EDGE_LOOP('',(#2564,#2565,#2566,#2567));
#246=EDGE_LOOP('',(#2568,#2569,#2570,#2571));
#247=EDGE_LOOP('',(#2572,#2573,#2574,#2575));
#248=EDGE_LOOP('',(#2576,#2577,#2578,#2579));
#249=EDGE_LOOP('',(#2580,#2581,#2582,#2583));
#250=EDGE_LOOP('',(#2584,#2585,#2586,#2587));
#251=EDGE_LOOP('',(#2588,#2589,#2590,#2591,#2592,#2593,#2594,#2595,#2596,
#2597,#2598,#2599,#2600,#2601,#2602,#2603,#2604,#2605,#2606,#2607,#2608,
#2609,#2610,#2611,#2612,#2613,#2614,#2615,#2616,#2617,#2618,#2619,#2620,
#2621,#2622,#2623,#2624,#2625,#2626,#2627,#2628,#2629,#2630,#2631,#2632,
#2633,#2634,#2635,#2636,#2637,#2638,#2639,#2640,#2641));
#252=EDGE_LOOP('',(#2642,#2643,#2644,#2645));
#253=EDGE_LOOP('',(#2646,#2647,#2648,#2649));
#254=EDGE_LOOP('',(#2650,#2651,#2652,#2653));
#255=EDGE_LOOP('',(#2654,#2655,#2656,#2657));
#256=EDGE_LOOP('',(#2658,#2659,#2660,#2661,#2662,#2663,#2664));
#257=EDGE_LOOP('',(#2665,#2666,#2667,#2668));
#258=EDGE_LOOP('',(#2669,#2670,#2671,#2672));
#259=EDGE_LOOP('',(#2673,#2674,#2675,#2676));
#260=EDGE_LOOP('',(#2677,#2678,#2679,#2680));
#261=EDGE_LOOP('',(#2681,#2682,#2683,#2684));
#262=EDGE_LOOP('',(#2685,#2686,#2687,#2688));
#263=EDGE_LOOP('',(#2689,#2690,#2691,#2692));
#264=EDGE_LOOP('',(#2693,#2694,#2695,#2696));
#265=EDGE_LOOP('',(#2697,#2698,#2699,#2700));
#266=EDGE_LOOP('',(#2701,#2702,#2703,#2704));
#267=EDGE_LOOP('',(#2705,#2706,#2707,#2708));
#268=EDGE_LOOP('',(#2709,#2710,#2711,#2712));
#269=EDGE_LOOP('',(#2713,#2714,#2715,#2716));
#270=EDGE_LOOP('',(#2717,#2718,#2719,#2720));
#271=EDGE_LOOP('',(#2721,#2722,#2723,#2724));
#272=EDGE_LOOP('',(#2725,#2726,#2727,#2728));
#273=EDGE_LOOP('',(#2729,#2730,#2731,#2732));
#274=EDGE_LOOP('',(#2733,#2734,#2735,#2736));
#275=EDGE_LOOP('',(#2737,#2738,#2739,#2740));
#276=EDGE_LOOP('',(#2741,#2742,#2743,#2744));
#277=EDGE_LOOP('',(#2745,#2746,#2747,#2748));
#278=EDGE_LOOP('',(#2749,#2750,#2751,#2752));
#279=EDGE_LOOP('',(#2753,#2754,#2755,#2756));
#280=EDGE_LOOP('',(#2757,#2758,#2759,#2760));
#281=EDGE_LOOP('',(#2761,#2762,#2763,#2764));
#282=EDGE_LOOP('',(#2765,#2766,#2767,#2768));
#283=EDGE_LOOP('',(#2769,#2770,#2771,#2772));
#284=EDGE_LOOP('',(#2773,#2774,#2775,#2776));
#285=EDGE_LOOP('',(#2777,#2778,#2779,#2780));
#286=EDGE_LOOP('',(#2781,#2782,#2783,#2784));
#287=EDGE_LOOP('',(#2785,#2786,#2787,#2788));
#288=EDGE_LOOP('',(#2789,#2790,#2791,#2792));
#289=EDGE_LOOP('',(#2793,#2794,#2795,#2796,#2797,#2798,#2799));
#290=EDGE_LOOP('',(#2800,#2801,#2802,#2803));
#291=EDGE_LOOP('',(#2804,#2805,#2806,#2807));
#292=EDGE_LOOP('',(#2808,#2809,#2810,#2811));
#293=EDGE_LOOP('',(#2812,#2813,#2814,#2815));
#294=EDGE_LOOP('',(#2816,#2817,#2818,#2819));
#295=EDGE_LOOP('',(#2820,#2821,#2822,#2823));
#296=EDGE_LOOP('',(#2824,#2825,#2826,#2827));
#297=EDGE_LOOP('',(#2828,#2829,#2830,#2831));
#298=EDGE_LOOP('',(#2832,#2833,#2834,#2835));
#299=EDGE_LOOP('',(#2836,#2837,#2838,#2839));
#300=EDGE_LOOP('',(#2840,#2841,#2842,#2843));
#301=EDGE_LOOP('',(#2844,#2845,#2846,#2847));
#302=EDGE_LOOP('',(#2848,#2849,#2850,#2851));
#303=EDGE_LOOP('',(#2852,#2853,#2854,#2855));
#304=EDGE_LOOP('',(#2856,#2857,#2858,#2859));
#305=EDGE_LOOP('',(#2860,#2861,#2862,#2863));
#306=EDGE_LOOP('',(#2864,#2865,#2866,#2867));
#307=EDGE_LOOP('',(#2868,#2869,#2870,#2871));
#308=EDGE_LOOP('',(#2872,#2873,#2874,#2875));
#309=EDGE_LOOP('',(#2876,#2877,#2878,#2879));
#310=EDGE_LOOP('',(#2880,#2881,#2882,#2883));
#311=EDGE_LOOP('',(#2884,#2885,#2886,#2887));
#312=EDGE_LOOP('',(#2888,#2889,#2890,#2891));
#313=EDGE_LOOP('',(#2892,#2893,#2894,#2895));
#314=EDGE_LOOP('',(#2896,#2897,#2898,#2899));
#315=EDGE_LOOP('',(#2900,#2901,#2902,#2903));
#316=EDGE_LOOP('',(#2904,#2905,#2906,#2907,#2908,#2909,#2910,#2911,#2912,
#2913,#2914,#2915,#2916,#2917,#2918,#2919,#2920,#2921));
#317=EDGE_LOOP('',(#2922,#2923,#2924,#2925));
#318=EDGE_LOOP('',(#2926,#2927,#2928,#2929,#2930,#2931,#2932,#2933,#2934,
#2935,#2936,#2937,#2938,#2939,#2940,#2941));
#319=EDGE_LOOP('',(#2942,#2943,#2944,#2945));
#320=EDGE_LOOP('',(#2946,#2947,#2948,#2949));
#321=EDGE_LOOP('',(#2950,#2951,#2952,#2953));
#322=EDGE_LOOP('',(#2954,#2955,#2956,#2957,#2958,#2959,#2960,#2961,#2962,
#2963,#2964,#2965,#2966,#2967,#2968,#2969,#2970,#2971));
#323=EDGE_LOOP('',(#2972,#2973,#2974,#2975));
#324=EDGE_LOOP('',(#2976,#2977,#2978,#2979));
#325=EDGE_LOOP('',(#2980,#2981,#2982,#2983));
#326=EDGE_LOOP('',(#2984,#2985,#2986,#2987,#2988,#2989,#2990));
#327=EDGE_LOOP('',(#2991,#2992,#2993,#2994));
#328=EDGE_LOOP('',(#2995,#2996,#2997,#2998,#2999,#3000,#3001,#3002,#3003,
#3004,#3005,#3006,#3007,#3008,#3009,#3010,#3011,#3012,#3013,#3014,#3015,
#3016,#3017,#3018,#3019,#3020,#3021,#3022,#3023,#3024,#3025,#3026,#3027,
#3028,#3029,#3030,#3031,#3032,#3033,#3034,#3035,#3036,#3037,#3038,#3039,
#3040,#3041,#3042,#3043,#3044,#3045,#3046,#3047,#3048,#3049,#3050));
#329=EDGE_LOOP('',(#3051,#3052,#3053,#3054));
#330=EDGE_LOOP('',(#3055,#3056,#3057,#3058));
#331=EDGE_LOOP('',(#3059,#3060,#3061,#3062));
#332=EDGE_LOOP('',(#3063,#3064,#3065,#3066));
#333=EDGE_LOOP('',(#3067,#3068,#3069,#3070));
#334=EDGE_LOOP('',(#3071,#3072,#3073,#3074));
#335=EDGE_LOOP('',(#3075,#3076,#3077,#3078));
#336=EDGE_LOOP('',(#3079,#3080,#3081,#3082));
#337=EDGE_LOOP('',(#3083,#3084,#3085,#3086));
#338=EDGE_LOOP('',(#3087,#3088,#3089,#3090));
#339=EDGE_LOOP('',(#3091,#3092,#3093,#3094));
#340=EDGE_LOOP('',(#3095,#3096,#3097,#3098));
#341=EDGE_LOOP('',(#3099,#3100,#3101,#3102));
#342=EDGE_LOOP('',(#3103,#3104,#3105,#3106));
#343=EDGE_LOOP('',(#3107,#3108,#3109,#3110));
#344=EDGE_LOOP('',(#3111,#3112,#3113,#3114));
#345=EDGE_LOOP('',(#3115,#3116,#3117,#3118,#3119));
#346=EDGE_LOOP('',(#3120,#3121,#3122,#3123));
#347=EDGE_LOOP('',(#3124,#3125,#3126,#3127));
#348=EDGE_LOOP('',(#3128,#3129,#3130,#3131));
#349=EDGE_LOOP('',(#3132,#3133,#3134,#3135));
#350=EDGE_LOOP('',(#3136,#3137,#3138,#3139));
#351=EDGE_LOOP('',(#3140,#3141,#3142,#3143));
#352=EDGE_LOOP('',(#3144,#3145,#3146,#3147));
#353=EDGE_LOOP('',(#3148,#3149,#3150,#3151));
#354=EDGE_LOOP('',(#3152,#3153,#3154,#3155));
#355=EDGE_LOOP('',(#3156,#3157,#3158,#3159));
#356=EDGE_LOOP('',(#3160,#3161,#3162,#3163));
#357=EDGE_LOOP('',(#3164,#3165,#3166,#3167));
#358=EDGE_LOOP('',(#3168,#3169,#3170,#3171));
#359=EDGE_LOOP('',(#3172,#3173,#3174,#3175));
#360=EDGE_LOOP('',(#3176,#3177,#3178,#3179));
#361=EDGE_LOOP('',(#3180,#3181,#3182,#3183));
#362=EDGE_LOOP('',(#3184,#3185,#3186,#3187));
#363=EDGE_LOOP('',(#3188,#3189,#3190,#3191));
#364=EDGE_LOOP('',(#3192,#3193,#3194,#3195));
#365=EDGE_LOOP('',(#3196,#3197,#3198,#3199));
#366=EDGE_LOOP('',(#3200,#3201,#3202,#3203));
#367=EDGE_LOOP('',(#3204,#3205,#3206,#3207));
#368=EDGE_LOOP('',(#3208,#3209,#3210,#3211));
#369=EDGE_LOOP('',(#3212,#3213,#3214,#3215));
#370=EDGE_LOOP('',(#3216,#3217,#3218,#3219));
#371=EDGE_LOOP('',(#3220,#3221,#3222,#3223));
#372=LINE('',#4629,#872);
#373=LINE('',#4631,#873);
#374=LINE('',#4633,#874);
#375=LINE('',#4634,#875);
#376=LINE('',#4637,#876);
#377=LINE('',#4639,#877);
#378=LINE('',#4640,#878);
#379=LINE('',#4643,#879);
#380=LINE('',#4645,#880);
#381=LINE('',#4646,#881);
#382=LINE('',#4648,#882);
#383=LINE('',#4652,#883);
#384=LINE('',#4654,#884);
#385=LINE('',#4656,#885);
#386=LINE('',#4657,#886);
#387=LINE('',#4660,#887);
#388=LINE('',#4662,#888);
#389=LINE('',#4663,#889);
#390=LINE('',#4666,#890);
#391=LINE('',#4668,#891);
#392=LINE('',#4669,#892);
#393=LINE('',#4671,#893);
#394=LINE('',#4675,#894);
#395=LINE('',#4677,#895);
#396=LINE('',#4679,#896);
#397=LINE('',#4680,#897);
#398=LINE('',#4683,#898);
#399=LINE('',#4685,#899);
#400=LINE('',#4686,#900);
#401=LINE('',#4689,#901);
#402=LINE('',#4690,#902);
#403=LINE('',#4694,#903);
#404=LINE('',#4696,#904);
#405=LINE('',#4698,#905);
#406=LINE('',#4700,#906);
#407=LINE('',#4704,#907);
#408=LINE('',#4706,#908);
#409=LINE('',#4708,#909);
#410=LINE('',#4712,#910);
#411=LINE('',#4714,#911);
#412=LINE('',#4716,#912);
#413=LINE('',#4720,#913);
#414=LINE('',#4722,#914);
#415=LINE('',#4723,#915);
#416=LINE('',#4726,#916);
#417=LINE('',#4728,#917);
#418=LINE('',#4730,#918);
#419=LINE('',#4732,#919);
#420=LINE('',#4734,#920);
#421=LINE('',#4736,#921);
#422=LINE('',#4738,#922);
#423=LINE('',#4740,#923);
#424=LINE('',#4742,#924);
#425=LINE('',#4744,#925);
#426=LINE('',#4746,#926);
#427=LINE('',#4748,#927);
#428=LINE('',#4750,#928);
#429=LINE('',#4752,#929);
#430=LINE('',#4754,#930);
#431=LINE('',#4756,#931);
#432=LINE('',#4758,#932);
#433=LINE('',#4760,#933);
#434=LINE('',#4762,#934);
#435=LINE('',#4764,#935);
#436=LINE('',#4766,#936);
#437=LINE('',#4768,#937);
#438=LINE('',#4770,#938);
#439=LINE('',#4772,#939);
#440=LINE('',#4774,#940);
#441=LINE('',#4776,#941);
#442=LINE('',#4778,#942);
#443=LINE('',#4780,#943);
#444=LINE('',#4782,#944);
#445=LINE('',#4784,#945);
#446=LINE('',#4786,#946);
#447=LINE('',#4788,#947);
#448=LINE('',#4790,#948);
#449=LINE('',#4792,#949);
#450=LINE('',#4794,#950);
#451=LINE('',#4796,#951);
#452=LINE('',#4798,#952);
#453=LINE('',#4800,#953);
#454=LINE('',#4802,#954);
#455=LINE('',#4804,#955);
#456=LINE('',#4806,#956);
#457=LINE('',#4808,#957);
#458=LINE('',#4810,#958);
#459=LINE('',#4812,#959);
#460=LINE('',#4814,#960);
#461=LINE('',#4816,#961);
#462=LINE('',#4818,#962);
#463=LINE('',#4820,#963);
#464=LINE('',#4822,#964);
#465=LINE('',#4824,#965);
#466=LINE('',#4826,#966);
#467=LINE('',#4828,#967);
#468=LINE('',#4830,#968);
#469=LINE('',#4832,#969);
#470=LINE('',#4834,#970);
#471=LINE('',#4836,#971);
#472=LINE('',#4838,#972);
#473=LINE('',#4840,#973);
#474=LINE('',#4842,#974);
#475=LINE('',#4844,#975);
#476=LINE('',#4846,#976);
#477=LINE('',#4848,#977);
#478=LINE('',#4850,#978);
#479=LINE('',#4852,#979);
#480=LINE('',#4854,#980);
#481=LINE('',#4856,#981);
#482=LINE('',#4858,#982);
#483=LINE('',#4860,#983);
#484=LINE('',#4862,#984);
#485=LINE('',#4864,#985);
#486=LINE('',#4866,#986);
#487=LINE('',#4868,#987);
#488=LINE('',#4870,#988);
#489=LINE('',#4872,#989);
#490=LINE('',#4874,#990);
#491=LINE('',#4876,#991);
#492=LINE('',#4878,#992);
#493=LINE('',#4880,#993);
#494=LINE('',#4882,#994);
#495=LINE('',#4884,#995);
#496=LINE('',#4886,#996);
#497=LINE('',#4888,#997);
#498=LINE('',#4890,#998);
#499=LINE('',#4892,#999);
#500=LINE('',#4894,#1000);
#501=LINE('',#4896,#1001);
#502=LINE('',#4898,#1002);
#503=LINE('',#4900,#1003);
#504=LINE('',#4902,#1004);
#505=LINE('',#4904,#1005);
#506=LINE('',#4906,#1006);
#507=LINE('',#4908,#1007);
#508=LINE('',#4910,#1008);
#509=LINE('',#4912,#1009);
#510=LINE('',#4914,#1010);
#511=LINE('',#4916,#1011);
#512=LINE('',#4918,#1012);
#513=LINE('',#4920,#1013);
#514=LINE('',#4922,#1014);
#515=LINE('',#4924,#1015);
#516=LINE('',#4926,#1016);
#517=LINE('',#4928,#1017);
#518=LINE('',#4930,#1018);
#519=LINE('',#4932,#1019);
#520=LINE('',#4934,#1020);
#521=LINE('',#4936,#1021);
#522=LINE('',#4938,#1022);
#523=LINE('',#4940,#1023);
#524=LINE('',#4942,#1024);
#525=LINE('',#4944,#1025);
#526=LINE('',#4946,#1026);
#527=LINE('',#4948,#1027);
#528=LINE('',#4950,#1028);
#529=LINE('',#4952,#1029);
#530=LINE('',#4954,#1030);
#531=LINE('',#4956,#1031);
#532=LINE('',#4958,#1032);
#533=LINE('',#4960,#1033);
#534=LINE('',#4961,#1034);
#535=LINE('',#4963,#1035);
#536=LINE('',#4965,#1036);
#537=LINE('',#4967,#1037);
#538=LINE('',#4969,#1038);
#539=LINE('',#4971,#1039);
#540=LINE('',#4973,#1040);
#541=LINE('',#4975,#1041);
#542=LINE('',#4977,#1042);
#543=LINE('',#4979,#1043);
#544=LINE('',#4981,#1044);
#545=LINE('',#4983,#1045);
#546=LINE('',#4985,#1046);
#547=LINE('',#4987,#1047);
#548=LINE('',#4989,#1048);
#549=LINE('',#4991,#1049);
#550=LINE('',#4993,#1050);
#551=LINE('',#4994,#1051);
#552=LINE('',#4996,#1052);
#553=LINE('',#4998,#1053);
#554=LINE('',#5000,#1054);
#555=LINE('',#5002,#1055);
#556=LINE('',#5004,#1056);
#557=LINE('',#5006,#1057);
#558=LINE('',#5008,#1058);
#559=LINE('',#5010,#1059);
#560=LINE('',#5012,#1060);
#561=LINE('',#5014,#1061);
#562=LINE('',#5016,#1062);
#563=LINE('',#5017,#1063);
#564=LINE('',#5020,#1064);
#565=LINE('',#5022,#1065);
#566=LINE('',#5023,#1066);
#567=LINE('',#5026,#1067);
#568=LINE('',#5028,#1068);
#569=LINE('',#5029,#1069);
#570=LINE('',#5031,#1070);
#571=LINE('',#5032,#1071);
#572=LINE('',#5036,#1072);
#573=LINE('',#5038,#1073);
#574=LINE('',#5039,#1074);
#575=LINE('',#5042,#1075);
#576=LINE('',#5044,#1076);
#577=LINE('',#5045,#1077);
#578=LINE('',#5047,#1078);
#579=LINE('',#5048,#1079);
#580=LINE('',#5052,#1080);
#581=LINE('',#5054,#1081);
#582=LINE('',#5055,#1082);
#583=LINE('',#5058,#1083);
#584=LINE('',#5060,#1084);
#585=LINE('',#5061,#1085);
#586=LINE('',#5063,#1086);
#587=LINE('',#5064,#1087);
#588=LINE('',#5069,#1088);
#589=LINE('',#5071,#1089);
#590=LINE('',#5073,#1090);
#591=LINE('',#5074,#1091);
#592=LINE('',#5076,#1092);
#593=LINE('',#5077,#1093);
#594=LINE('',#5079,#1094);
#595=LINE('',#5080,#1095);
#596=LINE('',#5084,#1096);
#597=LINE('',#5086,#1097);
#598=LINE('',#5087,#1098);
#599=LINE('',#5090,#1099);
#600=LINE('',#5092,#1100);
#601=LINE('',#5093,#1101);
#602=LINE('',#5095,#1102);
#603=LINE('',#5096,#1103);
#604=LINE('',#5100,#1104);
#605=LINE('',#5102,#1105);
#606=LINE('',#5103,#1106);
#607=LINE('',#5106,#1107);
#608=LINE('',#5108,#1108);
#609=LINE('',#5109,#1109);
#610=LINE('',#5111,#1110);
#611=LINE('',#5112,#1111);
#612=LINE('',#5116,#1112);
#613=LINE('',#5118,#1113);
#614=LINE('',#5119,#1114);
#615=LINE('',#5122,#1115);
#616=LINE('',#5124,#1116);
#617=LINE('',#5125,#1117);
#618=LINE('',#5127,#1118);
#619=LINE('',#5128,#1119);
#620=LINE('',#5132,#1120);
#621=LINE('',#5134,#1121);
#622=LINE('',#5135,#1122);
#623=LINE('',#5138,#1123);
#624=LINE('',#5140,#1124);
#625=LINE('',#5141,#1125);
#626=LINE('',#5143,#1126);
#627=LINE('',#5144,#1127);
#628=LINE('',#5148,#1128);
#629=LINE('',#5150,#1129);
#630=LINE('',#5151,#1130);
#631=LINE('',#5154,#1131);
#632=LINE('',#5156,#1132);
#633=LINE('',#5157,#1133);
#634=LINE('',#5159,#1134);
#635=LINE('',#5160,#1135);
#636=LINE('',#5164,#1136);
#637=LINE('',#5166,#1137);
#638=LINE('',#5167,#1138);
#639=LINE('',#5170,#1139);
#640=LINE('',#5172,#1140);
#641=LINE('',#5173,#1141);
#642=LINE('',#5175,#1142);
#643=LINE('',#5176,#1143);
#644=LINE('',#5179,#1144);
#645=LINE('',#5180,#1145);
#646=LINE('',#5183,#1146);
#647=LINE('',#5185,#1147);
#648=LINE('',#5186,#1148);
#649=LINE('',#5189,#1149);
#650=LINE('',#5191,#1150);
#651=LINE('',#5192,#1151);
#652=LINE('',#5194,#1152);
#653=LINE('',#5195,#1153);
#654=LINE('',#5199,#1154);
#655=LINE('',#5200,#1155);
#656=LINE('',#5201,#1156);
#657=LINE('',#5204,#1157);
#658=LINE('',#5206,#1158);
#659=LINE('',#5207,#1159);
#660=LINE('',#5210,#1160);
#661=LINE('',#5212,#1161);
#662=LINE('',#5213,#1162);
#663=LINE('',#5215,#1163);
#664=LINE('',#5216,#1164);
#665=LINE('',#5220,#1165);
#666=LINE('',#5221,#1166);
#667=LINE('',#5223,#1167);
#668=LINE('',#5225,#1168);
#669=LINE('',#5226,#1169);
#670=LINE('',#5229,#1170);
#671=LINE('',#5230,#1171);
#672=LINE('',#5234,#1172);
#673=LINE('',#5236,#1173);
#674=LINE('',#5238,#1174);
#675=LINE('',#5239,#1175);
#676=LINE('',#5243,#1176);
#677=LINE('',#5245,#1177);
#678=LINE('',#5247,#1178);
#679=LINE('',#5248,#1179);
#680=LINE('',#5252,#1180);
#681=LINE('',#5254,#1181);
#682=LINE('',#5256,#1182);
#683=LINE('',#5257,#1183);
#684=LINE('',#5261,#1184);
#685=LINE('',#5263,#1185);
#686=LINE('',#5265,#1186);
#687=LINE('',#5266,#1187);
#688=LINE('',#5270,#1188);
#689=LINE('',#5272,#1189);
#690=LINE('',#5274,#1190);
#691=LINE('',#5275,#1191);
#692=LINE('',#5279,#1192);
#693=LINE('',#5281,#1193);
#694=LINE('',#5283,#1194);
#695=LINE('',#5284,#1195);
#696=LINE('',#5288,#1196);
#697=LINE('',#5290,#1197);
#698=LINE('',#5292,#1198);
#699=LINE('',#5293,#1199);
#700=LINE('',#5297,#1200);
#701=LINE('',#5299,#1201);
#702=LINE('',#5301,#1202);
#703=LINE('',#5302,#1203);
#704=LINE('',#5306,#1204);
#705=LINE('',#5308,#1205);
#706=LINE('',#5310,#1206);
#707=LINE('',#5311,#1207);
#708=LINE('',#5315,#1208);
#709=LINE('',#5317,#1209);
#710=LINE('',#5319,#1210);
#711=LINE('',#5320,#1211);
#712=LINE('',#5324,#1212);
#713=LINE('',#5326,#1213);
#714=LINE('',#5328,#1214);
#715=LINE('',#5329,#1215);
#716=LINE('',#5333,#1216);
#717=LINE('',#5335,#1217);
#718=LINE('',#5337,#1218);
#719=LINE('',#5338,#1219);
#720=LINE('',#5342,#1220);
#721=LINE('',#5344,#1221);
#722=LINE('',#5346,#1222);
#723=LINE('',#5347,#1223);
#724=LINE('',#5349,#1224);
#725=LINE('',#5350,#1225);
#726=LINE('',#5352,#1226);
#727=LINE('',#5354,#1227);
#728=LINE('',#5355,#1228);
#729=LINE('',#5357,#1229);
#730=LINE('',#5359,#1230);
#731=LINE('',#5360,#1231);
#732=LINE('',#5362,#1232);
#733=LINE('',#5364,#1233);
#734=LINE('',#5365,#1234);
#735=LINE('',#5367,#1235);
#736=LINE('',#5369,#1236);
#737=LINE('',#5370,#1237);
#738=LINE('',#5372,#1238);
#739=LINE('',#5374,#1239);
#740=LINE('',#5375,#1240);
#741=LINE('',#5377,#1241);
#742=LINE('',#5379,#1242);
#743=LINE('',#5381,#1243);
#744=LINE('',#5382,#1244);
#745=LINE('',#5383,#1245);
#746=LINE('',#5385,#1246);
#747=LINE('',#5386,#1247);
#748=LINE('',#5388,#1248);
#749=LINE('',#5390,#1249);
#750=LINE('',#5391,#1250);
#751=LINE('',#5393,#1251);
#752=LINE('',#5395,#1252);
#753=LINE('',#5396,#1253);
#754=LINE('',#5398,#1254);
#755=LINE('',#5400,#1255);
#756=LINE('',#5401,#1256);
#757=LINE('',#5403,#1257);
#758=LINE('',#5405,#1258);
#759=LINE('',#5406,#1259);
#760=LINE('',#5408,#1260);
#761=LINE('',#5410,#1261);
#762=LINE('',#5411,#1262);
#763=LINE('',#5413,#1263);
#764=LINE('',#5417,#1264);
#765=LINE('',#5418,#1265);
#766=LINE('',#5419,#1266);
#767=LINE('',#5422,#1267);
#768=LINE('',#5423,#1268);
#769=LINE('',#5427,#1269);
#770=LINE('',#5428,#1270);
#771=LINE('',#5429,#1271);
#772=LINE('',#5433,#1272);
#773=LINE('',#5434,#1273);
#774=LINE('',#5435,#1274);
#775=LINE('',#5439,#1275);
#776=LINE('',#5440,#1276);
#777=LINE('',#5441,#1277);
#778=LINE('',#5445,#1278);
#779=LINE('',#5446,#1279);
#780=LINE('',#5447,#1280);
#781=LINE('',#5451,#1281);
#782=LINE('',#5452,#1282);
#783=LINE('',#5453,#1283);
#784=LINE('',#5456,#1284);
#785=LINE('',#5457,#1285);
#786=LINE('',#5461,#1286);
#787=LINE('',#5462,#1287);
#788=LINE('',#5463,#1288);
#789=LINE('',#5467,#1289);
#790=LINE('',#5468,#1290);
#791=LINE('',#5469,#1291);
#792=LINE('',#5473,#1292);
#793=LINE('',#5474,#1293);
#794=LINE('',#5475,#1294);
#795=LINE('',#5478,#1295);
#796=LINE('',#5479,#1296);
#797=LINE('',#5480,#1297);
#798=LINE('',#5484,#1298);
#799=LINE('',#5487,#1299);
#800=LINE('',#5488,#1300);
#801=LINE('',#5491,#1301);
#802=LINE('',#5493,#1302);
#803=LINE('',#5495,#1303);
#804=LINE('',#5496,#1304);
#805=LINE('',#5498,#1305);
#806=LINE('',#5500,#1306);
#807=LINE('',#5501,#1307);
#808=LINE('',#5503,#1308);
#809=LINE('',#5504,#1309);
#810=LINE('',#5506,#1310);
#811=LINE('',#5507,#1311);
#812=LINE('',#5512,#1312);
#813=LINE('',#5514,#1313);
#814=LINE('',#5515,#1314);
#815=LINE('',#5517,#1315);
#816=LINE('',#5519,#1316);
#817=LINE('',#5520,#1317);
#818=LINE('',#5522,#1318);
#819=LINE('',#5524,#1319);
#820=LINE('',#5525,#1320);
#821=LINE('',#5528,#1321);
#822=LINE('',#5529,#1322);
#823=LINE('',#5532,#1323);
#824=LINE('',#5533,#1324);
#825=LINE('',#5538,#1325);
#826=LINE('',#5540,#1326);
#827=LINE('',#5541,#1327);
#828=LINE('',#5543,#1328);
#829=LINE('',#5545,#1329);
#830=LINE('',#5546,#1330);
#831=LINE('',#5548,#1331);
#832=LINE('',#5550,#1332);
#833=LINE('',#5551,#1333);
#834=LINE('',#5553,#1334);
#835=LINE('',#5554,#1335);
#836=LINE('',#5556,#1336);
#837=LINE('',#5558,#1337);
#838=LINE('',#5560,#1338);
#839=LINE('',#5562,#1339);
#840=LINE('',#5564,#1340);
#841=LINE('',#5566,#1341);
#842=LINE('',#5567,#1342);
#843=LINE('',#5568,#1343);
#844=LINE('',#5569,#1344);
#845=LINE('',#5570,#1345);
#846=LINE('',#5571,#1346);
#847=LINE('',#5572,#1347);
#848=LINE('',#5573,#1348);
#849=LINE('',#5574,#1349);
#850=LINE('',#5575,#1350);
#851=LINE('',#5576,#1351);
#852=LINE('',#5577,#1352);
#853=LINE('',#5578,#1353);
#854=LINE('',#5589,#1354);
#855=LINE('',#5595,#1355);
#856=LINE('',#5597,#1356);
#857=LINE('',#5599,#1357);
#858=LINE('',#5601,#1358);
#859=LINE('',#5603,#1359);
#860=LINE('',#5605,#1360);
#861=LINE('',#5607,#1361);
#862=LINE('',#5611,#1362);
#863=LINE('',#5614,#1363);
#864=LINE('',#5617,#1364);
#865=LINE('',#5620,#1365);
#866=LINE('',#5623,#1366);
#867=LINE('',#5626,#1367);
#868=LINE('',#5629,#1368);
#869=LINE('',#5632,#1369);
#870=LINE('',#5635,#1370);
#871=LINE('',#5638,#1371);
#872=VECTOR('',#3767,1.);
#873=VECTOR('',#3768,1.);
#874=VECTOR('',#3769,1.);
#875=VECTOR('',#3770,1.);
#876=VECTOR('',#3773,1.);
#877=VECTOR('',#3774,1.);
#878=VECTOR('',#3775,1.);
#879=VECTOR('',#3778,1.);
#880=VECTOR('',#3779,1.);
#881=VECTOR('',#3780,1.);
#882=VECTOR('',#3783,1.);
#883=VECTOR('',#3786,1.);
#884=VECTOR('',#3787,1.);
#885=VECTOR('',#3788,1.);
#886=VECTOR('',#3789,1.);
#887=VECTOR('',#3792,1.);
#888=VECTOR('',#3793,1.);
#889=VECTOR('',#3794,1.);
#890=VECTOR('',#3797,1.);
#891=VECTOR('',#3798,1.);
#892=VECTOR('',#3799,1.);
#893=VECTOR('',#3802,1.);
#894=VECTOR('',#3805,1.);
#895=VECTOR('',#3806,1.);
#896=VECTOR('',#3807,1.);
#897=VECTOR('',#3808,1.);
#898=VECTOR('',#3811,1.);
#899=VECTOR('',#3812,1.);
#900=VECTOR('',#3813,1.);
#901=VECTOR('',#3816,1.);
#902=VECTOR('',#3817,1.);
#903=VECTOR('',#3820,1.);
#904=VECTOR('',#3821,1.);
#905=VECTOR('',#3822,1.);
#906=VECTOR('',#3823,1.);
#907=VECTOR('',#3826,1.);
#908=VECTOR('',#3827,1.);
#909=VECTOR('',#3828,1.);
#910=VECTOR('',#3831,1.);
#911=VECTOR('',#3832,1.);
#912=VECTOR('',#3833,1.);
#913=VECTOR('',#3836,1.);
#914=VECTOR('',#3837,1.);
#915=VECTOR('',#3838,1.);
#916=VECTOR('',#3841,1.);
#917=VECTOR('',#3842,1.);
#918=VECTOR('',#3843,1.);
#919=VECTOR('',#3844,1.);
#920=VECTOR('',#3845,1.);
#921=VECTOR('',#3846,1.);
#922=VECTOR('',#3847,1.);
#923=VECTOR('',#3848,1.);
#924=VECTOR('',#3849,1.);
#925=VECTOR('',#3850,1.);
#926=VECTOR('',#3851,1.);
#927=VECTOR('',#3852,1.);
#928=VECTOR('',#3853,1.);
#929=VECTOR('',#3854,1.);
#930=VECTOR('',#3855,1.);
#931=VECTOR('',#3856,1.);
#932=VECTOR('',#3857,1.);
#933=VECTOR('',#3858,1.);
#934=VECTOR('',#3859,1.);
#935=VECTOR('',#3860,1.);
#936=VECTOR('',#3861,1.);
#937=VECTOR('',#3862,1.);
#938=VECTOR('',#3863,1.);
#939=VECTOR('',#3864,1.);
#940=VECTOR('',#3865,1.);
#941=VECTOR('',#3866,1.);
#942=VECTOR('',#3867,1.);
#943=VECTOR('',#3868,1.);
#944=VECTOR('',#3869,1.);
#945=VECTOR('',#3870,1.);
#946=VECTOR('',#3871,1.);
#947=VECTOR('',#3872,1.);
#948=VECTOR('',#3873,1.);
#949=VECTOR('',#3874,1.);
#950=VECTOR('',#3875,1.);
#951=VECTOR('',#3876,1.);
#952=VECTOR('',#3877,1.);
#953=VECTOR('',#3878,1.);
#954=VECTOR('',#3879,1.);
#955=VECTOR('',#3880,1.);
#956=VECTOR('',#3881,1.);
#957=VECTOR('',#3882,1.);
#958=VECTOR('',#3883,1.);
#959=VECTOR('',#3884,1.);
#960=VECTOR('',#3885,1.);
#961=VECTOR('',#3886,1.);
#962=VECTOR('',#3887,1.);
#963=VECTOR('',#3888,1.);
#964=VECTOR('',#3889,1.);
#965=VECTOR('',#3890,1.);
#966=VECTOR('',#3891,1.);
#967=VECTOR('',#3892,1.);
#968=VECTOR('',#3893,1.);
#969=VECTOR('',#3894,1.);
#970=VECTOR('',#3895,1.);
#971=VECTOR('',#3896,1.);
#972=VECTOR('',#3897,1.);
#973=VECTOR('',#3898,1.);
#974=VECTOR('',#3899,1.);
#975=VECTOR('',#3900,1.);
#976=VECTOR('',#3901,1.);
#977=VECTOR('',#3902,1.);
#978=VECTOR('',#3903,1.);
#979=VECTOR('',#3904,1.);
#980=VECTOR('',#3905,1.);
#981=VECTOR('',#3906,1.);
#982=VECTOR('',#3907,1.);
#983=VECTOR('',#3908,1.);
#984=VECTOR('',#3909,1.);
#985=VECTOR('',#3910,1.);
#986=VECTOR('',#3911,1.);
#987=VECTOR('',#3912,1.);
#988=VECTOR('',#3913,1.);
#989=VECTOR('',#3914,1.);
#990=VECTOR('',#3915,1.);
#991=VECTOR('',#3916,1.);
#992=VECTOR('',#3917,1.);
#993=VECTOR('',#3918,1.);
#994=VECTOR('',#3919,1.);
#995=VECTOR('',#3920,1.);
#996=VECTOR('',#3921,1.);
#997=VECTOR('',#3922,1.);
#998=VECTOR('',#3923,1.);
#999=VECTOR('',#3924,1.);
#1000=VECTOR('',#3925,1.);
#1001=VECTOR('',#3926,1.);
#1002=VECTOR('',#3927,1.);
#1003=VECTOR('',#3928,1.);
#1004=VECTOR('',#3929,1.);
#1005=VECTOR('',#3930,1.);
#1006=VECTOR('',#3931,1.);
#1007=VECTOR('',#3932,1.);
#1008=VECTOR('',#3933,1.);
#1009=VECTOR('',#3934,1.);
#1010=VECTOR('',#3935,1.);
#1011=VECTOR('',#3936,1.);
#1012=VECTOR('',#3937,1.);
#1013=VECTOR('',#3938,1.);
#1014=VECTOR('',#3939,1.);
#1015=VECTOR('',#3940,1.);
#1016=VECTOR('',#3941,1.);
#1017=VECTOR('',#3942,1.);
#1018=VECTOR('',#3943,1.);
#1019=VECTOR('',#3944,1.);
#1020=VECTOR('',#3945,1.);
#1021=VECTOR('',#3946,1.);
#1022=VECTOR('',#3947,1.);
#1023=VECTOR('',#3948,1.);
#1024=VECTOR('',#3949,1.);
#1025=VECTOR('',#3950,1.);
#1026=VECTOR('',#3951,1.);
#1027=VECTOR('',#3952,1.);
#1028=VECTOR('',#3953,1.);
#1029=VECTOR('',#3954,1.);
#1030=VECTOR('',#3955,1.);
#1031=VECTOR('',#3956,1.);
#1032=VECTOR('',#3957,1.);
#1033=VECTOR('',#3958,1.);
#1034=VECTOR('',#3959,1.);
#1035=VECTOR('',#3960,1.);
#1036=VECTOR('',#3961,1.);
#1037=VECTOR('',#3962,1.);
#1038=VECTOR('',#3963,1.);
#1039=VECTOR('',#3964,1.);
#1040=VECTOR('',#3965,1.);
#1041=VECTOR('',#3966,1.);
#1042=VECTOR('',#3967,1.);
#1043=VECTOR('',#3968,1.);
#1044=VECTOR('',#3969,1.);
#1045=VECTOR('',#3970,1.);
#1046=VECTOR('',#3971,1.);
#1047=VECTOR('',#3972,1.);
#1048=VECTOR('',#3973,1.);
#1049=VECTOR('',#3974,1.);
#1050=VECTOR('',#3975,1.);
#1051=VECTOR('',#3976,1.);
#1052=VECTOR('',#3977,1.);
#1053=VECTOR('',#3978,1.);
#1054=VECTOR('',#3979,1.);
#1055=VECTOR('',#3980,1.);
#1056=VECTOR('',#3981,1.);
#1057=VECTOR('',#3982,1.);
#1058=VECTOR('',#3983,1.);
#1059=VECTOR('',#3984,1.);
#1060=VECTOR('',#3985,1.);
#1061=VECTOR('',#3986,1.);
#1062=VECTOR('',#3987,1.);
#1063=VECTOR('',#3988,1.);
#1064=VECTOR('',#3991,1.);
#1065=VECTOR('',#3992,1.);
#1066=VECTOR('',#3993,1.);
#1067=VECTOR('',#3996,1.);
#1068=VECTOR('',#3997,1.);
#1069=VECTOR('',#3998,1.);
#1070=VECTOR('',#4001,1.);
#1071=VECTOR('',#4002,1.);
#1072=VECTOR('',#4007,1.);
#1073=VECTOR('',#4008,1.);
#1074=VECTOR('',#4009,1.);
#1075=VECTOR('',#4012,1.);
#1076=VECTOR('',#4013,1.);
#1077=VECTOR('',#4014,1.);
#1078=VECTOR('',#4017,1.);
#1079=VECTOR('',#4018,1.);
#1080=VECTOR('',#4023,1.);
#1081=VECTOR('',#4024,1.);
#1082=VECTOR('',#4025,1.);
#1083=VECTOR('',#4028,1.);
#1084=VECTOR('',#4029,1.);
#1085=VECTOR('',#4030,1.);
#1086=VECTOR('',#4033,1.);
#1087=VECTOR('',#4034,1.);
#1088=VECTOR('',#4039,1.);
#1089=VECTOR('',#4040,1.);
#1090=VECTOR('',#4041,1.);
#1091=VECTOR('',#4042,1.);
#1092=VECTOR('',#4045,1.);
#1093=VECTOR('',#4046,1.);
#1094=VECTOR('',#4049,1.);
#1095=VECTOR('',#4050,1.);
#1096=VECTOR('',#4055,1.);
#1097=VECTOR('',#4056,1.);
#1098=VECTOR('',#4057,1.);
#1099=VECTOR('',#4060,1.);
#1100=VECTOR('',#4061,1.);
#1101=VECTOR('',#4062,1.);
#1102=VECTOR('',#4065,1.);
#1103=VECTOR('',#4066,1.);
#1104=VECTOR('',#4071,1.);
#1105=VECTOR('',#4072,1.);
#1106=VECTOR('',#4073,1.);
#1107=VECTOR('',#4076,1.);
#1108=VECTOR('',#4077,1.);
#1109=VECTOR('',#4078,1.);
#1110=VECTOR('',#4081,1.);
#1111=VECTOR('',#4082,1.);
#1112=VECTOR('',#4087,1.);
#1113=VECTOR('',#4088,1.);
#1114=VECTOR('',#4089,1.);
#1115=VECTOR('',#4092,1.);
#1116=VECTOR('',#4093,1.);
#1117=VECTOR('',#4094,1.);
#1118=VECTOR('',#4097,1.);
#1119=VECTOR('',#4098,1.);
#1120=VECTOR('',#4103,1.);
#1121=VECTOR('',#4104,1.);
#1122=VECTOR('',#4105,1.);
#1123=VECTOR('',#4108,1.);
#1124=VECTOR('',#4109,1.);
#1125=VECTOR('',#4110,1.);
#1126=VECTOR('',#4113,1.);
#1127=VECTOR('',#4114,1.);
#1128=VECTOR('',#4119,1.);
#1129=VECTOR('',#4120,1.);
#1130=VECTOR('',#4121,1.);
#1131=VECTOR('',#4124,1.);
#1132=VECTOR('',#4125,1.);
#1133=VECTOR('',#4126,1.);
#1134=VECTOR('',#4129,1.);
#1135=VECTOR('',#4130,1.);
#1136=VECTOR('',#4135,1.);
#1137=VECTOR('',#4136,1.);
#1138=VECTOR('',#4137,1.);
#1139=VECTOR('',#4140,1.);
#1140=VECTOR('',#4141,1.);
#1141=VECTOR('',#4142,1.);
#1142=VECTOR('',#4145,1.);
#1143=VECTOR('',#4146,1.);
#1144=VECTOR('',#4151,1.);
#1145=VECTOR('',#4152,1.);
#1146=VECTOR('',#4155,1.);
#1147=VECTOR('',#4156,1.);
#1148=VECTOR('',#4157,1.);
#1149=VECTOR('',#4160,1.);
#1150=VECTOR('',#4161,1.);
#1151=VECTOR('',#4162,1.);
#1152=VECTOR('',#4165,1.);
#1153=VECTOR('',#4166,1.);
#1154=VECTOR('',#4171,1.);
#1155=VECTOR('',#4172,1.);
#1156=VECTOR('',#4173,1.);
#1157=VECTOR('',#4176,1.);
#1158=VECTOR('',#4177,1.);
#1159=VECTOR('',#4178,1.);
#1160=VECTOR('',#4181,1.);
#1161=VECTOR('',#4182,1.);
#1162=VECTOR('',#4183,1.);
#1163=VECTOR('',#4186,1.);
#1164=VECTOR('',#4187,1.);
#1165=VECTOR('',#4192,1.);
#1166=VECTOR('',#4193,1.);
#1167=VECTOR('',#4196,1.);
#1168=VECTOR('',#4197,1.);
#1169=VECTOR('',#4198,1.);
#1170=VECTOR('',#4201,1.);
#1171=VECTOR('',#4202,1.);
#1172=VECTOR('',#4205,1.);
#1173=VECTOR('',#4206,1.);
#1174=VECTOR('',#4207,1.);
#1175=VECTOR('',#4208,1.);
#1176=VECTOR('',#4211,1.);
#1177=VECTOR('',#4212,1.);
#1178=VECTOR('',#4213,1.);
#1179=VECTOR('',#4214,1.);
#1180=VECTOR('',#4217,1.);
#1181=VECTOR('',#4218,1.);
#1182=VECTOR('',#4219,1.);
#1183=VECTOR('',#4220,1.);
#1184=VECTOR('',#4223,1.);
#1185=VECTOR('',#4224,1.);
#1186=VECTOR('',#4225,1.);
#1187=VECTOR('',#4226,1.);
#1188=VECTOR('',#4229,1.);
#1189=VECTOR('',#4230,1.);
#1190=VECTOR('',#4231,1.);
#1191=VECTOR('',#4232,1.);
#1192=VECTOR('',#4235,1.);
#1193=VECTOR('',#4236,1.);
#1194=VECTOR('',#4237,1.);
#1195=VECTOR('',#4238,1.);
#1196=VECTOR('',#4241,1.);
#1197=VECTOR('',#4242,1.);
#1198=VECTOR('',#4243,1.);
#1199=VECTOR('',#4244,1.);
#1200=VECTOR('',#4247,1.);
#1201=VECTOR('',#4248,1.);
#1202=VECTOR('',#4249,1.);
#1203=VECTOR('',#4250,1.);
#1204=VECTOR('',#4253,1.);
#1205=VECTOR('',#4254,1.);
#1206=VECTOR('',#4255,1.);
#1207=VECTOR('',#4256,1.);
#1208=VECTOR('',#4259,1.);
#1209=VECTOR('',#4260,1.);
#1210=VECTOR('',#4261,1.);
#1211=VECTOR('',#4262,1.);
#1212=VECTOR('',#4265,1.);
#1213=VECTOR('',#4266,1.);
#1214=VECTOR('',#4267,1.);
#1215=VECTOR('',#4268,1.);
#1216=VECTOR('',#4271,1.);
#1217=VECTOR('',#4272,1.);
#1218=VECTOR('',#4273,1.);
#1219=VECTOR('',#4274,1.);
#1220=VECTOR('',#4277,1.);
#1221=VECTOR('',#4278,1.);
#1222=VECTOR('',#4279,1.);
#1223=VECTOR('',#4280,1.);
#1224=VECTOR('',#4283,1.);
#1225=VECTOR('',#4284,1.);
#1226=VECTOR('',#4287,1.);
#1227=VECTOR('',#4290,1.);
#1228=VECTOR('',#4291,1.);
#1229=VECTOR('',#4294,1.);
#1230=VECTOR('',#4297,1.);
#1231=VECTOR('',#4298,1.);
#1232=VECTOR('',#4301,1.);
#1233=VECTOR('',#4304,1.);
#1234=VECTOR('',#4305,1.);
#1235=VECTOR('',#4308,1.);
#1236=VECTOR('',#4311,1.);
#1237=VECTOR('',#4312,1.);
#1238=VECTOR('',#4315,1.);
#1239=VECTOR('',#4318,1.);
#1240=VECTOR('',#4319,1.);
#1241=VECTOR('',#4322,1.);
#1242=VECTOR('',#4325,1.);
#1243=VECTOR('',#4326,1.);
#1244=VECTOR('',#4327,1.);
#1245=VECTOR('',#4328,1.);
#1246=VECTOR('',#4331,1.);
#1247=VECTOR('',#4332,1.);
#1248=VECTOR('',#4335,1.);
#1249=VECTOR('',#4338,1.);
#1250=VECTOR('',#4339,1.);
#1251=VECTOR('',#4342,1.);
#1252=VECTOR('',#4345,1.);
#1253=VECTOR('',#4346,1.);
#1254=VECTOR('',#4349,1.);
#1255=VECTOR('',#4352,1.);
#1256=VECTOR('',#4353,1.);
#1257=VECTOR('',#4356,1.);
#1258=VECTOR('',#4359,1.);
#1259=VECTOR('',#4360,1.);
#1260=VECTOR('',#4363,1.);
#1261=VECTOR('',#4366,1.);
#1262=VECTOR('',#4367,1.);
#1263=VECTOR('',#4370,1.);
#1264=VECTOR('',#4373,1.);
#1265=VECTOR('',#4374,1.);
#1266=VECTOR('',#4375,1.);
#1267=VECTOR('',#4378,1.);
#1268=VECTOR('',#4379,1.);
#1269=VECTOR('',#4382,1.);
#1270=VECTOR('',#4383,1.);
#1271=VECTOR('',#4384,1.);
#1272=VECTOR('',#4387,1.);
#1273=VECTOR('',#4388,1.);
#1274=VECTOR('',#4389,1.);
#1275=VECTOR('',#4392,1.);
#1276=VECTOR('',#4393,1.);
#1277=VECTOR('',#4394,1.);
#1278=VECTOR('',#4397,1.);
#1279=VECTOR('',#4398,1.);
#1280=VECTOR('',#4399,1.);
#1281=VECTOR('',#4402,1.);
#1282=VECTOR('',#4403,1.);
#1283=VECTOR('',#4404,1.);
#1284=VECTOR('',#4407,1.);
#1285=VECTOR('',#4408,1.);
#1286=VECTOR('',#4411,1.);
#1287=VECTOR('',#4412,1.);
#1288=VECTOR('',#4413,1.);
#1289=VECTOR('',#4416,1.);
#1290=VECTOR('',#4417,1.);
#1291=VECTOR('',#4418,1.);
#1292=VECTOR('',#4421,1.);
#1293=VECTOR('',#4422,1.);
#1294=VECTOR('',#4423,1.);
#1295=VECTOR('',#4426,1.);
#1296=VECTOR('',#4427,1.);
#1297=VECTOR('',#4428,1.);
#1298=VECTOR('',#4433,1.);
#1299=VECTOR('',#4436,1.);
#1300=VECTOR('',#4437,1.);
#1301=VECTOR('',#4440,1.);
#1302=VECTOR('',#4441,1.);
#1303=VECTOR('',#4442,1.);
#1304=VECTOR('',#4443,1.);
#1305=VECTOR('',#4444,1.);
#1306=VECTOR('',#4445,1.);
#1307=VECTOR('',#4446,1.);
#1308=VECTOR('',#4447,1.);
#1309=VECTOR('',#4448,1.);
#1310=VECTOR('',#4449,1.);
#1311=VECTOR('',#4450,1.);
#1312=VECTOR('',#4457,1.);
#1313=VECTOR('',#4458,1.);
#1314=VECTOR('',#4459,1.);
#1315=VECTOR('',#4460,1.);
#1316=VECTOR('',#4461,1.);
#1317=VECTOR('',#4462,1.);
#1318=VECTOR('',#4463,1.);
#1319=VECTOR('',#4464,1.);
#1320=VECTOR('',#4465,1.);
#1321=VECTOR('',#4468,1.);
#1322=VECTOR('',#4469,1.);
#1323=VECTOR('',#4472,1.);
#1324=VECTOR('',#4473,1.);
#1325=VECTOR('',#4480,1.);
#1326=VECTOR('',#4481,1.);
#1327=VECTOR('',#4482,1.);
#1328=VECTOR('',#4483,1.);
#1329=VECTOR('',#4484,1.);
#1330=VECTOR('',#4485,1.);
#1331=VECTOR('',#4486,1.);
#1332=VECTOR('',#4487,1.);
#1333=VECTOR('',#4488,1.);
#1334=VECTOR('',#4489,1.);
#1335=VECTOR('',#4490,1.);
#1336=VECTOR('',#4493,1.);
#1337=VECTOR('',#4496,1.);
#1338=VECTOR('',#4499,1.);
#1339=VECTOR('',#4502,1.);
#1340=VECTOR('',#4505,1.);
#1341=VECTOR('',#4508,1.);
#1342=VECTOR('',#4509,1.);
#1343=VECTOR('',#4510,1.);
#1344=VECTOR('',#4511,1.);
#1345=VECTOR('',#4512,1.);
#1346=VECTOR('',#4513,1.);
#1347=VECTOR('',#4514,1.);
#1348=VECTOR('',#4515,1.);
#1349=VECTOR('',#4516,1.);
#1350=VECTOR('',#4517,1.);
#1351=VECTOR('',#4518,1.);
#1352=VECTOR('',#4519,1.);
#1353=VECTOR('',#4520,1.);
#1354=VECTOR('',#4541,1.);
#1355=VECTOR('',#4552,1.);
#1356=VECTOR('',#4555,1.);
#1357=VECTOR('',#4558,1.);
#1358=VECTOR('',#4561,1.);
#1359=VECTOR('',#4564,1.);
#1360=VECTOR('',#4567,1.);
#1361=VECTOR('',#4570,1.);
#1362=VECTOR('',#4577,1.);
#1363=VECTOR('',#4582,1.);
#1364=VECTOR('',#4587,1.);
#1365=VECTOR('',#4592,1.);
#1366=VECTOR('',#4597,1.);
#1367=VECTOR('',#4602,1.);
#1368=VECTOR('',#4607,1.);
#1369=VECTOR('',#4612,1.);
#1370=VECTOR('',#4617,1.);
#1371=VECTOR('',#4622,1.);
#1372=VERTEX_POINT('',#4627);
#1373=VERTEX_POINT('',#4628);
#1374=VERTEX_POINT('',#4630);
#1375=VERTEX_POINT('',#4632);
#1376=VERTEX_POINT('',#4636);
#1377=VERTEX_POINT('',#4638);
#1378=VERTEX_POINT('',#4642);
#1379=VERTEX_POINT('',#4644);
#1380=VERTEX_POINT('',#4650);
#1381=VERTEX_POINT('',#4651);
#1382=VERTEX_POINT('',#4653);
#1383=VERTEX_POINT('',#4655);
#1384=VERTEX_POINT('',#4659);
#1385=VERTEX_POINT('',#4661);
#1386=VERTEX_POINT('',#4665);
#1387=VERTEX_POINT('',#4667);
#1388=VERTEX_POINT('',#4673);
#1389=VERTEX_POINT('',#4674);
#1390=VERTEX_POINT('',#4676);
#1391=VERTEX_POINT('',#4678);
#1392=VERTEX_POINT('',#4682);
#1393=VERTEX_POINT('',#4684);
#1394=VERTEX_POINT('',#4688);
#1395=VERTEX_POINT('',#4692);
#1396=VERTEX_POINT('',#4693);
#1397=VERTEX_POINT('',#4695);
#1398=VERTEX_POINT('',#4697);
#1399=VERTEX_POINT('',#4699);
#1400=VERTEX_POINT('',#4701);
#1401=VERTEX_POINT('',#4703);
#1402=VERTEX_POINT('',#4705);
#1403=VERTEX_POINT('',#4707);
#1404=VERTEX_POINT('',#4709);
#1405=VERTEX_POINT('',#4711);
#1406=VERTEX_POINT('',#4713);
#1407=VERTEX_POINT('',#4715);
#1408=VERTEX_POINT('',#4717);
#1409=VERTEX_POINT('',#4719);
#1410=VERTEX_POINT('',#4721);
#1411=VERTEX_POINT('',#4725);
#1412=VERTEX_POINT('',#4727);
#1413=VERTEX_POINT('',#4729);
#1414=VERTEX_POINT('',#4731);
#1415=VERTEX_POINT('',#4733);
#1416=VERTEX_POINT('',#4735);
#1417=VERTEX_POINT('',#4737);
#1418=VERTEX_POINT('',#4739);
#1419=VERTEX_POINT('',#4741);
#1420=VERTEX_POINT('',#4743);
#1421=VERTEX_POINT('',#4745);
#1422=VERTEX_POINT('',#4747);
#1423=VERTEX_POINT('',#4749);
#1424=VERTEX_POINT('',#4751);
#1425=VERTEX_POINT('',#4753);
#1426=VERTEX_POINT('',#4755);
#1427=VERTEX_POINT('',#4757);
#1428=VERTEX_POINT('',#4759);
#1429=VERTEX_POINT('',#4761);
#1430=VERTEX_POINT('',#4763);
#1431=VERTEX_POINT('',#4765);
#1432=VERTEX_POINT('',#4767);
#1433=VERTEX_POINT('',#4769);
#1434=VERTEX_POINT('',#4771);
#1435=VERTEX_POINT('',#4773);
#1436=VERTEX_POINT('',#4775);
#1437=VERTEX_POINT('',#4777);
#1438=VERTEX_POINT('',#4779);
#1439=VERTEX_POINT('',#4781);
#1440=VERTEX_POINT('',#4783);
#1441=VERTEX_POINT('',#4785);
#1442=VERTEX_POINT('',#4787);
#1443=VERTEX_POINT('',#4789);
#1444=VERTEX_POINT('',#4791);
#1445=VERTEX_POINT('',#4793);
#1446=VERTEX_POINT('',#4795);
#1447=VERTEX_POINT('',#4797);
#1448=VERTEX_POINT('',#4799);
#1449=VERTEX_POINT('',#4801);
#1450=VERTEX_POINT('',#4803);
#1451=VERTEX_POINT('',#4805);
#1452=VERTEX_POINT('',#4807);
#1453=VERTEX_POINT('',#4809);
#1454=VERTEX_POINT('',#4811);
#1455=VERTEX_POINT('',#4813);
#1456=VERTEX_POINT('',#4815);
#1457=VERTEX_POINT('',#4817);
#1458=VERTEX_POINT('',#4819);
#1459=VERTEX_POINT('',#4821);
#1460=VERTEX_POINT('',#4823);
#1461=VERTEX_POINT('',#4825);
#1462=VERTEX_POINT('',#4827);
#1463=VERTEX_POINT('',#4829);
#1464=VERTEX_POINT('',#4831);
#1465=VERTEX_POINT('',#4833);
#1466=VERTEX_POINT('',#4835);
#1467=VERTEX_POINT('',#4837);
#1468=VERTEX_POINT('',#4839);
#1469=VERTEX_POINT('',#4841);
#1470=VERTEX_POINT('',#4843);
#1471=VERTEX_POINT('',#4845);
#1472=VERTEX_POINT('',#4847);
#1473=VERTEX_POINT('',#4849);
#1474=VERTEX_POINT('',#4851);
#1475=VERTEX_POINT('',#4853);
#1476=VERTEX_POINT('',#4855);
#1477=VERTEX_POINT('',#4857);
#1478=VERTEX_POINT('',#4859);
#1479=VERTEX_POINT('',#4861);
#1480=VERTEX_POINT('',#4863);
#1481=VERTEX_POINT('',#4865);
#1482=VERTEX_POINT('',#4867);
#1483=VERTEX_POINT('',#4869);
#1484=VERTEX_POINT('',#4871);
#1485=VERTEX_POINT('',#4873);
#1486=VERTEX_POINT('',#4875);
#1487=VERTEX_POINT('',#4877);
#1488=VERTEX_POINT('',#4879);
#1489=VERTEX_POINT('',#4881);
#1490=VERTEX_POINT('',#4883);
#1491=VERTEX_POINT('',#4885);
#1492=VERTEX_POINT('',#4887);
#1493=VERTEX_POINT('',#4889);
#1494=VERTEX_POINT('',#4891);
#1495=VERTEX_POINT('',#4893);
#1496=VERTEX_POINT('',#4895);
#1497=VERTEX_POINT('',#4897);
#1498=VERTEX_POINT('',#4899);
#1499=VERTEX_POINT('',#4901);
#1500=VERTEX_POINT('',#4903);
#1501=VERTEX_POINT('',#4905);
#1502=VERTEX_POINT('',#4907);
#1503=VERTEX_POINT('',#4909);
#1504=VERTEX_POINT('',#4911);
#1505=VERTEX_POINT('',#4913);
#1506=VERTEX_POINT('',#4915);
#1507=VERTEX_POINT('',#4917);
#1508=VERTEX_POINT('',#4919);
#1509=VERTEX_POINT('',#4921);
#1510=VERTEX_POINT('',#4923);
#1511=VERTEX_POINT('',#4925);
#1512=VERTEX_POINT('',#4927);
#1513=VERTEX_POINT('',#4929);
#1514=VERTEX_POINT('',#4931);
#1515=VERTEX_POINT('',#4933);
#1516=VERTEX_POINT('',#4935);
#1517=VERTEX_POINT('',#4937);
#1518=VERTEX_POINT('',#4939);
#1519=VERTEX_POINT('',#4941);
#1520=VERTEX_POINT('',#4943);
#1521=VERTEX_POINT('',#4945);
#1522=VERTEX_POINT('',#4947);
#1523=VERTEX_POINT('',#4949);
#1524=VERTEX_POINT('',#4951);
#1525=VERTEX_POINT('',#4953);
#1526=VERTEX_POINT('',#4955);
#1527=VERTEX_POINT('',#4957);
#1528=VERTEX_POINT('',#4959);
#1529=VERTEX_POINT('',#4962);
#1530=VERTEX_POINT('',#4964);
#1531=VERTEX_POINT('',#4966);
#1532=VERTEX_POINT('',#4968);
#1533=VERTEX_POINT('',#4970);
#1534=VERTEX_POINT('',#4972);
#1535=VERTEX_POINT('',#4974);
#1536=VERTEX_POINT('',#4976);
#1537=VERTEX_POINT('',#4978);
#1538=VERTEX_POINT('',#4980);
#1539=VERTEX_POINT('',#4982);
#1540=VERTEX_POINT('',#4984);
#1541=VERTEX_POINT('',#4986);
#1542=VERTEX_POINT('',#4988);
#1543=VERTEX_POINT('',#4990);
#1544=VERTEX_POINT('',#4992);
#1545=VERTEX_POINT('',#4995);
#1546=VERTEX_POINT('',#4997);
#1547=VERTEX_POINT('',#4999);
#1548=VERTEX_POINT('',#5001);
#1549=VERTEX_POINT('',#5003);
#1550=VERTEX_POINT('',#5005);
#1551=VERTEX_POINT('',#5007);
#1552=VERTEX_POINT('',#5009);
#1553=VERTEX_POINT('',#5011);
#1554=VERTEX_POINT('',#5013);
#1555=VERTEX_POINT('',#5015);
#1556=VERTEX_POINT('',#5019);
#1557=VERTEX_POINT('',#5021);
#1558=VERTEX_POINT('',#5025);
#1559=VERTEX_POINT('',#5027);
#1560=VERTEX_POINT('',#5035);
#1561=VERTEX_POINT('',#5037);
#1562=VERTEX_POINT('',#5041);
#1563=VERTEX_POINT('',#5043);
#1564=VERTEX_POINT('',#5051);
#1565=VERTEX_POINT('',#5053);
#1566=VERTEX_POINT('',#5057);
#1567=VERTEX_POINT('',#5059);
#1568=VERTEX_POINT('',#5067);
#1569=VERTEX_POINT('',#5068);
#1570=VERTEX_POINT('',#5070);
#1571=VERTEX_POINT('',#5072);
#1572=VERTEX_POINT('',#5083);
#1573=VERTEX_POINT('',#5085);
#1574=VERTEX_POINT('',#5089);
#1575=VERTEX_POINT('',#5091);
#1576=VERTEX_POINT('',#5099);
#1577=VERTEX_POINT('',#5101);
#1578=VERTEX_POINT('',#5105);
#1579=VERTEX_POINT('',#5107);
#1580=VERTEX_POINT('',#5115);
#1581=VERTEX_POINT('',#5117);
#1582=VERTEX_POINT('',#5121);
#1583=VERTEX_POINT('',#5123);
#1584=VERTEX_POINT('',#5131);
#1585=VERTEX_POINT('',#5133);
#1586=VERTEX_POINT('',#5137);
#1587=VERTEX_POINT('',#5139);
#1588=VERTEX_POINT('',#5147);
#1589=VERTEX_POINT('',#5149);
#1590=VERTEX_POINT('',#5153);
#1591=VERTEX_POINT('',#5155);
#1592=VERTEX_POINT('',#5163);
#1593=VERTEX_POINT('',#5165);
#1594=VERTEX_POINT('',#5169);
#1595=VERTEX_POINT('',#5171);
#1596=VERTEX_POINT('',#5182);
#1597=VERTEX_POINT('',#5184);
#1598=VERTEX_POINT('',#5188);
#1599=VERTEX_POINT('',#5190);
#1600=VERTEX_POINT('',#5198);
#1601=VERTEX_POINT('',#5203);
#1602=VERTEX_POINT('',#5205);
#1603=VERTEX_POINT('',#5209);
#1604=VERTEX_POINT('',#5211);
#1605=VERTEX_POINT('',#5219);
#1606=VERTEX_POINT('',#5224);
#1607=VERTEX_POINT('',#5228);
#1608=VERTEX_POINT('',#5232);
#1609=VERTEX_POINT('',#5233);
#1610=VERTEX_POINT('',#5235);
#1611=VERTEX_POINT('',#5237);
#1612=VERTEX_POINT('',#5241);
#1613=VERTEX_POINT('',#5242);
#1614=VERTEX_POINT('',#5244);
#1615=VERTEX_POINT('',#5246);
#1616=VERTEX_POINT('',#5250);
#1617=VERTEX_POINT('',#5251);
#1618=VERTEX_POINT('',#5253);
#1619=VERTEX_POINT('',#5255);
#1620=VERTEX_POINT('',#5259);
#1621=VERTEX_POINT('',#5260);
#1622=VERTEX_POINT('',#5262);
#1623=VERTEX_POINT('',#5264);
#1624=VERTEX_POINT('',#5268);
#1625=VERTEX_POINT('',#5269);
#1626=VERTEX_POINT('',#5271);
#1627=VERTEX_POINT('',#5273);
#1628=VERTEX_POINT('',#5277);
#1629=VERTEX_POINT('',#5278);
#1630=VERTEX_POINT('',#5280);
#1631=VERTEX_POINT('',#5282);
#1632=VERTEX_POINT('',#5286);
#1633=VERTEX_POINT('',#5287);
#1634=VERTEX_POINT('',#5289);
#1635=VERTEX_POINT('',#5291);
#1636=VERTEX_POINT('',#5295);
#1637=VERTEX_POINT('',#5296);
#1638=VERTEX_POINT('',#5298);
#1639=VERTEX_POINT('',#5300);
#1640=VERTEX_POINT('',#5304);
#1641=VERTEX_POINT('',#5305);
#1642=VERTEX_POINT('',#5307);
#1643=VERTEX_POINT('',#5309);
#1644=VERTEX_POINT('',#5313);
#1645=VERTEX_POINT('',#5314);
#1646=VERTEX_POINT('',#5316);
#1647=VERTEX_POINT('',#5318);
#1648=VERTEX_POINT('',#5322);
#1649=VERTEX_POINT('',#5323);
#1650=VERTEX_POINT('',#5325);
#1651=VERTEX_POINT('',#5327);
#1652=VERTEX_POINT('',#5331);
#1653=VERTEX_POINT('',#5332);
#1654=VERTEX_POINT('',#5334);
#1655=VERTEX_POINT('',#5336);
#1656=VERTEX_POINT('',#5340);
#1657=VERTEX_POINT('',#5341);
#1658=VERTEX_POINT('',#5343);
#1659=VERTEX_POINT('',#5345);
#1660=VERTEX_POINT('',#5380);
#1661=VERTEX_POINT('',#5415);
#1662=VERTEX_POINT('',#5416);
#1663=VERTEX_POINT('',#5421);
#1664=VERTEX_POINT('',#5425);
#1665=VERTEX_POINT('',#5426);
#1666=VERTEX_POINT('',#5431);
#1667=VERTEX_POINT('',#5432);
#1668=VERTEX_POINT('',#5437);
#1669=VERTEX_POINT('',#5438);
#1670=VERTEX_POINT('',#5443);
#1671=VERTEX_POINT('',#5444);
#1672=VERTEX_POINT('',#5449);
#1673=VERTEX_POINT('',#5450);
#1674=VERTEX_POINT('',#5455);
#1675=VERTEX_POINT('',#5459);
#1676=VERTEX_POINT('',#5460);
#1677=VERTEX_POINT('',#5465);
#1678=VERTEX_POINT('',#5466);
#1679=VERTEX_POINT('',#5471);
#1680=VERTEX_POINT('',#5472);
#1681=VERTEX_POINT('',#5477);
#1682=VERTEX_POINT('',#5482);
#1683=VERTEX_POINT('',#5486);
#1684=VERTEX_POINT('',#5490);
#1685=VERTEX_POINT('',#5492);
#1686=VERTEX_POINT('',#5494);
#1687=VERTEX_POINT('',#5497);
#1688=VERTEX_POINT('',#5499);
#1689=VERTEX_POINT('',#5502);
#1690=VERTEX_POINT('',#5505);
#1691=VERTEX_POINT('',#5511);
#1692=VERTEX_POINT('',#5513);
#1693=VERTEX_POINT('',#5516);
#1694=VERTEX_POINT('',#5518);
#1695=VERTEX_POINT('',#5521);
#1696=VERTEX_POINT('',#5523);
#1697=VERTEX_POINT('',#5527);
#1698=VERTEX_POINT('',#5531);
#1699=VERTEX_POINT('',#5537);
#1700=VERTEX_POINT('',#5539);
#1701=VERTEX_POINT('',#5542);
#1702=VERTEX_POINT('',#5544);
#1703=VERTEX_POINT('',#5547);
#1704=VERTEX_POINT('',#5549);
#1705=VERTEX_POINT('',#5552);
#1706=EDGE_CURVE('',#1372,#1373,#372,.T.);
#1707=EDGE_CURVE('',#1372,#1374,#373,.T.);
#1708=EDGE_CURVE('',#1375,#1374,#374,.T.);
#1709=EDGE_CURVE('',#1373,#1375,#375,.T.);
#1710=EDGE_CURVE('',#1373,#1376,#376,.T.);
#1711=EDGE_CURVE('',#1377,#1375,#377,.T.);
#1712=EDGE_CURVE('',#1376,#1377,#378,.T.);
#1713=EDGE_CURVE('',#1378,#1372,#379,.T.);
#1714=EDGE_CURVE('',#1379,#1378,#380,.T.);
#1715=EDGE_CURVE('',#1374,#1379,#381,.T.);
#1716=EDGE_CURVE('',#1377,#1379,#382,.T.);
#1717=EDGE_CURVE('',#1380,#1381,#383,.T.);
#1718=EDGE_CURVE('',#1380,#1382,#384,.T.);
#1719=EDGE_CURVE('',#1383,#1382,#385,.T.);
#1720=EDGE_CURVE('',#1381,#1383,#386,.T.);
#1721=EDGE_CURVE('',#1381,#1384,#387,.T.);
#1722=EDGE_CURVE('',#1385,#1383,#388,.T.);
#1723=EDGE_CURVE('',#1384,#1385,#389,.T.);
#1724=EDGE_CURVE('',#1386,#1380,#390,.T.);
#1725=EDGE_CURVE('',#1387,#1386,#391,.T.);
#1726=EDGE_CURVE('',#1382,#1387,#392,.T.);
#1727=EDGE_CURVE('',#1385,#1387,#393,.T.);
#1728=EDGE_CURVE('',#1388,#1389,#394,.T.);
#1729=EDGE_CURVE('',#1388,#1390,#395,.T.);
#1730=EDGE_CURVE('',#1391,#1390,#396,.T.);
#1731=EDGE_CURVE('',#1389,#1391,#397,.T.);
#1732=EDGE_CURVE('',#1392,#1388,#398,.T.);
#1733=EDGE_CURVE('',#1393,#1392,#399,.T.);
#1734=EDGE_CURVE('',#1390,#1393,#400,.T.);
#1735=EDGE_CURVE('',#1394,#1393,#401,.T.);
#1736=EDGE_CURVE('',#1394,#1391,#402,.T.);
#1737=EDGE_CURVE('',#1395,#1396,#403,.T.);
#1738=EDGE_CURVE('',#1396,#1397,#404,.T.);
#1739=EDGE_CURVE('',#1397,#1398,#405,.T.);
#1740=EDGE_CURVE('',#1398,#1399,#406,.T.);
#1741=EDGE_CURVE('',#1399,#1400,#18,.T.);
#1742=EDGE_CURVE('',#1400,#1401,#407,.T.);
#1743=EDGE_CURVE('',#1401,#1402,#408,.T.);
#1744=EDGE_CURVE('',#1402,#1403,#409,.T.);
#1745=EDGE_CURVE('',#1403,#1404,#19,.T.);
#1746=EDGE_CURVE('',#1404,#1405,#410,.T.);
#1747=EDGE_CURVE('',#1405,#1406,#411,.T.);
#1748=EDGE_CURVE('',#1406,#1407,#412,.T.);
#1749=EDGE_CURVE('',#1407,#1408,#20,.T.);
#1750=EDGE_CURVE('',#1408,#1409,#413,.T.);
#1751=EDGE_CURVE('',#1409,#1410,#414,.T.);
#1752=EDGE_CURVE('',#1410,#1395,#415,.T.);
#1753=EDGE_CURVE('',#1411,#1392,#416,.T.);
#1754=EDGE_CURVE('',#1389,#1412,#417,.T.);
#1755=EDGE_CURVE('',#1412,#1413,#418,.T.);
#1756=EDGE_CURVE('',#1414,#1413,#419,.T.);
#1757=EDGE_CURVE('',#1414,#1415,#420,.T.);
#1758=EDGE_CURVE('',#1415,#1416,#421,.T.);
#1759=EDGE_CURVE('',#1416,#1417,#422,.T.);
#1760=EDGE_CURVE('',#1418,#1417,#423,.T.);
#1761=EDGE_CURVE('',#1418,#1419,#424,.T.);
#1762=EDGE_CURVE('',#1419,#1420,#425,.T.);
#1763=EDGE_CURVE('',#1420,#1421,#426,.T.);
#1764=EDGE_CURVE('',#1422,#1421,#427,.T.);
#1765=EDGE_CURVE('',#1422,#1423,#428,.T.);
#1766=EDGE_CURVE('',#1423,#1424,#429,.T.);
#1767=EDGE_CURVE('',#1424,#1425,#430,.T.);
#1768=EDGE_CURVE('',#1426,#1425,#431,.T.);
#1769=EDGE_CURVE('',#1426,#1427,#432,.T.);
#1770=EDGE_CURVE('',#1427,#1428,#433,.T.);
#1771=EDGE_CURVE('',#1428,#1429,#434,.T.);
#1772=EDGE_CURVE('',#1430,#1429,#435,.T.);
#1773=EDGE_CURVE('',#1430,#1431,#436,.T.);
#1774=EDGE_CURVE('',#1431,#1432,#437,.T.);
#1775=EDGE_CURVE('',#1432,#1433,#438,.T.);
#1776=EDGE_CURVE('',#1434,#1433,#439,.T.);
#1777=EDGE_CURVE('',#1434,#1435,#440,.T.);
#1778=EDGE_CURVE('',#1435,#1436,#441,.T.);
#1779=EDGE_CURVE('',#1436,#1437,#442,.T.);
#1780=EDGE_CURVE('',#1438,#1437,#443,.T.);
#1781=EDGE_CURVE('',#1438,#1439,#444,.T.);
#1782=EDGE_CURVE('',#1439,#1440,#445,.T.);
#1783=EDGE_CURVE('',#1440,#1441,#446,.T.);
#1784=EDGE_CURVE('',#1442,#1441,#447,.T.);
#1785=EDGE_CURVE('',#1442,#1443,#448,.T.);
#1786=EDGE_CURVE('',#1443,#1444,#449,.T.);
#1787=EDGE_CURVE('',#1444,#1445,#450,.T.);
#1788=EDGE_CURVE('',#1446,#1445,#451,.T.);
#1789=EDGE_CURVE('',#1446,#1447,#452,.T.);
#1790=EDGE_CURVE('',#1447,#1448,#453,.T.);
#1791=EDGE_CURVE('',#1448,#1449,#454,.T.);
#1792=EDGE_CURVE('',#1450,#1449,#455,.T.);
#1793=EDGE_CURVE('',#1450,#1451,#456,.T.);
#1794=EDGE_CURVE('',#1451,#1452,#457,.T.);
#1795=EDGE_CURVE('',#1452,#1453,#458,.T.);
#1796=EDGE_CURVE('',#1454,#1453,#459,.T.);
#1797=EDGE_CURVE('',#1454,#1455,#460,.T.);
#1798=EDGE_CURVE('',#1455,#1456,#461,.T.);
#1799=EDGE_CURVE('',#1456,#1457,#462,.T.);
#1800=EDGE_CURVE('',#1458,#1457,#463,.T.);
#1801=EDGE_CURVE('',#1458,#1459,#464,.T.);
#1802=EDGE_CURVE('',#1459,#1460,#465,.T.);
#1803=EDGE_CURVE('',#1460,#1461,#466,.T.);
#1804=EDGE_CURVE('',#1462,#1461,#467,.T.);
#1805=EDGE_CURVE('',#1463,#1462,#468,.T.);
#1806=EDGE_CURVE('',#1463,#1464,#469,.T.);
#1807=EDGE_CURVE('',#1464,#1465,#470,.T.);
#1808=EDGE_CURVE('',#1465,#1466,#471,.T.);
#1809=EDGE_CURVE('',#1467,#1466,#472,.T.);
#1810=EDGE_CURVE('',#1468,#1467,#473,.T.);
#1811=EDGE_CURVE('',#1469,#1468,#474,.T.);
#1812=EDGE_CURVE('',#1469,#1470,#475,.T.);
#1813=EDGE_CURVE('',#1471,#1470,#476,.T.);
#1814=EDGE_CURVE('',#1472,#1471,#477,.T.);
#1815=EDGE_CURVE('',#1473,#1472,#478,.T.);
#1816=EDGE_CURVE('',#1473,#1474,#479,.T.);
#1817=EDGE_CURVE('',#1475,#1474,#480,.T.);
#1818=EDGE_CURVE('',#1476,#1475,#481,.T.);
#1819=EDGE_CURVE('',#1477,#1476,#482,.T.);
#1820=EDGE_CURVE('',#1477,#1478,#483,.T.);
#1821=EDGE_CURVE('',#1478,#1479,#484,.T.);
#1822=EDGE_CURVE('',#1480,#1479,#485,.T.);
#1823=EDGE_CURVE('',#1481,#1480,#486,.T.);
#1824=EDGE_CURVE('',#1481,#1482,#487,.T.);
#1825=EDGE_CURVE('',#1482,#1483,#488,.T.);
#1826=EDGE_CURVE('',#1484,#1483,#489,.T.);
#1827=EDGE_CURVE('',#1485,#1484,#490,.T.);
#1828=EDGE_CURVE('',#1485,#1486,#491,.T.);
#1829=EDGE_CURVE('',#1487,#1486,#492,.T.);
#1830=EDGE_CURVE('',#1488,#1487,#493,.T.);
#1831=EDGE_CURVE('',#1489,#1488,#494,.T.);
#1832=EDGE_CURVE('',#1489,#1490,#495,.T.);
#1833=EDGE_CURVE('',#1491,#1490,#496,.T.);
#1834=EDGE_CURVE('',#1492,#1491,#497,.T.);
#1835=EDGE_CURVE('',#1493,#1492,#498,.T.);
#1836=EDGE_CURVE('',#1493,#1494,#499,.T.);
#1837=EDGE_CURVE('',#1494,#1495,#500,.T.);
#1838=EDGE_CURVE('',#1496,#1495,#501,.T.);
#1839=EDGE_CURVE('',#1497,#1496,#502,.T.);
#1840=EDGE_CURVE('',#1497,#1498,#503,.T.);
#1841=EDGE_CURVE('',#1498,#1499,#504,.T.);
#1842=EDGE_CURVE('',#1500,#1499,#505,.T.);
#1843=EDGE_CURVE('',#1501,#1500,#506,.T.);
#1844=EDGE_CURVE('',#1501,#1502,#507,.T.);
#1845=EDGE_CURVE('',#1503,#1502,#508,.T.);
#1846=EDGE_CURVE('',#1504,#1503,#509,.T.);
#1847=EDGE_CURVE('',#1505,#1504,#510,.T.);
#1848=EDGE_CURVE('',#1505,#1506,#511,.T.);
#1849=EDGE_CURVE('',#1507,#1506,#512,.T.);
#1850=EDGE_CURVE('',#1508,#1507,#513,.T.);
#1851=EDGE_CURVE('',#1509,#1508,#514,.T.);
#1852=EDGE_CURVE('',#1509,#1510,#515,.T.);
#1853=EDGE_CURVE('',#1511,#1510,#516,.T.);
#1854=EDGE_CURVE('',#1512,#1511,#517,.T.);
#1855=EDGE_CURVE('',#1513,#1512,#518,.T.);
#1856=EDGE_CURVE('',#1513,#1514,#519,.T.);
#1857=EDGE_CURVE('',#1515,#1514,#520,.T.);
#1858=EDGE_CURVE('',#1515,#1516,#521,.T.);
#1859=EDGE_CURVE('',#1516,#1517,#522,.T.);
#1860=EDGE_CURVE('',#1518,#1517,#523,.T.);
#1861=EDGE_CURVE('',#1518,#1519,#524,.T.);
#1862=EDGE_CURVE('',#1519,#1520,#525,.T.);
#1863=EDGE_CURVE('',#1520,#1521,#526,.T.);
#1864=EDGE_CURVE('',#1522,#1521,#527,.T.);
#1865=EDGE_CURVE('',#1522,#1523,#528,.T.);
#1866=EDGE_CURVE('',#1523,#1524,#529,.T.);
#1867=EDGE_CURVE('',#1524,#1525,#530,.T.);
#1868=EDGE_CURVE('',#1526,#1525,#531,.T.);
#1869=EDGE_CURVE('',#1526,#1527,#532,.T.);
#1870=EDGE_CURVE('',#1527,#1528,#533,.T.);
#1871=EDGE_CURVE('',#1528,#1378,#534,.T.);
#1872=EDGE_CURVE('',#1376,#1529,#535,.T.);
#1873=EDGE_CURVE('',#1530,#1529,#536,.T.);
#1874=EDGE_CURVE('',#1531,#1530,#537,.T.);
#1875=EDGE_CURVE('',#1531,#1532,#538,.T.);
#1876=EDGE_CURVE('',#1532,#1533,#539,.T.);
#1877=EDGE_CURVE('',#1534,#1533,#540,.T.);
#1878=EDGE_CURVE('',#1534,#1535,#541,.T.);
#1879=EDGE_CURVE('',#1535,#1536,#542,.T.);
#1880=EDGE_CURVE('',#1536,#1537,#543,.T.);
#1881=EDGE_CURVE('',#1538,#1537,#544,.T.);
#1882=EDGE_CURVE('',#1538,#1539,#545,.T.);
#1883=EDGE_CURVE('',#1539,#1540,#546,.T.);
#1884=EDGE_CURVE('',#1540,#1541,#547,.T.);
#1885=EDGE_CURVE('',#1542,#1541,#548,.T.);
#1886=EDGE_CURVE('',#1543,#1542,#549,.T.);
#1887=EDGE_CURVE('',#1543,#1544,#550,.T.);
#1888=EDGE_CURVE('',#1544,#1386,#551,.T.);
#1889=EDGE_CURVE('',#1384,#1545,#552,.T.);
#1890=EDGE_CURVE('',#1546,#1545,#553,.T.);
#1891=EDGE_CURVE('',#1546,#1547,#554,.T.);
#1892=EDGE_CURVE('',#1547,#1548,#555,.T.);
#1893=EDGE_CURVE('',#1548,#1549,#556,.T.);
#1894=EDGE_CURVE('',#1550,#1549,#557,.T.);
#1895=EDGE_CURVE('',#1550,#1551,#558,.T.);
#1896=EDGE_CURVE('',#1551,#1552,#559,.T.);
#1897=EDGE_CURVE('',#1552,#1553,#560,.T.);
#1898=EDGE_CURVE('',#1554,#1553,#561,.T.);
#1899=EDGE_CURVE('',#1554,#1555,#562,.T.);
#1900=EDGE_CURVE('',#1555,#1411,#563,.T.);
#1901=EDGE_CURVE('',#1555,#1556,#564,.T.);
#1902=EDGE_CURVE('',#1556,#1557,#565,.T.);
#1903=EDGE_CURVE('',#1411,#1557,#566,.T.);
#1904=EDGE_CURVE('',#1554,#1558,#567,.T.);
#1905=EDGE_CURVE('',#1559,#1553,#568,.T.);
#1906=EDGE_CURVE('',#1558,#1559,#569,.T.);
#1907=EDGE_CURVE('',#1556,#1558,#570,.T.);
#1908=EDGE_CURVE('',#1557,#1559,#571,.T.);
#1909=EDGE_CURVE('',#1547,#1560,#572,.T.);
#1910=EDGE_CURVE('',#1560,#1561,#573,.T.);
#1911=EDGE_CURVE('',#1548,#1561,#574,.T.);
#1912=EDGE_CURVE('',#1546,#1562,#575,.T.);
#1913=EDGE_CURVE('',#1563,#1545,#576,.T.);
#1914=EDGE_CURVE('',#1562,#1563,#577,.T.);
#1915=EDGE_CURVE('',#1560,#1562,#578,.T.);
#1916=EDGE_CURVE('',#1561,#1563,#579,.T.);
#1917=EDGE_CURVE('',#1539,#1564,#580,.T.);
#1918=EDGE_CURVE('',#1564,#1565,#581,.T.);
#1919=EDGE_CURVE('',#1540,#1565,#582,.T.);
#1920=EDGE_CURVE('',#1538,#1566,#583,.T.);
#1921=EDGE_CURVE('',#1567,#1537,#584,.T.);
#1922=EDGE_CURVE('',#1566,#1567,#585,.T.);
#1923=EDGE_CURVE('',#1564,#1566,#586,.T.);
#1924=EDGE_CURVE('',#1565,#1567,#587,.T.);
#1925=EDGE_CURVE('',#1568,#1569,#588,.T.);
#1926=EDGE_CURVE('',#1569,#1570,#589,.T.);
#1927=EDGE_CURVE('',#1571,#1570,#590,.T.);
#1928=EDGE_CURVE('',#1568,#1571,#591,.T.);
#1929=EDGE_CURVE('',#1531,#1568,#592,.T.);
#1930=EDGE_CURVE('',#1532,#1571,#593,.T.);
#1931=EDGE_CURVE('',#1569,#1530,#594,.T.);
#1932=EDGE_CURVE('',#1570,#1529,#595,.T.);
#1933=EDGE_CURVE('',#1523,#1572,#596,.T.);
#1934=EDGE_CURVE('',#1572,#1573,#597,.T.);
#1935=EDGE_CURVE('',#1524,#1573,#598,.T.);
#1936=EDGE_CURVE('',#1522,#1574,#599,.T.);
#1937=EDGE_CURVE('',#1575,#1521,#600,.T.);
#1938=EDGE_CURVE('',#1574,#1575,#601,.T.);
#1939=EDGE_CURVE('',#1572,#1574,#602,.T.);
#1940=EDGE_CURVE('',#1573,#1575,#603,.T.);
#1941=EDGE_CURVE('',#1519,#1576,#604,.T.);
#1942=EDGE_CURVE('',#1576,#1577,#605,.T.);
#1943=EDGE_CURVE('',#1520,#1577,#606,.T.);
#1944=EDGE_CURVE('',#1518,#1578,#607,.T.);
#1945=EDGE_CURVE('',#1579,#1517,#608,.T.);
#1946=EDGE_CURVE('',#1578,#1579,#609,.T.);
#1947=EDGE_CURVE('',#1576,#1578,#610,.T.);
#1948=EDGE_CURVE('',#1577,#1579,#611,.T.);
#1949=EDGE_CURVE('',#1527,#1580,#612,.T.);
#1950=EDGE_CURVE('',#1580,#1581,#613,.T.);
#1951=EDGE_CURVE('',#1528,#1581,#614,.T.);
#1952=EDGE_CURVE('',#1526,#1582,#615,.T.);
#1953=EDGE_CURVE('',#1583,#1525,#616,.T.);
#1954=EDGE_CURVE('',#1582,#1583,#617,.T.);
#1955=EDGE_CURVE('',#1580,#1582,#618,.T.);
#1956=EDGE_CURVE('',#1581,#1583,#619,.T.);
#1957=EDGE_CURVE('',#1535,#1584,#620,.T.);
#1958=EDGE_CURVE('',#1584,#1585,#621,.T.);
#1959=EDGE_CURVE('',#1536,#1585,#622,.T.);
#1960=EDGE_CURVE('',#1534,#1586,#623,.T.);
#1961=EDGE_CURVE('',#1587,#1533,#624,.T.);
#1962=EDGE_CURVE('',#1586,#1587,#625,.T.);
#1963=EDGE_CURVE('',#1584,#1586,#626,.T.);
#1964=EDGE_CURVE('',#1585,#1587,#627,.T.);
#1965=EDGE_CURVE('',#1542,#1588,#628,.T.);
#1966=EDGE_CURVE('',#1589,#1541,#629,.T.);
#1967=EDGE_CURVE('',#1588,#1589,#630,.T.);
#1968=EDGE_CURVE('',#1590,#1588,#631,.T.);
#1969=EDGE_CURVE('',#1591,#1589,#632,.T.);
#1970=EDGE_CURVE('',#1590,#1591,#633,.T.);
#1971=EDGE_CURVE('',#1543,#1590,#634,.T.);
#1972=EDGE_CURVE('',#1544,#1591,#635,.T.);
#1973=EDGE_CURVE('',#1551,#1592,#636,.T.);
#1974=EDGE_CURVE('',#1592,#1593,#637,.T.);
#1975=EDGE_CURVE('',#1552,#1593,#638,.T.);
#1976=EDGE_CURVE('',#1550,#1594,#639,.T.);
#1977=EDGE_CURVE('',#1595,#1549,#640,.T.);
#1978=EDGE_CURVE('',#1594,#1595,#641,.T.);
#1979=EDGE_CURVE('',#1592,#1594,#642,.T.);
#1980=EDGE_CURVE('',#1593,#1595,#643,.T.);
#1981=EDGE_CURVE('',#1516,#1396,#644,.T.);
#1982=EDGE_CURVE('',#1394,#1395,#645,.T.);
#1983=EDGE_CURVE('',#1480,#1596,#646,.T.);
#1984=EDGE_CURVE('',#1597,#1479,#647,.T.);
#1985=EDGE_CURVE('',#1596,#1597,#648,.T.);
#1986=EDGE_CURVE('',#1596,#1598,#649,.T.);
#1987=EDGE_CURVE('',#1599,#1597,#650,.T.);
#1988=EDGE_CURVE('',#1598,#1599,#651,.T.);
#1989=EDGE_CURVE('',#1598,#1481,#652,.T.);
#1990=EDGE_CURVE('',#1482,#1599,#653,.T.);
#1991=EDGE_CURVE('',#1478,#1600,#654,.T.);
#1992=EDGE_CURVE('',#1600,#1406,#655,.T.);
#1993=EDGE_CURVE('',#1599,#1405,#656,.T.);
#1994=EDGE_CURVE('',#1496,#1601,#657,.T.);
#1995=EDGE_CURVE('',#1602,#1495,#658,.T.);
#1996=EDGE_CURVE('',#1601,#1602,#659,.T.);
#1997=EDGE_CURVE('',#1601,#1603,#660,.T.);
#1998=EDGE_CURVE('',#1604,#1602,#661,.T.);
#1999=EDGE_CURVE('',#1603,#1604,#662,.T.);
#2000=EDGE_CURVE('',#1603,#1497,#663,.T.);
#2001=EDGE_CURVE('',#1498,#1604,#664,.T.);
#2002=EDGE_CURVE('',#1494,#1605,#665,.T.);
#2003=EDGE_CURVE('',#1605,#1602,#666,.T.);
#2004=EDGE_CURVE('',#1402,#1602,#667,.T.);
#2005=EDGE_CURVE('',#1602,#1606,#668,.T.);
#2006=EDGE_CURVE('',#1606,#1403,#669,.T.);
#2007=EDGE_CURVE('',#1607,#1404,#670,.T.);
#2008=EDGE_CURVE('',#1607,#1599,#671,.T.);
#2009=EDGE_CURVE('',#1608,#1609,#672,.T.);
#2010=EDGE_CURVE('',#1610,#1608,#673,.T.);
#2011=EDGE_CURVE('',#1611,#1610,#674,.T.);
#2012=EDGE_CURVE('',#1609,#1611,#675,.T.);
#2013=EDGE_CURVE('',#1612,#1613,#676,.T.);
#2014=EDGE_CURVE('',#1614,#1612,#677,.T.);
#2015=EDGE_CURVE('',#1615,#1614,#678,.T.);
#2016=EDGE_CURVE('',#1613,#1615,#679,.T.);
#2017=EDGE_CURVE('',#1616,#1617,#680,.T.);
#2018=EDGE_CURVE('',#1618,#1616,#681,.T.);
#2019=EDGE_CURVE('',#1619,#1618,#682,.T.);
#2020=EDGE_CURVE('',#1617,#1619,#683,.T.);
#2021=EDGE_CURVE('',#1620,#1621,#684,.T.);
#2022=EDGE_CURVE('',#1622,#1620,#685,.T.);
#2023=EDGE_CURVE('',#1623,#1622,#686,.T.);
#2024=EDGE_CURVE('',#1621,#1623,#687,.T.);
#2025=EDGE_CURVE('',#1624,#1625,#688,.T.);
#2026=EDGE_CURVE('',#1626,#1624,#689,.T.);
#2027=EDGE_CURVE('',#1627,#1626,#690,.T.);
#2028=EDGE_CURVE('',#1625,#1627,#691,.T.);
#2029=EDGE_CURVE('',#1628,#1629,#692,.T.);
#2030=EDGE_CURVE('',#1630,#1628,#693,.T.);
#2031=EDGE_CURVE('',#1631,#1630,#694,.T.);
#2032=EDGE_CURVE('',#1629,#1631,#695,.T.);
#2033=EDGE_CURVE('',#1632,#1633,#696,.T.);
#2034=EDGE_CURVE('',#1634,#1632,#697,.T.);
#2035=EDGE_CURVE('',#1635,#1634,#698,.T.);
#2036=EDGE_CURVE('',#1633,#1635,#699,.T.);
#2037=EDGE_CURVE('',#1636,#1637,#700,.T.);
#2038=EDGE_CURVE('',#1638,#1636,#701,.T.);
#2039=EDGE_CURVE('',#1639,#1638,#702,.T.);
#2040=EDGE_CURVE('',#1637,#1639,#703,.T.);
#2041=EDGE_CURVE('',#1640,#1641,#704,.T.);
#2042=EDGE_CURVE('',#1642,#1640,#705,.T.);
#2043=EDGE_CURVE('',#1643,#1642,#706,.T.);
#2044=EDGE_CURVE('',#1641,#1643,#707,.T.);
#2045=EDGE_CURVE('',#1644,#1645,#708,.T.);
#2046=EDGE_CURVE('',#1646,#1644,#709,.T.);
#2047=EDGE_CURVE('',#1647,#1646,#710,.T.);
#2048=EDGE_CURVE('',#1645,#1647,#711,.T.);
#2049=EDGE_CURVE('',#1648,#1649,#712,.T.);
#2050=EDGE_CURVE('',#1650,#1648,#713,.T.);
#2051=EDGE_CURVE('',#1651,#1650,#714,.T.);
#2052=EDGE_CURVE('',#1649,#1651,#715,.T.);
#2053=EDGE_CURVE('',#1652,#1653,#716,.T.);
#2054=EDGE_CURVE('',#1654,#1652,#717,.T.);
#2055=EDGE_CURVE('',#1655,#1654,#718,.T.);
#2056=EDGE_CURVE('',#1653,#1655,#719,.T.);
#2057=EDGE_CURVE('',#1656,#1657,#720,.T.);
#2058=EDGE_CURVE('',#1658,#1656,#721,.T.);
#2059=EDGE_CURVE('',#1659,#1658,#722,.T.);
#2060=EDGE_CURVE('',#1657,#1659,#723,.T.);
#2061=EDGE_CURVE('',#1453,#1611,#724,.T.);
#2062=EDGE_CURVE('',#1452,#1609,#725,.T.);
#2063=EDGE_CURVE('',#1610,#1454,#726,.T.);
#2064=EDGE_CURVE('',#1437,#1615,#727,.T.);
#2065=EDGE_CURVE('',#1436,#1613,#728,.T.);
#2066=EDGE_CURVE('',#1614,#1438,#729,.T.);
#2067=EDGE_CURVE('',#1421,#1619,#730,.T.);
#2068=EDGE_CURVE('',#1420,#1617,#731,.T.);
#2069=EDGE_CURVE('',#1618,#1422,#732,.T.);
#2070=EDGE_CURVE('',#1417,#1623,#733,.T.);
#2071=EDGE_CURVE('',#1416,#1621,#734,.T.);
#2072=EDGE_CURVE('',#1622,#1418,#735,.T.);
#2073=EDGE_CURVE('',#1627,#1434,#736,.T.);
#2074=EDGE_CURVE('',#1433,#1625,#737,.T.);
#2075=EDGE_CURVE('',#1435,#1626,#738,.T.);
#2076=EDGE_CURVE('',#1449,#1631,#739,.T.);
#2077=EDGE_CURVE('',#1448,#1629,#740,.T.);
#2078=EDGE_CURVE('',#1630,#1450,#741,.T.);
#2079=EDGE_CURVE('',#1635,#1410,#742,.T.);
#2080=EDGE_CURVE('',#1409,#1660,#743,.T.);
#2081=EDGE_CURVE('',#1660,#1463,#744,.T.);
#2082=EDGE_CURVE('',#1462,#1633,#745,.T.);
#2083=EDGE_CURVE('',#1441,#1639,#746,.T.);
#2084=EDGE_CURVE('',#1440,#1637,#747,.T.);
#2085=EDGE_CURVE('',#1638,#1442,#748,.T.);
#2086=EDGE_CURVE('',#1425,#1643,#749,.T.);
#2087=EDGE_CURVE('',#1424,#1641,#750,.T.);
#2088=EDGE_CURVE('',#1642,#1426,#751,.T.);
#2089=EDGE_CURVE('',#1647,#1414,#752,.T.);
#2090=EDGE_CURVE('',#1413,#1645,#753,.T.);
#2091=EDGE_CURVE('',#1415,#1646,#754,.T.);
#2092=EDGE_CURVE('',#1651,#1430,#755,.T.);
#2093=EDGE_CURVE('',#1429,#1649,#756,.T.);
#2094=EDGE_CURVE('',#1431,#1650,#757,.T.);
#2095=EDGE_CURVE('',#1445,#1655,#758,.T.);
#2096=EDGE_CURVE('',#1444,#1653,#759,.T.);
#2097=EDGE_CURVE('',#1654,#1446,#760,.T.);
#2098=EDGE_CURVE('',#1659,#1458,#761,.T.);
#2099=EDGE_CURVE('',#1457,#1657,#762,.T.);
#2100=EDGE_CURVE('',#1459,#1658,#763,.T.);
#2101=EDGE_CURVE('',#1661,#1662,#764,.T.);
#2102=EDGE_CURVE('',#1470,#1662,#765,.T.);
#2103=EDGE_CURVE('',#1661,#1469,#766,.T.);
#2104=EDGE_CURVE('',#1663,#1600,#767,.T.);
#2105=EDGE_CURVE('',#1663,#1477,#768,.T.);
#2106=EDGE_CURVE('',#1664,#1665,#769,.T.);
#2107=EDGE_CURVE('',#1490,#1665,#770,.T.);
#2108=EDGE_CURVE('',#1664,#1489,#771,.T.);
#2109=EDGE_CURVE('',#1666,#1667,#772,.T.);
#2110=EDGE_CURVE('',#1502,#1667,#773,.T.);
#2111=EDGE_CURVE('',#1666,#1501,#774,.T.);
#2112=EDGE_CURVE('',#1668,#1669,#775,.T.);
#2113=EDGE_CURVE('',#1514,#1669,#776,.T.);
#2114=EDGE_CURVE('',#1668,#1513,#777,.T.);
#2115=EDGE_CURVE('',#1670,#1671,#778,.T.);
#2116=EDGE_CURVE('',#1510,#1671,#779,.T.);
#2117=EDGE_CURVE('',#1670,#1509,#780,.T.);
#2118=EDGE_CURVE('',#1672,#1673,#781,.T.);
#2119=EDGE_CURVE('',#1506,#1673,#782,.T.);
#2120=EDGE_CURVE('',#1672,#1505,#783,.T.);
#2121=EDGE_CURVE('',#1674,#1605,#784,.T.);
#2122=EDGE_CURVE('',#1674,#1493,#785,.T.);
#2123=EDGE_CURVE('',#1675,#1676,#786,.T.);
#2124=EDGE_CURVE('',#1486,#1676,#787,.T.);
#2125=EDGE_CURVE('',#1675,#1485,#788,.T.);
#2126=EDGE_CURVE('',#1677,#1678,#789,.T.);
#2127=EDGE_CURVE('',#1474,#1678,#790,.T.);
#2128=EDGE_CURVE('',#1677,#1473,#791,.T.);
#2129=EDGE_CURVE('',#1679,#1680,#792,.T.);
#2130=EDGE_CURVE('',#1466,#1680,#793,.T.);
#2131=EDGE_CURVE('',#1679,#1465,#794,.T.);
#2132=EDGE_CURVE('',#1669,#1681,#795,.T.);
#2133=EDGE_CURVE('',#1681,#1399,#796,.T.);
#2134=EDGE_CURVE('',#1669,#1398,#797,.T.);
#2135=EDGE_CURVE('',#1682,#1681,#21,.T.);
#2136=EDGE_CURVE('',#1682,#1400,#798,.T.);
#2137=EDGE_CURVE('',#1682,#1683,#799,.T.);
#2138=EDGE_CURVE('',#1683,#1401,#800,.T.);
#2139=EDGE_CURVE('',#1671,#1684,#801,.T.);
#2140=EDGE_CURVE('',#1685,#1670,#802,.T.);
#2141=EDGE_CURVE('',#1686,#1685,#803,.T.);
#2142=EDGE_CURVE('',#1673,#1686,#804,.T.);
#2143=EDGE_CURVE('',#1687,#1672,#805,.T.);
#2144=EDGE_CURVE('',#1688,#1687,#806,.T.);
#2145=EDGE_CURVE('',#1667,#1688,#807,.T.);
#2146=EDGE_CURVE('',#1689,#1666,#808,.T.);
#2147=EDGE_CURVE('',#1683,#1689,#809,.T.);
#2148=EDGE_CURVE('',#1690,#1668,#810,.T.);
#2149=EDGE_CURVE('',#1684,#1690,#811,.T.);
#2150=EDGE_CURVE('',#1607,#1606,#22,.T.);
#2151=EDGE_CURVE('',#1691,#1674,#812,.T.);
#2152=EDGE_CURVE('',#1692,#1691,#813,.T.);
#2153=EDGE_CURVE('',#1665,#1692,#814,.T.);
#2154=EDGE_CURVE('',#1693,#1664,#815,.T.);
#2155=EDGE_CURVE('',#1694,#1693,#816,.T.);
#2156=EDGE_CURVE('',#1676,#1694,#817,.T.);
#2157=EDGE_CURVE('',#1695,#1675,#818,.T.);
#2158=EDGE_CURVE('',#1696,#1695,#819,.T.);
#2159=EDGE_CURVE('',#1599,#1696,#820,.T.);
#2160=EDGE_CURVE('',#1697,#1660,#821,.T.);
#2161=EDGE_CURVE('',#1697,#1408,#822,.T.);
#2162=EDGE_CURVE('',#1698,#1600,#823,.T.);
#2163=EDGE_CURVE('',#1698,#1407,#824,.T.);
#2164=EDGE_CURVE('',#1697,#1698,#23,.T.);
#2165=EDGE_CURVE('',#1699,#1663,#825,.T.);
#2166=EDGE_CURVE('',#1700,#1699,#826,.T.);
#2167=EDGE_CURVE('',#1678,#1700,#827,.T.);
#2168=EDGE_CURVE('',#1701,#1677,#828,.T.);
#2169=EDGE_CURVE('',#1702,#1701,#829,.T.);
#2170=EDGE_CURVE('',#1662,#1702,#830,.T.);
#2171=EDGE_CURVE('',#1703,#1661,#831,.T.);
#2172=EDGE_CURVE('',#1704,#1703,#832,.T.);
#2173=EDGE_CURVE('',#1680,#1704,#833,.T.);
#2174=EDGE_CURVE('',#1705,#1679,#834,.T.);
#2175=EDGE_CURVE('',#1660,#1705,#835,.T.);
#2176=EDGE_CURVE('',#1507,#1686,#836,.T.);
#2177=EDGE_CURVE('',#1511,#1684,#837,.T.);
#2178=EDGE_CURVE('',#1491,#1692,#838,.T.);
#2179=EDGE_CURVE('',#1499,#1683,#839,.T.);
#2180=EDGE_CURVE('',#1475,#1700,#840,.T.);
#2181=EDGE_CURVE('',#1460,#1634,#841,.T.);
#2182=EDGE_CURVE('',#1456,#1656,#842,.T.);
#2183=EDGE_CURVE('',#1455,#1608,#843,.T.);
#2184=EDGE_CURVE('',#1451,#1628,#844,.T.);
#2185=EDGE_CURVE('',#1447,#1652,#845,.T.);
#2186=EDGE_CURVE('',#1443,#1636,#846,.T.);
#2187=EDGE_CURVE('',#1439,#1612,#847,.T.);
#2188=EDGE_CURVE('',#1432,#1624,#848,.T.);
#2189=EDGE_CURVE('',#1428,#1648,#849,.T.);
#2190=EDGE_CURVE('',#1427,#1640,#850,.T.);
#2191=EDGE_CURVE('',#1423,#1616,#851,.T.);
#2192=EDGE_CURVE('',#1419,#1620,#852,.T.);
#2193=EDGE_CURVE('',#1412,#1644,#853,.T.);
#2194=EDGE_CURVE('',#1461,#1632,#854,.T.);
#2195=EDGE_CURVE('',#1467,#1704,#855,.T.);
#2196=EDGE_CURVE('',#1464,#1705,#856,.T.);
#2197=EDGE_CURVE('',#1397,#1515,#857,.T.);
#2198=EDGE_CURVE('',#1483,#1696,#858,.T.);
#2199=EDGE_CURVE('',#1471,#1702,#859,.T.);
#2200=EDGE_CURVE('',#1503,#1688,#860,.T.);
#2201=EDGE_CURVE('',#1487,#1694,#861,.T.);
#2202=EDGE_CURVE('',#1512,#1690,#862,.T.);
#2203=EDGE_CURVE('',#1484,#1695,#863,.T.);
#2204=EDGE_CURVE('',#1492,#1691,#864,.T.);
#2205=EDGE_CURVE('',#1472,#1701,#865,.T.);
#2206=EDGE_CURVE('',#1504,#1687,#866,.T.);
#2207=EDGE_CURVE('',#1488,#1693,#867,.T.);
#2208=EDGE_CURVE('',#1476,#1699,#868,.T.);
#2209=EDGE_CURVE('',#1508,#1685,#869,.T.);
#2210=EDGE_CURVE('',#1500,#1689,#870,.T.);
#2211=EDGE_CURVE('',#1468,#1703,#871,.T.);
#2212=ORIENTED_EDGE('',*,*,#1706,.F.);
#2213=ORIENTED_EDGE('',*,*,#1707,.T.);
#2214=ORIENTED_EDGE('',*,*,#1708,.F.);
#2215=ORIENTED_EDGE('',*,*,#1709,.F.);
#2216=ORIENTED_EDGE('',*,*,#1710,.F.);
#2217=ORIENTED_EDGE('',*,*,#1709,.T.);
#2218=ORIENTED_EDGE('',*,*,#1711,.F.);
#2219=ORIENTED_EDGE('',*,*,#1712,.F.);
#2220=ORIENTED_EDGE('',*,*,#1713,.F.);
#2221=ORIENTED_EDGE('',*,*,#1714,.F.);
#2222=ORIENTED_EDGE('',*,*,#1715,.F.);
#2223=ORIENTED_EDGE('',*,*,#1707,.F.);
#2224=ORIENTED_EDGE('',*,*,#1715,.T.);
#2225=ORIENTED_EDGE('',*,*,#1716,.F.);
#2226=ORIENTED_EDGE('',*,*,#1711,.T.);
#2227=ORIENTED_EDGE('',*,*,#1708,.T.);
#2228=ORIENTED_EDGE('',*,*,#1717,.F.);
#2229=ORIENTED_EDGE('',*,*,#1718,.T.);
#2230=ORIENTED_EDGE('',*,*,#1719,.F.);
#2231=ORIENTED_EDGE('',*,*,#1720,.F.);
#2232=ORIENTED_EDGE('',*,*,#1721,.F.);
#2233=ORIENTED_EDGE('',*,*,#1720,.T.);
#2234=ORIENTED_EDGE('',*,*,#1722,.F.);
#2235=ORIENTED_EDGE('',*,*,#1723,.F.);
#2236=ORIENTED_EDGE('',*,*,#1724,.F.);
#2237=ORIENTED_EDGE('',*,*,#1725,.F.);
#2238=ORIENTED_EDGE('',*,*,#1726,.F.);
#2239=ORIENTED_EDGE('',*,*,#1718,.F.);
#2240=ORIENTED_EDGE('',*,*,#1726,.T.);
#2241=ORIENTED_EDGE('',*,*,#1727,.F.);
#2242=ORIENTED_EDGE('',*,*,#1722,.T.);
#2243=ORIENTED_EDGE('',*,*,#1719,.T.);
#2244=ORIENTED_EDGE('',*,*,#1728,.F.);
#2245=ORIENTED_EDGE('',*,*,#1729,.T.);
#2246=ORIENTED_EDGE('',*,*,#1730,.F.);
#2247=ORIENTED_EDGE('',*,*,#1731,.F.);
#2248=ORIENTED_EDGE('',*,*,#1732,.F.);
#2249=ORIENTED_EDGE('',*,*,#1733,.F.);
#2250=ORIENTED_EDGE('',*,*,#1734,.F.);
#2251=ORIENTED_EDGE('',*,*,#1729,.F.);
#2252=ORIENTED_EDGE('',*,*,#1734,.T.);
#2253=ORIENTED_EDGE('',*,*,#1735,.F.);
#2254=ORIENTED_EDGE('',*,*,#1736,.T.);
#2255=ORIENTED_EDGE('',*,*,#1730,.T.);
#2256=ORIENTED_EDGE('',*,*,#1737,.T.);
#2257=ORIENTED_EDGE('',*,*,#1738,.T.);
#2258=ORIENTED_EDGE('',*,*,#1739,.T.);
#2259=ORIENTED_EDGE('',*,*,#1740,.T.);
#2260=ORIENTED_EDGE('',*,*,#1741,.T.);
#2261=ORIENTED_EDGE('',*,*,#1742,.T.);
#2262=ORIENTED_EDGE('',*,*,#1743,.T.);
#2263=ORIENTED_EDGE('',*,*,#1744,.T.);
#2264=ORIENTED_EDGE('',*,*,#1745,.T.);
#2265=ORIENTED_EDGE('',*,*,#1746,.T.);
#2266=ORIENTED_EDGE('',*,*,#1747,.T.);
#2267=ORIENTED_EDGE('',*,*,#1748,.T.);
#2268=ORIENTED_EDGE('',*,*,#1749,.T.);
#2269=ORIENTED_EDGE('',*,*,#1750,.T.);
#2270=ORIENTED_EDGE('',*,*,#1751,.T.);
#2271=ORIENTED_EDGE('',*,*,#1752,.T.);
#2272=ORIENTED_EDGE('',*,*,#1753,.T.);
#2273=ORIENTED_EDGE('',*,*,#1732,.T.);
#2274=ORIENTED_EDGE('',*,*,#1728,.T.);
#2275=ORIENTED_EDGE('',*,*,#1754,.T.);
#2276=ORIENTED_EDGE('',*,*,#1755,.T.);
#2277=ORIENTED_EDGE('',*,*,#1756,.F.);
#2278=ORIENTED_EDGE('',*,*,#1757,.T.);
#2279=ORIENTED_EDGE('',*,*,#1758,.T.);
#2280=ORIENTED_EDGE('',*,*,#1759,.T.);
#2281=ORIENTED_EDGE('',*,*,#1760,.F.);
#2282=ORIENTED_EDGE('',*,*,#1761,.T.);
#2283=ORIENTED_EDGE('',*,*,#1762,.T.);
#2284=ORIENTED_EDGE('',*,*,#1763,.T.);
#2285=ORIENTED_EDGE('',*,*,#1764,.F.);
#2286=ORIENTED_EDGE('',*,*,#1765,.T.);
#2287=ORIENTED_EDGE('',*,*,#1766,.T.);
#2288=ORIENTED_EDGE('',*,*,#1767,.T.);
#2289=ORIENTED_EDGE('',*,*,#1768,.F.);
#2290=ORIENTED_EDGE('',*,*,#1769,.T.);
#2291=ORIENTED_EDGE('',*,*,#1770,.T.);
#2292=ORIENTED_EDGE('',*,*,#1771,.T.);
#2293=ORIENTED_EDGE('',*,*,#1772,.F.);
#2294=ORIENTED_EDGE('',*,*,#1773,.T.);
#2295=ORIENTED_EDGE('',*,*,#1774,.T.);
#2296=ORIENTED_EDGE('',*,*,#1775,.T.);
#2297=ORIENTED_EDGE('',*,*,#1776,.F.);
#2298=ORIENTED_EDGE('',*,*,#1777,.T.);
#2299=ORIENTED_EDGE('',*,*,#1778,.T.);
#2300=ORIENTED_EDGE('',*,*,#1779,.T.);
#2301=ORIENTED_EDGE('',*,*,#1780,.F.);
#2302=ORIENTED_EDGE('',*,*,#1781,.T.);
#2303=ORIENTED_EDGE('',*,*,#1782,.T.);
#2304=ORIENTED_EDGE('',*,*,#1783,.T.);
#2305=ORIENTED_EDGE('',*,*,#1784,.F.);
#2306=ORIENTED_EDGE('',*,*,#1785,.T.);
#2307=ORIENTED_EDGE('',*,*,#1786,.T.);
#2308=ORIENTED_EDGE('',*,*,#1787,.T.);
#2309=ORIENTED_EDGE('',*,*,#1788,.F.);
#2310=ORIENTED_EDGE('',*,*,#1789,.T.);
#2311=ORIENTED_EDGE('',*,*,#1790,.T.);
#2312=ORIENTED_EDGE('',*,*,#1791,.T.);
#2313=ORIENTED_EDGE('',*,*,#1792,.F.);
#2314=ORIENTED_EDGE('',*,*,#1793,.T.);
#2315=ORIENTED_EDGE('',*,*,#1794,.T.);
#2316=ORIENTED_EDGE('',*,*,#1795,.T.);
#2317=ORIENTED_EDGE('',*,*,#1796,.F.);
#2318=ORIENTED_EDGE('',*,*,#1797,.T.);
#2319=ORIENTED_EDGE('',*,*,#1798,.T.);
#2320=ORIENTED_EDGE('',*,*,#1799,.T.);
#2321=ORIENTED_EDGE('',*,*,#1800,.F.);
#2322=ORIENTED_EDGE('',*,*,#1801,.T.);
#2323=ORIENTED_EDGE('',*,*,#1802,.T.);
#2324=ORIENTED_EDGE('',*,*,#1803,.T.);
#2325=ORIENTED_EDGE('',*,*,#1804,.F.);
#2326=ORIENTED_EDGE('',*,*,#1805,.F.);
#2327=ORIENTED_EDGE('',*,*,#1806,.T.);
#2328=ORIENTED_EDGE('',*,*,#1807,.T.);
#2329=ORIENTED_EDGE('',*,*,#1808,.T.);
#2330=ORIENTED_EDGE('',*,*,#1809,.F.);
#2331=ORIENTED_EDGE('',*,*,#1810,.F.);
#2332=ORIENTED_EDGE('',*,*,#1811,.F.);
#2333=ORIENTED_EDGE('',*,*,#1812,.T.);
#2334=ORIENTED_EDGE('',*,*,#1813,.F.);
#2335=ORIENTED_EDGE('',*,*,#1814,.F.);
#2336=ORIENTED_EDGE('',*,*,#1815,.F.);
#2337=ORIENTED_EDGE('',*,*,#1816,.T.);
#2338=ORIENTED_EDGE('',*,*,#1817,.F.);
#2339=ORIENTED_EDGE('',*,*,#1818,.F.);
#2340=ORIENTED_EDGE('',*,*,#1819,.F.);
#2341=ORIENTED_EDGE('',*,*,#1820,.T.);
#2342=ORIENTED_EDGE('',*,*,#1821,.T.);
#2343=ORIENTED_EDGE('',*,*,#1822,.F.);
#2344=ORIENTED_EDGE('',*,*,#1823,.F.);
#2345=ORIENTED_EDGE('',*,*,#1824,.T.);
#2346=ORIENTED_EDGE('',*,*,#1825,.T.);
#2347=ORIENTED_EDGE('',*,*,#1826,.F.);
#2348=ORIENTED_EDGE('',*,*,#1827,.F.);
#2349=ORIENTED_EDGE('',*,*,#1828,.T.);
#2350=ORIENTED_EDGE('',*,*,#1829,.F.);
#2351=ORIENTED_EDGE('',*,*,#1830,.F.);
#2352=ORIENTED_EDGE('',*,*,#1831,.F.);
#2353=ORIENTED_EDGE('',*,*,#1832,.T.);
#2354=ORIENTED_EDGE('',*,*,#1833,.F.);
#2355=ORIENTED_EDGE('',*,*,#1834,.F.);
#2356=ORIENTED_EDGE('',*,*,#1835,.F.);
#2357=ORIENTED_EDGE('',*,*,#1836,.T.);
#2358=ORIENTED_EDGE('',*,*,#1837,.T.);
#2359=ORIENTED_EDGE('',*,*,#1838,.F.);
#2360=ORIENTED_EDGE('',*,*,#1839,.F.);
#2361=ORIENTED_EDGE('',*,*,#1840,.T.);
#2362=ORIENTED_EDGE('',*,*,#1841,.T.);
#2363=ORIENTED_EDGE('',*,*,#1842,.F.);
#2364=ORIENTED_EDGE('',*,*,#1843,.F.);
#2365=ORIENTED_EDGE('',*,*,#1844,.T.);
#2366=ORIENTED_EDGE('',*,*,#1845,.F.);
#2367=ORIENTED_EDGE('',*,*,#1846,.F.);
#2368=ORIENTED_EDGE('',*,*,#1847,.F.);
#2369=ORIENTED_EDGE('',*,*,#1848,.T.);
#2370=ORIENTED_EDGE('',*,*,#1849,.F.);
#2371=ORIENTED_EDGE('',*,*,#1850,.F.);
#2372=ORIENTED_EDGE('',*,*,#1851,.F.);
#2373=ORIENTED_EDGE('',*,*,#1852,.T.);
#2374=ORIENTED_EDGE('',*,*,#1853,.F.);
#2375=ORIENTED_EDGE('',*,*,#1854,.F.);
#2376=ORIENTED_EDGE('',*,*,#1855,.F.);
#2377=ORIENTED_EDGE('',*,*,#1856,.T.);
#2378=ORIENTED_EDGE('',*,*,#1857,.F.);
#2379=ORIENTED_EDGE('',*,*,#1858,.T.);
#2380=ORIENTED_EDGE('',*,*,#1859,.T.);
#2381=ORIENTED_EDGE('',*,*,#1860,.F.);
#2382=ORIENTED_EDGE('',*,*,#1861,.T.);
#2383=ORIENTED_EDGE('',*,*,#1862,.T.);
#2384=ORIENTED_EDGE('',*,*,#1863,.T.);
#2385=ORIENTED_EDGE('',*,*,#1864,.F.);
#2386=ORIENTED_EDGE('',*,*,#1865,.T.);
#2387=ORIENTED_EDGE('',*,*,#1866,.T.);
#2388=ORIENTED_EDGE('',*,*,#1867,.T.);
#2389=ORIENTED_EDGE('',*,*,#1868,.F.);
#2390=ORIENTED_EDGE('',*,*,#1869,.T.);
#2391=ORIENTED_EDGE('',*,*,#1870,.T.);
#2392=ORIENTED_EDGE('',*,*,#1871,.T.);
#2393=ORIENTED_EDGE('',*,*,#1713,.T.);
#2394=ORIENTED_EDGE('',*,*,#1706,.T.);
#2395=ORIENTED_EDGE('',*,*,#1710,.T.);
#2396=ORIENTED_EDGE('',*,*,#1872,.T.);
#2397=ORIENTED_EDGE('',*,*,#1873,.F.);
#2398=ORIENTED_EDGE('',*,*,#1874,.F.);
#2399=ORIENTED_EDGE('',*,*,#1875,.T.);
#2400=ORIENTED_EDGE('',*,*,#1876,.T.);
#2401=ORIENTED_EDGE('',*,*,#1877,.F.);
#2402=ORIENTED_EDGE('',*,*,#1878,.T.);
#2403=ORIENTED_EDGE('',*,*,#1879,.T.);
#2404=ORIENTED_EDGE('',*,*,#1880,.T.);
#2405=ORIENTED_EDGE('',*,*,#1881,.F.);
#2406=ORIENTED_EDGE('',*,*,#1882,.T.);
#2407=ORIENTED_EDGE('',*,*,#1883,.T.);
#2408=ORIENTED_EDGE('',*,*,#1884,.T.);
#2409=ORIENTED_EDGE('',*,*,#1885,.F.);
#2410=ORIENTED_EDGE('',*,*,#1886,.F.);
#2411=ORIENTED_EDGE('',*,*,#1887,.T.);
#2412=ORIENTED_EDGE('',*,*,#1888,.T.);
#2413=ORIENTED_EDGE('',*,*,#1724,.T.);
#2414=ORIENTED_EDGE('',*,*,#1717,.T.);
#2415=ORIENTED_EDGE('',*,*,#1721,.T.);
#2416=ORIENTED_EDGE('',*,*,#1889,.T.);
#2417=ORIENTED_EDGE('',*,*,#1890,.F.);
#2418=ORIENTED_EDGE('',*,*,#1891,.T.);
#2419=ORIENTED_EDGE('',*,*,#1892,.T.);
#2420=ORIENTED_EDGE('',*,*,#1893,.T.);
#2421=ORIENTED_EDGE('',*,*,#1894,.F.);
#2422=ORIENTED_EDGE('',*,*,#1895,.T.);
#2423=ORIENTED_EDGE('',*,*,#1896,.T.);
#2424=ORIENTED_EDGE('',*,*,#1897,.T.);
#2425=ORIENTED_EDGE('',*,*,#1898,.F.);
#2426=ORIENTED_EDGE('',*,*,#1899,.T.);
#2427=ORIENTED_EDGE('',*,*,#1900,.T.);
#2428=ORIENTED_EDGE('',*,*,#1901,.T.);
#2429=ORIENTED_EDGE('',*,*,#1902,.T.);
#2430=ORIENTED_EDGE('',*,*,#1903,.F.);
#2431=ORIENTED_EDGE('',*,*,#1900,.F.);
#2432=ORIENTED_EDGE('',*,*,#1904,.F.);
#2433=ORIENTED_EDGE('',*,*,#1898,.T.);
#2434=ORIENTED_EDGE('',*,*,#1905,.F.);
#2435=ORIENTED_EDGE('',*,*,#1906,.F.);
#2436=ORIENTED_EDGE('',*,*,#1907,.T.);
#2437=ORIENTED_EDGE('',*,*,#1906,.T.);
#2438=ORIENTED_EDGE('',*,*,#1908,.F.);
#2439=ORIENTED_EDGE('',*,*,#1902,.F.);
#2440=ORIENTED_EDGE('',*,*,#1907,.F.);
#2441=ORIENTED_EDGE('',*,*,#1901,.F.);
#2442=ORIENTED_EDGE('',*,*,#1899,.F.);
#2443=ORIENTED_EDGE('',*,*,#1904,.T.);
#2444=ORIENTED_EDGE('',*,*,#1909,.T.);
#2445=ORIENTED_EDGE('',*,*,#1910,.T.);
#2446=ORIENTED_EDGE('',*,*,#1911,.F.);
#2447=ORIENTED_EDGE('',*,*,#1892,.F.);
#2448=ORIENTED_EDGE('',*,*,#1912,.F.);
#2449=ORIENTED_EDGE('',*,*,#1890,.T.);
#2450=ORIENTED_EDGE('',*,*,#1913,.F.);
#2451=ORIENTED_EDGE('',*,*,#1914,.F.);
#2452=ORIENTED_EDGE('',*,*,#1915,.T.);
#2453=ORIENTED_EDGE('',*,*,#1914,.T.);
#2454=ORIENTED_EDGE('',*,*,#1916,.F.);
#2455=ORIENTED_EDGE('',*,*,#1910,.F.);
#2456=ORIENTED_EDGE('',*,*,#1915,.F.);
#2457=ORIENTED_EDGE('',*,*,#1909,.F.);
#2458=ORIENTED_EDGE('',*,*,#1891,.F.);
#2459=ORIENTED_EDGE('',*,*,#1912,.T.);
#2460=ORIENTED_EDGE('',*,*,#1917,.T.);
#2461=ORIENTED_EDGE('',*,*,#1918,.T.);
#2462=ORIENTED_EDGE('',*,*,#1919,.F.);
#2463=ORIENTED_EDGE('',*,*,#1883,.F.);
#2464=ORIENTED_EDGE('',*,*,#1920,.F.);
#2465=ORIENTED_EDGE('',*,*,#1881,.T.);
#2466=ORIENTED_EDGE('',*,*,#1921,.F.);
#2467=ORIENTED_EDGE('',*,*,#1922,.F.);
#2468=ORIENTED_EDGE('',*,*,#1923,.T.);
#2469=ORIENTED_EDGE('',*,*,#1922,.T.);
#2470=ORIENTED_EDGE('',*,*,#1924,.F.);
#2471=ORIENTED_EDGE('',*,*,#1918,.F.);
#2472=ORIENTED_EDGE('',*,*,#1923,.F.);
#2473=ORIENTED_EDGE('',*,*,#1917,.F.);
#2474=ORIENTED_EDGE('',*,*,#1882,.F.);
#2475=ORIENTED_EDGE('',*,*,#1920,.T.);
#2476=ORIENTED_EDGE('',*,*,#1925,.T.);
#2477=ORIENTED_EDGE('',*,*,#1926,.T.);
#2478=ORIENTED_EDGE('',*,*,#1927,.F.);
#2479=ORIENTED_EDGE('',*,*,#1928,.F.);
#2480=ORIENTED_EDGE('',*,*,#1929,.T.);
#2481=ORIENTED_EDGE('',*,*,#1928,.T.);
#2482=ORIENTED_EDGE('',*,*,#1930,.F.);
#2483=ORIENTED_EDGE('',*,*,#1875,.F.);
#2484=ORIENTED_EDGE('',*,*,#1931,.T.);
#2485=ORIENTED_EDGE('',*,*,#1873,.T.);
#2486=ORIENTED_EDGE('',*,*,#1932,.F.);
#2487=ORIENTED_EDGE('',*,*,#1926,.F.);
#2488=ORIENTED_EDGE('',*,*,#1931,.F.);
#2489=ORIENTED_EDGE('',*,*,#1925,.F.);
#2490=ORIENTED_EDGE('',*,*,#1929,.F.);
#2491=ORIENTED_EDGE('',*,*,#1874,.T.);
#2492=ORIENTED_EDGE('',*,*,#1933,.T.);
#2493=ORIENTED_EDGE('',*,*,#1934,.T.);
#2494=ORIENTED_EDGE('',*,*,#1935,.F.);
#2495=ORIENTED_EDGE('',*,*,#1866,.F.);
#2496=ORIENTED_EDGE('',*,*,#1936,.F.);
#2497=ORIENTED_EDGE('',*,*,#1864,.T.);
#2498=ORIENTED_EDGE('',*,*,#1937,.F.);
#2499=ORIENTED_EDGE('',*,*,#1938,.F.);
#2500=ORIENTED_EDGE('',*,*,#1939,.T.);
#2501=ORIENTED_EDGE('',*,*,#1938,.T.);
#2502=ORIENTED_EDGE('',*,*,#1940,.F.);
#2503=ORIENTED_EDGE('',*,*,#1934,.F.);
#2504=ORIENTED_EDGE('',*,*,#1939,.F.);
#2505=ORIENTED_EDGE('',*,*,#1933,.F.);
#2506=ORIENTED_EDGE('',*,*,#1865,.F.);
#2507=ORIENTED_EDGE('',*,*,#1936,.T.);
#2508=ORIENTED_EDGE('',*,*,#1941,.T.);
#2509=ORIENTED_EDGE('',*,*,#1942,.T.);
#2510=ORIENTED_EDGE('',*,*,#1943,.F.);
#2511=ORIENTED_EDGE('',*,*,#1862,.F.);
#2512=ORIENTED_EDGE('',*,*,#1944,.F.);
#2513=ORIENTED_EDGE('',*,*,#1860,.T.);
#2514=ORIENTED_EDGE('',*,*,#1945,.F.);
#2515=ORIENTED_EDGE('',*,*,#1946,.F.);
#2516=ORIENTED_EDGE('',*,*,#1947,.T.);
#2517=ORIENTED_EDGE('',*,*,#1946,.T.);
#2518=ORIENTED_EDGE('',*,*,#1948,.F.);
#2519=ORIENTED_EDGE('',*,*,#1942,.F.);
#2520=ORIENTED_EDGE('',*,*,#1947,.F.);
#2521=ORIENTED_EDGE('',*,*,#1941,.F.);
#2522=ORIENTED_EDGE('',*,*,#1861,.F.);
#2523=ORIENTED_EDGE('',*,*,#1944,.T.);
#2524=ORIENTED_EDGE('',*,*,#1949,.T.);
#2525=ORIENTED_EDGE('',*,*,#1950,.T.);
#2526=ORIENTED_EDGE('',*,*,#1951,.F.);
#2527=ORIENTED_EDGE('',*,*,#1870,.F.);
#2528=ORIENTED_EDGE('',*,*,#1952,.F.);
#2529=ORIENTED_EDGE('',*,*,#1868,.T.);
#2530=ORIENTED_EDGE('',*,*,#1953,.F.);
#2531=ORIENTED_EDGE('',*,*,#1954,.F.);
#2532=ORIENTED_EDGE('',*,*,#1955,.T.);
#2533=ORIENTED_EDGE('',*,*,#1954,.T.);
#2534=ORIENTED_EDGE('',*,*,#1956,.F.);
#2535=ORIENTED_EDGE('',*,*,#1950,.F.);
#2536=ORIENTED_EDGE('',*,*,#1955,.F.);
#2537=ORIENTED_EDGE('',*,*,#1949,.F.);
#2538=ORIENTED_EDGE('',*,*,#1869,.F.);
#2539=ORIENTED_EDGE('',*,*,#1952,.T.);
#2540=ORIENTED_EDGE('',*,*,#1957,.T.);
#2541=ORIENTED_EDGE('',*,*,#1958,.T.);
#2542=ORIENTED_EDGE('',*,*,#1959,.F.);
#2543=ORIENTED_EDGE('',*,*,#1879,.F.);
#2544=ORIENTED_EDGE('',*,*,#1960,.F.);
#2545=ORIENTED_EDGE('',*,*,#1877,.T.);
#2546=ORIENTED_EDGE('',*,*,#1961,.F.);
#2547=ORIENTED_EDGE('',*,*,#1962,.F.);
#2548=ORIENTED_EDGE('',*,*,#1963,.T.);
#2549=ORIENTED_EDGE('',*,*,#1962,.T.);
#2550=ORIENTED_EDGE('',*,*,#1964,.F.);
#2551=ORIENTED_EDGE('',*,*,#1958,.F.);
#2552=ORIENTED_EDGE('',*,*,#1963,.F.);
#2553=ORIENTED_EDGE('',*,*,#1957,.F.);
#2554=ORIENTED_EDGE('',*,*,#1878,.F.);
#2555=ORIENTED_EDGE('',*,*,#1960,.T.);
#2556=ORIENTED_EDGE('',*,*,#1965,.F.);
#2557=ORIENTED_EDGE('',*,*,#1885,.T.);
#2558=ORIENTED_EDGE('',*,*,#1966,.F.);
#2559=ORIENTED_EDGE('',*,*,#1967,.F.);
#2560=ORIENTED_EDGE('',*,*,#1968,.T.);
#2561=ORIENTED_EDGE('',*,*,#1967,.T.);
#2562=ORIENTED_EDGE('',*,*,#1969,.F.);
#2563=ORIENTED_EDGE('',*,*,#1970,.F.);
#2564=ORIENTED_EDGE('',*,*,#1971,.T.);
#2565=ORIENTED_EDGE('',*,*,#1970,.T.);
#2566=ORIENTED_EDGE('',*,*,#1972,.F.);
#2567=ORIENTED_EDGE('',*,*,#1887,.F.);
#2568=ORIENTED_EDGE('',*,*,#1971,.F.);
#2569=ORIENTED_EDGE('',*,*,#1886,.T.);
#2570=ORIENTED_EDGE('',*,*,#1965,.T.);
#2571=ORIENTED_EDGE('',*,*,#1968,.F.);
#2572=ORIENTED_EDGE('',*,*,#1973,.T.);
#2573=ORIENTED_EDGE('',*,*,#1974,.T.);
#2574=ORIENTED_EDGE('',*,*,#1975,.F.);
#2575=ORIENTED_EDGE('',*,*,#1896,.F.);
#2576=ORIENTED_EDGE('',*,*,#1976,.F.);
#2577=ORIENTED_EDGE('',*,*,#1894,.T.);
#2578=ORIENTED_EDGE('',*,*,#1977,.F.);
#2579=ORIENTED_EDGE('',*,*,#1978,.F.);
#2580=ORIENTED_EDGE('',*,*,#1979,.T.);
#2581=ORIENTED_EDGE('',*,*,#1978,.T.);
#2582=ORIENTED_EDGE('',*,*,#1980,.F.);
#2583=ORIENTED_EDGE('',*,*,#1974,.F.);
#2584=ORIENTED_EDGE('',*,*,#1979,.F.);
#2585=ORIENTED_EDGE('',*,*,#1973,.F.);
#2586=ORIENTED_EDGE('',*,*,#1895,.F.);
#2587=ORIENTED_EDGE('',*,*,#1976,.T.);
#2588=ORIENTED_EDGE('',*,*,#1714,.T.);
#2589=ORIENTED_EDGE('',*,*,#1871,.F.);
#2590=ORIENTED_EDGE('',*,*,#1951,.T.);
#2591=ORIENTED_EDGE('',*,*,#1956,.T.);
#2592=ORIENTED_EDGE('',*,*,#1953,.T.);
#2593=ORIENTED_EDGE('',*,*,#1867,.F.);
#2594=ORIENTED_EDGE('',*,*,#1935,.T.);
#2595=ORIENTED_EDGE('',*,*,#1940,.T.);
#2596=ORIENTED_EDGE('',*,*,#1937,.T.);
#2597=ORIENTED_EDGE('',*,*,#1863,.F.);
#2598=ORIENTED_EDGE('',*,*,#1943,.T.);
#2599=ORIENTED_EDGE('',*,*,#1948,.T.);
#2600=ORIENTED_EDGE('',*,*,#1945,.T.);
#2601=ORIENTED_EDGE('',*,*,#1859,.F.);
#2602=ORIENTED_EDGE('',*,*,#1981,.T.);
#2603=ORIENTED_EDGE('',*,*,#1737,.F.);
#2604=ORIENTED_EDGE('',*,*,#1982,.F.);
#2605=ORIENTED_EDGE('',*,*,#1735,.T.);
#2606=ORIENTED_EDGE('',*,*,#1733,.T.);
#2607=ORIENTED_EDGE('',*,*,#1753,.F.);
#2608=ORIENTED_EDGE('',*,*,#1903,.T.);
#2609=ORIENTED_EDGE('',*,*,#1908,.T.);
#2610=ORIENTED_EDGE('',*,*,#1905,.T.);
#2611=ORIENTED_EDGE('',*,*,#1897,.F.);
#2612=ORIENTED_EDGE('',*,*,#1975,.T.);
#2613=ORIENTED_EDGE('',*,*,#1980,.T.);
#2614=ORIENTED_EDGE('',*,*,#1977,.T.);
#2615=ORIENTED_EDGE('',*,*,#1893,.F.);
#2616=ORIENTED_EDGE('',*,*,#1911,.T.);
#2617=ORIENTED_EDGE('',*,*,#1916,.T.);
#2618=ORIENTED_EDGE('',*,*,#1913,.T.);
#2619=ORIENTED_EDGE('',*,*,#1889,.F.);
#2620=ORIENTED_EDGE('',*,*,#1723,.T.);
#2621=ORIENTED_EDGE('',*,*,#1727,.T.);
#2622=ORIENTED_EDGE('',*,*,#1725,.T.);
#2623=ORIENTED_EDGE('',*,*,#1888,.F.);
#2624=ORIENTED_EDGE('',*,*,#1972,.T.);
#2625=ORIENTED_EDGE('',*,*,#1969,.T.);
#2626=ORIENTED_EDGE('',*,*,#1966,.T.);
#2627=ORIENTED_EDGE('',*,*,#1884,.F.);
#2628=ORIENTED_EDGE('',*,*,#1919,.T.);
#2629=ORIENTED_EDGE('',*,*,#1924,.T.);
#2630=ORIENTED_EDGE('',*,*,#1921,.T.);
#2631=ORIENTED_EDGE('',*,*,#1880,.F.);
#2632=ORIENTED_EDGE('',*,*,#1959,.T.);
#2633=ORIENTED_EDGE('',*,*,#1964,.T.);
#2634=ORIENTED_EDGE('',*,*,#1961,.T.);
#2635=ORIENTED_EDGE('',*,*,#1876,.F.);
#2636=ORIENTED_EDGE('',*,*,#1930,.T.);
#2637=ORIENTED_EDGE('',*,*,#1927,.T.);
#2638=ORIENTED_EDGE('',*,*,#1932,.T.);
#2639=ORIENTED_EDGE('',*,*,#1872,.F.);
#2640=ORIENTED_EDGE('',*,*,#1712,.T.);
#2641=ORIENTED_EDGE('',*,*,#1716,.T.);
#2642=ORIENTED_EDGE('',*,*,#1983,.F.);
#2643=ORIENTED_EDGE('',*,*,#1822,.T.);
#2644=ORIENTED_EDGE('',*,*,#1984,.F.);
#2645=ORIENTED_EDGE('',*,*,#1985,.F.);
#2646=ORIENTED_EDGE('',*,*,#1986,.F.);
#2647=ORIENTED_EDGE('',*,*,#1985,.T.);
#2648=ORIENTED_EDGE('',*,*,#1987,.F.);
#2649=ORIENTED_EDGE('',*,*,#1988,.F.);
#2650=ORIENTED_EDGE('',*,*,#1989,.F.);
#2651=ORIENTED_EDGE('',*,*,#1988,.T.);
#2652=ORIENTED_EDGE('',*,*,#1990,.F.);
#2653=ORIENTED_EDGE('',*,*,#1824,.F.);
#2654=ORIENTED_EDGE('',*,*,#1989,.T.);
#2655=ORIENTED_EDGE('',*,*,#1823,.T.);
#2656=ORIENTED_EDGE('',*,*,#1983,.T.);
#2657=ORIENTED_EDGE('',*,*,#1986,.T.);
#2658=ORIENTED_EDGE('',*,*,#1987,.T.);
#2659=ORIENTED_EDGE('',*,*,#1984,.T.);
#2660=ORIENTED_EDGE('',*,*,#1821,.F.);
#2661=ORIENTED_EDGE('',*,*,#1991,.T.);
#2662=ORIENTED_EDGE('',*,*,#1992,.T.);
#2663=ORIENTED_EDGE('',*,*,#1747,.F.);
#2664=ORIENTED_EDGE('',*,*,#1993,.F.);
#2665=ORIENTED_EDGE('',*,*,#1994,.F.);
#2666=ORIENTED_EDGE('',*,*,#1838,.T.);
#2667=ORIENTED_EDGE('',*,*,#1995,.F.);
#2668=ORIENTED_EDGE('',*,*,#1996,.F.);
#2669=ORIENTED_EDGE('',*,*,#1997,.F.);
#2670=ORIENTED_EDGE('',*,*,#1996,.T.);
#2671=ORIENTED_EDGE('',*,*,#1998,.F.);
#2672=ORIENTED_EDGE('',*,*,#1999,.F.);
#2673=ORIENTED_EDGE('',*,*,#2000,.F.);
#2674=ORIENTED_EDGE('',*,*,#1999,.T.);
#2675=ORIENTED_EDGE('',*,*,#2001,.F.);
#2676=ORIENTED_EDGE('',*,*,#1840,.F.);
#2677=ORIENTED_EDGE('',*,*,#2000,.T.);
#2678=ORIENTED_EDGE('',*,*,#1839,.T.);
#2679=ORIENTED_EDGE('',*,*,#1994,.T.);
#2680=ORIENTED_EDGE('',*,*,#1997,.T.);
#2681=ORIENTED_EDGE('',*,*,#1995,.T.);
#2682=ORIENTED_EDGE('',*,*,#1837,.F.);
#2683=ORIENTED_EDGE('',*,*,#2002,.T.);
#2684=ORIENTED_EDGE('',*,*,#2003,.T.);
#2685=ORIENTED_EDGE('',*,*,#2004,.T.);
#2686=ORIENTED_EDGE('',*,*,#2005,.T.);
#2687=ORIENTED_EDGE('',*,*,#2006,.T.);
#2688=ORIENTED_EDGE('',*,*,#1744,.F.);
#2689=ORIENTED_EDGE('',*,*,#1993,.T.);
#2690=ORIENTED_EDGE('',*,*,#1746,.F.);
#2691=ORIENTED_EDGE('',*,*,#2007,.F.);
#2692=ORIENTED_EDGE('',*,*,#2008,.T.);
#2693=ORIENTED_EDGE('',*,*,#2009,.F.);
#2694=ORIENTED_EDGE('',*,*,#2010,.F.);
#2695=ORIENTED_EDGE('',*,*,#2011,.F.);
#2696=ORIENTED_EDGE('',*,*,#2012,.F.);
#2697=ORIENTED_EDGE('',*,*,#2013,.F.);
#2698=ORIENTED_EDGE('',*,*,#2014,.F.);
#2699=ORIENTED_EDGE('',*,*,#2015,.F.);
#2700=ORIENTED_EDGE('',*,*,#2016,.F.);
#2701=ORIENTED_EDGE('',*,*,#2017,.F.);
#2702=ORIENTED_EDGE('',*,*,#2018,.F.);
#2703=ORIENTED_EDGE('',*,*,#2019,.F.);
#2704=ORIENTED_EDGE('',*,*,#2020,.F.);
#2705=ORIENTED_EDGE('',*,*,#2021,.F.);
#2706=ORIENTED_EDGE('',*,*,#2022,.F.);
#2707=ORIENTED_EDGE('',*,*,#2023,.F.);
#2708=ORIENTED_EDGE('',*,*,#2024,.F.);
#2709=ORIENTED_EDGE('',*,*,#2025,.F.);
#2710=ORIENTED_EDGE('',*,*,#2026,.F.);
#2711=ORIENTED_EDGE('',*,*,#2027,.F.);
#2712=ORIENTED_EDGE('',*,*,#2028,.F.);
#2713=ORIENTED_EDGE('',*,*,#2029,.F.);
#2714=ORIENTED_EDGE('',*,*,#2030,.F.);
#2715=ORIENTED_EDGE('',*,*,#2031,.F.);
#2716=ORIENTED_EDGE('',*,*,#2032,.F.);
#2717=ORIENTED_EDGE('',*,*,#2033,.F.);
#2718=ORIENTED_EDGE('',*,*,#2034,.F.);
#2719=ORIENTED_EDGE('',*,*,#2035,.F.);
#2720=ORIENTED_EDGE('',*,*,#2036,.F.);
#2721=ORIENTED_EDGE('',*,*,#2037,.F.);
#2722=ORIENTED_EDGE('',*,*,#2038,.F.);
#2723=ORIENTED_EDGE('',*,*,#2039,.F.);
#2724=ORIENTED_EDGE('',*,*,#2040,.F.);
#2725=ORIENTED_EDGE('',*,*,#2041,.F.);
#2726=ORIENTED_EDGE('',*,*,#2042,.F.);
#2727=ORIENTED_EDGE('',*,*,#2043,.F.);
#2728=ORIENTED_EDGE('',*,*,#2044,.F.);
#2729=ORIENTED_EDGE('',*,*,#2045,.F.);
#2730=ORIENTED_EDGE('',*,*,#2046,.F.);
#2731=ORIENTED_EDGE('',*,*,#2047,.F.);
#2732=ORIENTED_EDGE('',*,*,#2048,.F.);
#2733=ORIENTED_EDGE('',*,*,#2049,.F.);
#2734=ORIENTED_EDGE('',*,*,#2050,.F.);
#2735=ORIENTED_EDGE('',*,*,#2051,.F.);
#2736=ORIENTED_EDGE('',*,*,#2052,.F.);
#2737=ORIENTED_EDGE('',*,*,#2053,.F.);
#2738=ORIENTED_EDGE('',*,*,#2054,.F.);
#2739=ORIENTED_EDGE('',*,*,#2055,.F.);
#2740=ORIENTED_EDGE('',*,*,#2056,.F.);
#2741=ORIENTED_EDGE('',*,*,#2057,.F.);
#2742=ORIENTED_EDGE('',*,*,#2058,.F.);
#2743=ORIENTED_EDGE('',*,*,#2059,.F.);
#2744=ORIENTED_EDGE('',*,*,#2060,.F.);
#2745=ORIENTED_EDGE('',*,*,#2012,.T.);
#2746=ORIENTED_EDGE('',*,*,#2061,.F.);
#2747=ORIENTED_EDGE('',*,*,#1795,.F.);
#2748=ORIENTED_EDGE('',*,*,#2062,.T.);
#2749=ORIENTED_EDGE('',*,*,#2011,.T.);
#2750=ORIENTED_EDGE('',*,*,#2063,.T.);
#2751=ORIENTED_EDGE('',*,*,#1796,.T.);
#2752=ORIENTED_EDGE('',*,*,#2061,.T.);
#2753=ORIENTED_EDGE('',*,*,#2016,.T.);
#2754=ORIENTED_EDGE('',*,*,#2064,.F.);
#2755=ORIENTED_EDGE('',*,*,#1779,.F.);
#2756=ORIENTED_EDGE('',*,*,#2065,.T.);
#2757=ORIENTED_EDGE('',*,*,#2015,.T.);
#2758=ORIENTED_EDGE('',*,*,#2066,.T.);
#2759=ORIENTED_EDGE('',*,*,#1780,.T.);
#2760=ORIENTED_EDGE('',*,*,#2064,.T.);
#2761=ORIENTED_EDGE('',*,*,#2020,.T.);
#2762=ORIENTED_EDGE('',*,*,#2067,.F.);
#2763=ORIENTED_EDGE('',*,*,#1763,.F.);
#2764=ORIENTED_EDGE('',*,*,#2068,.T.);
#2765=ORIENTED_EDGE('',*,*,#2019,.T.);
#2766=ORIENTED_EDGE('',*,*,#2069,.T.);
#2767=ORIENTED_EDGE('',*,*,#1764,.T.);
#2768=ORIENTED_EDGE('',*,*,#2067,.T.);
#2769=ORIENTED_EDGE('',*,*,#2024,.T.);
#2770=ORIENTED_EDGE('',*,*,#2070,.F.);
#2771=ORIENTED_EDGE('',*,*,#1759,.F.);
#2772=ORIENTED_EDGE('',*,*,#2071,.T.);
#2773=ORIENTED_EDGE('',*,*,#2023,.T.);
#2774=ORIENTED_EDGE('',*,*,#2072,.T.);
#2775=ORIENTED_EDGE('',*,*,#1760,.T.);
#2776=ORIENTED_EDGE('',*,*,#2070,.T.);
#2777=ORIENTED_EDGE('',*,*,#2028,.T.);
#2778=ORIENTED_EDGE('',*,*,#2073,.T.);
#2779=ORIENTED_EDGE('',*,*,#1776,.T.);
#2780=ORIENTED_EDGE('',*,*,#2074,.T.);
#2781=ORIENTED_EDGE('',*,*,#2027,.T.);
#2782=ORIENTED_EDGE('',*,*,#2075,.F.);
#2783=ORIENTED_EDGE('',*,*,#1777,.F.);
#2784=ORIENTED_EDGE('',*,*,#2073,.F.);
#2785=ORIENTED_EDGE('',*,*,#2032,.T.);
#2786=ORIENTED_EDGE('',*,*,#2076,.F.);
#2787=ORIENTED_EDGE('',*,*,#1791,.F.);
#2788=ORIENTED_EDGE('',*,*,#2077,.T.);
#2789=ORIENTED_EDGE('',*,*,#2031,.T.);
#2790=ORIENTED_EDGE('',*,*,#2078,.T.);
#2791=ORIENTED_EDGE('',*,*,#1792,.T.);
#2792=ORIENTED_EDGE('',*,*,#2076,.T.);
#2793=ORIENTED_EDGE('',*,*,#2036,.T.);
#2794=ORIENTED_EDGE('',*,*,#2079,.T.);
#2795=ORIENTED_EDGE('',*,*,#1751,.F.);
#2796=ORIENTED_EDGE('',*,*,#2080,.T.);
#2797=ORIENTED_EDGE('',*,*,#2081,.T.);
#2798=ORIENTED_EDGE('',*,*,#1805,.T.);
#2799=ORIENTED_EDGE('',*,*,#2082,.T.);
#2800=ORIENTED_EDGE('',*,*,#2040,.T.);
#2801=ORIENTED_EDGE('',*,*,#2083,.F.);
#2802=ORIENTED_EDGE('',*,*,#1783,.F.);
#2803=ORIENTED_EDGE('',*,*,#2084,.T.);
#2804=ORIENTED_EDGE('',*,*,#2039,.T.);
#2805=ORIENTED_EDGE('',*,*,#2085,.T.);
#2806=ORIENTED_EDGE('',*,*,#1784,.T.);
#2807=ORIENTED_EDGE('',*,*,#2083,.T.);
#2808=ORIENTED_EDGE('',*,*,#2044,.T.);
#2809=ORIENTED_EDGE('',*,*,#2086,.F.);
#2810=ORIENTED_EDGE('',*,*,#1767,.F.);
#2811=ORIENTED_EDGE('',*,*,#2087,.T.);
#2812=ORIENTED_EDGE('',*,*,#2043,.T.);
#2813=ORIENTED_EDGE('',*,*,#2088,.T.);
#2814=ORIENTED_EDGE('',*,*,#1768,.T.);
#2815=ORIENTED_EDGE('',*,*,#2086,.T.);
#2816=ORIENTED_EDGE('',*,*,#2048,.T.);
#2817=ORIENTED_EDGE('',*,*,#2089,.T.);
#2818=ORIENTED_EDGE('',*,*,#1756,.T.);
#2819=ORIENTED_EDGE('',*,*,#2090,.T.);
#2820=ORIENTED_EDGE('',*,*,#2047,.T.);
#2821=ORIENTED_EDGE('',*,*,#2091,.F.);
#2822=ORIENTED_EDGE('',*,*,#1757,.F.);
#2823=ORIENTED_EDGE('',*,*,#2089,.F.);
#2824=ORIENTED_EDGE('',*,*,#2052,.T.);
#2825=ORIENTED_EDGE('',*,*,#2092,.T.);
#2826=ORIENTED_EDGE('',*,*,#1772,.T.);
#2827=ORIENTED_EDGE('',*,*,#2093,.T.);
#2828=ORIENTED_EDGE('',*,*,#2051,.T.);
#2829=ORIENTED_EDGE('',*,*,#2094,.F.);
#2830=ORIENTED_EDGE('',*,*,#1773,.F.);
#2831=ORIENTED_EDGE('',*,*,#2092,.F.);
#2832=ORIENTED_EDGE('',*,*,#2056,.T.);
#2833=ORIENTED_EDGE('',*,*,#2095,.F.);
#2834=ORIENTED_EDGE('',*,*,#1787,.F.);
#2835=ORIENTED_EDGE('',*,*,#2096,.T.);
#2836=ORIENTED_EDGE('',*,*,#2055,.T.);
#2837=ORIENTED_EDGE('',*,*,#2097,.T.);
#2838=ORIENTED_EDGE('',*,*,#1788,.T.);
#2839=ORIENTED_EDGE('',*,*,#2095,.T.);
#2840=ORIENTED_EDGE('',*,*,#2060,.T.);
#2841=ORIENTED_EDGE('',*,*,#2098,.T.);
#2842=ORIENTED_EDGE('',*,*,#1800,.T.);
#2843=ORIENTED_EDGE('',*,*,#2099,.T.);
#2844=ORIENTED_EDGE('',*,*,#2059,.T.);
#2845=ORIENTED_EDGE('',*,*,#2100,.F.);
#2846=ORIENTED_EDGE('',*,*,#1801,.F.);
#2847=ORIENTED_EDGE('',*,*,#2098,.F.);
#2848=ORIENTED_EDGE('',*,*,#2101,.T.);
#2849=ORIENTED_EDGE('',*,*,#2102,.F.);
#2850=ORIENTED_EDGE('',*,*,#1812,.F.);
#2851=ORIENTED_EDGE('',*,*,#2103,.F.);
#2852=ORIENTED_EDGE('',*,*,#2104,.T.);
#2853=ORIENTED_EDGE('',*,*,#1991,.F.);
#2854=ORIENTED_EDGE('',*,*,#1820,.F.);
#2855=ORIENTED_EDGE('',*,*,#2105,.F.);
#2856=ORIENTED_EDGE('',*,*,#2106,.T.);
#2857=ORIENTED_EDGE('',*,*,#2107,.F.);
#2858=ORIENTED_EDGE('',*,*,#1832,.F.);
#2859=ORIENTED_EDGE('',*,*,#2108,.F.);
#2860=ORIENTED_EDGE('',*,*,#2109,.T.);
#2861=ORIENTED_EDGE('',*,*,#2110,.F.);
#2862=ORIENTED_EDGE('',*,*,#1844,.F.);
#2863=ORIENTED_EDGE('',*,*,#2111,.F.);
#2864=ORIENTED_EDGE('',*,*,#2112,.T.);
#2865=ORIENTED_EDGE('',*,*,#2113,.F.);
#2866=ORIENTED_EDGE('',*,*,#1856,.F.);
#2867=ORIENTED_EDGE('',*,*,#2114,.F.);
#2868=ORIENTED_EDGE('',*,*,#2115,.T.);
#2869=ORIENTED_EDGE('',*,*,#2116,.F.);
#2870=ORIENTED_EDGE('',*,*,#1852,.F.);
#2871=ORIENTED_EDGE('',*,*,#2117,.F.);
#2872=ORIENTED_EDGE('',*,*,#2118,.T.);
#2873=ORIENTED_EDGE('',*,*,#2119,.F.);
#2874=ORIENTED_EDGE('',*,*,#1848,.F.);
#2875=ORIENTED_EDGE('',*,*,#2120,.F.);
#2876=ORIENTED_EDGE('',*,*,#2121,.T.);
#2877=ORIENTED_EDGE('',*,*,#2002,.F.);
#2878=ORIENTED_EDGE('',*,*,#1836,.F.);
#2879=ORIENTED_EDGE('',*,*,#2122,.F.);
#2880=ORIENTED_EDGE('',*,*,#2123,.T.);
#2881=ORIENTED_EDGE('',*,*,#2124,.F.);
#2882=ORIENTED_EDGE('',*,*,#1828,.F.);
#2883=ORIENTED_EDGE('',*,*,#2125,.F.);
#2884=ORIENTED_EDGE('',*,*,#2126,.T.);
#2885=ORIENTED_EDGE('',*,*,#2127,.F.);
#2886=ORIENTED_EDGE('',*,*,#1816,.F.);
#2887=ORIENTED_EDGE('',*,*,#2128,.F.);
#2888=ORIENTED_EDGE('',*,*,#2129,.T.);
#2889=ORIENTED_EDGE('',*,*,#2130,.F.);
#2890=ORIENTED_EDGE('',*,*,#1808,.F.);
#2891=ORIENTED_EDGE('',*,*,#2131,.F.);
#2892=ORIENTED_EDGE('',*,*,#2132,.T.);
#2893=ORIENTED_EDGE('',*,*,#2133,.T.);
#2894=ORIENTED_EDGE('',*,*,#1740,.F.);
#2895=ORIENTED_EDGE('',*,*,#2134,.F.);
#2896=ORIENTED_EDGE('',*,*,#2135,.F.);
#2897=ORIENTED_EDGE('',*,*,#2136,.T.);
#2898=ORIENTED_EDGE('',*,*,#1741,.F.);
#2899=ORIENTED_EDGE('',*,*,#2133,.F.);
#2900=ORIENTED_EDGE('',*,*,#2137,.T.);
#2901=ORIENTED_EDGE('',*,*,#2138,.T.);
#2902=ORIENTED_EDGE('',*,*,#1742,.F.);
#2903=ORIENTED_EDGE('',*,*,#2136,.F.);
#2904=ORIENTED_EDGE('',*,*,#2139,.F.);
#2905=ORIENTED_EDGE('',*,*,#2115,.F.);
#2906=ORIENTED_EDGE('',*,*,#2140,.F.);
#2907=ORIENTED_EDGE('',*,*,#2141,.F.);
#2908=ORIENTED_EDGE('',*,*,#2142,.F.);
#2909=ORIENTED_EDGE('',*,*,#2118,.F.);
#2910=ORIENTED_EDGE('',*,*,#2143,.F.);
#2911=ORIENTED_EDGE('',*,*,#2144,.F.);
#2912=ORIENTED_EDGE('',*,*,#2145,.F.);
#2913=ORIENTED_EDGE('',*,*,#2109,.F.);
#2914=ORIENTED_EDGE('',*,*,#2146,.F.);
#2915=ORIENTED_EDGE('',*,*,#2147,.F.);
#2916=ORIENTED_EDGE('',*,*,#2137,.F.);
#2917=ORIENTED_EDGE('',*,*,#2135,.T.);
#2918=ORIENTED_EDGE('',*,*,#2132,.F.);
#2919=ORIENTED_EDGE('',*,*,#2112,.F.);
#2920=ORIENTED_EDGE('',*,*,#2148,.F.);
#2921=ORIENTED_EDGE('',*,*,#2149,.F.);
#2922=ORIENTED_EDGE('',*,*,#2150,.F.);
#2923=ORIENTED_EDGE('',*,*,#2007,.T.);
#2924=ORIENTED_EDGE('',*,*,#1745,.F.);
#2925=ORIENTED_EDGE('',*,*,#2006,.F.);
#2926=ORIENTED_EDGE('',*,*,#2003,.F.);
#2927=ORIENTED_EDGE('',*,*,#2121,.F.);
#2928=ORIENTED_EDGE('',*,*,#2151,.F.);
#2929=ORIENTED_EDGE('',*,*,#2152,.F.);
#2930=ORIENTED_EDGE('',*,*,#2153,.F.);
#2931=ORIENTED_EDGE('',*,*,#2106,.F.);
#2932=ORIENTED_EDGE('',*,*,#2154,.F.);
#2933=ORIENTED_EDGE('',*,*,#2155,.F.);
#2934=ORIENTED_EDGE('',*,*,#2156,.F.);
#2935=ORIENTED_EDGE('',*,*,#2123,.F.);
#2936=ORIENTED_EDGE('',*,*,#2157,.F.);
#2937=ORIENTED_EDGE('',*,*,#2158,.F.);
#2938=ORIENTED_EDGE('',*,*,#2159,.F.);
#2939=ORIENTED_EDGE('',*,*,#2008,.F.);
#2940=ORIENTED_EDGE('',*,*,#2150,.T.);
#2941=ORIENTED_EDGE('',*,*,#2005,.F.);
#2942=ORIENTED_EDGE('',*,*,#2160,.T.);
#2943=ORIENTED_EDGE('',*,*,#2080,.F.);
#2944=ORIENTED_EDGE('',*,*,#1750,.F.);
#2945=ORIENTED_EDGE('',*,*,#2161,.F.);
#2946=ORIENTED_EDGE('',*,*,#2162,.F.);
#2947=ORIENTED_EDGE('',*,*,#2163,.T.);
#2948=ORIENTED_EDGE('',*,*,#1748,.F.);
#2949=ORIENTED_EDGE('',*,*,#1992,.F.);
#2950=ORIENTED_EDGE('',*,*,#2164,.F.);
#2951=ORIENTED_EDGE('',*,*,#2161,.T.);
#2952=ORIENTED_EDGE('',*,*,#1749,.F.);
#2953=ORIENTED_EDGE('',*,*,#2163,.F.);
#2954=ORIENTED_EDGE('',*,*,#2164,.T.);
#2955=ORIENTED_EDGE('',*,*,#2162,.T.);
#2956=ORIENTED_EDGE('',*,*,#2104,.F.);
#2957=ORIENTED_EDGE('',*,*,#2165,.F.);
#2958=ORIENTED_EDGE('',*,*,#2166,.F.);
#2959=ORIENTED_EDGE('',*,*,#2167,.F.);
#2960=ORIENTED_EDGE('',*,*,#2126,.F.);
#2961=ORIENTED_EDGE('',*,*,#2168,.F.);
#2962=ORIENTED_EDGE('',*,*,#2169,.F.);
#2963=ORIENTED_EDGE('',*,*,#2170,.F.);
#2964=ORIENTED_EDGE('',*,*,#2101,.F.);
#2965=ORIENTED_EDGE('',*,*,#2171,.F.);
#2966=ORIENTED_EDGE('',*,*,#2172,.F.);
#2967=ORIENTED_EDGE('',*,*,#2173,.F.);
#2968=ORIENTED_EDGE('',*,*,#2129,.F.);
#2969=ORIENTED_EDGE('',*,*,#2174,.F.);
#2970=ORIENTED_EDGE('',*,*,#2175,.F.);
#2971=ORIENTED_EDGE('',*,*,#2160,.F.);
#2972=ORIENTED_EDGE('',*,*,#2142,.T.);
#2973=ORIENTED_EDGE('',*,*,#2176,.F.);
#2974=ORIENTED_EDGE('',*,*,#1849,.T.);
#2975=ORIENTED_EDGE('',*,*,#2119,.T.);
#2976=ORIENTED_EDGE('',*,*,#2139,.T.);
#2977=ORIENTED_EDGE('',*,*,#2177,.F.);
#2978=ORIENTED_EDGE('',*,*,#1853,.T.);
#2979=ORIENTED_EDGE('',*,*,#2116,.T.);
#2980=ORIENTED_EDGE('',*,*,#2153,.T.);
#2981=ORIENTED_EDGE('',*,*,#2178,.F.);
#2982=ORIENTED_EDGE('',*,*,#1833,.T.);
#2983=ORIENTED_EDGE('',*,*,#2107,.T.);
#2984=ORIENTED_EDGE('',*,*,#1998,.T.);
#2985=ORIENTED_EDGE('',*,*,#2004,.F.);
#2986=ORIENTED_EDGE('',*,*,#1743,.F.);
#2987=ORIENTED_EDGE('',*,*,#2138,.F.);
#2988=ORIENTED_EDGE('',*,*,#2179,.F.);
#2989=ORIENTED_EDGE('',*,*,#1841,.F.);
#2990=ORIENTED_EDGE('',*,*,#2001,.T.);
#2991=ORIENTED_EDGE('',*,*,#2167,.T.);
#2992=ORIENTED_EDGE('',*,*,#2180,.F.);
#2993=ORIENTED_EDGE('',*,*,#1817,.T.);
#2994=ORIENTED_EDGE('',*,*,#2127,.T.);
#2995=ORIENTED_EDGE('',*,*,#1982,.T.);
#2996=ORIENTED_EDGE('',*,*,#1752,.F.);
#2997=ORIENTED_EDGE('',*,*,#2079,.F.);
#2998=ORIENTED_EDGE('',*,*,#2035,.T.);
#2999=ORIENTED_EDGE('',*,*,#2181,.F.);
#3000=ORIENTED_EDGE('',*,*,#1802,.F.);
#3001=ORIENTED_EDGE('',*,*,#2100,.T.);
#3002=ORIENTED_EDGE('',*,*,#2058,.T.);
#3003=ORIENTED_EDGE('',*,*,#2182,.F.);
#3004=ORIENTED_EDGE('',*,*,#1798,.F.);
#3005=ORIENTED_EDGE('',*,*,#2183,.T.);
#3006=ORIENTED_EDGE('',*,*,#2009,.T.);
#3007=ORIENTED_EDGE('',*,*,#2062,.F.);
#3008=ORIENTED_EDGE('',*,*,#1794,.F.);
#3009=ORIENTED_EDGE('',*,*,#2184,.T.);
#3010=ORIENTED_EDGE('',*,*,#2029,.T.);
#3011=ORIENTED_EDGE('',*,*,#2077,.F.);
#3012=ORIENTED_EDGE('',*,*,#1790,.F.);
#3013=ORIENTED_EDGE('',*,*,#2185,.T.);
#3014=ORIENTED_EDGE('',*,*,#2053,.T.);
#3015=ORIENTED_EDGE('',*,*,#2096,.F.);
#3016=ORIENTED_EDGE('',*,*,#1786,.F.);
#3017=ORIENTED_EDGE('',*,*,#2186,.T.);
#3018=ORIENTED_EDGE('',*,*,#2037,.T.);
#3019=ORIENTED_EDGE('',*,*,#2084,.F.);
#3020=ORIENTED_EDGE('',*,*,#1782,.F.);
#3021=ORIENTED_EDGE('',*,*,#2187,.T.);
#3022=ORIENTED_EDGE('',*,*,#2013,.T.);
#3023=ORIENTED_EDGE('',*,*,#2065,.F.);
#3024=ORIENTED_EDGE('',*,*,#1778,.F.);
#3025=ORIENTED_EDGE('',*,*,#2075,.T.);
#3026=ORIENTED_EDGE('',*,*,#2026,.T.);
#3027=ORIENTED_EDGE('',*,*,#2188,.F.);
#3028=ORIENTED_EDGE('',*,*,#1774,.F.);
#3029=ORIENTED_EDGE('',*,*,#2094,.T.);
#3030=ORIENTED_EDGE('',*,*,#2050,.T.);
#3031=ORIENTED_EDGE('',*,*,#2189,.F.);
#3032=ORIENTED_EDGE('',*,*,#1770,.F.);
#3033=ORIENTED_EDGE('',*,*,#2190,.T.);
#3034=ORIENTED_EDGE('',*,*,#2041,.T.);
#3035=ORIENTED_EDGE('',*,*,#2087,.F.);
#3036=ORIENTED_EDGE('',*,*,#1766,.F.);
#3037=ORIENTED_EDGE('',*,*,#2191,.T.);
#3038=ORIENTED_EDGE('',*,*,#2017,.T.);
#3039=ORIENTED_EDGE('',*,*,#2068,.F.);
#3040=ORIENTED_EDGE('',*,*,#1762,.F.);
#3041=ORIENTED_EDGE('',*,*,#2192,.T.);
#3042=ORIENTED_EDGE('',*,*,#2021,.T.);
#3043=ORIENTED_EDGE('',*,*,#2071,.F.);
#3044=ORIENTED_EDGE('',*,*,#1758,.F.);
#3045=ORIENTED_EDGE('',*,*,#2091,.T.);
#3046=ORIENTED_EDGE('',*,*,#2046,.T.);
#3047=ORIENTED_EDGE('',*,*,#2193,.F.);
#3048=ORIENTED_EDGE('',*,*,#1754,.F.);
#3049=ORIENTED_EDGE('',*,*,#1731,.T.);
#3050=ORIENTED_EDGE('',*,*,#1736,.F.);
#3051=ORIENTED_EDGE('',*,*,#2049,.T.);
#3052=ORIENTED_EDGE('',*,*,#2093,.F.);
#3053=ORIENTED_EDGE('',*,*,#1771,.F.);
#3054=ORIENTED_EDGE('',*,*,#2189,.T.);
#3055=ORIENTED_EDGE('',*,*,#2042,.T.);
#3056=ORIENTED_EDGE('',*,*,#2190,.F.);
#3057=ORIENTED_EDGE('',*,*,#1769,.F.);
#3058=ORIENTED_EDGE('',*,*,#2088,.F.);
#3059=ORIENTED_EDGE('',*,*,#2014,.T.);
#3060=ORIENTED_EDGE('',*,*,#2187,.F.);
#3061=ORIENTED_EDGE('',*,*,#1781,.F.);
#3062=ORIENTED_EDGE('',*,*,#2066,.F.);
#3063=ORIENTED_EDGE('',*,*,#2054,.T.);
#3064=ORIENTED_EDGE('',*,*,#2185,.F.);
#3065=ORIENTED_EDGE('',*,*,#1789,.F.);
#3066=ORIENTED_EDGE('',*,*,#2097,.F.);
#3067=ORIENTED_EDGE('',*,*,#2010,.T.);
#3068=ORIENTED_EDGE('',*,*,#2183,.F.);
#3069=ORIENTED_EDGE('',*,*,#1797,.F.);
#3070=ORIENTED_EDGE('',*,*,#2063,.F.);
#3071=ORIENTED_EDGE('',*,*,#2057,.T.);
#3072=ORIENTED_EDGE('',*,*,#2099,.F.);
#3073=ORIENTED_EDGE('',*,*,#1799,.F.);
#3074=ORIENTED_EDGE('',*,*,#2182,.T.);
#3075=ORIENTED_EDGE('',*,*,#2018,.T.);
#3076=ORIENTED_EDGE('',*,*,#2191,.F.);
#3077=ORIENTED_EDGE('',*,*,#1765,.F.);
#3078=ORIENTED_EDGE('',*,*,#2069,.F.);
#3079=ORIENTED_EDGE('',*,*,#2045,.T.);
#3080=ORIENTED_EDGE('',*,*,#2090,.F.);
#3081=ORIENTED_EDGE('',*,*,#1755,.F.);
#3082=ORIENTED_EDGE('',*,*,#2193,.T.);
#3083=ORIENTED_EDGE('',*,*,#2022,.T.);
#3084=ORIENTED_EDGE('',*,*,#2192,.F.);
#3085=ORIENTED_EDGE('',*,*,#1761,.F.);
#3086=ORIENTED_EDGE('',*,*,#2072,.F.);
#3087=ORIENTED_EDGE('',*,*,#2034,.T.);
#3088=ORIENTED_EDGE('',*,*,#2194,.F.);
#3089=ORIENTED_EDGE('',*,*,#1803,.F.);
#3090=ORIENTED_EDGE('',*,*,#2181,.T.);
#3091=ORIENTED_EDGE('',*,*,#2030,.T.);
#3092=ORIENTED_EDGE('',*,*,#2184,.F.);
#3093=ORIENTED_EDGE('',*,*,#1793,.F.);
#3094=ORIENTED_EDGE('',*,*,#2078,.F.);
#3095=ORIENTED_EDGE('',*,*,#2038,.T.);
#3096=ORIENTED_EDGE('',*,*,#2186,.F.);
#3097=ORIENTED_EDGE('',*,*,#1785,.F.);
#3098=ORIENTED_EDGE('',*,*,#2085,.F.);
#3099=ORIENTED_EDGE('',*,*,#2025,.T.);
#3100=ORIENTED_EDGE('',*,*,#2074,.F.);
#3101=ORIENTED_EDGE('',*,*,#1775,.F.);
#3102=ORIENTED_EDGE('',*,*,#2188,.T.);
#3103=ORIENTED_EDGE('',*,*,#2033,.T.);
#3104=ORIENTED_EDGE('',*,*,#2082,.F.);
#3105=ORIENTED_EDGE('',*,*,#1804,.T.);
#3106=ORIENTED_EDGE('',*,*,#2194,.T.);
#3107=ORIENTED_EDGE('',*,*,#2173,.T.);
#3108=ORIENTED_EDGE('',*,*,#2195,.F.);
#3109=ORIENTED_EDGE('',*,*,#1809,.T.);
#3110=ORIENTED_EDGE('',*,*,#2130,.T.);
#3111=ORIENTED_EDGE('',*,*,#2174,.T.);
#3112=ORIENTED_EDGE('',*,*,#2131,.T.);
#3113=ORIENTED_EDGE('',*,*,#1807,.F.);
#3114=ORIENTED_EDGE('',*,*,#2196,.T.);
#3115=ORIENTED_EDGE('',*,*,#2113,.T.);
#3116=ORIENTED_EDGE('',*,*,#2134,.T.);
#3117=ORIENTED_EDGE('',*,*,#1739,.F.);
#3118=ORIENTED_EDGE('',*,*,#2197,.T.);
#3119=ORIENTED_EDGE('',*,*,#1857,.T.);
#3120=ORIENTED_EDGE('',*,*,#1990,.T.);
#3121=ORIENTED_EDGE('',*,*,#2159,.T.);
#3122=ORIENTED_EDGE('',*,*,#2198,.F.);
#3123=ORIENTED_EDGE('',*,*,#1825,.F.);
#3124=ORIENTED_EDGE('',*,*,#2170,.T.);
#3125=ORIENTED_EDGE('',*,*,#2199,.F.);
#3126=ORIENTED_EDGE('',*,*,#1813,.T.);
#3127=ORIENTED_EDGE('',*,*,#2102,.T.);
#3128=ORIENTED_EDGE('',*,*,#2145,.T.);
#3129=ORIENTED_EDGE('',*,*,#2200,.F.);
#3130=ORIENTED_EDGE('',*,*,#1845,.T.);
#3131=ORIENTED_EDGE('',*,*,#2110,.T.);
#3132=ORIENTED_EDGE('',*,*,#2156,.T.);
#3133=ORIENTED_EDGE('',*,*,#2201,.F.);
#3134=ORIENTED_EDGE('',*,*,#1829,.T.);
#3135=ORIENTED_EDGE('',*,*,#2124,.T.);
#3136=ORIENTED_EDGE('',*,*,#1981,.F.);
#3137=ORIENTED_EDGE('',*,*,#1858,.F.);
#3138=ORIENTED_EDGE('',*,*,#2197,.F.);
#3139=ORIENTED_EDGE('',*,*,#1738,.F.);
#3140=ORIENTED_EDGE('',*,*,#2175,.T.);
#3141=ORIENTED_EDGE('',*,*,#2196,.F.);
#3142=ORIENTED_EDGE('',*,*,#1806,.F.);
#3143=ORIENTED_EDGE('',*,*,#2081,.F.);
#3144=ORIENTED_EDGE('',*,*,#2149,.T.);
#3145=ORIENTED_EDGE('',*,*,#2202,.F.);
#3146=ORIENTED_EDGE('',*,*,#1854,.T.);
#3147=ORIENTED_EDGE('',*,*,#2177,.T.);
#3148=ORIENTED_EDGE('',*,*,#2148,.T.);
#3149=ORIENTED_EDGE('',*,*,#2114,.T.);
#3150=ORIENTED_EDGE('',*,*,#1855,.T.);
#3151=ORIENTED_EDGE('',*,*,#2202,.T.);
#3152=ORIENTED_EDGE('',*,*,#2158,.T.);
#3153=ORIENTED_EDGE('',*,*,#2203,.F.);
#3154=ORIENTED_EDGE('',*,*,#1826,.T.);
#3155=ORIENTED_EDGE('',*,*,#2198,.T.);
#3156=ORIENTED_EDGE('',*,*,#2157,.T.);
#3157=ORIENTED_EDGE('',*,*,#2125,.T.);
#3158=ORIENTED_EDGE('',*,*,#1827,.T.);
#3159=ORIENTED_EDGE('',*,*,#2203,.T.);
#3160=ORIENTED_EDGE('',*,*,#2152,.T.);
#3161=ORIENTED_EDGE('',*,*,#2204,.F.);
#3162=ORIENTED_EDGE('',*,*,#1834,.T.);
#3163=ORIENTED_EDGE('',*,*,#2178,.T.);
#3164=ORIENTED_EDGE('',*,*,#2151,.T.);
#3165=ORIENTED_EDGE('',*,*,#2122,.T.);
#3166=ORIENTED_EDGE('',*,*,#1835,.T.);
#3167=ORIENTED_EDGE('',*,*,#2204,.T.);
#3168=ORIENTED_EDGE('',*,*,#2169,.T.);
#3169=ORIENTED_EDGE('',*,*,#2205,.F.);
#3170=ORIENTED_EDGE('',*,*,#1814,.T.);
#3171=ORIENTED_EDGE('',*,*,#2199,.T.);
#3172=ORIENTED_EDGE('',*,*,#2168,.T.);
#3173=ORIENTED_EDGE('',*,*,#2128,.T.);
#3174=ORIENTED_EDGE('',*,*,#1815,.T.);
#3175=ORIENTED_EDGE('',*,*,#2205,.T.);
#3176=ORIENTED_EDGE('',*,*,#2144,.T.);
#3177=ORIENTED_EDGE('',*,*,#2206,.F.);
#3178=ORIENTED_EDGE('',*,*,#1846,.T.);
#3179=ORIENTED_EDGE('',*,*,#2200,.T.);
#3180=ORIENTED_EDGE('',*,*,#2143,.T.);
#3181=ORIENTED_EDGE('',*,*,#2120,.T.);
#3182=ORIENTED_EDGE('',*,*,#1847,.T.);
#3183=ORIENTED_EDGE('',*,*,#2206,.T.);
#3184=ORIENTED_EDGE('',*,*,#2155,.T.);
#3185=ORIENTED_EDGE('',*,*,#2207,.F.);
#3186=ORIENTED_EDGE('',*,*,#1830,.T.);
#3187=ORIENTED_EDGE('',*,*,#2201,.T.);
#3188=ORIENTED_EDGE('',*,*,#2154,.T.);
#3189=ORIENTED_EDGE('',*,*,#2108,.T.);
#3190=ORIENTED_EDGE('',*,*,#1831,.T.);
#3191=ORIENTED_EDGE('',*,*,#2207,.T.);
#3192=ORIENTED_EDGE('',*,*,#2166,.T.);
#3193=ORIENTED_EDGE('',*,*,#2208,.F.);
#3194=ORIENTED_EDGE('',*,*,#1818,.T.);
#3195=ORIENTED_EDGE('',*,*,#2180,.T.);
#3196=ORIENTED_EDGE('',*,*,#2165,.T.);
#3197=ORIENTED_EDGE('',*,*,#2105,.T.);
#3198=ORIENTED_EDGE('',*,*,#1819,.T.);
#3199=ORIENTED_EDGE('',*,*,#2208,.T.);
#3200=ORIENTED_EDGE('',*,*,#2141,.T.);
#3201=ORIENTED_EDGE('',*,*,#2209,.F.);
#3202=ORIENTED_EDGE('',*,*,#1850,.T.);
#3203=ORIENTED_EDGE('',*,*,#2176,.T.);
#3204=ORIENTED_EDGE('',*,*,#2140,.T.);
#3205=ORIENTED_EDGE('',*,*,#2117,.T.);
#3206=ORIENTED_EDGE('',*,*,#1851,.T.);
#3207=ORIENTED_EDGE('',*,*,#2209,.T.);
#3208=ORIENTED_EDGE('',*,*,#2147,.T.);
#3209=ORIENTED_EDGE('',*,*,#2210,.F.);
#3210=ORIENTED_EDGE('',*,*,#1842,.T.);
#3211=ORIENTED_EDGE('',*,*,#2179,.T.);
#3212=ORIENTED_EDGE('',*,*,#2146,.T.);
#3213=ORIENTED_EDGE('',*,*,#2111,.T.);
#3214=ORIENTED_EDGE('',*,*,#1843,.T.);
#3215=ORIENTED_EDGE('',*,*,#2210,.T.);
#3216=ORIENTED_EDGE('',*,*,#2172,.T.);
#3217=ORIENTED_EDGE('',*,*,#2211,.F.);
#3218=ORIENTED_EDGE('',*,*,#1810,.T.);
#3219=ORIENTED_EDGE('',*,*,#2195,.T.);
#3220=ORIENTED_EDGE('',*,*,#2171,.T.);
#3221=ORIENTED_EDGE('',*,*,#2103,.T.);
#3222=ORIENTED_EDGE('',*,*,#1811,.T.);
#3223=ORIENTED_EDGE('',*,*,#2211,.T.);
#3224=PLANE('',#3583);
#3225=PLANE('',#3584);
#3226=PLANE('',#3585);
#3227=PLANE('',#3586);
#3228=PLANE('',#3587);
#3229=PLANE('',#3588);
#3230=PLANE('',#3589);
#3231=PLANE('',#3590);
#3232=PLANE('',#3591);
#3233=PLANE('',#3592);
#3234=PLANE('',#3593);
#3235=PLANE('',#3594);
#3236=PLANE('',#3598);
#3237=PLANE('',#3599);
#3238=PLANE('',#3600);
#3239=PLANE('',#3601);
#3240=PLANE('',#3602);
#3241=PLANE('',#3603);
#3242=PLANE('',#3604);
#3243=PLANE('',#3605);
#3244=PLANE('',#3606);
#3245=PLANE('',#3607);
#3246=PLANE('',#3608);
#3247=PLANE('',#3609);
#3248=PLANE('',#3610);
#3249=PLANE('',#3611);
#3250=PLANE('',#3612);
#3251=PLANE('',#3613);
#3252=PLANE('',#3614);
#3253=PLANE('',#3615);
#3254=PLANE('',#3616);
#3255=PLANE('',#3617);
#3256=PLANE('',#3618);
#3257=PLANE('',#3619);
#3258=PLANE('',#3620);
#3259=PLANE('',#3621);
#3260=PLANE('',#3622);
#3261=PLANE('',#3623);
#3262=PLANE('',#3624);
#3263=PLANE('',#3625);
#3264=PLANE('',#3626);
#3265=PLANE('',#3627);
#3266=PLANE('',#3628);
#3267=PLANE('',#3629);
#3268=PLANE('',#3630);
#3269=PLANE('',#3631);
#3270=PLANE('',#3632);
#3271=PLANE('',#3633);
#3272=PLANE('',#3634);
#3273=PLANE('',#3635);
#3274=PLANE('',#3636);
#3275=PLANE('',#3637);
#3276=PLANE('',#3638);
#3277=PLANE('',#3639);
#3278=PLANE('',#3640);
#3279=PLANE('',#3641);
#3280=PLANE('',#3642);
#3281=PLANE('',#3643);
#3282=PLANE('',#3644);
#3283=PLANE('',#3645);
#3284=PLANE('',#3646);
#3285=PLANE('',#3647);
#3286=PLANE('',#3648);
#3287=PLANE('',#3649);
#3288=PLANE('',#3650);
#3289=PLANE('',#3651);
#3290=PLANE('',#3652);
#3291=PLANE('',#3653);
#3292=PLANE('',#3654);
#3293=PLANE('',#3655);
#3294=PLANE('',#3656);
#3295=PLANE('',#3657);
#3296=PLANE('',#3658);
#3297=PLANE('',#3659);
#3298=PLANE('',#3660);
#3299=PLANE('',#3661);
#3300=PLANE('',#3662);
#3301=PLANE('',#3663);
#3302=PLANE('',#3664);
#3303=PLANE('',#3665);
#3304=PLANE('',#3666);
#3305=PLANE('',#3667);
#3306=PLANE('',#3668);
#3307=PLANE('',#3669);
#3308=PLANE('',#3670);
#3309=PLANE('',#3671);
#3310=PLANE('',#3672);
#3311=PLANE('',#3673);
#3312=PLANE('',#3674);
#3313=PLANE('',#3675);
#3314=PLANE('',#3676);
#3315=PLANE('',#3677);
#3316=PLANE('',#3678);
#3317=PLANE('',#3679);
#3318=PLANE('',#3680);
#3319=PLANE('',#3681);
#3320=PLANE('',#3682);
#3321=PLANE('',#3683);
#3322=PLANE('',#3684);
#3323=PLANE('',#3685);
#3324=PLANE('',#3686);
#3325=PLANE('',#3687);
#3326=PLANE('',#3688);
#3327=PLANE('',#3689);
#3328=PLANE('',#3690);
#3329=PLANE('',#3691);
#3330=PLANE('',#3692);
#3331=PLANE('',#3693);
#3332=PLANE('',#3694);
#3333=PLANE('',#3695);
#3334=PLANE('',#3696);
#3335=PLANE('',#3697);
#3336=PLANE('',#3698);
#3337=PLANE('',#3699);
#3338=PLANE('',#3700);
#3339=PLANE('',#3701);
#3340=PLANE('',#3704);
#3341=PLANE('',#3705);
#3342=PLANE('',#3708);
#3343=PLANE('',#3709);
#3344=PLANE('',#3710);
#3345=PLANE('',#3713);
#3346=PLANE('',#3714);
#3347=PLANE('',#3715);
#3348=PLANE('',#3716);
#3349=PLANE('',#3717);
#3350=PLANE('',#3718);
#3351=PLANE('',#3719);
#3352=PLANE('',#3720);
#3353=PLANE('',#3721);
#3354=PLANE('',#3722);
#3355=PLANE('',#3723);
#3356=PLANE('',#3724);
#3357=PLANE('',#3725);
#3358=PLANE('',#3726);
#3359=PLANE('',#3727);
#3360=PLANE('',#3728);
#3361=PLANE('',#3729);
#3362=PLANE('',#3730);
#3363=PLANE('',#3731);
#3364=PLANE('',#3732);
#3365=PLANE('',#3733);
#3366=PLANE('',#3734);
#3367=PLANE('',#3735);
#3368=PLANE('',#3736);
#3369=PLANE('',#3737);
#3370=PLANE('',#3738);
#3371=PLANE('',#3739);
#3372=PLANE('',#3740);
#3373=PLANE('',#3741);
#3374=PLANE('',#3742);
#3375=PLANE('',#3743);
#3376=PLANE('',#3744);
#3377=PLANE('',#3745);
#3378=PLANE('',#3746);
#3379=PLANE('',#3747);
#3380=PLANE('',#3748);
#3381=PLANE('',#3749);
#3382=PLANE('',#3750);
#3383=PLANE('',#3751);
#3384=PLANE('',#3752);
#3385=PLANE('',#3753);
#3386=PLANE('',#3754);
#3387=PLANE('',#3755);
#3388=PLANE('',#3756);
#3389=PLANE('',#3757);
#3390=PLANE('',#3758);
#3391=PLANE('',#3759);
#3392=PLANE('',#3760);
#3393=PLANE('',#3761);
#3394=PLANE('',#3762);
#3395=ADVANCED_FACE('',(#24),#3224,.T.);
#3396=ADVANCED_FACE('',(#25),#3225,.T.);
#3397=ADVANCED_FACE('',(#26),#3226,.T.);
#3398=ADVANCED_FACE('',(#27),#3227,.T.);
#3399=ADVANCED_FACE('',(#28),#3228,.T.);
#3400=ADVANCED_FACE('',(#29),#3229,.T.);
#3401=ADVANCED_FACE('',(#30),#3230,.T.);
#3402=ADVANCED_FACE('',(#31),#3231,.T.);
#3403=ADVANCED_FACE('',(#32),#3232,.T.);
#3404=ADVANCED_FACE('',(#33),#3233,.T.);
#3405=ADVANCED_FACE('',(#34),#3234,.T.);
#3406=ADVANCED_FACE('',(#35),#3235,.T.);
#3407=ADVANCED_FACE('',(#36),#3236,.T.);
#3408=ADVANCED_FACE('',(#37),#3237,.T.);
#3409=ADVANCED_FACE('',(#38),#3238,.T.);
#3410=ADVANCED_FACE('',(#39),#3239,.T.);
#3411=ADVANCED_FACE('',(#40),#3240,.T.);
#3412=ADVANCED_FACE('',(#41),#3241,.T.);
#3413=ADVANCED_FACE('',(#42),#3242,.T.);
#3414=ADVANCED_FACE('',(#43),#3243,.T.);
#3415=ADVANCED_FACE('',(#44),#3244,.T.);
#3416=ADVANCED_FACE('',(#45),#3245,.T.);
#3417=ADVANCED_FACE('',(#46),#3246,.T.);
#3418=ADVANCED_FACE('',(#47),#3247,.T.);
#3419=ADVANCED_FACE('',(#48),#3248,.T.);
#3420=ADVANCED_FACE('',(#49),#3249,.T.);
#3421=ADVANCED_FACE('',(#50),#3250,.T.);
#3422=ADVANCED_FACE('',(#51),#3251,.T.);
#3423=ADVANCED_FACE('',(#52),#3252,.T.);
#3424=ADVANCED_FACE('',(#53),#3253,.T.);
#3425=ADVANCED_FACE('',(#54),#3254,.T.);
#3426=ADVANCED_FACE('',(#55),#3255,.T.);
#3427=ADVANCED_FACE('',(#56),#3256,.T.);
#3428=ADVANCED_FACE('',(#57),#3257,.T.);
#3429=ADVANCED_FACE('',(#58),#3258,.T.);
#3430=ADVANCED_FACE('',(#59),#3259,.T.);
#3431=ADVANCED_FACE('',(#60),#3260,.T.);
#3432=ADVANCED_FACE('',(#61),#3261,.T.);
#3433=ADVANCED_FACE('',(#62),#3262,.T.);
#3434=ADVANCED_FACE('',(#63),#3263,.T.);
#3435=ADVANCED_FACE('',(#64),#3264,.T.);
#3436=ADVANCED_FACE('',(#65),#3265,.T.);
#3437=ADVANCED_FACE('',(#66),#3266,.T.);
#3438=ADVANCED_FACE('',(#67),#3267,.T.);
#3439=ADVANCED_FACE('',(#68),#3268,.T.);
#3440=ADVANCED_FACE('',(#69),#3269,.T.);
#3441=ADVANCED_FACE('',(#70),#3270,.T.);
#3442=ADVANCED_FACE('',(#71),#3271,.T.);
#3443=ADVANCED_FACE('',(#72),#3272,.T.);
#3444=ADVANCED_FACE('',(#73),#3273,.T.);
#3445=ADVANCED_FACE('',(#74),#3274,.T.);
#3446=ADVANCED_FACE('',(#75),#3275,.T.);
#3447=ADVANCED_FACE('',(#76),#3276,.T.);
#3448=ADVANCED_FACE('',(#77),#3277,.F.);
#3449=ADVANCED_FACE('',(#78),#3278,.T.);
#3450=ADVANCED_FACE('',(#79),#3279,.T.);
#3451=ADVANCED_FACE('',(#80),#3280,.T.);
#3452=ADVANCED_FACE('',(#81),#3281,.F.);
#3453=ADVANCED_FACE('',(#82),#3282,.F.);
#3454=ADVANCED_FACE('',(#83),#3283,.T.);
#3455=ADVANCED_FACE('',(#84),#3284,.T.);
#3456=ADVANCED_FACE('',(#85),#3285,.T.);
#3457=ADVANCED_FACE('',(#86),#3286,.F.);
#3458=ADVANCED_FACE('',(#87),#3287,.F.);
#3459=ADVANCED_FACE('',(#88),#3288,.T.);
#3460=ADVANCED_FACE('',(#89),#3289,.T.);
#3461=ADVANCED_FACE('',(#90),#3290,.F.);
#3462=ADVANCED_FACE('',(#91),#3291,.F.);
#3463=ADVANCED_FACE('',(#92),#3292,.F.);
#3464=ADVANCED_FACE('',(#93),#3293,.F.);
#3465=ADVANCED_FACE('',(#94),#3294,.F.);
#3466=ADVANCED_FACE('',(#95),#3295,.F.);
#3467=ADVANCED_FACE('',(#96),#3296,.F.);
#3468=ADVANCED_FACE('',(#97),#3297,.F.);
#3469=ADVANCED_FACE('',(#98),#3298,.F.);
#3470=ADVANCED_FACE('',(#99),#3299,.F.);
#3471=ADVANCED_FACE('',(#100),#3300,.F.);
#3472=ADVANCED_FACE('',(#101),#3301,.F.);
#3473=ADVANCED_FACE('',(#102),#3302,.F.);
#3474=ADVANCED_FACE('',(#103),#3303,.F.);
#3475=ADVANCED_FACE('',(#104),#3304,.T.);
#3476=ADVANCED_FACE('',(#105),#3305,.F.);
#3477=ADVANCED_FACE('',(#106),#3306,.T.);
#3478=ADVANCED_FACE('',(#107),#3307,.F.);
#3479=ADVANCED_FACE('',(#108),#3308,.T.);
#3480=ADVANCED_FACE('',(#109),#3309,.F.);
#3481=ADVANCED_FACE('',(#110),#3310,.T.);
#3482=ADVANCED_FACE('',(#111),#3311,.T.);
#3483=ADVANCED_FACE('',(#112),#3312,.F.);
#3484=ADVANCED_FACE('',(#113),#3313,.F.);
#3485=ADVANCED_FACE('',(#114),#3314,.T.);
#3486=ADVANCED_FACE('',(#115),#3315,.F.);
#3487=ADVANCED_FACE('',(#116),#3316,.F.);
#3488=ADVANCED_FACE('',(#117),#3317,.T.);
#3489=ADVANCED_FACE('',(#118),#3318,.F.);
#3490=ADVANCED_FACE('',(#119),#3319,.T.);
#3491=ADVANCED_FACE('',(#120),#3320,.T.);
#3492=ADVANCED_FACE('',(#121),#3321,.F.);
#3493=ADVANCED_FACE('',(#122),#3322,.T.);
#3494=ADVANCED_FACE('',(#123),#3323,.F.);
#3495=ADVANCED_FACE('',(#124),#3324,.F.);
#3496=ADVANCED_FACE('',(#125),#3325,.T.);
#3497=ADVANCED_FACE('',(#126),#3326,.T.);
#3498=ADVANCED_FACE('',(#127),#3327,.F.);
#3499=ADVANCED_FACE('',(#128),#3328,.T.);
#3500=ADVANCED_FACE('',(#129),#3329,.T.);
#3501=ADVANCED_FACE('',(#130),#3330,.T.);
#3502=ADVANCED_FACE('',(#131),#3331,.T.);
#3503=ADVANCED_FACE('',(#132),#3332,.T.);
#3504=ADVANCED_FACE('',(#133),#3333,.T.);
#3505=ADVANCED_FACE('',(#134),#3334,.T.);
#3506=ADVANCED_FACE('',(#135),#3335,.T.);
#3507=ADVANCED_FACE('',(#136),#3336,.T.);
#3508=ADVANCED_FACE('',(#137),#3337,.T.);
#3509=ADVANCED_FACE('',(#138),#3338,.T.);
#3510=ADVANCED_FACE('',(#139),#3339,.F.);
#3511=ADVANCED_FACE('',(#140),#15,.F.);
#3512=ADVANCED_FACE('',(#141),#3340,.F.);
#3513=ADVANCED_FACE('',(#142),#3341,.T.);
#3514=ADVANCED_FACE('',(#143),#16,.F.);
#3515=ADVANCED_FACE('',(#144),#3342,.T.);
#3516=ADVANCED_FACE('',(#145),#3343,.F.);
#3517=ADVANCED_FACE('',(#146),#3344,.F.);
#3518=ADVANCED_FACE('',(#147),#17,.F.);
#3519=ADVANCED_FACE('',(#148),#3345,.T.);
#3520=ADVANCED_FACE('',(#149),#3346,.F.);
#3521=ADVANCED_FACE('',(#150),#3347,.F.);
#3522=ADVANCED_FACE('',(#151),#3348,.F.);
#3523=ADVANCED_FACE('',(#152),#3349,.F.);
#3524=ADVANCED_FACE('',(#153),#3350,.F.);
#3525=ADVANCED_FACE('',(#154),#3351,.F.);
#3526=ADVANCED_FACE('',(#155),#3352,.F.);
#3527=ADVANCED_FACE('',(#156),#3353,.F.);
#3528=ADVANCED_FACE('',(#157),#3354,.F.);
#3529=ADVANCED_FACE('',(#158),#3355,.F.);
#3530=ADVANCED_FACE('',(#159),#3356,.F.);
#3531=ADVANCED_FACE('',(#160),#3357,.F.);
#3532=ADVANCED_FACE('',(#161),#3358,.F.);
#3533=ADVANCED_FACE('',(#162),#3359,.F.);
#3534=ADVANCED_FACE('',(#163),#3360,.F.);
#3535=ADVANCED_FACE('',(#164),#3361,.F.);
#3536=ADVANCED_FACE('',(#165),#3362,.F.);
#3537=ADVANCED_FACE('',(#166),#3363,.F.);
#3538=ADVANCED_FACE('',(#167),#3364,.F.);
#3539=ADVANCED_FACE('',(#168),#3365,.T.);
#3540=ADVANCED_FACE('',(#169),#3366,.F.);
#3541=ADVANCED_FACE('',(#170),#3367,.F.);
#3542=ADVANCED_FACE('',(#171),#3368,.F.);
#3543=ADVANCED_FACE('',(#172),#3369,.F.);
#3544=ADVANCED_FACE('',(#173),#3370,.F.);
#3545=ADVANCED_FACE('',(#174),#3371,.F.);
#3546=ADVANCED_FACE('',(#175),#3372,.F.);
#3547=ADVANCED_FACE('',(#176),#3373,.T.);
#3548=ADVANCED_FACE('',(#177),#3374,.T.);
#3549=ADVANCED_FACE('',(#178),#3375,.T.);
#3550=ADVANCED_FACE('',(#179),#3376,.F.);
#3551=ADVANCED_FACE('',(#180),#3377,.T.);
#3552=ADVANCED_FACE('',(#181),#3378,.F.);
#3553=ADVANCED_FACE('',(#182),#3379,.T.);
#3554=ADVANCED_FACE('',(#183),#3380,.F.);
#3555=ADVANCED_FACE('',(#184),#3381,.T.);
#3556=ADVANCED_FACE('',(#185),#3382,.F.);
#3557=ADVANCED_FACE('',(#186),#3383,.T.);
#3558=ADVANCED_FACE('',(#187),#3384,.F.);
#3559=ADVANCED_FACE('',(#188),#3385,.T.);
#3560=ADVANCED_FACE('',(#189),#3386,.F.);
#3561=ADVANCED_FACE('',(#190),#3387,.T.);
#3562=ADVANCED_FACE('',(#191),#3388,.F.);
#3563=ADVANCED_FACE('',(#192),#3389,.T.);
#3564=ADVANCED_FACE('',(#193),#3390,.F.);
#3565=ADVANCED_FACE('',(#194),#3391,.T.);
#3566=ADVANCED_FACE('',(#195),#3392,.F.);
#3567=ADVANCED_FACE('',(#196),#3393,.T.);
#3568=ADVANCED_FACE('',(#197),#3394,.F.);
#3569=CLOSED_SHELL('',(#3395,#3396,#3397,#3398,#3399,#3400,#3401,#3402,
#3403,#3404,#3405,#3406,#3407,#3408,#3409,#3410,#3411,#3412,#3413,#3414,
#3415,#3416,#3417,#3418,#3419,#3420,#3421,#3422,#3423,#3424,#3425,#3426,
#3427,#3428,#3429,#3430,#3431,#3432,#3433,#3434,#3435,#3436,#3437,#3438,
#3439,#3440,#3441,#3442,#3443,#3444,#3445,#3446,#3447,#3448,#3449,#3450,
#3451,#3452,#3453,#3454,#3455,#3456,#3457,#3458,#3459,#3460,#3461,#3462,
#3463,#3464,#3465,#3466,#3467,#3468,#3469,#3470,#3471,#3472,#3473,#3474,
#3475,#3476,#3477,#3478,#3479,#3480,#3481,#3482,#3483,#3484,#3485,#3486,
#3487,#3488,#3489,#3490,#3491,#3492,#3493,#3494,#3495,#3496,#3497,#3498,
#3499,#3500,#3501,#3502,#3503,#3504,#3505,#3506,#3507,#3508,#3509,#3510,
#3511,#3512,#3513,#3514,#3515,#3516,#3517,#3518,#3519,#3520,#3521,#3522,
#3523,#3524,#3525,#3526,#3527,#3528,#3529,#3530,#3531,#3532,#3533,#3534,
#3535,#3536,#3537,#3538,#3539,#3540,#3541,#3542,#3543,#3544,#3545,#3546,
#3547,#3548,#3549,#3550,#3551,#3552,#3553,#3554,#3555,#3556,#3557,#3558,
#3559,#3560,#3561,#3562,#3563,#3564,#3565,#3566,#3567,#3568));
#3570=DERIVED_UNIT_ELEMENT(#3572,1.);
#3571=DERIVED_UNIT_ELEMENT(#5645,-3.);
#3572=(
MASS_UNIT()
NAMED_UNIT(*)
SI_UNIT(.KILO.,.GRAM.)
);
#3573=DERIVED_UNIT((#3570,#3571));
#3574=MEASURE_REPRESENTATION_ITEM('density measure',
POSITIVE_RATIO_MEASURE(7850.),#3573);
#3575=PROPERTY_DEFINITION_REPRESENTATION(#3580,#3577);
#3576=PROPERTY_DEFINITION_REPRESENTATION(#3581,#3578);
#3577=REPRESENTATION('material name',(#3579),#5642);
#3578=REPRESENTATION('density',(#3574),#5642);
#3579=DESCRIPTIVE_REPRESENTATION_ITEM('Steel','Steel');
#3580=PROPERTY_DEFINITION('material property','material name',#5652);
#3581=PROPERTY_DEFINITION('material property','density of part',#5652);
#3582=AXIS2_PLACEMENT_3D('',#4625,#3763,#3764);
#3583=AXIS2_PLACEMENT_3D('',#4626,#3765,#3766);
#3584=AXIS2_PLACEMENT_3D('',#4635,#3771,#3772);
#3585=AXIS2_PLACEMENT_3D('',#4641,#3776,#3777);
#3586=AXIS2_PLACEMENT_3D('',#4647,#3781,#3782);
#3587=AXIS2_PLACEMENT_3D('',#4649,#3784,#3785);
#3588=AXIS2_PLACEMENT_3D('',#4658,#3790,#3791);
#3589=AXIS2_PLACEMENT_3D('',#4664,#3795,#3796);
#3590=AXIS2_PLACEMENT_3D('',#4670,#3800,#3801);
#3591=AXIS2_PLACEMENT_3D('',#4672,#3803,#3804);
#3592=AXIS2_PLACEMENT_3D('',#4681,#3809,#3810);
#3593=AXIS2_PLACEMENT_3D('',#4687,#3814,#3815);
#3594=AXIS2_PLACEMENT_3D('',#4691,#3818,#3819);
#3595=AXIS2_PLACEMENT_3D('',#4702,#3824,#3825);
#3596=AXIS2_PLACEMENT_3D('',#4710,#3829,#3830);
#3597=AXIS2_PLACEMENT_3D('',#4718,#3834,#3835);
#3598=AXIS2_PLACEMENT_3D('',#4724,#3839,#3840);
#3599=AXIS2_PLACEMENT_3D('',#5018,#3989,#3990);
#3600=AXIS2_PLACEMENT_3D('',#5024,#3994,#3995);
#3601=AXIS2_PLACEMENT_3D('',#5030,#3999,#4000);
#3602=AXIS2_PLACEMENT_3D('',#5033,#4003,#4004);
#3603=AXIS2_PLACEMENT_3D('',#5034,#4005,#4006);
#3604=AXIS2_PLACEMENT_3D('',#5040,#4010,#4011);
#3605=AXIS2_PLACEMENT_3D('',#5046,#4015,#4016);
#3606=AXIS2_PLACEMENT_3D('',#5049,#4019,#4020);
#3607=AXIS2_PLACEMENT_3D('',#5050,#4021,#4022);
#3608=AXIS2_PLACEMENT_3D('',#5056,#4026,#4027);
#3609=AXIS2_PLACEMENT_3D('',#5062,#4031,#4032);
#3610=AXIS2_PLACEMENT_3D('',#5065,#4035,#4036);
#3611=AXIS2_PLACEMENT_3D('',#5066,#4037,#4038);
#3612=AXIS2_PLACEMENT_3D('',#5075,#4043,#4044);
#3613=AXIS2_PLACEMENT_3D('',#5078,#4047,#4048);
#3614=AXIS2_PLACEMENT_3D('',#5081,#4051,#4052);
#3615=AXIS2_PLACEMENT_3D('',#5082,#4053,#4054);
#3616=AXIS2_PLACEMENT_3D('',#5088,#4058,#4059);
#3617=AXIS2_PLACEMENT_3D('',#5094,#4063,#4064);
#3618=AXIS2_PLACEMENT_3D('',#5097,#4067,#4068);
#3619=AXIS2_PLACEMENT_3D('',#5098,#4069,#4070);
#3620=AXIS2_PLACEMENT_3D('',#5104,#4074,#4075);
#3621=AXIS2_PLACEMENT_3D('',#5110,#4079,#4080);
#3622=AXIS2_PLACEMENT_3D('',#5113,#4083,#4084);
#3623=AXIS2_PLACEMENT_3D('',#5114,#4085,#4086);
#3624=AXIS2_PLACEMENT_3D('',#5120,#4090,#4091);
#3625=AXIS2_PLACEMENT_3D('',#5126,#4095,#4096);
#3626=AXIS2_PLACEMENT_3D('',#5129,#4099,#4100);
#3627=AXIS2_PLACEMENT_3D('',#5130,#4101,#4102);
#3628=AXIS2_PLACEMENT_3D('',#5136,#4106,#4107);
#3629=AXIS2_PLACEMENT_3D('',#5142,#4111,#4112);
#3630=AXIS2_PLACEMENT_3D('',#5145,#4115,#4116);
#3631=AXIS2_PLACEMENT_3D('',#5146,#4117,#4118);
#3632=AXIS2_PLACEMENT_3D('',#5152,#4122,#4123);
#3633=AXIS2_PLACEMENT_3D('',#5158,#4127,#4128);
#3634=AXIS2_PLACEMENT_3D('',#5161,#4131,#4132);
#3635=AXIS2_PLACEMENT_3D('',#5162,#4133,#4134);
#3636=AXIS2_PLACEMENT_3D('',#5168,#4138,#4139);
#3637=AXIS2_PLACEMENT_3D('',#5174,#4143,#4144);
#3638=AXIS2_PLACEMENT_3D('',#5177,#4147,#4148);
#3639=AXIS2_PLACEMENT_3D('',#5178,#4149,#4150);
#3640=AXIS2_PLACEMENT_3D('',#5181,#4153,#4154);
#3641=AXIS2_PLACEMENT_3D('',#5187,#4158,#4159);
#3642=AXIS2_PLACEMENT_3D('',#5193,#4163,#4164);
#3643=AXIS2_PLACEMENT_3D('',#5196,#4167,#4168);
#3644=AXIS2_PLACEMENT_3D('',#5197,#4169,#4170);
#3645=AXIS2_PLACEMENT_3D('',#5202,#4174,#4175);
#3646=AXIS2_PLACEMENT_3D('',#5208,#4179,#4180);
#3647=AXIS2_PLACEMENT_3D('',#5214,#4184,#4185);
#3648=AXIS2_PLACEMENT_3D('',#5217,#4188,#4189);
#3649=AXIS2_PLACEMENT_3D('',#5218,#4190,#4191);
#3650=AXIS2_PLACEMENT_3D('',#5222,#4194,#4195);
#3651=AXIS2_PLACEMENT_3D('',#5227,#4199,#4200);
#3652=AXIS2_PLACEMENT_3D('',#5231,#4203,#4204);
#3653=AXIS2_PLACEMENT_3D('',#5240,#4209,#4210);
#3654=AXIS2_PLACEMENT_3D('',#5249,#4215,#4216);
#3655=AXIS2_PLACEMENT_3D('',#5258,#4221,#4222);
#3656=AXIS2_PLACEMENT_3D('',#5267,#4227,#4228);
#3657=AXIS2_PLACEMENT_3D('',#5276,#4233,#4234);
#3658=AXIS2_PLACEMENT_3D('',#5285,#4239,#4240);
#3659=AXIS2_PLACEMENT_3D('',#5294,#4245,#4246);
#3660=AXIS2_PLACEMENT_3D('',#5303,#4251,#4252);
#3661=AXIS2_PLACEMENT_3D('',#5312,#4257,#4258);
#3662=AXIS2_PLACEMENT_3D('',#5321,#4263,#4264);
#3663=AXIS2_PLACEMENT_3D('',#5330,#4269,#4270);
#3664=AXIS2_PLACEMENT_3D('',#5339,#4275,#4276);
#3665=AXIS2_PLACEMENT_3D('',#5348,#4281,#4282);
#3666=AXIS2_PLACEMENT_3D('',#5351,#4285,#4286);
#3667=AXIS2_PLACEMENT_3D('',#5353,#4288,#4289);
#3668=AXIS2_PLACEMENT_3D('',#5356,#4292,#4293);
#3669=AXIS2_PLACEMENT_3D('',#5358,#4295,#4296);
#3670=AXIS2_PLACEMENT_3D('',#5361,#4299,#4300);
#3671=AXIS2_PLACEMENT_3D('',#5363,#4302,#4303);
#3672=AXIS2_PLACEMENT_3D('',#5366,#4306,#4307);
#3673=AXIS2_PLACEMENT_3D('',#5368,#4309,#4310);
#3674=AXIS2_PLACEMENT_3D('',#5371,#4313,#4314);
#3675=AXIS2_PLACEMENT_3D('',#5373,#4316,#4317);
#3676=AXIS2_PLACEMENT_3D('',#5376,#4320,#4321);
#3677=AXIS2_PLACEMENT_3D('',#5378,#4323,#4324);
#3678=AXIS2_PLACEMENT_3D('',#5384,#4329,#4330);
#3679=AXIS2_PLACEMENT_3D('',#5387,#4333,#4334);
#3680=AXIS2_PLACEMENT_3D('',#5389,#4336,#4337);
#3681=AXIS2_PLACEMENT_3D('',#5392,#4340,#4341);
#3682=AXIS2_PLACEMENT_3D('',#5394,#4343,#4344);
#3683=AXIS2_PLACEMENT_3D('',#5397,#4347,#4348);
#3684=AXIS2_PLACEMENT_3D('',#5399,#4350,#4351);
#3685=AXIS2_PLACEMENT_3D('',#5402,#4354,#4355);
#3686=AXIS2_PLACEMENT_3D('',#5404,#4357,#4358);
#3687=AXIS2_PLACEMENT_3D('',#5407,#4361,#4362);
#3688=AXIS2_PLACEMENT_3D('',#5409,#4364,#4365);
#3689=AXIS2_PLACEMENT_3D('',#5412,#4368,#4369);
#3690=AXIS2_PLACEMENT_3D('',#5414,#4371,#4372);
#3691=AXIS2_PLACEMENT_3D('',#5420,#4376,#4377);
#3692=AXIS2_PLACEMENT_3D('',#5424,#4380,#4381);
#3693=AXIS2_PLACEMENT_3D('',#5430,#4385,#4386);
#3694=AXIS2_PLACEMENT_3D('',#5436,#4390,#4391);
#3695=AXIS2_PLACEMENT_3D('',#5442,#4395,#4396);
#3696=AXIS2_PLACEMENT_3D('',#5448,#4400,#4401);
#3697=AXIS2_PLACEMENT_3D('',#5454,#4405,#4406);
#3698=AXIS2_PLACEMENT_3D('',#5458,#4409,#4410);
#3699=AXIS2_PLACEMENT_3D('',#5464,#4414,#4415);
#3700=AXIS2_PLACEMENT_3D('',#5470,#4419,#4420);
#3701=AXIS2_PLACEMENT_3D('',#5476,#4424,#4425);
#3702=AXIS2_PLACEMENT_3D('',#5481,#4429,#4430);
#3703=AXIS2_PLACEMENT_3D('',#5483,#4431,#4432);
#3704=AXIS2_PLACEMENT_3D('',#5485,#4434,#4435);
#3705=AXIS2_PLACEMENT_3D('',#5489,#4438,#4439);
#3706=AXIS2_PLACEMENT_3D('',#5508,#4451,#4452);
#3707=AXIS2_PLACEMENT_3D('',#5509,#4453,#4454);
#3708=AXIS2_PLACEMENT_3D('',#5510,#4455,#4456);
#3709=AXIS2_PLACEMENT_3D('',#5526,#4466,#4467);
#3710=AXIS2_PLACEMENT_3D('',#5530,#4470,#4471);
#3711=AXIS2_PLACEMENT_3D('',#5534,#4474,#4475);
#3712=AXIS2_PLACEMENT_3D('',#5535,#4476,#4477);
#3713=AXIS2_PLACEMENT_3D('',#5536,#4478,#4479);
#3714=AXIS2_PLACEMENT_3D('',#5555,#4491,#4492);
#3715=AXIS2_PLACEMENT_3D('',#5557,#4494,#4495);
#3716=AXIS2_PLACEMENT_3D('',#5559,#4497,#4498);
#3717=AXIS2_PLACEMENT_3D('',#5561,#4500,#4501);
#3718=AXIS2_PLACEMENT_3D('',#5563,#4503,#4504);
#3719=AXIS2_PLACEMENT_3D('',#5565,#4506,#4507);
#3720=AXIS2_PLACEMENT_3D('',#5579,#4521,#4522);
#3721=AXIS2_PLACEMENT_3D('',#5580,#4523,#4524);
#3722=AXIS2_PLACEMENT_3D('',#5581,#4525,#4526);
#3723=AXIS2_PLACEMENT_3D('',#5582,#4527,#4528);
#3724=AXIS2_PLACEMENT_3D('',#5583,#4529,#4530);
#3725=AXIS2_PLACEMENT_3D('',#5584,#4531,#4532);
#3726=AXIS2_PLACEMENT_3D('',#5585,#4533,#4534);
#3727=AXIS2_PLACEMENT_3D('',#5586,#4535,#4536);
#3728=AXIS2_PLACEMENT_3D('',#5587,#4537,#4538);
#3729=AXIS2_PLACEMENT_3D('',#5588,#4539,#4540);
#3730=AXIS2_PLACEMENT_3D('',#5590,#4542,#4543);
#3731=AXIS2_PLACEMENT_3D('',#5591,#4544,#4545);
#3732=AXIS2_PLACEMENT_3D('',#5592,#4546,#4547);
#3733=AXIS2_PLACEMENT_3D('',#5593,#4548,#4549);
#3734=AXIS2_PLACEMENT_3D('',#5594,#4550,#4551);
#3735=AXIS2_PLACEMENT_3D('',#5596,#4553,#4554);
#3736=AXIS2_PLACEMENT_3D('',#5598,#4556,#4557);
#3737=AXIS2_PLACEMENT_3D('',#5600,#4559,#4560);
#3738=AXIS2_PLACEMENT_3D('',#5602,#4562,#4563);
#3739=AXIS2_PLACEMENT_3D('',#5604,#4565,#4566);
#3740=AXIS2_PLACEMENT_3D('',#5606,#4568,#4569);
#3741=AXIS2_PLACEMENT_3D('',#5608,#4571,#4572);
#3742=AXIS2_PLACEMENT_3D('',#5609,#4573,#4574);
#3743=AXIS2_PLACEMENT_3D('',#5610,#4575,#4576);
#3744=AXIS2_PLACEMENT_3D('',#5612,#4578,#4579);
#3745=AXIS2_PLACEMENT_3D('',#5613,#4580,#4581);
#3746=AXIS2_PLACEMENT_3D('',#5615,#4583,#4584);
#3747=AXIS2_PLACEMENT_3D('',#5616,#4585,#4586);
#3748=AXIS2_PLACEMENT_3D('',#5618,#4588,#4589);
#3749=AXIS2_PLACEMENT_3D('',#5619,#4590,#4591);
#3750=AXIS2_PLACEMENT_3D('',#5621,#4593,#4594);
#3751=AXIS2_PLACEMENT_3D('',#5622,#4595,#4596);
#3752=AXIS2_PLACEMENT_3D('',#5624,#4598,#4599);
#3753=AXIS2_PLACEMENT_3D('',#5625,#4600,#4601);
#3754=AXIS2_PLACEMENT_3D('',#5627,#4603,#4604);
#3755=AXIS2_PLACEMENT_3D('',#5628,#4605,#4606);
#3756=AXIS2_PLACEMENT_3D('',#5630,#4608,#4609);
#3757=AXIS2_PLACEMENT_3D('',#5631,#4610,#4611);
#3758=AXIS2_PLACEMENT_3D('',#5633,#4613,#4614);
#3759=AXIS2_PLACEMENT_3D('',#5634,#4615,#4616);
#3760=AXIS2_PLACEMENT_3D('',#5636,#4618,#4619);
#3761=AXIS2_PLACEMENT_3D('',#5637,#4620,#4621);
#3762=AXIS2_PLACEMENT_3D('',#5639,#4623,#4624);
#3763=DIRECTION('axis',(0.,0.,1.));
#3764=DIRECTION('refdir',(1.,0.,0.));
#3765=DIRECTION('center_axis',(0.,0.,1.));
#3766=DIRECTION('ref_axis',(0.,-1.,0.));
#3767=DIRECTION('',(0.,1.,0.));
#3768=DIRECTION('',(1.,0.,0.));
#3769=DIRECTION('',(0.,-1.,0.));
#3770=DIRECTION('',(1.,0.,0.));
#3771=DIRECTION('center_axis',(0.,1.,0.));
#3772=DIRECTION('ref_axis',(0.,0.,1.));
#3773=DIRECTION('',(0.,0.,-1.));
#3774=DIRECTION('',(0.,0.,1.));
#3775=DIRECTION('',(1.,0.,0.));
#3776=DIRECTION('center_axis',(0.,-1.,0.));
#3777=DIRECTION('ref_axis',(0.,0.,-1.));
#3778=DIRECTION('',(0.,0.,1.));
#3779=DIRECTION('',(-1.,0.,0.));
#3780=DIRECTION('',(0.,0.,-1.));
#3781=DIRECTION('center_axis',(1.,0.,0.));
#3782=DIRECTION('ref_axis',(0.,0.,-1.));
#3783=DIRECTION('',(0.,-1.,0.));
#3784=DIRECTION('center_axis',(0.,0.,1.));
#3785=DIRECTION('ref_axis',(0.,-1.,0.));
#3786=DIRECTION('',(0.,1.,0.));
#3787=DIRECTION('',(1.,0.,0.));
#3788=DIRECTION('',(0.,-1.,0.));
#3789=DIRECTION('',(1.,0.,0.));
#3790=DIRECTION('center_axis',(0.,1.,0.));
#3791=DIRECTION('ref_axis',(0.,0.,1.));
#3792=DIRECTION('',(0.,0.,-1.));
#3793=DIRECTION('',(0.,0.,1.));
#3794=DIRECTION('',(1.,0.,0.));
#3795=DIRECTION('center_axis',(0.,-1.,0.));
#3796=DIRECTION('ref_axis',(0.,0.,-1.));
#3797=DIRECTION('',(0.,0.,1.));
#3798=DIRECTION('',(-1.,0.,0.));
#3799=DIRECTION('',(0.,0.,-1.));
#3800=DIRECTION('center_axis',(1.,0.,0.));
#3801=DIRECTION('ref_axis',(0.,0.,-1.));
#3802=DIRECTION('',(0.,-1.,0.));
#3803=DIRECTION('center_axis',(0.,0.,1.));
#3804=DIRECTION('ref_axis',(0.,-1.,0.));
#3805=DIRECTION('',(0.,1.,0.));
#3806=DIRECTION('',(1.,0.,0.));
#3807=DIRECTION('',(0.,-1.,0.));
#3808=DIRECTION('',(1.,0.,0.));
#3809=DIRECTION('center_axis',(0.,-1.,0.));
#3810=DIRECTION('ref_axis',(0.,0.,-1.));
#3811=DIRECTION('',(0.,0.,1.));
#3812=DIRECTION('',(-1.,0.,0.));
#3813=DIRECTION('',(0.,0.,-1.));
#3814=DIRECTION('center_axis',(1.,0.,0.));
#3815=DIRECTION('ref_axis',(0.,0.,-1.));
#3816=DIRECTION('',(0.,-1.,0.));
#3817=DIRECTION('',(0.,0.,1.));
#3818=DIRECTION('center_axis',(1.,0.,0.));
#3819=DIRECTION('ref_axis',(0.,0.,-1.));
#3820=DIRECTION('',(0.,-1.,0.));
#3821=DIRECTION('',(0.,0.,-1.));
#3822=DIRECTION('',(0.,1.,0.));
#3823=DIRECTION('',(0.,0.,1.));
#3824=DIRECTION('center_axis',(-1.,0.,0.));
#3825=DIRECTION('ref_axis',(0.,1.,0.));
#3826=DIRECTION('',(0.,-1.34110450744629E-8,-1.));
#3827=DIRECTION('',(0.,1.,0.));
#3828=DIRECTION('',(0.,0.,1.));
#3829=DIRECTION('center_axis',(-1.,0.,0.));
#3830=DIRECTION('ref_axis',(0.,1.,0.));
#3831=DIRECTION('',(0.,0.,-1.));
#3832=DIRECTION('',(0.,1.,0.));
#3833=DIRECTION('',(0.,5.21540641784668E-9,1.));
#3834=DIRECTION('center_axis',(-1.,0.,0.));
#3835=DIRECTION('ref_axis',(0.,1.,0.));
#3836=DIRECTION('',(0.,1.46166188142848E-6,-0.999999999998932));
#3837=DIRECTION('',(0.,1.,0.));
#3838=DIRECTION('',(0.,0.,1.));
#3839=DIRECTION('center_axis',(-1.,0.,0.));
#3840=DIRECTION('ref_axis',(0.,-1.,0.));
#3841=DIRECTION('',(0.,1.,0.));
#3842=DIRECTION('',(0.,0.,-1.));
#3843=DIRECTION('',(0.,1.,0.));
#3844=DIRECTION('',(0.,0.,1.));
#3845=DIRECTION('',(0.,-1.,0.));
#3846=DIRECTION('',(0.,0.,-1.));
#3847=DIRECTION('',(0.,1.,0.));
#3848=DIRECTION('',(0.,0.,1.));
#3849=DIRECTION('',(0.,-1.,0.));
#3850=DIRECTION('',(0.,0.,-1.));
#3851=DIRECTION('',(0.,1.,0.));
#3852=DIRECTION('',(0.,0.,1.));
#3853=DIRECTION('',(0.,-1.,0.));
#3854=DIRECTION('',(0.,0.,-1.));
#3855=DIRECTION('',(0.,1.,0.));
#3856=DIRECTION('',(0.,0.,1.));
#3857=DIRECTION('',(0.,-1.,0.));
#3858=DIRECTION('',(0.,0.,-1.));
#3859=DIRECTION('',(0.,1.,0.));
#3860=DIRECTION('',(0.,0.,1.));
#3861=DIRECTION('',(0.,-1.,0.));
#3862=DIRECTION('',(0.,0.,-1.));
#3863=DIRECTION('',(0.,1.,0.));
#3864=DIRECTION('',(0.,0.,1.));
#3865=DIRECTION('',(0.,-1.,0.));
#3866=DIRECTION('',(0.,0.,-1.));
#3867=DIRECTION('',(0.,1.,0.));
#3868=DIRECTION('',(0.,0.,1.));
#3869=DIRECTION('',(0.,-1.,0.));
#3870=DIRECTION('',(0.,0.,-1.));
#3871=DIRECTION('',(0.,1.,0.));
#3872=DIRECTION('',(0.,0.,1.));
#3873=DIRECTION('',(0.,-1.,0.));
#3874=DIRECTION('',(0.,0.,-1.));
#3875=DIRECTION('',(0.,1.,0.));
#3876=DIRECTION('',(0.,0.,1.));
#3877=DIRECTION('',(0.,-1.,0.));
#3878=DIRECTION('',(0.,0.,-1.));
#3879=DIRECTION('',(0.,1.,0.));
#3880=DIRECTION('',(0.,0.,1.));
#3881=DIRECTION('',(0.,-1.,0.));
#3882=DIRECTION('',(0.,0.,-1.));
#3883=DIRECTION('',(0.,1.,0.));
#3884=DIRECTION('',(0.,0.,1.));
#3885=DIRECTION('',(0.,-1.,0.));
#3886=DIRECTION('',(0.,0.,-1.));
#3887=DIRECTION('',(0.,1.,0.));
#3888=DIRECTION('',(0.,0.,1.));
#3889=DIRECTION('',(0.,-1.,0.));
#3890=DIRECTION('',(0.,0.,-1.));
#3891=DIRECTION('',(0.,1.,0.));
#3892=DIRECTION('',(0.,0.,1.));
#3893=DIRECTION('',(0.,1.,0.));
#3894=DIRECTION('',(0.,0.,-1.));
#3895=DIRECTION('',(0.,-1.,0.));
#3896=DIRECTION('',(0.,0.,1.));
#3897=DIRECTION('',(0.,1.,0.));
#3898=DIRECTION('',(0.,0.,1.));
#3899=DIRECTION('',(0.,1.,0.));
#3900=DIRECTION('',(0.,0.,1.));
#3901=DIRECTION('',(0.,1.,0.));
#3902=DIRECTION('',(0.,0.,1.));
#3903=DIRECTION('',(0.,1.,0.));
#3904=DIRECTION('',(0.,0.,1.));
#3905=DIRECTION('',(0.,1.,0.));
#3906=DIRECTION('',(0.,0.,1.));
#3907=DIRECTION('',(0.,1.,0.));
#3908=DIRECTION('',(0.,0.,1.));
#3909=DIRECTION('',(0.,-1.,0.));
#3910=DIRECTION('',(0.,0.,1.));
#3911=DIRECTION('',(0.,1.,0.));
#3912=DIRECTION('',(0.,0.,1.));
#3913=DIRECTION('',(0.,-1.,0.));
#3914=DIRECTION('',(0.,0.,1.));
#3915=DIRECTION('',(0.,1.,0.));
#3916=DIRECTION('',(0.,0.,1.));
#3917=DIRECTION('',(0.,1.,0.));
#3918=DIRECTION('',(0.,0.,1.));
#3919=DIRECTION('',(0.,1.,0.));
#3920=DIRECTION('',(0.,0.,1.));
#3921=DIRECTION('',(0.,1.,0.));
#3922=DIRECTION('',(0.,0.,1.));
#3923=DIRECTION('',(0.,1.,0.));
#3924=DIRECTION('',(0.,0.,1.));
#3925=DIRECTION('',(0.,-1.,0.));
#3926=DIRECTION('',(0.,0.,1.));
#3927=DIRECTION('',(0.,1.,0.));
#3928=DIRECTION('',(0.,0.,1.));
#3929=DIRECTION('',(0.,-1.,0.));
#3930=DIRECTION('',(0.,0.,1.));
#3931=DIRECTION('',(0.,1.,0.));
#3932=DIRECTION('',(0.,0.,1.));
#3933=DIRECTION('',(0.,1.,0.));
#3934=DIRECTION('',(0.,0.,1.));
#3935=DIRECTION('',(0.,1.,0.));
#3936=DIRECTION('',(0.,0.,1.));
#3937=DIRECTION('',(0.,1.,0.));
#3938=DIRECTION('',(0.,0.,1.));
#3939=DIRECTION('',(0.,1.,0.));
#3940=DIRECTION('',(0.,0.,1.));
#3941=DIRECTION('',(0.,1.,0.));
#3942=DIRECTION('',(0.,0.,1.));
#3943=DIRECTION('',(0.,1.,0.));
#3944=DIRECTION('',(0.,0.,1.));
#3945=DIRECTION('',(0.,1.,0.));
#3946=DIRECTION('',(0.,0.,1.));
#3947=DIRECTION('',(0.,1.,0.));
#3948=DIRECTION('',(0.,0.,-1.));
#3949=DIRECTION('',(0.,1.,0.));
#3950=DIRECTION('',(0.,0.,-1.));
#3951=DIRECTION('',(0.,1.,0.));
#3952=DIRECTION('',(0.,0.,-1.));
#3953=DIRECTION('',(0.,1.,0.));
#3954=DIRECTION('',(0.,0.,-1.));
#3955=DIRECTION('',(0.,1.,0.));
#3956=DIRECTION('',(0.,0.,-1.));
#3957=DIRECTION('',(0.,1.,0.));
#3958=DIRECTION('',(0.,0.,-1.));
#3959=DIRECTION('',(0.,1.,0.));
#3960=DIRECTION('',(0.,1.,0.));
#3961=DIRECTION('',(0.,0.,-1.));
#3962=DIRECTION('',(0.,-1.,0.));
#3963=DIRECTION('',(0.,0.,-1.));
#3964=DIRECTION('',(0.,1.,0.));
#3965=DIRECTION('',(0.,0.,-1.));
#3966=DIRECTION('',(0.,1.,0.));
#3967=DIRECTION('',(0.,0.,-1.));
#3968=DIRECTION('',(0.,1.,0.));
#3969=DIRECTION('',(0.,0.,-1.));
#3970=DIRECTION('',(0.,1.,0.));
#3971=DIRECTION('',(0.,0.,-1.));
#3972=DIRECTION('',(0.,1.,0.));
#3973=DIRECTION('',(0.,0.,-1.));
#3974=DIRECTION('',(0.,-1.,0.));
#3975=DIRECTION('',(0.,0.,-1.));
#3976=DIRECTION('',(0.,1.,0.));
#3977=DIRECTION('',(0.,1.,0.));
#3978=DIRECTION('',(0.,0.,-1.));
#3979=DIRECTION('',(0.,1.,0.));
#3980=DIRECTION('',(0.,0.,-1.));
#3981=DIRECTION('',(0.,1.,0.));
#3982=DIRECTION('',(0.,0.,-1.));
#3983=DIRECTION('',(0.,1.,0.));
#3984=DIRECTION('',(0.,0.,-1.));
#3985=DIRECTION('',(0.,1.,0.));
#3986=DIRECTION('',(0.,0.,-1.));
#3987=DIRECTION('',(0.,1.,0.));
#3988=DIRECTION('',(0.,0.,-1.));
#3989=DIRECTION('center_axis',(0.,1.,0.));
#3990=DIRECTION('ref_axis',(1.,0.,0.));
#3991=DIRECTION('',(1.,0.,0.));
#3992=DIRECTION('',(0.,0.,-1.));
#3993=DIRECTION('',(1.,0.,0.));
#3994=DIRECTION('center_axis',(0.,-1.,0.));
#3995=DIRECTION('ref_axis',(-1.,0.,0.));
#3996=DIRECTION('',(1.,0.,0.));
#3997=DIRECTION('',(-1.,0.,0.));
#3998=DIRECTION('',(0.,0.,-1.));
#3999=DIRECTION('center_axis',(1.,0.,0.));
#4000=DIRECTION('ref_axis',(0.,-1.,0.));
#4001=DIRECTION('',(0.,-1.,0.));
#4002=DIRECTION('',(0.,-1.,0.));
#4003=DIRECTION('center_axis',(0.,0.,1.));
#4004=DIRECTION('ref_axis',(1.,0.,0.));
#4005=DIRECTION('center_axis',(0.,1.,0.));
#4006=DIRECTION('ref_axis',(1.,0.,0.));
#4007=DIRECTION('',(1.,0.,0.));
#4008=DIRECTION('',(0.,0.,-1.));
#4009=DIRECTION('',(1.,0.,0.));
#4010=DIRECTION('center_axis',(0.,-1.,0.));
#4011=DIRECTION('ref_axis',(-1.,0.,0.));
#4012=DIRECTION('',(1.,0.,0.));
#4013=DIRECTION('',(-1.,0.,0.));
#4014=DIRECTION('',(0.,0.,-1.));
#4015=DIRECTION('center_axis',(1.,0.,0.));
#4016=DIRECTION('ref_axis',(0.,-1.,0.));
#4017=DIRECTION('',(0.,-1.,0.));
#4018=DIRECTION('',(0.,-1.,0.));
#4019=DIRECTION('center_axis',(0.,0.,1.));
#4020=DIRECTION('ref_axis',(1.,0.,0.));
#4021=DIRECTION('center_axis',(0.,1.,0.));
#4022=DIRECTION('ref_axis',(1.,0.,0.));
#4023=DIRECTION('',(1.,0.,0.));
#4024=DIRECTION('',(0.,0.,-1.));
#4025=DIRECTION('',(1.,0.,0.));
#4026=DIRECTION('center_axis',(0.,-1.,0.));
#4027=DIRECTION('ref_axis',(-1.,0.,0.));
#4028=DIRECTION('',(1.,0.,0.));
#4029=DIRECTION('',(-1.,0.,0.));
#4030=DIRECTION('',(0.,0.,-1.));
#4031=DIRECTION('center_axis',(1.,0.,0.));
#4032=DIRECTION('ref_axis',(0.,-1.,0.));
#4033=DIRECTION('',(0.,-1.,0.));
#4034=DIRECTION('',(0.,-1.,0.));
#4035=DIRECTION('center_axis',(0.,0.,1.));
#4036=DIRECTION('ref_axis',(1.,0.,0.));
#4037=DIRECTION('center_axis',(1.,0.,0.));
#4038=DIRECTION('ref_axis',(0.,-1.,0.));
#4039=DIRECTION('',(0.,-1.,0.));
#4040=DIRECTION('',(0.,0.,-1.));
#4041=DIRECTION('',(0.,-1.,0.));
#4042=DIRECTION('',(0.,0.,-1.));
#4043=DIRECTION('center_axis',(0.,1.,0.));
#4044=DIRECTION('ref_axis',(1.,0.,0.));
#4045=DIRECTION('',(1.,0.,0.));
#4046=DIRECTION('',(1.,0.,0.));
#4047=DIRECTION('center_axis',(0.,-1.,0.));
#4048=DIRECTION('ref_axis',(-1.,0.,0.));
#4049=DIRECTION('',(-1.,0.,0.));
#4050=DIRECTION('',(-1.,0.,0.));
#4051=DIRECTION('center_axis',(0.,0.,1.));
#4052=DIRECTION('ref_axis',(1.,0.,0.));
#4053=DIRECTION('center_axis',(0.,1.,0.));
#4054=DIRECTION('ref_axis',(1.,0.,0.));
#4055=DIRECTION('',(1.,0.,0.));
#4056=DIRECTION('',(0.,0.,-1.));
#4057=DIRECTION('',(1.,0.,0.));
#4058=DIRECTION('center_axis',(0.,-1.,0.));
#4059=DIRECTION('ref_axis',(-1.,0.,0.));
#4060=DIRECTION('',(1.,0.,0.));
#4061=DIRECTION('',(-1.,0.,0.));
#4062=DIRECTION('',(0.,0.,-1.));
#4063=DIRECTION('center_axis',(1.,0.,0.));
#4064=DIRECTION('ref_axis',(0.,-1.,0.));
#4065=DIRECTION('',(0.,-1.,0.));
#4066=DIRECTION('',(0.,-1.,0.));
#4067=DIRECTION('center_axis',(0.,0.,1.));
#4068=DIRECTION('ref_axis',(1.,0.,0.));
#4069=DIRECTION('center_axis',(0.,1.,0.));
#4070=DIRECTION('ref_axis',(1.,0.,0.));
#4071=DIRECTION('',(1.,0.,0.));
#4072=DIRECTION('',(0.,0.,-1.));
#4073=DIRECTION('',(1.,0.,0.));
#4074=DIRECTION('center_axis',(0.,-1.,0.));
#4075=DIRECTION('ref_axis',(-1.,0.,0.));
#4076=DIRECTION('',(1.,0.,0.));
#4077=DIRECTION('',(-1.,0.,0.));
#4078=DIRECTION('',(0.,0.,-1.));
#4079=DIRECTION('center_axis',(1.,0.,0.));
#4080=DIRECTION('ref_axis',(0.,-1.,0.));
#4081=DIRECTION('',(0.,-1.,0.));
#4082=DIRECTION('',(0.,-1.,0.));
#4083=DIRECTION('center_axis',(0.,0.,1.));
#4084=DIRECTION('ref_axis',(1.,0.,0.));
#4085=DIRECTION('center_axis',(0.,1.,0.));
#4086=DIRECTION('ref_axis',(1.,0.,0.));
#4087=DIRECTION('',(1.,0.,0.));
#4088=DIRECTION('',(0.,0.,-1.));
#4089=DIRECTION('',(1.,0.,0.));
#4090=DIRECTION('center_axis',(0.,-1.,0.));
#4091=DIRECTION('ref_axis',(-1.,0.,0.));
#4092=DIRECTION('',(1.,0.,0.));
#4093=DIRECTION('',(-1.,0.,0.));
#4094=DIRECTION('',(0.,0.,-1.));
#4095=DIRECTION('center_axis',(1.,0.,0.));
#4096=DIRECTION('ref_axis',(0.,-1.,0.));
#4097=DIRECTION('',(0.,-1.,0.));
#4098=DIRECTION('',(0.,-1.,0.));
#4099=DIRECTION('center_axis',(0.,0.,1.));
#4100=DIRECTION('ref_axis',(1.,0.,0.));
#4101=DIRECTION('center_axis',(0.,1.,0.));
#4102=DIRECTION('ref_axis',(1.,0.,0.));
#4103=DIRECTION('',(1.,0.,0.));
#4104=DIRECTION('',(0.,0.,-1.));
#4105=DIRECTION('',(1.,0.,0.));
#4106=DIRECTION('center_axis',(0.,-1.,0.));
#4107=DIRECTION('ref_axis',(-1.,0.,0.));
#4108=DIRECTION('',(1.,0.,0.));
#4109=DIRECTION('',(-1.,0.,0.));
#4110=DIRECTION('',(0.,0.,-1.));
#4111=DIRECTION('center_axis',(1.,0.,0.));
#4112=DIRECTION('ref_axis',(0.,-1.,0.));
#4113=DIRECTION('',(0.,-1.,0.));
#4114=DIRECTION('',(0.,-1.,0.));
#4115=DIRECTION('center_axis',(0.,0.,1.));
#4116=DIRECTION('ref_axis',(1.,0.,0.));
#4117=DIRECTION('center_axis',(0.,-1.,0.));
#4118=DIRECTION('ref_axis',(-1.,0.,0.));
#4119=DIRECTION('',(1.,0.,0.));
#4120=DIRECTION('',(-1.,0.,0.));
#4121=DIRECTION('',(0.,0.,-1.));
#4122=DIRECTION('center_axis',(1.,0.,0.));
#4123=DIRECTION('ref_axis',(0.,-1.,0.));
#4124=DIRECTION('',(0.,-1.,0.));
#4125=DIRECTION('',(0.,-1.,0.));
#4126=DIRECTION('',(0.,0.,-1.));
#4127=DIRECTION('center_axis',(0.,1.,0.));
#4128=DIRECTION('ref_axis',(1.,0.,0.));
#4129=DIRECTION('',(1.,0.,0.));
#4130=DIRECTION('',(1.,0.,0.));
#4131=DIRECTION('center_axis',(0.,0.,1.));
#4132=DIRECTION('ref_axis',(1.,0.,0.));
#4133=DIRECTION('center_axis',(0.,1.,0.));
#4134=DIRECTION('ref_axis',(1.,0.,0.));
#4135=DIRECTION('',(1.,0.,0.));
#4136=DIRECTION('',(0.,0.,-1.));
#4137=DIRECTION('',(1.,0.,0.));
#4138=DIRECTION('center_axis',(0.,-1.,0.));
#4139=DIRECTION('ref_axis',(-1.,0.,0.));
#4140=DIRECTION('',(1.,0.,0.));
#4141=DIRECTION('',(-1.,0.,0.));
#4142=DIRECTION('',(0.,0.,-1.));
#4143=DIRECTION('center_axis',(1.,0.,0.));
#4144=DIRECTION('ref_axis',(0.,-1.,0.));
#4145=DIRECTION('',(0.,-1.,0.));
#4146=DIRECTION('',(0.,-1.,0.));
#4147=DIRECTION('center_axis',(0.,0.,1.));
#4148=DIRECTION('ref_axis',(1.,0.,0.));
#4149=DIRECTION('center_axis',(0.,0.,-1.));
#4150=DIRECTION('ref_axis',(0.,1.,0.));
#4151=DIRECTION('',(1.,0.,0.));
#4152=DIRECTION('',(1.,0.,0.));
#4153=DIRECTION('center_axis',(0.,1.,0.));
#4154=DIRECTION('ref_axis',(-1.,0.,0.));
#4155=DIRECTION('',(1.,0.,0.));
#4156=DIRECTION('',(-1.,0.,0.));
#4157=DIRECTION('',(0.,0.,1.));
#4158=DIRECTION('center_axis',(1.,0.,0.));
#4159=DIRECTION('ref_axis',(0.,1.,0.));
#4160=DIRECTION('',(0.,-1.,0.));
#4161=DIRECTION('',(0.,1.,0.));
#4162=DIRECTION('',(0.,0.,1.));
#4163=DIRECTION('center_axis',(0.,-1.,0.));
#4164=DIRECTION('ref_axis',(1.,0.,0.));
#4165=DIRECTION('',(-1.,0.,0.));
#4166=DIRECTION('',(1.,0.,0.));
#4167=DIRECTION('center_axis',(0.,0.,1.));
#4168=DIRECTION('ref_axis',(1.,0.,0.));
#4169=DIRECTION('center_axis',(0.,0.,1.));
#4170=DIRECTION('ref_axis',(1.,0.,0.));
#4171=DIRECTION('',(1.,0.,0.));
#4172=DIRECTION('',(1.,0.,0.));
#4173=DIRECTION('',(1.,0.,0.));
#4174=DIRECTION('center_axis',(0.,1.,0.));
#4175=DIRECTION('ref_axis',(-1.,0.,0.));
#4176=DIRECTION('',(1.,0.,0.));
#4177=DIRECTION('',(-1.,0.,0.));
#4178=DIRECTION('',(0.,0.,1.));
#4179=DIRECTION('center_axis',(1.,0.,0.));
#4180=DIRECTION('ref_axis',(0.,1.,0.));
#4181=DIRECTION('',(0.,-1.,0.));
#4182=DIRECTION('',(0.,1.,0.));
#4183=DIRECTION('',(0.,0.,1.));
#4184=DIRECTION('center_axis',(0.,-1.,0.));
#4185=DIRECTION('ref_axis',(1.,0.,0.));
#4186=DIRECTION('',(-1.,0.,0.));
#4187=DIRECTION('',(1.,0.,0.));
#4188=DIRECTION('center_axis',(0.,0.,1.));
#4189=DIRECTION('ref_axis',(1.,0.,0.));
#4190=DIRECTION('center_axis',(0.,0.,1.));
#4191=DIRECTION('ref_axis',(1.,0.,0.));
#4192=DIRECTION('',(1.,0.,0.));
#4193=DIRECTION('',(0.,-1.,0.));
#4194=DIRECTION('center_axis',(0.,1.,0.));
#4195=DIRECTION('ref_axis',(-1.,0.,0.));
#4196=DIRECTION('',(-1.,0.,0.));
#4197=DIRECTION('',(0.,0.,1.));
#4198=DIRECTION('',(1.,0.,0.));
#4199=DIRECTION('center_axis',(0.,-1.,0.));
#4200=DIRECTION('ref_axis',(1.,0.,0.));
#4201=DIRECTION('',(1.,0.,0.));
#4202=DIRECTION('',(0.,0.,-1.));
#4203=DIRECTION('center_axis',(-1.,0.,0.));
#4204=DIRECTION('ref_axis',(0.,0.,1.));
#4205=DIRECTION('',(0.,0.,1.));
#4206=DIRECTION('',(0.,-1.,0.));
#4207=DIRECTION('',(0.,0.,-1.));
#4208=DIRECTION('',(0.,1.,0.));
#4209=DIRECTION('center_axis',(-1.,0.,0.));
#4210=DIRECTION('ref_axis',(0.,0.,1.));
#4211=DIRECTION('',(0.,0.,1.));
#4212=DIRECTION('',(0.,-1.,0.));
#4213=DIRECTION('',(0.,0.,-1.));
#4214=DIRECTION('',(0.,1.,0.));
#4215=DIRECTION('center_axis',(-1.,0.,0.));
#4216=DIRECTION('ref_axis',(0.,0.,1.));
#4217=DIRECTION('',(0.,0.,1.));
#4218=DIRECTION('',(0.,-1.,0.));
#4219=DIRECTION('',(0.,0.,-1.));
#4220=DIRECTION('',(0.,1.,0.));
#4221=DIRECTION('center_axis',(-1.,0.,0.));
#4222=DIRECTION('ref_axis',(0.,0.,1.));
#4223=DIRECTION('',(0.,0.,1.));
#4224=DIRECTION('',(0.,-1.,0.));
#4225=DIRECTION('',(0.,0.,-1.));
#4226=DIRECTION('',(0.,1.,0.));
#4227=DIRECTION('center_axis',(-1.,0.,0.));
#4228=DIRECTION('ref_axis',(0.,0.,1.));
#4229=DIRECTION('',(0.,1.,0.));
#4230=DIRECTION('',(0.,0.,1.));
#4231=DIRECTION('',(0.,-1.,0.));
#4232=DIRECTION('',(0.,0.,-1.));
#4233=DIRECTION('center_axis',(-1.,0.,0.));
#4234=DIRECTION('ref_axis',(0.,0.,1.));
#4235=DIRECTION('',(0.,0.,1.));
#4236=DIRECTION('',(0.,-1.,0.));
#4237=DIRECTION('',(0.,0.,-1.));
#4238=DIRECTION('',(0.,1.,0.));
#4239=DIRECTION('center_axis',(-1.,0.,0.));
#4240=DIRECTION('ref_axis',(0.,0.,1.));
#4241=DIRECTION('',(0.,0.,-1.));
#4242=DIRECTION('',(0.,1.,0.));
#4243=DIRECTION('',(0.,0.,1.));
#4244=DIRECTION('',(0.,-1.,0.));
#4245=DIRECTION('center_axis',(-1.,0.,0.));
#4246=DIRECTION('ref_axis',(0.,0.,1.));
#4247=DIRECTION('',(0.,0.,1.));
#4248=DIRECTION('',(0.,-1.,0.));
#4249=DIRECTION('',(0.,0.,-1.));
#4250=DIRECTION('',(0.,1.,0.));
#4251=DIRECTION('center_axis',(-1.,0.,0.));
#4252=DIRECTION('ref_axis',(0.,0.,1.));
#4253=DIRECTION('',(0.,0.,1.));
#4254=DIRECTION('',(0.,-1.,0.));
#4255=DIRECTION('',(0.,0.,-1.));
#4256=DIRECTION('',(0.,1.,0.));
#4257=DIRECTION('center_axis',(-1.,0.,0.));
#4258=DIRECTION('ref_axis',(0.,0.,1.));
#4259=DIRECTION('',(0.,1.,0.));
#4260=DIRECTION('',(0.,0.,1.));
#4261=DIRECTION('',(0.,-1.,0.));
#4262=DIRECTION('',(0.,0.,-1.));
#4263=DIRECTION('center_axis',(-1.,0.,0.));
#4264=DIRECTION('ref_axis',(0.,0.,1.));
#4265=DIRECTION('',(0.,1.,0.));
#4266=DIRECTION('',(0.,0.,1.));
#4267=DIRECTION('',(0.,-1.,0.));
#4268=DIRECTION('',(0.,0.,-1.));
#4269=DIRECTION('center_axis',(-1.,0.,0.));
#4270=DIRECTION('ref_axis',(0.,0.,1.));
#4271=DIRECTION('',(0.,0.,1.));
#4272=DIRECTION('',(0.,-1.,0.));
#4273=DIRECTION('',(0.,0.,-1.));
#4274=DIRECTION('',(0.,1.,0.));
#4275=DIRECTION('center_axis',(-1.,0.,0.));
#4276=DIRECTION('ref_axis',(0.,0.,1.));
#4277=DIRECTION('',(0.,1.,0.));
#4278=DIRECTION('',(0.,0.,1.));
#4279=DIRECTION('',(0.,-1.,0.));
#4280=DIRECTION('',(0.,0.,-1.));
#4281=DIRECTION('center_axis',(0.,0.,-1.));
#4282=DIRECTION('ref_axis',(0.,1.,0.));
#4283=DIRECTION('',(1.,0.,0.));
#4284=DIRECTION('',(1.,0.,0.));
#4285=DIRECTION('center_axis',(0.,1.,0.));
#4286=DIRECTION('ref_axis',(-1.,0.,0.));
#4287=DIRECTION('',(-1.,0.,0.));
#4288=DIRECTION('center_axis',(0.,0.,-1.));
#4289=DIRECTION('ref_axis',(0.,1.,0.));
#4290=DIRECTION('',(1.,0.,0.));
#4291=DIRECTION('',(1.,0.,0.));
#4292=DIRECTION('center_axis',(0.,1.,0.));
#4293=DIRECTION('ref_axis',(-1.,0.,0.));
#4294=DIRECTION('',(-1.,0.,0.));
#4295=DIRECTION('center_axis',(0.,0.,-1.));
#4296=DIRECTION('ref_axis',(0.,1.,0.));
#4297=DIRECTION('',(1.,0.,0.));
#4298=DIRECTION('',(1.,0.,0.));
#4299=DIRECTION('center_axis',(0.,1.,0.));
#4300=DIRECTION('ref_axis',(-1.,0.,0.));
#4301=DIRECTION('',(-1.,0.,0.));
#4302=DIRECTION('center_axis',(0.,0.,-1.));
#4303=DIRECTION('ref_axis',(0.,1.,0.));
#4304=DIRECTION('',(1.,0.,0.));
#4305=DIRECTION('',(1.,0.,0.));
#4306=DIRECTION('center_axis',(0.,1.,0.));
#4307=DIRECTION('ref_axis',(-1.,0.,0.));
#4308=DIRECTION('',(-1.,0.,0.));
#4309=DIRECTION('center_axis',(0.,1.,0.));
#4310=DIRECTION('ref_axis',(-1.,0.,0.));
#4311=DIRECTION('',(-1.,0.,0.));
#4312=DIRECTION('',(1.,0.,0.));
#4313=DIRECTION('center_axis',(0.,0.,1.));
#4314=DIRECTION('ref_axis',(0.,-1.,0.));
#4315=DIRECTION('',(1.,0.,0.));
#4316=DIRECTION('center_axis',(0.,0.,-1.));
#4317=DIRECTION('ref_axis',(0.,1.,0.));
#4318=DIRECTION('',(1.,0.,0.));
#4319=DIRECTION('',(1.,0.,0.));
#4320=DIRECTION('center_axis',(0.,1.,0.));
#4321=DIRECTION('ref_axis',(-1.,0.,0.));
#4322=DIRECTION('',(-1.,0.,0.));
#4323=DIRECTION('center_axis',(0.,0.,1.));
#4324=DIRECTION('ref_axis',(1.,0.,0.));
#4325=DIRECTION('',(1.,0.,0.));
#4326=DIRECTION('',(-1.,0.,0.));
#4327=DIRECTION('',(-1.,0.,0.));
#4328=DIRECTION('',(1.,0.,0.));
#4329=DIRECTION('center_axis',(0.,0.,-1.));
#4330=DIRECTION('ref_axis',(0.,1.,0.));
#4331=DIRECTION('',(1.,0.,0.));
#4332=DIRECTION('',(1.,0.,0.));
#4333=DIRECTION('center_axis',(0.,1.,0.));
#4334=DIRECTION('ref_axis',(-1.,0.,0.));
#4335=DIRECTION('',(-1.,0.,0.));
#4336=DIRECTION('center_axis',(0.,0.,-1.));
#4337=DIRECTION('ref_axis',(0.,1.,0.));
#4338=DIRECTION('',(1.,0.,0.));
#4339=DIRECTION('',(1.,0.,0.));
#4340=DIRECTION('center_axis',(0.,1.,0.));
#4341=DIRECTION('ref_axis',(-1.,0.,0.));
#4342=DIRECTION('',(-1.,0.,0.));
#4343=DIRECTION('center_axis',(0.,1.,0.));
#4344=DIRECTION('ref_axis',(-1.,0.,0.));
#4345=DIRECTION('',(-1.,0.,0.));
#4346=DIRECTION('',(1.,0.,0.));
#4347=DIRECTION('center_axis',(0.,0.,1.));
#4348=DIRECTION('ref_axis',(0.,-1.,0.));
#4349=DIRECTION('',(1.,0.,0.));
#4350=DIRECTION('center_axis',(0.,1.,0.));
#4351=DIRECTION('ref_axis',(-1.,0.,0.));
#4352=DIRECTION('',(-1.,0.,0.));
#4353=DIRECTION('',(1.,0.,0.));
#4354=DIRECTION('center_axis',(0.,0.,1.));
#4355=DIRECTION('ref_axis',(0.,-1.,0.));
#4356=DIRECTION('',(1.,0.,0.));
#4357=DIRECTION('center_axis',(0.,0.,-1.));
#4358=DIRECTION('ref_axis',(0.,1.,0.));
#4359=DIRECTION('',(1.,0.,0.));
#4360=DIRECTION('',(1.,0.,0.));
#4361=DIRECTION('center_axis',(0.,1.,0.));
#4362=DIRECTION('ref_axis',(-1.,0.,0.));
#4363=DIRECTION('',(-1.,0.,0.));
#4364=DIRECTION('center_axis',(0.,1.,0.));
#4365=DIRECTION('ref_axis',(-1.,0.,0.));
#4366=DIRECTION('',(-1.,0.,0.));
#4367=DIRECTION('',(1.,0.,0.));
#4368=DIRECTION('center_axis',(0.,0.,1.));
#4369=DIRECTION('ref_axis',(0.,-1.,0.));
#4370=DIRECTION('',(1.,0.,0.));
#4371=DIRECTION('center_axis',(0.,-1.,0.));
#4372=DIRECTION('ref_axis',(1.,0.,0.));
#4373=DIRECTION('',(0.,0.,1.));
#4374=DIRECTION('',(1.,0.,0.));
#4375=DIRECTION('',(-1.,0.,0.));
#4376=DIRECTION('center_axis',(0.,-1.,0.));
#4377=DIRECTION('ref_axis',(1.,0.,0.));
#4378=DIRECTION('',(0.,0.,1.));
#4379=DIRECTION('',(-1.,0.,0.));
#4380=DIRECTION('center_axis',(0.,-1.,0.));
#4381=DIRECTION('ref_axis',(1.,0.,0.));
#4382=DIRECTION('',(0.,0.,1.));
#4383=DIRECTION('',(1.,0.,0.));
#4384=DIRECTION('',(-1.,0.,0.));
#4385=DIRECTION('center_axis',(0.,-1.,0.));
#4386=DIRECTION('ref_axis',(1.,0.,0.));
#4387=DIRECTION('',(0.,0.,1.));
#4388=DIRECTION('',(1.,0.,0.));
#4389=DIRECTION('',(-1.,0.,0.));
#4390=DIRECTION('center_axis',(0.,-1.,0.));
#4391=DIRECTION('ref_axis',(1.,0.,0.));
#4392=DIRECTION('',(0.,0.,1.));
#4393=DIRECTION('',(1.,0.,0.));
#4394=DIRECTION('',(-1.,0.,0.));
#4395=DIRECTION('center_axis',(0.,-1.,0.));
#4396=DIRECTION('ref_axis',(1.,0.,0.));
#4397=DIRECTION('',(0.,0.,1.));
#4398=DIRECTION('',(1.,0.,0.));
#4399=DIRECTION('',(-1.,0.,0.));
#4400=DIRECTION('center_axis',(0.,-1.,0.));
#4401=DIRECTION('ref_axis',(1.,0.,0.));
#4402=DIRECTION('',(0.,0.,1.));
#4403=DIRECTION('',(1.,0.,0.));
#4404=DIRECTION('',(-1.,0.,0.));
#4405=DIRECTION('center_axis',(0.,-1.,0.));
#4406=DIRECTION('ref_axis',(1.,0.,0.));
#4407=DIRECTION('',(0.,0.,1.));
#4408=DIRECTION('',(-1.,0.,0.));
#4409=DIRECTION('center_axis',(0.,-1.,0.));
#4410=DIRECTION('ref_axis',(1.,0.,0.));
#4411=DIRECTION('',(0.,0.,1.));
#4412=DIRECTION('',(1.,0.,0.));
#4413=DIRECTION('',(-1.,0.,0.));
#4414=DIRECTION('center_axis',(0.,-1.,0.));
#4415=DIRECTION('ref_axis',(1.,0.,0.));
#4416=DIRECTION('',(0.,0.,1.));
#4417=DIRECTION('',(1.,0.,0.));
#4418=DIRECTION('',(-1.,0.,0.));
#4419=DIRECTION('center_axis',(0.,-1.,0.));
#4420=DIRECTION('ref_axis',(1.,0.,0.));
#4421=DIRECTION('',(0.,0.,1.));
#4422=DIRECTION('',(1.,0.,0.));
#4423=DIRECTION('',(-1.,0.,0.));
#4424=DIRECTION('center_axis',(0.,-1.,0.));
#4425=DIRECTION('ref_axis',(0.,0.,-1.));
#4426=DIRECTION('',(0.,0.,1.));
#4427=DIRECTION('',(1.,0.,0.));
#4428=DIRECTION('',(1.,0.,0.));
#4429=DIRECTION('center_axis',(1.,0.,0.));
#4430=DIRECTION('ref_axis',(0.,1.,0.));
#4431=DIRECTION('center_axis',(1.,0.,0.));
#4432=DIRECTION('ref_axis',(0.,1.,0.));
#4433=DIRECTION('',(1.,0.,0.));
#4434=DIRECTION('center_axis',(0.,1.,-1.34110450744629E-8));
#4435=DIRECTION('ref_axis',(0.,1.34110450744629E-8,1.));
#4436=DIRECTION('',(0.,-1.34110450744629E-8,-1.));
#4437=DIRECTION('',(1.,0.,0.));
#4438=DIRECTION('center_axis',(1.,0.,0.));
#4439=DIRECTION('ref_axis',(0.,1.,0.));
#4440=DIRECTION('',(0.,-1.,0.));
#4441=DIRECTION('',(0.,-1.,0.));
#4442=DIRECTION('',(0.,0.,-1.));
#4443=DIRECTION('',(0.,-1.,0.));
#4444=DIRECTION('',(0.,-1.,0.));
#4445=DIRECTION('',(0.,0.,-1.));
#4446=DIRECTION('',(0.,-1.,0.));
#4447=DIRECTION('',(0.,-1.,0.));
#4448=DIRECTION('',(0.,0.,-1.));
#4449=DIRECTION('',(0.,-1.,0.));
#4450=DIRECTION('',(0.,0.,-1.));
#4451=DIRECTION('center_axis',(1.,0.,0.));
#4452=DIRECTION('ref_axis',(0.,1.,0.));
#4453=DIRECTION('center_axis',(1.,0.,0.));
#4454=DIRECTION('ref_axis',(0.,1.,0.));
#4455=DIRECTION('center_axis',(1.,0.,0.));
#4456=DIRECTION('ref_axis',(0.,1.,0.));
#4457=DIRECTION('',(0.,-1.,0.));
#4458=DIRECTION('',(0.,0.,-1.));
#4459=DIRECTION('',(0.,-1.,0.));
#4460=DIRECTION('',(0.,-1.,0.));
#4461=DIRECTION('',(0.,0.,-1.));
#4462=DIRECTION('',(0.,-1.,0.));
#4463=DIRECTION('',(0.,-1.,0.));
#4464=DIRECTION('',(0.,0.,-1.));
#4465=DIRECTION('',(0.,-1.,0.));
#4466=DIRECTION('center_axis',(0.,0.999999999998932,1.46166188142848E-6));
#4467=DIRECTION('ref_axis',(0.,-1.46166188142848E-6,0.999999999998932));
#4468=DIRECTION('',(0.,1.46166188142848E-6,-0.999999999998932));
#4469=DIRECTION('',(1.,0.,0.));
#4470=DIRECTION('center_axis',(0.,-1.,5.21540641784668E-9));
#4471=DIRECTION('ref_axis',(0.,-5.21540641784668E-9,-1.));
#4472=DIRECTION('',(0.,-5.21540641784668E-9,-1.));
#4473=DIRECTION('',(1.,0.,0.));
#4474=DIRECTION('center_axis',(1.,0.,0.));
#4475=DIRECTION('ref_axis',(0.,1.,0.));
#4476=DIRECTION('center_axis',(1.,0.,0.));
#4477=DIRECTION('ref_axis',(0.,1.,0.));
#4478=DIRECTION('center_axis',(1.,0.,0.));
#4479=DIRECTION('ref_axis',(0.,1.,0.));
#4480=DIRECTION('',(0.,-1.,0.));
#4481=DIRECTION('',(0.,0.,-1.));
#4482=DIRECTION('',(0.,-1.,0.));
#4483=DIRECTION('',(0.,-1.,0.));
#4484=DIRECTION('',(0.,0.,-1.));
#4485=DIRECTION('',(0.,-1.,0.));
#4486=DIRECTION('',(0.,-1.,0.));
#4487=DIRECTION('',(0.,0.,-1.));
#4488=DIRECTION('',(0.,-1.,0.));
#4489=DIRECTION('',(0.,-1.,0.));
#4490=DIRECTION('',(0.,0.,-1.));
#4491=DIRECTION('center_axis',(0.,0.,1.));
#4492=DIRECTION('ref_axis',(1.,0.,0.));
#4493=DIRECTION('',(1.,0.,0.));
#4494=DIRECTION('center_axis',(0.,0.,1.));
#4495=DIRECTION('ref_axis',(1.,0.,0.));
#4496=DIRECTION('',(1.,0.,0.));
#4497=DIRECTION('center_axis',(0.,0.,1.));
#4498=DIRECTION('ref_axis',(1.,0.,0.));
#4499=DIRECTION('',(1.,0.,0.));
#4500=DIRECTION('center_axis',(0.,0.,1.));
#4501=DIRECTION('ref_axis',(1.,0.,0.));
#4502=DIRECTION('',(1.,0.,0.));
#4503=DIRECTION('center_axis',(0.,0.,1.));
#4504=DIRECTION('ref_axis',(1.,0.,0.));
#4505=DIRECTION('',(1.,0.,0.));
#4506=DIRECTION('center_axis',(0.,-1.,0.));
#4507=DIRECTION('ref_axis',(0.,0.,-1.));
#4508=DIRECTION('',(1.,0.,0.));
#4509=DIRECTION('',(1.,0.,0.));
#4510=DIRECTION('',(1.,0.,0.));
#4511=DIRECTION('',(1.,0.,0.));
#4512=DIRECTION('',(1.,0.,0.));
#4513=DIRECTION('',(1.,0.,0.));
#4514=DIRECTION('',(1.,0.,0.));
#4515=DIRECTION('',(1.,0.,0.));
#4516=DIRECTION('',(1.,0.,0.));
#4517=DIRECTION('',(1.,0.,0.));
#4518=DIRECTION('',(1.,0.,0.));
#4519=DIRECTION('',(1.,0.,0.));
#4520=DIRECTION('',(1.,0.,0.));
#4521=DIRECTION('center_axis',(0.,0.,-1.));
#4522=DIRECTION('ref_axis',(0.,1.,0.));
#4523=DIRECTION('center_axis',(0.,0.,1.));
#4524=DIRECTION('ref_axis',(0.,-1.,0.));
#4525=DIRECTION('center_axis',(0.,0.,1.));
#4526=DIRECTION('ref_axis',(0.,-1.,0.));
#4527=DIRECTION('center_axis',(0.,0.,1.));
#4528=DIRECTION('ref_axis',(0.,-1.,0.));
#4529=DIRECTION('center_axis',(0.,0.,1.));
#4530=DIRECTION('ref_axis',(0.,-1.,0.));
#4531=DIRECTION('center_axis',(0.,0.,-1.));
#4532=DIRECTION('ref_axis',(0.,1.,0.));
#4533=DIRECTION('center_axis',(0.,0.,1.));
#4534=DIRECTION('ref_axis',(0.,-1.,0.));
#4535=DIRECTION('center_axis',(0.,0.,-1.));
#4536=DIRECTION('ref_axis',(0.,1.,0.));
#4537=DIRECTION('center_axis',(0.,0.,1.));
#4538=DIRECTION('ref_axis',(0.,-1.,0.));
#4539=DIRECTION('center_axis',(0.,0.,-1.));
#4540=DIRECTION('ref_axis',(0.,1.,0.));
#4541=DIRECTION('',(1.,0.,0.));
#4542=DIRECTION('center_axis',(0.,0.,1.));
#4543=DIRECTION('ref_axis',(0.,-1.,0.));
#4544=DIRECTION('center_axis',(0.,0.,1.));
#4545=DIRECTION('ref_axis',(0.,-1.,0.));
#4546=DIRECTION('center_axis',(0.,0.,-1.));
#4547=DIRECTION('ref_axis',(0.,1.,0.));
#4548=DIRECTION('center_axis',(0.,1.,0.));
#4549=DIRECTION('ref_axis',(-1.,0.,0.));
#4550=DIRECTION('center_axis',(0.,0.,1.));
#4551=DIRECTION('ref_axis',(1.,0.,0.));
#4552=DIRECTION('',(1.,0.,0.));
#4553=DIRECTION('center_axis',(0.,0.,1.));
#4554=DIRECTION('ref_axis',(1.,0.,0.));
#4555=DIRECTION('',(1.,0.,0.));
#4556=DIRECTION('center_axis',(0.,0.,1.));
#4557=DIRECTION('ref_axis',(1.,0.,0.));
#4558=DIRECTION('',(-1.,0.,0.));
#4559=DIRECTION('center_axis',(0.,0.,1.));
#4560=DIRECTION('ref_axis',(1.,0.,0.));
#4561=DIRECTION('',(1.,0.,0.));
#4562=DIRECTION('center_axis',(0.,0.,1.));
#4563=DIRECTION('ref_axis',(1.,0.,0.));
#4564=DIRECTION('',(1.,0.,0.));
#4565=DIRECTION('center_axis',(0.,0.,1.));
#4566=DIRECTION('ref_axis',(1.,0.,0.));
#4567=DIRECTION('',(1.,0.,0.));
#4568=DIRECTION('center_axis',(0.,0.,1.));
#4569=DIRECTION('ref_axis',(1.,0.,0.));
#4570=DIRECTION('',(1.,0.,0.));
#4571=DIRECTION('center_axis',(0.,-1.,0.));
#4572=DIRECTION('ref_axis',(1.,0.,0.));
#4573=DIRECTION('center_axis',(0.,1.,0.));
#4574=DIRECTION('ref_axis',(-1.,0.,0.));
#4575=DIRECTION('center_axis',(0.,1.,0.));
#4576=DIRECTION('ref_axis',(-1.,0.,0.));
#4577=DIRECTION('',(1.,0.,0.));
#4578=DIRECTION('center_axis',(0.,0.,1.));
#4579=DIRECTION('ref_axis',(1.,0.,0.));
#4580=DIRECTION('center_axis',(0.,1.,0.));
#4581=DIRECTION('ref_axis',(-1.,0.,0.));
#4582=DIRECTION('',(1.,0.,0.));
#4583=DIRECTION('center_axis',(0.,0.,1.));
#4584=DIRECTION('ref_axis',(1.,0.,0.));
#4585=DIRECTION('center_axis',(0.,1.,0.));
#4586=DIRECTION('ref_axis',(-1.,0.,0.));
#4587=DIRECTION('',(1.,0.,0.));
#4588=DIRECTION('center_axis',(0.,0.,1.));
#4589=DIRECTION('ref_axis',(1.,0.,0.));
#4590=DIRECTION('center_axis',(0.,1.,0.));
#4591=DIRECTION('ref_axis',(-1.,0.,0.));
#4592=DIRECTION('',(1.,0.,0.));
#4593=DIRECTION('center_axis',(0.,0.,1.));
#4594=DIRECTION('ref_axis',(1.,0.,0.));
#4595=DIRECTION('center_axis',(0.,1.,0.));
#4596=DIRECTION('ref_axis',(-1.,0.,0.));
#4597=DIRECTION('',(1.,0.,0.));
#4598=DIRECTION('center_axis',(0.,0.,1.));
#4599=DIRECTION('ref_axis',(1.,0.,0.));
#4600=DIRECTION('center_axis',(0.,1.,0.));
#4601=DIRECTION('ref_axis',(-1.,0.,0.));
#4602=DIRECTION('',(1.,0.,0.));
#4603=DIRECTION('center_axis',(0.,0.,1.));
#4604=DIRECTION('ref_axis',(1.,0.,0.));
#4605=DIRECTION('center_axis',(0.,1.,0.));
#4606=DIRECTION('ref_axis',(-1.,0.,0.));
#4607=DIRECTION('',(1.,0.,0.));
#4608=DIRECTION('center_axis',(0.,0.,1.));
#4609=DIRECTION('ref_axis',(1.,0.,0.));
#4610=DIRECTION('center_axis',(0.,1.,0.));
#4611=DIRECTION('ref_axis',(-1.,0.,0.));
#4612=DIRECTION('',(1.,0.,0.));
#4613=DIRECTION('center_axis',(0.,0.,1.));
#4614=DIRECTION('ref_axis',(1.,0.,0.));
#4615=DIRECTION('center_axis',(0.,1.,0.));
#4616=DIRECTION('ref_axis',(-1.,0.,0.));
#4617=DIRECTION('',(1.,0.,0.));
#4618=DIRECTION('center_axis',(0.,0.,1.));
#4619=DIRECTION('ref_axis',(1.,0.,0.));
#4620=DIRECTION('center_axis',(0.,1.,0.));
#4621=DIRECTION('ref_axis',(-1.,0.,0.));
#4622=DIRECTION('',(1.,0.,0.));
#4623=DIRECTION('center_axis',(0.,0.,1.));
#4624=DIRECTION('ref_axis',(1.,0.,0.));
#4625=CARTESIAN_POINT('',(0.,0.,0.));
#4626=CARTESIAN_POINT('Origin',(-1.59999982267618,-8.50000002980232,14.));
#4627=CARTESIAN_POINT('',(-1.59999982267618,-9.0000000372529,14.));
#4628=CARTESIAN_POINT('',(-1.59999982267618,-8.50000002980232,14.));
#4629=CARTESIAN_POINT('',(-1.59999982267618,-12.9999999925494,14.));
#4630=CARTESIAN_POINT('',(-1.09999982267618,-9.0000000372529,14.));
#4631=CARTESIAN_POINT('',(-1.59999982267618,-9.0000000372529,14.));
#4632=CARTESIAN_POINT('',(-1.09999982267618,-8.50000002980232,14.));
#4633=CARTESIAN_POINT('',(-1.09999982267618,-12.9999999925494,14.));
#4634=CARTESIAN_POINT('',(-1.59999982267618,-8.50000002980232,14.));
#4635=CARTESIAN_POINT('Origin',(-1.59999982267618,-8.50000002980232,13.4999999925494));
#4636=CARTESIAN_POINT('',(-1.59999982267618,-8.50000002980232,13.4999999925494));
#4637=CARTESIAN_POINT('',(-1.59999982267618,-8.50000002980232,14.));
#4638=CARTESIAN_POINT('',(-1.09999982267618,-8.50000002980232,13.4999999925494));
#4639=CARTESIAN_POINT('',(-1.09999982267618,-8.50000002980232,14.));
#4640=CARTESIAN_POINT('',(-1.59999982267618,-8.50000002980232,13.5));
#4641=CARTESIAN_POINT('Origin',(-1.59999982267618,-9.0000000372529,14.));
#4642=CARTESIAN_POINT('',(-1.59999982267618,-9.0000000372529,13.4999999925494));
#4643=CARTESIAN_POINT('',(-1.59999982267618,-9.0000000372529,13.4999999925494));
#4644=CARTESIAN_POINT('',(-1.09999982267618,-9.0000000372529,13.4999999925494));
#4645=CARTESIAN_POINT('',(-1.59999982267618,-9.0000000372529,13.5));
#4646=CARTESIAN_POINT('',(-1.09999982267618,-9.0000000372529,13.4999999925494));
#4647=CARTESIAN_POINT('Origin',(-1.09999982267618,-8.75000003352761,13.7499999962747));
#4648=CARTESIAN_POINT('',(-1.09999982267618,-4.6250000204891,13.5));
#4649=CARTESIAN_POINT('Origin',(-1.59999982267618,-3.50000005215406,14.));
#4650=CARTESIAN_POINT('',(-1.59999982267618,-4.00000005960464,14.));
#4651=CARTESIAN_POINT('',(-1.59999982267618,-3.50000005215406,14.));
#4652=CARTESIAN_POINT('',(-1.59999982267618,-12.9999999925494,14.));
#4653=CARTESIAN_POINT('',(-1.09999982267618,-4.00000005960464,14.));
#4654=CARTESIAN_POINT('',(-1.59999982267618,-4.00000005960464,14.));
#4655=CARTESIAN_POINT('',(-1.09999982267618,-3.50000005215406,14.));
#4656=CARTESIAN_POINT('',(-1.09999982267618,-12.9999999925494,14.));
#4657=CARTESIAN_POINT('',(-1.59999982267618,-3.50000005215406,14.));
#4658=CARTESIAN_POINT('Origin',(-1.59999982267618,-3.50000005215406,13.5));
#4659=CARTESIAN_POINT('',(-1.59999982267618,-3.50000005215406,13.5));
#4660=CARTESIAN_POINT('',(-1.59999982267618,-3.50000005215406,14.));
#4661=CARTESIAN_POINT('',(-1.09999982267618,-3.50000005215406,13.5));
#4662=CARTESIAN_POINT('',(-1.09999982267618,-3.50000005215406,14.));
#4663=CARTESIAN_POINT('',(-1.59999982267618,-3.50000005215406,13.5));
#4664=CARTESIAN_POINT('Origin',(-1.59999982267618,-4.00000005960464,14.));
#4665=CARTESIAN_POINT('',(-1.59999982267618,-4.00000005960464,13.5));
#4666=CARTESIAN_POINT('',(-1.59999982267618,-4.00000005960464,13.5));
#4667=CARTESIAN_POINT('',(-1.09999982267618,-4.00000005960464,13.5));
#4668=CARTESIAN_POINT('',(-1.59999982267618,-4.00000005960464,13.5));
#4669=CARTESIAN_POINT('',(-1.09999982267618,-4.00000005960464,13.5));
#4670=CARTESIAN_POINT('Origin',(-1.09999982267618,-3.75000005587935,13.75));
#4671=CARTESIAN_POINT('',(-1.09999982267618,-2.12500003166497,13.5));
#4672=CARTESIAN_POINT('Origin',(-1.59999982267618,0.500000007450581,14.));
#4673=CARTESIAN_POINT('',(-1.59999982267618,0.,14.));
#4674=CARTESIAN_POINT('',(-1.59999982267618,0.500000007450581,14.0000002086163));
#4675=CARTESIAN_POINT('',(-1.59999982267618,-12.9999999925494,14.));
#4676=CARTESIAN_POINT('',(-1.09999982267618,0.,14.));
#4677=CARTESIAN_POINT('',(-1.59999982267618,0.,14.));
#4678=CARTESIAN_POINT('',(-1.09999982267618,0.500000007450581,14.0000002086163));
#4679=CARTESIAN_POINT('',(-1.09999982267618,-12.9999999925494,14.));
#4680=CARTESIAN_POINT('',(-1.59999982267618,0.500000007450581,14.0000002086163));
#4681=CARTESIAN_POINT('Origin',(-1.59999982267618,0.,14.));
#4682=CARTESIAN_POINT('',(-1.59999982267618,0.,13.5));
#4683=CARTESIAN_POINT('',(-1.59999982267618,0.,13.5));
#4684=CARTESIAN_POINT('',(-1.09999982267618,0.,13.5));
#4685=CARTESIAN_POINT('',(-1.59999982267618,0.,13.5));
#4686=CARTESIAN_POINT('',(-1.09999982267618,0.,13.5));
#4687=CARTESIAN_POINT('Origin',(-1.09999982267618,0.25000000372529,13.7500001043081));
#4688=CARTESIAN_POINT('',(-1.09999982267618,0.500000007450581,13.5));
#4689=CARTESIAN_POINT('',(-1.09999982267618,-0.125000001862645,13.5));
#4690=CARTESIAN_POINT('',(-1.09999982267618,0.500000007450581,14.0000002086163));
#4691=CARTESIAN_POINT('Origin',(-0.100000016391277,-8.50000012665987,0.));
#4692=CARTESIAN_POINT('',(-0.0999998226761818,0.500000014901161,13.5));
#4693=CARTESIAN_POINT('',(-0.100000016391277,-12.9999999925494,13.5));
#4694=CARTESIAN_POINT('',(-0.100000016391277,-7.25000005587935,13.5));
#4695=CARTESIAN_POINT('',(-0.0999998226761818,-12.9999999850988,0.5));
#4696=CARTESIAN_POINT('',(-0.0999998226761818,-12.9999999850988,0.5));
#4697=CARTESIAN_POINT('',(-0.100000016391277,-12.5000001862645,0.5));
#4698=CARTESIAN_POINT('',(-0.0999998226761818,1.00000001490116,0.5));
#4699=CARTESIAN_POINT('',(-0.100000016391277,-12.5000001862645,10.5));
#4700=CARTESIAN_POINT('',(-0.100000016391277,-12.5000001862645,5.25));
#4701=CARTESIAN_POINT('',(-0.100000016391277,-9.,10.5));
#4702=CARTESIAN_POINT('Origin',(-0.100000016391277,-10.7500000931323,10.5));
#4703=CARTESIAN_POINT('',(-0.100000016391277,-9.00000013411045,0.5));
#4704=CARTESIAN_POINT('',(-0.100000016391277,-9.00000013746321,0.250000003352761));
#4705=CARTESIAN_POINT('',(-0.100000016391277,-8.00000011920929,0.5));
#4706=CARTESIAN_POINT('',(-0.0999998226761818,1.00000001490116,0.5));
#4707=CARTESIAN_POINT('',(-0.100000016391277,-8.00000011920929,10.5));
#4708=CARTESIAN_POINT('',(-0.100000016391277,-8.00000011920929,0.));
#4709=CARTESIAN_POINT('',(-0.100000016391277,-4.50000006705523,10.5));
#4710=CARTESIAN_POINT('Origin',(-0.100000016391277,-6.25000009313226,10.5));
#4711=CARTESIAN_POINT('',(-0.100000016391277,-4.50000006705523,0.5));
#4712=CARTESIAN_POINT('',(-0.100000016391277,-4.50000006705523,0.25));
#4713=CARTESIAN_POINT('',(-0.100000016391277,-3.50000005215406,0.5));
#4714=CARTESIAN_POINT('',(-0.100000016391277,-6.25000009313226,0.5));
#4715=CARTESIAN_POINT('',(-0.100000016391277,-3.5,10.5));
#4716=CARTESIAN_POINT('',(-0.100000016391277,-3.50000002738088,5.24999998696148));
#4717=CARTESIAN_POINT('',(-0.100000016391277,0.,10.5));
#4718=CARTESIAN_POINT('Origin',(-0.100000016391277,-1.75,10.5));
#4719=CARTESIAN_POINT('',(-0.0999998226761818,1.46166188144115E-5,0.5));
#4720=CARTESIAN_POINT('',(-0.100000016391277,1.49820252062227E-5,0.250006212074305));
#4721=CARTESIAN_POINT('',(-0.100000016391277,0.500000007450581,0.500000007450581));
#4722=CARTESIAN_POINT('',(-0.0999998226761818,1.00000001490116,0.5));
#4723=CARTESIAN_POINT('',(-0.100000016391277,0.500000007450581,0.25000000372529));
#4724=CARTESIAN_POINT('Origin',(-1.60000002384186,-8.00000011920929,0.));
#4725=CARTESIAN_POINT('',(-1.60000002395195,-0.499985383381186,13.5));
#4726=CARTESIAN_POINT('',(-1.60000002384186,-7.00000005215406,13.5));
#4727=CARTESIAN_POINT('',(-1.59999982267618,0.500000007450581,13.0000001937151));
#4728=CARTESIAN_POINT('',(-1.60000002384186,0.500000014901161,7.));
#4729=CARTESIAN_POINT('',(-1.59999982267618,1.00000001490116,13.0000001937151));
#4730=CARTESIAN_POINT('',(-1.60000002384186,-3.75000005587935,13.0000001937151));
#4731=CARTESIAN_POINT('',(-1.59999982267618,1.00000001490116,12.5000001862645));
#4732=CARTESIAN_POINT('',(-1.59999982267618,1.00000001490116,0.5));
#4733=CARTESIAN_POINT('',(-1.59999982267618,0.500000007450581,12.5000001862645));
#4734=CARTESIAN_POINT('',(-1.60000002384186,-3.50000005215406,12.5000001862645));
#4735=CARTESIAN_POINT('',(-1.59999982267618,0.500000007450581,12.0000001788139));
#4736=CARTESIAN_POINT('',(-1.60000002384186,0.500000014901161,6.25000009313226));
#4737=CARTESIAN_POINT('',(-1.59999982267618,1.00000001490116,12.0000001788139));
#4738=CARTESIAN_POINT('',(-1.60000002384186,-3.75000005587935,12.0000001788139));
#4739=CARTESIAN_POINT('',(-1.59999982267618,1.00000001490116,11.5000001713634));
#4740=CARTESIAN_POINT('',(-1.59999982267618,1.00000001490116,0.5));
#4741=CARTESIAN_POINT('',(-1.59999982267618,0.500000007450581,11.5000001713634));
#4742=CARTESIAN_POINT('',(-1.60000002384186,-3.50000005215406,11.5000001713634));
#4743=CARTESIAN_POINT('',(-1.59999982267618,0.500000007450581,11.0000001639128));
#4744=CARTESIAN_POINT('',(-1.60000002384186,0.500000014901161,5.75000008568168));
#4745=CARTESIAN_POINT('',(-1.59999982267618,1.00000001490116,11.0000001639128));
#4746=CARTESIAN_POINT('',(-1.60000002384186,-3.75000005587935,11.0000001639128));
#4747=CARTESIAN_POINT('',(-1.59999982267618,1.00000001490116,10.5000001564622));
#4748=CARTESIAN_POINT('',(-1.59999982267618,1.00000001490116,0.5));
#4749=CARTESIAN_POINT('',(-1.59999982267618,0.500000007450581,10.5000001564622));
#4750=CARTESIAN_POINT('',(-1.60000002384186,-3.50000005215406,10.5000001564622));
#4751=CARTESIAN_POINT('',(-1.59999982267618,0.500000007450581,10.0000001490116));
#4752=CARTESIAN_POINT('',(-1.60000002384186,0.500000014901161,5.2500000782311));
#4753=CARTESIAN_POINT('',(-1.59999982267618,1.00000001490116,10.0000001490116));
#4754=CARTESIAN_POINT('',(-1.60000002384186,-3.75000005587935,10.0000001490116));
#4755=CARTESIAN_POINT('',(-1.59999982267618,1.00000001490116,9.50000014156103));
#4756=CARTESIAN_POINT('',(-1.59999982267618,1.00000001490116,0.5));
#4757=CARTESIAN_POINT('',(-1.59999982267618,0.500000007450581,9.50000014156103));
#4758=CARTESIAN_POINT('',(-1.60000002384186,-3.50000005215406,9.50000014156103));
#4759=CARTESIAN_POINT('',(-1.59999982267618,0.500000007450581,9.00000013411045));
#4760=CARTESIAN_POINT('',(-1.60000002384186,0.500000014901161,4.75000007078052));
#4761=CARTESIAN_POINT('',(-1.59999982267618,1.00000001490116,9.00000013411045));
#4762=CARTESIAN_POINT('',(-1.60000002384186,-3.75000005587935,9.00000013411045));
#4763=CARTESIAN_POINT('',(-1.59999982267618,1.00000001490116,8.50000012665987));
#4764=CARTESIAN_POINT('',(-1.59999982267618,1.00000001490116,0.5));
#4765=CARTESIAN_POINT('',(-1.59999982267618,0.500000007450581,8.50000012665987));
#4766=CARTESIAN_POINT('',(-1.60000002384186,-3.50000005215406,8.50000012665987));
#4767=CARTESIAN_POINT('',(-1.59999982267618,0.500000007450581,8.00000011920929));
#4768=CARTESIAN_POINT('',(-1.60000002384186,0.500000014901161,4.25000006332994));
#4769=CARTESIAN_POINT('',(-1.59999982267618,1.00000001490116,8.00000011920929));
#4770=CARTESIAN_POINT('',(-1.60000002384186,-3.75000005587935,8.00000011920929));
#4771=CARTESIAN_POINT('',(-1.59999982267618,1.00000001490116,7.50000011175871));
#4772=CARTESIAN_POINT('',(-1.59999982267618,1.00000001490116,0.5));
#4773=CARTESIAN_POINT('',(-1.59999982267618,0.500000007450581,7.50000011175871));
#4774=CARTESIAN_POINT('',(-1.60000002384186,-3.50000005215406,7.50000011175871));
#4775=CARTESIAN_POINT('',(-1.59999982267618,0.5,7.00000010430813));
#4776=CARTESIAN_POINT('',(-1.60000002384186,0.500000014901161,3.75000005587935));
#4777=CARTESIAN_POINT('',(-1.59999982267618,1.00000001490116,7.00000010430813));
#4778=CARTESIAN_POINT('',(-1.60000002384186,-3.75000005960464,7.00000010430813));
#4779=CARTESIAN_POINT('',(-1.59999982267618,1.00000001490116,6.5));
#4780=CARTESIAN_POINT('',(-1.59999982267618,1.00000001490116,0.5));
#4781=CARTESIAN_POINT('',(-1.59999982267618,0.5,6.5));
#4782=CARTESIAN_POINT('',(-1.60000002384186,-3.50000005215406,6.5));
#4783=CARTESIAN_POINT('',(-1.59999982267618,0.5,6.));
#4784=CARTESIAN_POINT('',(-1.60000002384186,0.500000014901161,3.25));
#4785=CARTESIAN_POINT('',(-1.59999982267618,1.,6.));
#4786=CARTESIAN_POINT('',(-1.60000002384186,-3.75000005960464,6.));
#4787=CARTESIAN_POINT('',(-1.59999982267618,1.,5.5));
#4788=CARTESIAN_POINT('',(-1.59999982267618,1.00000001490116,0.5));
#4789=CARTESIAN_POINT('',(-1.59999982267618,0.5,5.5));
#4790=CARTESIAN_POINT('',(-1.60000002384186,-3.50000005960464,5.5));
#4791=CARTESIAN_POINT('',(-1.59999982267618,0.5,5.));
#4792=CARTESIAN_POINT('',(-1.60000002384186,0.500000014901161,2.75));
#4793=CARTESIAN_POINT('',(-1.59999982267618,1.,5.));
#4794=CARTESIAN_POINT('',(-1.60000002384186,-3.75000005960464,5.));
#4795=CARTESIAN_POINT('',(-1.59999982267618,1.,4.5));
#4796=CARTESIAN_POINT('',(-1.59999982267618,1.00000001490116,0.5));
#4797=CARTESIAN_POINT('',(-1.59999982267618,0.5,4.5));
#4798=CARTESIAN_POINT('',(-1.60000002384186,-3.50000005960464,4.5));
#4799=CARTESIAN_POINT('',(-1.59999982267618,0.500000007450581,4.00000005960464));
#4800=CARTESIAN_POINT('',(-1.60000002384186,0.500000014901161,2.25));
#4801=CARTESIAN_POINT('',(-1.59999982267618,1.00000001490116,4.00000005960464));
#4802=CARTESIAN_POINT('',(-1.60000002384186,-3.75000005587935,4.00000005960464));
#4803=CARTESIAN_POINT('',(-1.59999982267618,1.00000001490116,3.50000005215406));
#4804=CARTESIAN_POINT('',(-1.59999982267618,1.00000001490116,0.5));
#4805=CARTESIAN_POINT('',(-1.59999982267618,0.500000007450581,3.50000005215406));
#4806=CARTESIAN_POINT('',(-1.60000002384186,-3.50000005215406,3.50000005215406));
#4807=CARTESIAN_POINT('',(-1.59999982267618,0.500000007450581,3.00000004470348));
#4808=CARTESIAN_POINT('',(-1.60000002384186,0.500000014901161,1.75000002607703));
#4809=CARTESIAN_POINT('',(-1.59999982267618,1.00000001490116,3.00000004470348));
#4810=CARTESIAN_POINT('',(-1.60000002384186,-3.75000005587935,3.00000004470348));
#4811=CARTESIAN_POINT('',(-1.59999982267618,1.00000001490116,2.5000000372529));
#4812=CARTESIAN_POINT('',(-1.59999982267618,1.00000001490116,0.5));
#4813=CARTESIAN_POINT('',(-1.59999982267618,0.500000007450581,2.5000000372529));
#4814=CARTESIAN_POINT('',(-1.60000002384186,-3.50000005215406,2.5000000372529));
#4815=CARTESIAN_POINT('',(-1.59999982267618,0.500000007450581,2.00000002980232));
#4816=CARTESIAN_POINT('',(-1.60000002384186,0.500000014901161,1.25000001862645));
#4817=CARTESIAN_POINT('',(-1.59999982267618,1.00000001490116,2.00000002980232));
#4818=CARTESIAN_POINT('',(-1.60000002384186,-3.75000005587935,2.00000002980232));
#4819=CARTESIAN_POINT('',(-1.59999982267618,1.00000001490116,1.50000002235174));
#4820=CARTESIAN_POINT('',(-1.59999982267618,1.00000001490116,0.5));
#4821=CARTESIAN_POINT('',(-1.59999982267618,0.500000007450581,1.50000002235174));
#4822=CARTESIAN_POINT('',(-1.60000002384186,-3.50000005215406,1.50000002235174));
#4823=CARTESIAN_POINT('',(-1.59999982267618,0.500000007450581,1.00000001490116));
#4824=CARTESIAN_POINT('',(-1.60000002384186,0.500000014901161,0.750000011175871));
#4825=CARTESIAN_POINT('',(-1.59999982267618,1.00000001490116,1.00000001490116));
#4826=CARTESIAN_POINT('',(-1.60000002384186,-3.75000005587935,1.00000001490116));
#4827=CARTESIAN_POINT('',(-1.59999982267618,1.00000001490116,0.5));
#4828=CARTESIAN_POINT('',(-1.59999982267618,1.00000001490116,0.5));
#4829=CARTESIAN_POINT('',(-1.60000002395195,1.46166188143559E-5,0.5));
#4830=CARTESIAN_POINT('',(-1.59999982267618,-12.9999999850988,0.5));
#4831=CARTESIAN_POINT('',(-1.60000002395195,1.46166188143559E-5,0.));
#4832=CARTESIAN_POINT('',(-1.60000002395195,1.46166188143199E-5,0.));
#4833=CARTESIAN_POINT('',(-1.60000002395195,-0.499985383381186,0.));
#4834=CARTESIAN_POINT('',(-1.60000002395195,-0.124985383381186,0.));
#4835=CARTESIAN_POINT('',(-1.60000002395195,-0.499985383381186,0.5));
#4836=CARTESIAN_POINT('',(-1.60000002395195,-0.499985383381186,0.));
#4837=CARTESIAN_POINT('',(-1.60000002384186,-1.00000001490116,0.5));
#4838=CARTESIAN_POINT('',(-1.59999982267618,-12.9999999850988,0.5));
#4839=CARTESIAN_POINT('',(-1.60000002384186,-1.00000001490116,0.));
#4840=CARTESIAN_POINT('',(-1.60000002384186,-1.00000001490116,0.));
#4841=CARTESIAN_POINT('',(-1.60000002384186,-1.50000002235174,0.));
#4842=CARTESIAN_POINT('',(-1.60000002384186,-1.50000002235174,0.));
#4843=CARTESIAN_POINT('',(-1.60000002384186,-1.50000002235174,0.5));
#4844=CARTESIAN_POINT('',(-1.60000002384186,-1.50000002235174,0.));
#4845=CARTESIAN_POINT('',(-1.60000002384186,-2.00000002980232,0.5));
#4846=CARTESIAN_POINT('',(-1.59999982267618,-12.9999999850988,0.5));
#4847=CARTESIAN_POINT('',(-1.60000002384186,-2.00000002980232,0.));
#4848=CARTESIAN_POINT('',(-1.60000002384186,-2.00000002980232,0.));
#4849=CARTESIAN_POINT('',(-1.60000002384186,-2.5000000372529,0.));
#4850=CARTESIAN_POINT('',(-1.60000002384186,-2.5000000372529,0.));
#4851=CARTESIAN_POINT('',(-1.60000002384186,-2.5000000372529,0.5));
#4852=CARTESIAN_POINT('',(-1.60000002384186,-2.5000000372529,0.));
#4853=CARTESIAN_POINT('',(-1.60000002384186,-3.00000004470348,0.5));
#4854=CARTESIAN_POINT('',(-1.59999982267618,-12.9999999850988,0.5));
#4855=CARTESIAN_POINT('',(-1.60000002384186,-3.00000004470348,0.));
#4856=CARTESIAN_POINT('',(-1.60000002384186,-3.00000004470348,0.));
#4857=CARTESIAN_POINT('',(-1.60000002384186,-3.50000005215406,0.));
#4858=CARTESIAN_POINT('',(-1.60000002384186,-3.50000005215406,0.));
#4859=CARTESIAN_POINT('',(-1.60000002384186,-3.50000005215406,0.5));
#4860=CARTESIAN_POINT('',(-1.60000002384186,-3.50000005215406,0.));
#4861=CARTESIAN_POINT('',(-1.60000002384186,-4.00000005960464,0.5));
#4862=CARTESIAN_POINT('',(-1.60000002384186,-6.12500009126961,0.5));
#4863=CARTESIAN_POINT('',(-1.60000002384186,-4.00000005960464,0.));
#4864=CARTESIAN_POINT('',(-1.60000002384186,-4.00000005960464,0.));
#4865=CARTESIAN_POINT('',(-1.60000002384186,-4.50000006705523,0.));
#4866=CARTESIAN_POINT('',(-1.60000002384186,-4.50000006705523,0.));
#4867=CARTESIAN_POINT('',(-1.60000002384186,-4.50000006705523,0.5));
#4868=CARTESIAN_POINT('',(-1.60000002384186,-4.50000006705523,0.));
#4869=CARTESIAN_POINT('',(-1.60000002384186,-5.00000007450581,0.5));
#4870=CARTESIAN_POINT('',(-1.60000002384186,-6.12500009126961,0.5));
#4871=CARTESIAN_POINT('',(-1.60000002384186,-5.00000007450581,0.));
#4872=CARTESIAN_POINT('',(-1.60000002384186,-5.00000007450581,0.));
#4873=CARTESIAN_POINT('',(-1.60000002384186,-5.50000008195639,0.));
#4874=CARTESIAN_POINT('',(-1.60000002384186,-5.50000008195639,0.));
#4875=CARTESIAN_POINT('',(-1.60000002384186,-5.50000008195639,0.5));
#4876=CARTESIAN_POINT('',(-1.60000002384186,-5.50000008195639,0.));
#4877=CARTESIAN_POINT('',(-1.60000002384186,-6.00000008940697,0.5));
#4878=CARTESIAN_POINT('',(-1.59999982267618,-12.9999999850988,0.5));
#4879=CARTESIAN_POINT('',(-1.60000002384186,-6.00000008940697,0.));
#4880=CARTESIAN_POINT('',(-1.60000002384186,-6.00000008940697,0.));
#4881=CARTESIAN_POINT('',(-1.60000002384186,-6.50000009685755,0.));
#4882=CARTESIAN_POINT('',(-1.60000002384186,-6.50000009685755,0.));
#4883=CARTESIAN_POINT('',(-1.60000002384186,-6.50000009685755,0.5));
#4884=CARTESIAN_POINT('',(-1.60000002384186,-6.50000009685755,0.));
#4885=CARTESIAN_POINT('',(-1.60000002384186,-7.00000010430813,0.5));
#4886=CARTESIAN_POINT('',(-1.59999982267618,-12.9999999850988,0.5));
#4887=CARTESIAN_POINT('',(-1.60000002384186,-7.00000010430813,0.));
#4888=CARTESIAN_POINT('',(-1.60000002384186,-7.00000010430813,0.));
#4889=CARTESIAN_POINT('',(-1.60000002384186,-7.50000011175871,0.));
#4890=CARTESIAN_POINT('',(-1.60000002384186,-7.50000011175871,0.));
#4891=CARTESIAN_POINT('',(-1.60000002384186,-7.50000011175871,0.5));
#4892=CARTESIAN_POINT('',(-1.60000002384186,-7.50000011175871,0.));
#4893=CARTESIAN_POINT('',(-1.60000002384186,-8.00000011920929,0.5));
#4894=CARTESIAN_POINT('',(-1.60000002384186,-8.12500012107193,0.5));
#4895=CARTESIAN_POINT('',(-1.60000002384186,-8.00000011920929,0.));
#4896=CARTESIAN_POINT('',(-1.60000002384186,-8.00000011920929,0.));
#4897=CARTESIAN_POINT('',(-1.60000002384186,-8.50000012665987,0.));
#4898=CARTESIAN_POINT('',(-1.60000002384186,-8.50000012665987,0.));
#4899=CARTESIAN_POINT('',(-1.60000002384186,-8.50000012665987,0.5));
#4900=CARTESIAN_POINT('',(-1.60000002384186,-8.50000012665987,0.));
#4901=CARTESIAN_POINT('',(-1.60000002384186,-9.00000013411045,0.5));
#4902=CARTESIAN_POINT('',(-1.60000002384186,-8.12500012107193,0.5));
#4903=CARTESIAN_POINT('',(-1.60000002384186,-9.00000013411045,0.));
#4904=CARTESIAN_POINT('',(-1.60000002384186,-9.00000013411045,0.));
#4905=CARTESIAN_POINT('',(-1.60000002384186,-9.50000014156103,0.));
#4906=CARTESIAN_POINT('',(-1.60000002384186,-9.50000014156103,0.));
#4907=CARTESIAN_POINT('',(-1.60000002384186,-9.50000014156103,0.5));
#4908=CARTESIAN_POINT('',(-1.60000002384186,-9.50000014156103,0.));
#4909=CARTESIAN_POINT('',(-1.60000002384186,-10.0000001490116,0.5));
#4910=CARTESIAN_POINT('',(-1.59999982267618,-12.9999999850988,0.5));
#4911=CARTESIAN_POINT('',(-1.60000002384186,-10.0000001490116,0.));
#4912=CARTESIAN_POINT('',(-1.60000002384186,-10.0000001490116,0.));
#4913=CARTESIAN_POINT('',(-1.60000002384186,-10.5000001564622,0.));
#4914=CARTESIAN_POINT('',(-1.60000002384186,-10.5000001564622,0.));
#4915=CARTESIAN_POINT('',(-1.60000002384186,-10.5000001564622,0.5));
#4916=CARTESIAN_POINT('',(-1.60000002384186,-10.5000001564622,0.));
#4917=CARTESIAN_POINT('',(-1.60000002384186,-11.0000001639128,0.5));
#4918=CARTESIAN_POINT('',(-1.59999982267618,-12.9999999850988,0.5));
#4919=CARTESIAN_POINT('',(-1.60000002384186,-11.0000001639128,0.));
#4920=CARTESIAN_POINT('',(-1.60000002384186,-11.0000001639128,0.));
#4921=CARTESIAN_POINT('',(-1.60000002384186,-11.5000001713634,0.));
#4922=CARTESIAN_POINT('',(-1.60000002384186,-11.5000001713634,0.));
#4923=CARTESIAN_POINT('',(-1.60000002384186,-11.5000001713634,0.5));
#4924=CARTESIAN_POINT('',(-1.60000002384186,-11.5000001713634,0.));
#4925=CARTESIAN_POINT('',(-1.60000002384186,-12.0000001788139,0.5));
#4926=CARTESIAN_POINT('',(-1.59999982267618,-12.9999999850988,0.5));
#4927=CARTESIAN_POINT('',(-1.60000002384186,-12.0000001788139,0.));
#4928=CARTESIAN_POINT('',(-1.60000002384186,-12.0000001788139,0.));
#4929=CARTESIAN_POINT('',(-1.60000002384186,-12.5000001862645,0.));
#4930=CARTESIAN_POINT('',(-1.60000002384186,-12.5000001862645,0.));
#4931=CARTESIAN_POINT('',(-1.60000002384186,-12.5000001862645,0.5));
#4932=CARTESIAN_POINT('',(-1.60000002384186,-12.5000001862645,0.));
#4933=CARTESIAN_POINT('',(-1.59999982267618,-12.9999999850988,0.5));
#4934=CARTESIAN_POINT('',(-1.59999982267618,-12.9999999850988,0.5));
#4935=CARTESIAN_POINT('',(-1.59999982267618,-12.9999999925494,13.5));
#4936=CARTESIAN_POINT('',(-1.59999982267618,-12.9999999850988,0.5));
#4937=CARTESIAN_POINT('',(-1.60000002384186,-12.0000001788139,13.5));
#4938=CARTESIAN_POINT('',(-1.60000002384186,-10.5000000558794,13.5));
#4939=CARTESIAN_POINT('',(-1.60000002384186,-12.0000001788139,14.));
#4940=CARTESIAN_POINT('',(-1.60000002384186,-12.0000001788139,14.));
#4941=CARTESIAN_POINT('',(-1.60000002384186,-11.5000001713634,14.));
#4942=CARTESIAN_POINT('',(-1.59999982267618,-12.9999999850988,14.));
#4943=CARTESIAN_POINT('',(-1.60000002384186,-11.5000001713634,13.5));
#4944=CARTESIAN_POINT('',(-1.60000002384186,-11.5000001713634,14.));
#4945=CARTESIAN_POINT('',(-1.60000002384186,-11.0000001639128,13.5));
#4946=CARTESIAN_POINT('',(-1.60000002384186,-10.5000000558794,13.5));
#4947=CARTESIAN_POINT('',(-1.60000002384186,-11.0000001639128,14.));
#4948=CARTESIAN_POINT('',(-1.60000002384186,-11.0000001639128,14.));
#4949=CARTESIAN_POINT('',(-1.60000002384186,-10.5000001564622,14.));
#4950=CARTESIAN_POINT('',(-1.59999982267618,-12.9999999850988,14.));
#4951=CARTESIAN_POINT('',(-1.60000002384186,-10.5000001564622,13.5));
#4952=CARTESIAN_POINT('',(-1.60000002384186,-10.5000001564622,14.));
#4953=CARTESIAN_POINT('',(-1.60000002384186,-10.0000001490116,13.5));
#4954=CARTESIAN_POINT('',(-1.60000002384186,-10.5000000558794,13.5));
#4955=CARTESIAN_POINT('',(-1.60000002384186,-10.0000001490116,14.));
#4956=CARTESIAN_POINT('',(-1.60000002384186,-10.0000001490116,14.));
#4957=CARTESIAN_POINT('',(-1.60000002384186,-9.50000014156103,14.));
#4958=CARTESIAN_POINT('',(-1.59999982267618,-12.9999999850988,14.));
#4959=CARTESIAN_POINT('',(-1.60000002384186,-9.50000014156103,13.5));
#4960=CARTESIAN_POINT('',(-1.60000002384186,-9.50000014156103,14.));
#4961=CARTESIAN_POINT('',(-1.60000002384186,-7.00000005215406,13.5));
#4962=CARTESIAN_POINT('',(-1.60000002384186,-8.00000011920929,13.5));
#4963=CARTESIAN_POINT('',(-1.60000002384186,-7.00000005215406,13.5));
#4964=CARTESIAN_POINT('',(-1.60000002384186,-8.00000011920929,14.));
#4965=CARTESIAN_POINT('',(-1.60000002384186,-8.00000011920929,14.));
#4966=CARTESIAN_POINT('',(-1.60000002384186,-7.50000011175871,14.));
#4967=CARTESIAN_POINT('',(-1.60000002384186,-8.12500012107193,14.));
#4968=CARTESIAN_POINT('',(-1.60000002384186,-7.50000011175871,13.5));
#4969=CARTESIAN_POINT('',(-1.60000002384186,-7.50000011175871,14.));
#4970=CARTESIAN_POINT('',(-1.60000002384186,-7.00000010430813,13.5));
#4971=CARTESIAN_POINT('',(-1.60000002384186,-7.00000005215406,13.5));
#4972=CARTESIAN_POINT('',(-1.60000002384186,-7.00000010430813,14.));
#4973=CARTESIAN_POINT('',(-1.60000002384186,-7.00000010430813,14.));
#4974=CARTESIAN_POINT('',(-1.60000002384186,-6.50000009685755,14.));
#4975=CARTESIAN_POINT('',(-1.59999982267618,-12.9999999850988,14.));
#4976=CARTESIAN_POINT('',(-1.60000002384186,-6.50000009685755,13.5));
#4977=CARTESIAN_POINT('',(-1.60000002384186,-6.50000009685755,14.));
#4978=CARTESIAN_POINT('',(-1.60000002384186,-6.00000008940697,13.5));
#4979=CARTESIAN_POINT('',(-1.60000002384186,-7.00000005215406,13.5));
#4980=CARTESIAN_POINT('',(-1.60000002384186,-6.00000008940697,14.));
#4981=CARTESIAN_POINT('',(-1.60000002384186,-6.00000008940697,14.));
#4982=CARTESIAN_POINT('',(-1.60000002384186,-5.50000008195639,14.));
#4983=CARTESIAN_POINT('',(-1.59999982267618,-12.9999999850988,14.));
#4984=CARTESIAN_POINT('',(-1.60000002384186,-5.50000008195639,13.5));
#4985=CARTESIAN_POINT('',(-1.60000002384186,-5.50000008195639,14.));
#4986=CARTESIAN_POINT('',(-1.60000002384186,-5.00000007450581,13.5));
#4987=CARTESIAN_POINT('',(-1.60000002384186,-7.00000005215406,13.5));
#4988=CARTESIAN_POINT('',(-1.60000002384186,-5.00000007450581,14.));
#4989=CARTESIAN_POINT('',(-1.60000002384186,-5.00000007450581,14.));
#4990=CARTESIAN_POINT('',(-1.60000002384186,-4.50000006705523,14.));
#4991=CARTESIAN_POINT('',(-1.60000002384186,-6.12500009126961,14.));
#4992=CARTESIAN_POINT('',(-1.60000002384186,-4.50000006705523,13.5));
#4993=CARTESIAN_POINT('',(-1.60000002384186,-4.50000006705523,14.));
#4994=CARTESIAN_POINT('',(-1.60000002384186,-7.00000005215406,13.5));
#4995=CARTESIAN_POINT('',(-1.60000002384186,-3.00000004470348,13.5));
#4996=CARTESIAN_POINT('',(-1.60000002384186,-7.00000005215406,13.5));
#4997=CARTESIAN_POINT('',(-1.60000002384186,-3.00000004470348,14.));
#4998=CARTESIAN_POINT('',(-1.60000002384186,-3.00000004470348,14.));
#4999=CARTESIAN_POINT('',(-1.60000002384186,-2.5000000372529,14.));
#5000=CARTESIAN_POINT('',(-1.59999982267618,-12.9999999850988,14.));
#5001=CARTESIAN_POINT('',(-1.60000002384186,-2.5000000372529,13.5));
#5002=CARTESIAN_POINT('',(-1.60000002384186,-2.5000000372529,14.));
#5003=CARTESIAN_POINT('',(-1.60000002384186,-2.00000002980232,13.5));
#5004=CARTESIAN_POINT('',(-1.60000002384186,-4.25000006332994,13.5));
#5005=CARTESIAN_POINT('',(-1.60000002384186,-2.00000002980232,14.));
#5006=CARTESIAN_POINT('',(-1.60000002384186,-2.00000002980232,14.));
#5007=CARTESIAN_POINT('',(-1.60000002384186,-1.50000002235174,14.));
#5008=CARTESIAN_POINT('',(-1.59999982267618,-12.9999999850988,14.));
#5009=CARTESIAN_POINT('',(-1.60000002384186,-1.50000002235174,13.5));
#5010=CARTESIAN_POINT('',(-1.60000002384186,-1.50000002235174,14.));
#5011=CARTESIAN_POINT('',(-1.60000002384186,-1.00000001490116,13.5));
#5012=CARTESIAN_POINT('',(-1.60000002384186,-4.25000006332994,13.5));
#5013=CARTESIAN_POINT('',(-1.60000002384186,-1.00000001490116,14.));
#5014=CARTESIAN_POINT('',(-1.60000002384186,-1.00000001490116,14.));
#5015=CARTESIAN_POINT('',(-1.60000002395195,-0.499985383381186,14.));
#5016=CARTESIAN_POINT('',(-1.59999982267618,-12.9999999850988,14.));
#5017=CARTESIAN_POINT('',(-1.60000002395195,-0.499985383381186,14.));
#5018=CARTESIAN_POINT('Origin',(-1.60000002395195,-0.499985383381186,14.));
#5019=CARTESIAN_POINT('',(-1.10000001639128,-0.499985383381185,14.));
#5020=CARTESIAN_POINT('',(-1.09999269395195,-0.499985383381186,14.));
#5021=CARTESIAN_POINT('',(-1.10000001639128,-0.499985383381185,13.5));
#5022=CARTESIAN_POINT('',(-1.10000001639128,-0.499985383381185,14.));
#5023=CARTESIAN_POINT('',(-1.59999992331406,-0.499985383381186,13.5));
#5024=CARTESIAN_POINT('Origin',(-1.10000001639128,-1.00000001490116,14.));
#5025=CARTESIAN_POINT('',(-1.10000001639128,-1.00000001490116,14.));
#5026=CARTESIAN_POINT('',(-1.10000001639128,-1.00000001490116,14.));
#5027=CARTESIAN_POINT('',(-1.10000001639128,-1.00000001490116,13.5));
#5028=CARTESIAN_POINT('',(-1.34999991953373,-1.00000001490116,13.5));
#5029=CARTESIAN_POINT('',(-1.10000001639128,-1.00000001490116,14.));
#5030=CARTESIAN_POINT('Origin',(-1.10000001639128,-0.499985383381185,14.));
#5031=CARTESIAN_POINT('',(-1.10000001639128,-3.87499635143323,14.));
#5032=CARTESIAN_POINT('',(-1.10000001639128,-0.499992695415883,13.5));
#5033=CARTESIAN_POINT('Origin',(-1.34999982267618,-5.99999998509884,14.));
#5034=CARTESIAN_POINT('Origin',(-1.60000002384186,-2.5000000372529,14.));
#5035=CARTESIAN_POINT('',(-1.10000001639128,-2.5000000372529,14.));
#5036=CARTESIAN_POINT('',(-1.10000001639128,-2.5000000372529,14.));
#5037=CARTESIAN_POINT('',(-1.10000001639128,-2.5000000372529,13.5));
#5038=CARTESIAN_POINT('',(-1.10000001639128,-2.5000000372529,14.));
#5039=CARTESIAN_POINT('',(-1.59999992325902,-2.5000000372529,13.5));
#5040=CARTESIAN_POINT('Origin',(-1.10000001639128,-3.00000004470348,14.));
#5041=CARTESIAN_POINT('',(-1.10000001639128,-3.00000004470348,14.));
#5042=CARTESIAN_POINT('',(-1.10000001639128,-3.00000004470348,14.));
#5043=CARTESIAN_POINT('',(-1.10000001639128,-3.00000004470348,13.5));
#5044=CARTESIAN_POINT('',(-1.34999991953373,-3.00000004470348,13.5));
#5045=CARTESIAN_POINT('',(-1.10000001639128,-3.00000004470348,14.));
#5046=CARTESIAN_POINT('Origin',(-1.10000001639128,-2.5000000372529,14.));
#5047=CARTESIAN_POINT('',(-1.10000001639128,-3.87499635143323,14.));
#5048=CARTESIAN_POINT('',(-1.10000001639128,-1.50000002235174,13.5));
#5049=CARTESIAN_POINT('Origin',(-1.34999982267618,-5.99999998509884,14.));
#5050=CARTESIAN_POINT('Origin',(-1.60000002384186,-5.50000008195639,14.));
#5051=CARTESIAN_POINT('',(-1.10000001639128,-5.50000008195639,14.));
#5052=CARTESIAN_POINT('',(-1.10000001639128,-5.50000008195639,14.));
#5053=CARTESIAN_POINT('',(-1.10000001639128,-5.50000008195639,13.5));
#5054=CARTESIAN_POINT('',(-1.10000001639128,-5.50000008195639,14.));
#5055=CARTESIAN_POINT('',(-1.59999992325902,-5.50000008195639,13.5));
#5056=CARTESIAN_POINT('Origin',(-1.10000001639128,-6.00000008940697,14.));
#5057=CARTESIAN_POINT('',(-1.10000001639128,-6.00000008940697,14.));
#5058=CARTESIAN_POINT('',(-1.10000001639128,-6.00000008940697,14.));
#5059=CARTESIAN_POINT('',(-1.10000001639128,-6.00000008940697,13.5));
#5060=CARTESIAN_POINT('',(-1.34999991953373,-6.00000008940697,13.5));
#5061=CARTESIAN_POINT('',(-1.10000001639128,-6.00000008940697,14.));
#5062=CARTESIAN_POINT('Origin',(-1.10000001639128,-5.50000008195639,14.));
#5063=CARTESIAN_POINT('',(-1.10000001639128,-6.12500003911555,14.));
#5064=CARTESIAN_POINT('',(-1.10000001639128,-5.50000008195639,13.5));
#5065=CARTESIAN_POINT('Origin',(-1.34999982267618,-5.99999998509884,14.));
#5066=CARTESIAN_POINT('Origin',(-1.10000001639128,-7.50000011175871,14.));
#5067=CARTESIAN_POINT('',(-1.10000001639128,-7.50000011175871,14.));
#5068=CARTESIAN_POINT('',(-1.10000001639128,-8.00000011920929,14.));
#5069=CARTESIAN_POINT('',(-1.10000001639128,-6.12500003911555,14.));
#5070=CARTESIAN_POINT('',(-1.10000001639128,-8.00000011920929,13.5));
#5071=CARTESIAN_POINT('',(-1.10000001639128,-8.00000011920929,14.));
#5072=CARTESIAN_POINT('',(-1.10000001639128,-7.50000011175871,13.5));
#5073=CARTESIAN_POINT('',(-1.10000001639128,-6.50000009685755,13.5));
#5074=CARTESIAN_POINT('',(-1.10000001639128,-7.50000011175871,14.));
#5075=CARTESIAN_POINT('Origin',(-1.60000002384186,-7.50000011175871,14.));
#5076=CARTESIAN_POINT('',(-1.10000001639128,-7.50000011175871,14.));
#5077=CARTESIAN_POINT('',(-1.59999992325902,-7.50000011175871,13.5));
#5078=CARTESIAN_POINT('Origin',(-1.10000001639128,-8.00000011920929,14.));
#5079=CARTESIAN_POINT('',(-1.22499991953373,-8.00000011920929,14.));
#5080=CARTESIAN_POINT('',(-1.34999991953373,-8.00000011920929,13.5));
#5081=CARTESIAN_POINT('Origin',(-1.34999982267618,-5.99999998509884,14.));
#5082=CARTESIAN_POINT('Origin',(-1.60000002384186,-10.5000001564622,14.));
#5083=CARTESIAN_POINT('',(-1.10000001639128,-10.5000001564622,14.));
#5084=CARTESIAN_POINT('',(-1.10000001639128,-10.5000001564622,14.));
#5085=CARTESIAN_POINT('',(-1.10000001639128,-10.5000001564622,13.5));
#5086=CARTESIAN_POINT('',(-1.10000001639128,-10.5000001564622,14.));
#5087=CARTESIAN_POINT('',(-1.59999992325902,-10.5000001564622,13.5));
#5088=CARTESIAN_POINT('Origin',(-1.10000001639128,-11.0000001639128,14.));
#5089=CARTESIAN_POINT('',(-1.10000001639128,-11.0000001639128,14.));
#5090=CARTESIAN_POINT('',(-1.10000001639128,-11.0000001639128,14.));
#5091=CARTESIAN_POINT('',(-1.10000001639128,-11.0000001639128,13.5));
#5092=CARTESIAN_POINT('',(-1.34999991953373,-11.0000001639128,13.5));
#5093=CARTESIAN_POINT('',(-1.10000001639128,-11.0000001639128,14.));
#5094=CARTESIAN_POINT('Origin',(-1.10000001639128,-10.5000001564622,14.));
#5095=CARTESIAN_POINT('',(-1.10000001639128,-8.37500003911555,14.));
#5096=CARTESIAN_POINT('',(-1.10000001639128,-10.0000001005828,13.5));
#5097=CARTESIAN_POINT('Origin',(-1.34999982267618,-5.99999998509884,14.));
#5098=CARTESIAN_POINT('Origin',(-1.60000002384186,-11.5000001713634,14.));
#5099=CARTESIAN_POINT('',(-1.10000001639128,-11.5000001713634,14.));
#5100=CARTESIAN_POINT('',(-1.10000001639128,-11.5000001713634,14.));
#5101=CARTESIAN_POINT('',(-1.10000001639128,-11.5000001713634,13.5));
#5102=CARTESIAN_POINT('',(-1.10000001639128,-11.5000001713634,14.));
#5103=CARTESIAN_POINT('',(-1.59999992325902,-11.5000001713634,13.5));
#5104=CARTESIAN_POINT('Origin',(-1.10000001639128,-12.0000001788139,14.));
#5105=CARTESIAN_POINT('',(-1.10000001639128,-12.0000001788139,14.));
#5106=CARTESIAN_POINT('',(-1.10000001639128,-12.0000001788139,14.));
#5107=CARTESIAN_POINT('',(-1.10000001639128,-12.0000001788139,13.5));
#5108=CARTESIAN_POINT('',(-1.34999991953373,-12.0000001788139,13.5));
#5109=CARTESIAN_POINT('',(-1.10000001639128,-12.0000001788139,14.));
#5110=CARTESIAN_POINT('Origin',(-1.10000001639128,-11.5000001713634,14.));
#5111=CARTESIAN_POINT('',(-1.10000001639128,-8.37500003911555,14.));
#5112=CARTESIAN_POINT('',(-1.10000001639128,-10.5000001080334,13.5));
#5113=CARTESIAN_POINT('Origin',(-1.34999982267618,-5.99999998509884,14.));
#5114=CARTESIAN_POINT('Origin',(-1.60000002384186,-9.50000014156103,14.));
#5115=CARTESIAN_POINT('',(-1.10000001639128,-9.50000014156103,14.));
#5116=CARTESIAN_POINT('',(-1.10000001639128,-9.50000014156103,14.));
#5117=CARTESIAN_POINT('',(-1.10000001639128,-9.50000014156103,13.5));
#5118=CARTESIAN_POINT('',(-1.10000001639128,-9.50000014156103,14.));
#5119=CARTESIAN_POINT('',(-1.59999992325902,-9.50000014156103,13.5));
#5120=CARTESIAN_POINT('Origin',(-1.10000001639128,-10.0000001490116,14.));
#5121=CARTESIAN_POINT('',(-1.10000001639128,-10.0000001490116,14.));
#5122=CARTESIAN_POINT('',(-1.10000001639128,-10.0000001490116,14.));
#5123=CARTESIAN_POINT('',(-1.10000001639128,-10.0000001490116,13.5));
#5124=CARTESIAN_POINT('',(-1.34999991953373,-10.0000001490116,13.5));
#5125=CARTESIAN_POINT('',(-1.10000001639128,-10.0000001490116,14.));
#5126=CARTESIAN_POINT('Origin',(-1.10000001639128,-9.50000014156103,14.));
#5127=CARTESIAN_POINT('',(-1.10000001639128,-8.37500003911555,14.));
#5128=CARTESIAN_POINT('',(-1.10000001639128,-9.50000009313226,13.5));
#5129=CARTESIAN_POINT('Origin',(-1.34999982267618,-5.99999998509884,14.));
#5130=CARTESIAN_POINT('Origin',(-1.60000002384186,-6.50000009685755,14.));
#5131=CARTESIAN_POINT('',(-1.10000001639128,-6.50000009685755,14.));
#5132=CARTESIAN_POINT('',(-1.10000001639128,-6.50000009685755,14.));
#5133=CARTESIAN_POINT('',(-1.10000001639128,-6.50000009685755,13.5));
#5134=CARTESIAN_POINT('',(-1.10000001639128,-6.50000009685755,14.));
#5135=CARTESIAN_POINT('',(-1.59999992325902,-6.50000009685755,13.5));
#5136=CARTESIAN_POINT('Origin',(-1.10000001639128,-7.00000010430813,14.));
#5137=CARTESIAN_POINT('',(-1.10000001639128,-7.00000010430813,14.));
#5138=CARTESIAN_POINT('',(-1.10000001639128,-7.00000010430813,14.));
#5139=CARTESIAN_POINT('',(-1.10000001639128,-7.00000010430813,13.5));
#5140=CARTESIAN_POINT('',(-1.34999991953373,-7.00000010430813,13.5));
#5141=CARTESIAN_POINT('',(-1.10000001639128,-7.00000010430813,14.));
#5142=CARTESIAN_POINT('Origin',(-1.10000001639128,-6.50000009685755,14.));
#5143=CARTESIAN_POINT('',(-1.10000001639128,-6.12500003911555,14.));
#5144=CARTESIAN_POINT('',(-1.10000001639128,-6.00000008940697,13.5));
#5145=CARTESIAN_POINT('Origin',(-1.34999982267618,-5.99999998509884,14.));
#5146=CARTESIAN_POINT('Origin',(-1.10000001639128,-5.00000007450581,14.));
#5147=CARTESIAN_POINT('',(-1.10000001639128,-5.00000007450581,14.));
#5148=CARTESIAN_POINT('',(-1.10000001639128,-5.00000007450581,14.));
#5149=CARTESIAN_POINT('',(-1.10000001639128,-5.00000007450581,13.5));
#5150=CARTESIAN_POINT('',(-1.34999991953373,-5.00000007450581,13.5));
#5151=CARTESIAN_POINT('',(-1.10000001639128,-5.00000007450581,14.));
#5152=CARTESIAN_POINT('Origin',(-1.10000001639128,-4.50000006705523,14.));
#5153=CARTESIAN_POINT('',(-1.10000001639128,-4.50000006705523,14.));
#5154=CARTESIAN_POINT('',(-1.10000001639128,-6.12500003911555,14.));
#5155=CARTESIAN_POINT('',(-1.10000001639128,-4.50000006705523,13.5));
#5156=CARTESIAN_POINT('',(-1.10000001639128,-5.00000007450581,13.5));
#5157=CARTESIAN_POINT('',(-1.10000001639128,-4.50000006705523,14.));
#5158=CARTESIAN_POINT('Origin',(-1.60000002384186,-4.50000006705523,14.));
#5159=CARTESIAN_POINT('',(-1.47499992325902,-4.50000006705523,14.));
#5160=CARTESIAN_POINT('',(-1.59999992325902,-4.50000006705523,13.5));
#5161=CARTESIAN_POINT('Origin',(-1.34999982267618,-5.99999998509884,14.));
#5162=CARTESIAN_POINT('Origin',(-1.60000002384186,-1.50000002235174,14.));
#5163=CARTESIAN_POINT('',(-1.10000001639128,-1.50000002235174,14.));
#5164=CARTESIAN_POINT('',(-1.10000001639128,-1.50000002235174,14.));
#5165=CARTESIAN_POINT('',(-1.10000001639128,-1.50000002235174,13.5));
#5166=CARTESIAN_POINT('',(-1.10000001639128,-1.50000002235174,14.));
#5167=CARTESIAN_POINT('',(-1.59999992325902,-1.50000002235174,13.5));
#5168=CARTESIAN_POINT('Origin',(-1.10000001639128,-2.00000002980232,14.));
#5169=CARTESIAN_POINT('',(-1.10000001639128,-2.00000002980232,14.));
#5170=CARTESIAN_POINT('',(-1.10000001639128,-2.00000002980232,14.));
#5171=CARTESIAN_POINT('',(-1.10000001639128,-2.00000002980232,13.5));
#5172=CARTESIAN_POINT('',(-1.34999991953373,-2.00000002980232,13.5));
#5173=CARTESIAN_POINT('',(-1.10000001639128,-2.00000002980232,14.));
#5174=CARTESIAN_POINT('Origin',(-1.10000001639128,-1.50000002235174,14.));
#5175=CARTESIAN_POINT('',(-1.10000001639128,-3.87499635143323,14.));
#5176=CARTESIAN_POINT('',(-1.10000001639128,-1.00000001490116,13.5));
#5177=CARTESIAN_POINT('Origin',(-1.34999982267618,-5.99999998509884,14.));
#5178=CARTESIAN_POINT('Origin',(-1.59999982267618,-0.500000007450581,13.5));
#5179=CARTESIAN_POINT('',(-1.10000001639128,-12.9999999925494,13.5));
#5180=CARTESIAN_POINT('',(-1.47499982267618,0.500000014901161,13.5));
#5181=CARTESIAN_POINT('Origin',(-1.10000001639128,-4.00000005960464,0.));
#5182=CARTESIAN_POINT('',(-1.10000001639128,-4.00000005960464,0.));
#5183=CARTESIAN_POINT('',(-1.60000002384186,-4.00000005960464,0.));
#5184=CARTESIAN_POINT('',(-1.10000001639128,-4.00000005960464,0.5));
#5185=CARTESIAN_POINT('',(-1.22499991953373,-4.00000005960464,0.5));
#5186=CARTESIAN_POINT('',(-1.10000001639128,-4.00000005960464,0.));
#5187=CARTESIAN_POINT('Origin',(-1.10000001639128,-4.50000006705523,0.));
#5188=CARTESIAN_POINT('',(-1.10000001639128,-4.50000006705523,0.));
#5189=CARTESIAN_POINT('',(-1.10000001639128,-4.00000005960464,0.));
#5190=CARTESIAN_POINT('',(-1.10000001639128,-4.50000006705523,0.5));
#5191=CARTESIAN_POINT('',(-1.10000001639128,-5.25000002607703,0.5));
#5192=CARTESIAN_POINT('',(-1.10000001639128,-4.50000006705523,0.));
#5193=CARTESIAN_POINT('Origin',(-1.60000002384186,-4.50000006705523,0.));
#5194=CARTESIAN_POINT('',(-1.10000001639128,-4.50000006705523,0.));
#5195=CARTESIAN_POINT('',(-1.47499992325902,-4.50000006705523,0.5));
#5196=CARTESIAN_POINT('Origin',(-1.35000002011657,-4.25000006332994,0.));
#5197=CARTESIAN_POINT('Origin',(-1.34999982267618,-5.99999998509884,0.5));
#5198=CARTESIAN_POINT('',(-1.10000001639128,-3.50000005215406,0.5));
#5199=CARTESIAN_POINT('',(-1.10000001639128,-3.50000005215406,0.5));
#5200=CARTESIAN_POINT('',(-1.10000001639128,-3.50000005215406,0.5));
#5201=CARTESIAN_POINT('',(-1.35000002011657,-4.50000006705523,0.5));
#5202=CARTESIAN_POINT('Origin',(-1.10000001639128,-8.00000011920929,0.));
#5203=CARTESIAN_POINT('',(-1.10000001639128,-8.00000011920929,0.));
#5204=CARTESIAN_POINT('',(-1.60000002384186,-8.00000011920929,0.));
#5205=CARTESIAN_POINT('',(-1.10000001639128,-8.00000011920929,0.5));
#5206=CARTESIAN_POINT('',(-1.22499991953373,-8.00000011920929,0.5));
#5207=CARTESIAN_POINT('',(-1.10000001639128,-8.00000011920929,0.));
#5208=CARTESIAN_POINT('Origin',(-1.10000001639128,-8.50000012665987,0.));
#5209=CARTESIAN_POINT('',(-1.10000001639128,-8.50000012665987,0.));
#5210=CARTESIAN_POINT('',(-1.10000001639128,-8.00000011920929,0.));
#5211=CARTESIAN_POINT('',(-1.10000001639128,-8.50000012665987,0.5));
#5212=CARTESIAN_POINT('',(-1.10000001639128,-7.25000005587935,0.5));
#5213=CARTESIAN_POINT('',(-1.10000001639128,-8.50000012665987,0.));
#5214=CARTESIAN_POINT('Origin',(-1.60000002384186,-8.50000012665987,0.));
#5215=CARTESIAN_POINT('',(-1.10000001639128,-8.50000012665987,0.));
#5216=CARTESIAN_POINT('',(-1.47499992325902,-8.50000012665987,0.5));
#5217=CARTESIAN_POINT('Origin',(-1.35000002011657,-8.25000012293458,0.));
#5218=CARTESIAN_POINT('Origin',(-1.34999982267618,-5.99999998509884,0.5));
#5219=CARTESIAN_POINT('',(-1.10000001639128,-7.50000011175871,0.5));
#5220=CARTESIAN_POINT('',(-1.10000001639128,-7.50000011175871,0.5));
#5221=CARTESIAN_POINT('',(-1.10000001639128,-6.12500003911555,0.5));
#5222=CARTESIAN_POINT('Origin',(-1.10000001639128,-8.00000011920929,0.));
#5223=CARTESIAN_POINT('',(-1.10000001639128,-8.00000011920929,0.5));
#5224=CARTESIAN_POINT('',(-1.10000001639128,-8.00000011920929,10.5));
#5225=CARTESIAN_POINT('',(-1.10000001639128,-8.00000011920929,0.5));
#5226=CARTESIAN_POINT('',(-1.10000001639128,-8.00000011920929,10.5));
#5227=CARTESIAN_POINT('Origin',(-1.60000002384186,-4.50000006705523,0.));
#5228=CARTESIAN_POINT('',(-1.10000001639128,-4.50000006705523,10.5));
#5229=CARTESIAN_POINT('',(-1.10000001639128,-4.50000006705523,10.5));
#5230=CARTESIAN_POINT('',(-1.10000001639128,-4.50000006705523,10.5));
#5231=CARTESIAN_POINT('Origin',(-1.1,0.750000011175871,2.75000004097819));
#5232=CARTESIAN_POINT('',(-1.1,0.500000007450581,2.5000000372529));
#5233=CARTESIAN_POINT('',(-1.1,0.500000007450581,3.00000004470348));
#5234=CARTESIAN_POINT('',(-1.1,0.500000007450581,3.00000004470348));
#5235=CARTESIAN_POINT('',(-1.1,1.00000001490116,2.5000000372529));
#5236=CARTESIAN_POINT('',(-1.1,0.875000013038516,2.5000000372529));
#5237=CARTESIAN_POINT('',(-1.1,1.00000001490116,3.00000004470348));
#5238=CARTESIAN_POINT('',(-1.1,1.00000001490116,1.6250000204891));
#5239=CARTESIAN_POINT('',(-1.1,0.625000009313226,3.00000004470348));
#5240=CARTESIAN_POINT('Origin',(-1.1,0.750000007450581,6.75000005215406));
#5241=CARTESIAN_POINT('',(-1.1,0.5,6.5));
#5242=CARTESIAN_POINT('',(-1.1,0.5,7.00000010430813));
#5243=CARTESIAN_POINT('',(-1.1,0.5,7.00000010430813));
#5244=CARTESIAN_POINT('',(-1.1,1.00000001490116,6.5));
#5245=CARTESIAN_POINT('',(-1.1,0.875000011175871,6.5));
#5246=CARTESIAN_POINT('',(-1.1,1.00000001490116,7.00000010430813));
#5247=CARTESIAN_POINT('',(-1.1,1.00000001490116,3.62500002607703));
#5248=CARTESIAN_POINT('',(-1.1,0.62500000372529,7.00000010430813));
#5249=CARTESIAN_POINT('Origin',(-1.1,0.750000011175871,10.7500001601875));
#5250=CARTESIAN_POINT('',(-1.1,0.500000007450581,10.5000001564622));
#5251=CARTESIAN_POINT('',(-1.1,0.500000007450581,11.0000001639128));
#5252=CARTESIAN_POINT('',(-1.1,0.500000007450581,11.0000001639128));
#5253=CARTESIAN_POINT('',(-1.1,1.00000001490116,10.5000001564622));
#5254=CARTESIAN_POINT('',(-1.1,0.875000013038516,10.5000001564622));
#5255=CARTESIAN_POINT('',(-1.1,1.00000001490116,11.0000001639128));
#5256=CARTESIAN_POINT('',(-1.1,1.00000001490116,5.62500008009374));
#5257=CARTESIAN_POINT('',(-1.1,0.625000009313226,11.0000001639128));
#5258=CARTESIAN_POINT('Origin',(-1.1,0.750000011175871,11.7500001750886));
#5259=CARTESIAN_POINT('',(-1.1,0.500000007450581,11.5000001713634));
#5260=CARTESIAN_POINT('',(-1.1,0.500000007450581,12.0000001788139));
#5261=CARTESIAN_POINT('',(-1.1,0.500000007450581,12.0000001788139));
#5262=CARTESIAN_POINT('',(-1.1,1.00000001490116,11.5000001713634));
#5263=CARTESIAN_POINT('',(-1.1,0.875000013038516,11.5000001713634));
#5264=CARTESIAN_POINT('',(-1.1,1.00000001490116,12.0000001788139));
#5265=CARTESIAN_POINT('',(-1.1,1.00000001490116,6.12500008754432));
#5266=CARTESIAN_POINT('',(-1.1,0.625000009313226,12.0000001788139));
#5267=CARTESIAN_POINT('Origin',(-1.1,0.750000011175871,7.750000115484));
#5268=CARTESIAN_POINT('',(-1.1,0.500000007450581,8.00000011920929));
#5269=CARTESIAN_POINT('',(-1.1,1.00000001490116,8.00000011920929));
#5270=CARTESIAN_POINT('',(-1.1,0.625000009313226,8.00000011920929));
#5271=CARTESIAN_POINT('',(-1.1,0.500000007450581,7.50000011175871));
#5272=CARTESIAN_POINT('',(-1.1,0.500000007450581,7.50000011175871));
#5273=CARTESIAN_POINT('',(-1.1,1.00000001490116,7.50000011175871));
#5274=CARTESIAN_POINT('',(-1.1,0.875000013038516,7.50000011175871));
#5275=CARTESIAN_POINT('',(-1.1,1.00000001490116,4.125000057742));
#5276=CARTESIAN_POINT('Origin',(-1.1,0.750000011175871,3.75000005587935));
#5277=CARTESIAN_POINT('',(-1.1,0.500000007450581,3.50000005215406));
#5278=CARTESIAN_POINT('',(-1.1,0.500000007450581,4.00000005960464));
#5279=CARTESIAN_POINT('',(-1.1,0.500000007450581,4.00000005960464));
#5280=CARTESIAN_POINT('',(-1.1,1.00000001490116,3.50000005215406));
#5281=CARTESIAN_POINT('',(-1.1,0.875000013038516,3.50000005215406));
#5282=CARTESIAN_POINT('',(-1.1,1.00000001490116,4.00000005960464));
#5283=CARTESIAN_POINT('',(-1.1,1.00000001490116,2.12500002793968));
#5284=CARTESIAN_POINT('',(-1.1,0.625000009313226,4.00000005960464));
#5285=CARTESIAN_POINT('Origin',(-1.1,0.750000011175871,0.750000011175871));
#5286=CARTESIAN_POINT('',(-1.1,1.00000001490116,1.00000001490116));
#5287=CARTESIAN_POINT('',(-1.1,1.00000001490116,0.500000007450581));
#5288=CARTESIAN_POINT('',(-1.1,1.00000001490116,0.625000005587935));
#5289=CARTESIAN_POINT('',(-1.1,0.500000007450581,1.00000001490116));
#5290=CARTESIAN_POINT('',(-1.1,0.625000009313226,1.00000001490116));
#5291=CARTESIAN_POINT('',(-1.1,0.500000007450581,0.500000007450581));
#5292=CARTESIAN_POINT('',(-1.1,0.500000007450581,1.00000001490116));
#5293=CARTESIAN_POINT('',(-1.1,-2.62499998696148,0.5));
#5294=CARTESIAN_POINT('Origin',(-1.1,0.75,5.75));
#5295=CARTESIAN_POINT('',(-1.1,0.5,5.5));
#5296=CARTESIAN_POINT('',(-1.1,0.5,6.));
#5297=CARTESIAN_POINT('',(-1.1,0.5,6.));
#5298=CARTESIAN_POINT('',(-1.1,1.,5.5));
#5299=CARTESIAN_POINT('',(-1.1,0.875,5.5));
#5300=CARTESIAN_POINT('',(-1.1,1.,6.));
#5301=CARTESIAN_POINT('',(-1.1,1.00000001490116,3.125));
#5302=CARTESIAN_POINT('',(-1.1,0.625,6.));
#5303=CARTESIAN_POINT('Origin',(-1.1,0.750000011175871,9.75000014528632));
#5304=CARTESIAN_POINT('',(-1.1,0.500000007450581,9.50000014156103));
#5305=CARTESIAN_POINT('',(-1.1,0.500000007450581,10.0000001490116));
#5306=CARTESIAN_POINT('',(-1.1,0.500000007450581,10.0000001490116));
#5307=CARTESIAN_POINT('',(-1.1,1.00000001490116,9.50000014156103));
#5308=CARTESIAN_POINT('',(-1.1,0.875000013038516,9.50000014156103));
#5309=CARTESIAN_POINT('',(-1.1,1.00000001490116,10.0000001490116));
#5310=CARTESIAN_POINT('',(-1.1,1.00000001490116,5.12500007264316));
#5311=CARTESIAN_POINT('',(-1.1,0.625000009313226,10.0000001490116));
#5312=CARTESIAN_POINT('Origin',(-1.1,0.750000011175871,12.7500001899898));
#5313=CARTESIAN_POINT('',(-1.1,0.500000007450581,13.0000001937151));
#5314=CARTESIAN_POINT('',(-1.1,1.00000001490116,13.0000001937151));
#5315=CARTESIAN_POINT('',(-1.1,0.625000009313226,13.0000001937151));
#5316=CARTESIAN_POINT('',(-1.1,0.500000007450581,12.5000001862645));
#5317=CARTESIAN_POINT('',(-1.1,0.500000007450581,12.5000001862645));
#5318=CARTESIAN_POINT('',(-1.1,1.00000001490116,12.5000001862645));
#5319=CARTESIAN_POINT('',(-1.1,0.875000013038516,12.5000001862645));
#5320=CARTESIAN_POINT('',(-1.1,1.00000001490116,6.6250000949949));
#5321=CARTESIAN_POINT('Origin',(-1.1,0.750000011175871,8.75000013038516));
#5322=CARTESIAN_POINT('',(-1.1,0.500000007450581,9.00000013411045));
#5323=CARTESIAN_POINT('',(-1.1,1.00000001490116,9.00000013411045));
#5324=CARTESIAN_POINT('',(-1.1,0.625000009313226,9.00000013411045));
#5325=CARTESIAN_POINT('',(-1.1,0.500000007450581,8.50000012665987));
#5326=CARTESIAN_POINT('',(-1.1,0.500000007450581,8.50000012665987));
#5327=CARTESIAN_POINT('',(-1.1,1.00000001490116,8.50000012665987));
#5328=CARTESIAN_POINT('',(-1.1,0.875000013038516,8.50000012665987));
#5329=CARTESIAN_POINT('',(-1.1,1.00000001490116,4.62500006519258));
#5330=CARTESIAN_POINT('Origin',(-1.1,0.75,4.75));
#5331=CARTESIAN_POINT('',(-1.1,0.5,4.5));
#5332=CARTESIAN_POINT('',(-1.1,0.5,5.));
#5333=CARTESIAN_POINT('',(-1.1,0.5,5.));
#5334=CARTESIAN_POINT('',(-1.1,1.,4.5));
#5335=CARTESIAN_POINT('',(-1.1,0.875,4.5));
#5336=CARTESIAN_POINT('',(-1.1,1.,5.));
#5337=CARTESIAN_POINT('',(-1.1,1.00000001490116,2.625));
#5338=CARTESIAN_POINT('',(-1.1,0.625,5.));
#5339=CARTESIAN_POINT('Origin',(-1.1,0.750000011175871,1.75000002607703));
#5340=CARTESIAN_POINT('',(-1.1,0.500000007450581,2.00000002980232));
#5341=CARTESIAN_POINT('',(-1.1,1.00000001490116,2.00000002980232));
#5342=CARTESIAN_POINT('',(-1.1,0.625000009313226,2.00000002980232));
#5343=CARTESIAN_POINT('',(-1.1,0.500000007450581,1.50000002235174));
#5344=CARTESIAN_POINT('',(-1.1,0.500000007450581,1.50000002235174));
#5345=CARTESIAN_POINT('',(-1.1,1.00000001490116,1.50000002235174));
#5346=CARTESIAN_POINT('',(-1.1,0.875000013038516,1.50000002235174));
#5347=CARTESIAN_POINT('',(-1.1,1.00000001490116,1.12500001303852));
#5348=CARTESIAN_POINT('Origin',(-1.59999982267618,0.500000007450581,3.00000004470348));
#5349=CARTESIAN_POINT('',(-1.34999982267618,1.00000001490116,3.00000004470348));
#5350=CARTESIAN_POINT('',(-1.09999982267618,0.500000007450581,3.00000004470348));
#5351=CARTESIAN_POINT('Origin',(-1.09999982267618,1.00000001490116,0.5));
#5352=CARTESIAN_POINT('',(-1.34999982267618,1.00000001490116,2.5000000372529));
#5353=CARTESIAN_POINT('Origin',(-1.59999982267618,0.5,7.00000010430813));
#5354=CARTESIAN_POINT('',(-1.34999982267618,1.00000001490116,7.00000010430813));
#5355=CARTESIAN_POINT('',(-1.09999982267618,0.5,7.00000010430813));
#5356=CARTESIAN_POINT('Origin',(-1.09999982267618,1.00000001490116,0.5));
#5357=CARTESIAN_POINT('',(-1.34999982267618,1.00000001490116,6.5));
#5358=CARTESIAN_POINT('Origin',(-1.59999982267618,0.500000007450581,11.0000001639128));
#5359=CARTESIAN_POINT('',(-1.34999982267618,1.00000001490116,11.0000001639128));
#5360=CARTESIAN_POINT('',(-1.09999982267618,0.500000007450581,11.0000001639128));
#5361=CARTESIAN_POINT('Origin',(-1.09999982267618,1.00000001490116,0.5));
#5362=CARTESIAN_POINT('',(-1.34999982267618,1.00000001490116,10.5000001564622));
#5363=CARTESIAN_POINT('Origin',(-1.59999982267618,0.500000007450581,12.0000001788139));
#5364=CARTESIAN_POINT('',(-1.34999982267618,1.00000001490116,12.0000001788139));
#5365=CARTESIAN_POINT('',(-1.09999982267618,0.500000007450581,12.0000001788139));
#5366=CARTESIAN_POINT('Origin',(-1.09999982267618,1.00000001490116,0.5));
#5367=CARTESIAN_POINT('',(-1.34999982267618,1.00000001490116,11.5000001713634));
#5368=CARTESIAN_POINT('Origin',(-1.09999982267618,1.00000001490116,0.5));
#5369=CARTESIAN_POINT('',(-1.34999982267618,1.00000001490116,7.50000011175871));
#5370=CARTESIAN_POINT('',(-1.34999982267618,1.00000001490116,8.00000011920929));
#5371=CARTESIAN_POINT('Origin',(-1.59999982267618,1.00000001490116,7.50000011175871));
#5372=CARTESIAN_POINT('',(-1.09999982267618,0.500000007450581,7.50000011175871));
#5373=CARTESIAN_POINT('Origin',(-1.59999982267618,0.500000007450581,4.00000005960464));
#5374=CARTESIAN_POINT('',(-1.34999982267618,1.00000001490116,4.00000005960464));
#5375=CARTESIAN_POINT('',(-1.09999982267618,0.500000007450581,4.00000005960464));
#5376=CARTESIAN_POINT('Origin',(-1.09999982267618,1.00000001490116,0.5));
#5377=CARTESIAN_POINT('',(-1.34999982267618,1.00000001490116,3.50000005215406));
#5378=CARTESIAN_POINT('Origin',(-1.34999982267618,-5.99999998509884,0.5));
#5379=CARTESIAN_POINT('',(-0.674999911338091,0.500000007450581,0.5));
#5380=CARTESIAN_POINT('',(-1.10000001639128,1.46166188143004E-5,0.5));
#5381=CARTESIAN_POINT('',(-1.47499259331406,1.46166188139674E-5,0.5));
#5382=CARTESIAN_POINT('',(-1.47499259331406,1.46166188139674E-5,0.5));
#5383=CARTESIAN_POINT('',(-1.09999982267618,1.00000001490116,0.5));
#5384=CARTESIAN_POINT('Origin',(-1.59999982267618,0.5,6.));
#5385=CARTESIAN_POINT('',(-1.34999982267618,1.00000001490116,6.));
#5386=CARTESIAN_POINT('',(-1.09999982267618,0.5,6.));
#5387=CARTESIAN_POINT('Origin',(-1.09999982267618,1.00000001490116,0.5));
#5388=CARTESIAN_POINT('',(-1.34999982267618,1.00000001490116,5.5));
#5389=CARTESIAN_POINT('Origin',(-1.59999982267618,0.500000007450581,10.0000001490116));
#5390=CARTESIAN_POINT('',(-1.34999982267618,1.00000001490116,10.0000001490116));
#5391=CARTESIAN_POINT('',(-1.59999982267618,0.500000007450581,10.0000001490116));
#5392=CARTESIAN_POINT('Origin',(-1.09999982267618,1.00000001490116,0.5));
#5393=CARTESIAN_POINT('',(-1.34999982267618,1.00000001490116,9.50000014156103));
#5394=CARTESIAN_POINT('Origin',(-1.09999982267618,1.00000001490116,0.5));
#5395=CARTESIAN_POINT('',(-1.34999982267618,1.00000001490116,12.5000001862645));
#5396=CARTESIAN_POINT('',(-1.34999982267618,1.00000001490116,13.0000001937151));
#5397=CARTESIAN_POINT('Origin',(-1.59999982267618,1.00000001490116,12.5000001862645));
#5398=CARTESIAN_POINT('',(-1.09999982267618,0.500000007450581,12.5000001862645));
#5399=CARTESIAN_POINT('Origin',(-1.09999982267618,1.00000001490116,0.5));
#5400=CARTESIAN_POINT('',(-1.34999982267618,1.00000001490116,8.50000012665987));
#5401=CARTESIAN_POINT('',(-1.34999982267618,1.00000001490116,9.00000013411045));
#5402=CARTESIAN_POINT('Origin',(-1.59999982267618,1.00000001490116,8.50000012665987));
#5403=CARTESIAN_POINT('',(-1.09999982267618,0.500000007450581,8.50000012665987));
#5404=CARTESIAN_POINT('Origin',(-1.59999982267618,0.5,5.));
#5405=CARTESIAN_POINT('',(-1.34999982267618,1.00000001490116,5.));
#5406=CARTESIAN_POINT('',(-1.59999982267618,0.5,5.));
#5407=CARTESIAN_POINT('Origin',(-1.09999982267618,1.00000001490116,0.5));
#5408=CARTESIAN_POINT('',(-1.34999982267618,1.00000001490116,4.5));
#5409=CARTESIAN_POINT('Origin',(-1.09999982267618,1.00000001490116,0.5));
#5410=CARTESIAN_POINT('',(-1.34999982267618,1.00000001490116,1.50000002235174));
#5411=CARTESIAN_POINT('',(-1.34999982267618,1.00000001490116,2.00000002980232));
#5412=CARTESIAN_POINT('Origin',(-1.59999982267618,1.00000001490116,1.50000002235174));
#5413=CARTESIAN_POINT('',(-1.09999982267618,0.500000007450581,1.50000002235174));
#5414=CARTESIAN_POINT('Origin',(-1.60000002384186,-1.50000002235174,0.));
#5415=CARTESIAN_POINT('',(-1.10000001639128,-1.50000002235174,0.));
#5416=CARTESIAN_POINT('',(-1.10000001639128,-1.50000002235174,0.5));
#5417=CARTESIAN_POINT('',(-1.10000001639128,-1.50000002235174,0.));
#5418=CARTESIAN_POINT('',(-1.10000001639128,-1.50000002235174,0.5));
#5419=CARTESIAN_POINT('',(-1.10000001639128,-1.50000002235174,0.));
#5420=CARTESIAN_POINT('Origin',(-1.60000002384186,-3.50000005215406,0.));
#5421=CARTESIAN_POINT('',(-1.10000001639128,-3.50000005215406,0.));
#5422=CARTESIAN_POINT('',(-1.10000001639128,-3.50000005215406,0.));
#5423=CARTESIAN_POINT('',(-1.10000001639128,-3.50000005215406,0.));
#5424=CARTESIAN_POINT('Origin',(-1.60000002384186,-6.50000009685755,0.));
#5425=CARTESIAN_POINT('',(-1.10000001639128,-6.50000009685755,0.));
#5426=CARTESIAN_POINT('',(-1.10000001639128,-6.50000009685755,0.5));
#5427=CARTESIAN_POINT('',(-1.10000001639128,-6.50000009685755,0.));
#5428=CARTESIAN_POINT('',(-1.10000001639128,-6.50000009685755,0.5));
#5429=CARTESIAN_POINT('',(-1.10000001639128,-6.50000009685755,0.));
#5430=CARTESIAN_POINT('Origin',(-1.60000002384186,-9.50000014156103,0.));
#5431=CARTESIAN_POINT('',(-1.10000001639128,-9.50000014156103,0.));
#5432=CARTESIAN_POINT('',(-1.10000001639128,-9.50000014156103,0.5));
#5433=CARTESIAN_POINT('',(-1.10000001639128,-9.50000014156103,0.));
#5434=CARTESIAN_POINT('',(-1.10000001639128,-9.50000014156103,0.5));
#5435=CARTESIAN_POINT('',(-1.10000001639128,-9.50000014156103,0.));
#5436=CARTESIAN_POINT('Origin',(-1.60000002384186,-12.5000001862645,0.));
#5437=CARTESIAN_POINT('',(-1.10000001639128,-12.5000001862645,0.));
#5438=CARTESIAN_POINT('',(-1.10000001639128,-12.5000001862645,0.5));
#5439=CARTESIAN_POINT('',(-1.10000001639128,-12.5000001862645,0.));
#5440=CARTESIAN_POINT('',(-1.10000001639128,-12.5000001862645,0.5));
#5441=CARTESIAN_POINT('',(-1.10000001639128,-12.5000001862645,0.));
#5442=CARTESIAN_POINT('Origin',(-1.60000002384186,-11.5000001713634,0.));
#5443=CARTESIAN_POINT('',(-1.10000001639128,-11.5000001713634,0.));
#5444=CARTESIAN_POINT('',(-1.10000001639128,-11.5000001713634,0.5));
#5445=CARTESIAN_POINT('',(-1.10000001639128,-11.5000001713634,0.));
#5446=CARTESIAN_POINT('',(-1.10000001639128,-11.5000001713634,0.5));
#5447=CARTESIAN_POINT('',(-1.10000001639128,-11.5000001713634,0.));
#5448=CARTESIAN_POINT('Origin',(-1.60000002384186,-10.5000001564622,0.));
#5449=CARTESIAN_POINT('',(-1.10000001639128,-10.5000001564622,0.));
#5450=CARTESIAN_POINT('',(-1.10000001639128,-10.5000001564622,0.5));
#5451=CARTESIAN_POINT('',(-1.10000001639128,-10.5000001564622,0.));
#5452=CARTESIAN_POINT('',(-1.10000001639128,-10.5000001564622,0.5));
#5453=CARTESIAN_POINT('',(-1.10000001639128,-10.5000001564622,0.));
#5454=CARTESIAN_POINT('Origin',(-1.60000002384186,-7.50000011175871,0.));
#5455=CARTESIAN_POINT('',(-1.10000001639128,-7.50000011175871,0.));
#5456=CARTESIAN_POINT('',(-1.10000001639128,-7.50000011175871,0.));
#5457=CARTESIAN_POINT('',(-1.10000001639128,-7.50000011175871,0.));
#5458=CARTESIAN_POINT('Origin',(-1.60000002384186,-5.50000008195639,0.));
#5459=CARTESIAN_POINT('',(-1.10000001639128,-5.50000008195639,0.));
#5460=CARTESIAN_POINT('',(-1.10000001639128,-5.50000008195639,0.5));
#5461=CARTESIAN_POINT('',(-1.10000001639128,-5.50000008195639,0.));
#5462=CARTESIAN_POINT('',(-1.10000001639128,-5.50000008195639,0.5));
#5463=CARTESIAN_POINT('',(-1.10000001639128,-5.50000008195639,0.));
#5464=CARTESIAN_POINT('Origin',(-1.60000002384186,-2.5000000372529,0.));
#5465=CARTESIAN_POINT('',(-1.10000001639128,-2.5000000372529,0.));
#5466=CARTESIAN_POINT('',(-1.10000001639128,-2.5000000372529,0.5));
#5467=CARTESIAN_POINT('',(-1.10000001639128,-2.5000000372529,0.));
#5468=CARTESIAN_POINT('',(-1.10000001639128,-2.5000000372529,0.5));
#5469=CARTESIAN_POINT('',(-1.10000001639128,-2.5000000372529,0.));
#5470=CARTESIAN_POINT('Origin',(-1.59999269395195,-0.499985383381186,0.));
#5471=CARTESIAN_POINT('',(-1.10000001195195,-0.499985383381186,0.));
#5472=CARTESIAN_POINT('',(-1.10000001639128,-0.499985383381185,0.5));
#5473=CARTESIAN_POINT('',(-1.09999982267618,-0.499985383381186,0.));
#5474=CARTESIAN_POINT('',(-1.09999269395195,-0.499985383381186,0.5));
#5475=CARTESIAN_POINT('',(-1.59998536395195,-0.499985383381186,0.));
#5476=CARTESIAN_POINT('Origin',(-1.10000001639128,-12.5000001862645,10.5));
#5477=CARTESIAN_POINT('',(-1.10000001639128,-12.5000001862645,10.5));
#5478=CARTESIAN_POINT('',(-1.10000001639128,-12.5000001862645,0.5));
#5479=CARTESIAN_POINT('',(-1.10000001639128,-12.5000001862645,10.5));
#5480=CARTESIAN_POINT('',(-1.10000001639128,-12.5000001862645,0.5));
#5481=CARTESIAN_POINT('Origin',(-1.10000001639128,-10.7500000931323,10.5));
#5482=CARTESIAN_POINT('',(-1.10000001639128,-9.,10.5));
#5483=CARTESIAN_POINT('Origin',(-1.10000001639128,-10.7500000931323,10.5));
#5484=CARTESIAN_POINT('',(-1.10000001639128,-9.,10.5));
#5485=CARTESIAN_POINT('Origin',(-1.10000001639128,-9.00000013411045,0.5));
#5486=CARTESIAN_POINT('',(-1.10000001639128,-9.00000013411045,0.5));
#5487=CARTESIAN_POINT('',(-1.10000001639128,-9.,10.5));
#5488=CARTESIAN_POINT('',(-1.10000001639128,-9.00000013411045,0.5));
#5489=CARTESIAN_POINT('Origin',(-1.10000001639128,-10.7500000931323,6.37500004656613));
#5490=CARTESIAN_POINT('',(-1.10000001639128,-12.0000001788139,0.5));
#5491=CARTESIAN_POINT('',(-1.10000001639128,-8.37500003911555,0.5));
#5492=CARTESIAN_POINT('',(-1.10000001639128,-11.0000001639128,0.));
#5493=CARTESIAN_POINT('',(-1.10000001639128,-9.87500014714897,0.));
#5494=CARTESIAN_POINT('',(-1.10000001639128,-11.0000001639128,0.5));
#5495=CARTESIAN_POINT('',(-1.10000001639128,-11.0000001639128,0.));
#5496=CARTESIAN_POINT('',(-1.10000001639128,-8.37500003911555,0.5));
#5497=CARTESIAN_POINT('',(-1.10000001639128,-10.0000001490116,0.));
#5498=CARTESIAN_POINT('',(-1.10000001639128,-9.37500013969839,0.));
#5499=CARTESIAN_POINT('',(-1.10000001639128,-10.0000001490116,0.5));
#5500=CARTESIAN_POINT('',(-1.10000001639128,-10.0000001490116,0.));
#5501=CARTESIAN_POINT('',(-1.10000001639128,-8.37500003911555,0.5));
#5502=CARTESIAN_POINT('',(-1.10000001639128,-9.00000013411045,0.));
#5503=CARTESIAN_POINT('',(-1.10000001639128,-8.87500013224781,0.));
#5504=CARTESIAN_POINT('',(-1.10000001639128,-9.00000013411045,0.));
#5505=CARTESIAN_POINT('',(-1.10000001639128,-12.0000001788139,0.));
#5506=CARTESIAN_POINT('',(-1.10000001639128,-10.3750001545995,0.));
#5507=CARTESIAN_POINT('',(-1.10000001639128,-12.0000001788139,0.));
#5508=CARTESIAN_POINT('Origin',(-1.10000001639128,-6.25000009313226,10.5));
#5509=CARTESIAN_POINT('Origin',(-1.10000001639128,-6.25000009313226,10.5));
#5510=CARTESIAN_POINT('Origin',(-1.10000001639128,-6.25000009313226,6.37500001303852));
#5511=CARTESIAN_POINT('',(-1.10000001639128,-7.00000010430813,0.));
#5512=CARTESIAN_POINT('',(-1.10000001639128,-7.87500011734664,0.));
#5513=CARTESIAN_POINT('',(-1.10000001639128,-7.00000010430813,0.5));
#5514=CARTESIAN_POINT('',(-1.10000001639128,-7.00000010430813,0.));
#5515=CARTESIAN_POINT('',(-1.10000001639128,-6.12500003911555,0.5));
#5516=CARTESIAN_POINT('',(-1.10000001639128,-6.00000008940697,0.));
#5517=CARTESIAN_POINT('',(-1.10000001639128,-7.37500010989606,0.));
#5518=CARTESIAN_POINT('',(-1.10000001639128,-6.00000008940697,0.5));
#5519=CARTESIAN_POINT('',(-1.10000001639128,-6.00000008940697,0.));
#5520=CARTESIAN_POINT('',(-1.10000001639128,-6.12500003911555,0.5));
#5521=CARTESIAN_POINT('',(-1.10000001639128,-5.00000007450581,0.));
#5522=CARTESIAN_POINT('',(-1.10000001639128,-6.87500010244548,0.));
#5523=CARTESIAN_POINT('',(-1.10000001639128,-5.00000007450581,0.5));
#5524=CARTESIAN_POINT('',(-1.10000001639128,-5.00000007450581,0.));
#5525=CARTESIAN_POINT('',(-1.10000001639128,-6.12500003911555,0.5));
#5526=CARTESIAN_POINT('Origin',(-1.10000001639128,1.46166188143004E-5,0.5));
#5527=CARTESIAN_POINT('',(-1.10000001639128,0.,10.5));
#5528=CARTESIAN_POINT('',(-1.10000001639128,0.,10.5));
#5529=CARTESIAN_POINT('',(-1.10000001639128,0.,10.5));
#5530=CARTESIAN_POINT('Origin',(-1.10000001639128,-3.5,10.5));
#5531=CARTESIAN_POINT('',(-1.10000001639128,-3.5,10.5));
#5532=CARTESIAN_POINT('',(-1.10000001639128,-3.5,10.5));
#5533=CARTESIAN_POINT('',(-1.10000001639128,-3.5,10.5));
#5534=CARTESIAN_POINT('Origin',(-1.10000001639128,-1.75,10.5));
#5535=CARTESIAN_POINT('Origin',(-1.10000001639128,-1.75,10.5));
#5536=CARTESIAN_POINT('Origin',(-1.10000001639128,-1.74999271776762,6.375));
#5537=CARTESIAN_POINT('',(-1.10000001639128,-3.00000004470348,0.));
#5538=CARTESIAN_POINT('',(-1.10000001639128,-5.87500008754432,0.));
#5539=CARTESIAN_POINT('',(-1.10000001639128,-3.00000004470348,0.5));
#5540=CARTESIAN_POINT('',(-1.10000001639128,-3.00000004470348,0.));
#5541=CARTESIAN_POINT('',(-1.10000001639128,-3.87499635143323,0.5));
#5542=CARTESIAN_POINT('',(-1.10000001639128,-2.00000002980232,0.));
#5543=CARTESIAN_POINT('',(-1.10000001639128,-5.37500008009374,0.));
#5544=CARTESIAN_POINT('',(-1.10000001639128,-2.00000002980232,0.5));
#5545=CARTESIAN_POINT('',(-1.10000001639128,-2.00000002980232,0.));
#5546=CARTESIAN_POINT('',(-1.10000001639128,-3.87499635143323,0.5));
#5547=CARTESIAN_POINT('',(-1.10000001639128,-1.00000001490116,0.));
#5548=CARTESIAN_POINT('',(-1.10000001639128,-4.87500007264316,0.));
#5549=CARTESIAN_POINT('',(-1.10000001639128,-1.00000001490116,0.5));
#5550=CARTESIAN_POINT('',(-1.10000001639128,-1.00000001490116,0.));
#5551=CARTESIAN_POINT('',(-1.10000001639128,-3.87499635143323,0.5));
#5552=CARTESIAN_POINT('',(-1.10000001195195,1.46166188144115E-5,0.));
#5553=CARTESIAN_POINT('',(-1.09999982267618,-4.37499275502053,0.));
#5554=CARTESIAN_POINT('',(-1.09999982267618,1.46166188139674E-5,0.));
#5555=CARTESIAN_POINT('Origin',(-1.34999982267618,-5.99999998509884,0.5));
#5556=CARTESIAN_POINT('',(-1.10000001639128,-11.0000001639128,0.5));
#5557=CARTESIAN_POINT('Origin',(-1.34999982267618,-5.99999998509884,0.5));
#5558=CARTESIAN_POINT('',(-1.10000001639128,-12.0000001788139,0.5));
#5559=CARTESIAN_POINT('Origin',(-1.34999982267618,-5.99999998509884,0.5));
#5560=CARTESIAN_POINT('',(-1.10000001639128,-7.00000010430813,0.5));
#5561=CARTESIAN_POINT('Origin',(-1.34999982267618,-5.99999998509884,0.5));
#5562=CARTESIAN_POINT('',(-1.10000001639128,-9.00000013411045,0.5));
#5563=CARTESIAN_POINT('Origin',(-1.34999982267618,-5.99999998509884,0.5));
#5564=CARTESIAN_POINT('',(-1.10000001639128,-3.00000004470348,0.5));
#5565=CARTESIAN_POINT('Origin',(-1.59999982267618,0.500000014901161,14.));
#5566=CARTESIAN_POINT('',(-1.59999982267618,0.500000007450581,1.00000001490116));
#5567=CARTESIAN_POINT('',(-1.59999982267618,0.500000007450581,2.00000002980232));
#5568=CARTESIAN_POINT('',(-1.09999982267618,0.500000007450581,2.5000000372529));
#5569=CARTESIAN_POINT('',(-1.09999982267618,0.500000007450581,3.50000005215406));
#5570=CARTESIAN_POINT('',(-1.09999982267618,0.5,4.5));
#5571=CARTESIAN_POINT('',(-1.09999982267618,0.5,5.5));
#5572=CARTESIAN_POINT('',(-1.09999982267618,0.5,6.5));
#5573=CARTESIAN_POINT('',(-1.59999982267618,0.500000007450581,8.00000011920929));
#5574=CARTESIAN_POINT('',(-1.09999982267618,0.500000007450581,9.00000013411045));
#5575=CARTESIAN_POINT('',(-1.09999982267618,0.500000007450581,9.50000014156103));
#5576=CARTESIAN_POINT('',(-1.09999982267618,0.500000007450581,10.5000001564622));
#5577=CARTESIAN_POINT('',(-1.09999982267618,0.500000007450581,11.5000001713634));
#5578=CARTESIAN_POINT('',(-1.59999982267618,0.500000007450581,13.0000001937151));
#5579=CARTESIAN_POINT('Origin',(-1.59999982267618,0.500000007450581,9.00000013411045));
#5580=CARTESIAN_POINT('Origin',(-1.59999982267618,1.00000001490116,9.50000014156103));
#5581=CARTESIAN_POINT('Origin',(-1.59999982267618,1.00000001490116,6.5));
#5582=CARTESIAN_POINT('Origin',(-1.59999982267618,1.,4.5));
#5583=CARTESIAN_POINT('Origin',(-1.59999982267618,1.00000001490116,2.5000000372529));
#5584=CARTESIAN_POINT('Origin',(-1.59999982267618,0.500000007450581,2.00000002980232));
#5585=CARTESIAN_POINT('Origin',(-1.59999982267618,1.00000001490116,10.5000001564622));
#5586=CARTESIAN_POINT('Origin',(-1.59999982267618,0.500000007450581,13.0000001937151));
#5587=CARTESIAN_POINT('Origin',(-1.59999982267618,1.00000001490116,11.5000001713634));
#5588=CARTESIAN_POINT('Origin',(-1.59999982267618,0.500000007450581,1.00000001490116));
#5589=CARTESIAN_POINT('',(-1.34999982267618,1.00000001490116,1.00000001490116));
#5590=CARTESIAN_POINT('Origin',(-1.59999982267618,1.00000001490116,3.50000005215406));
#5591=CARTESIAN_POINT('Origin',(-1.59999982267618,1.,5.5));
#5592=CARTESIAN_POINT('Origin',(-1.59999982267618,0.500000007450581,8.00000011920929));
#5593=CARTESIAN_POINT('Origin',(-1.09999982267618,1.00000001490116,0.5));
#5594=CARTESIAN_POINT('Origin',(-1.34999982267618,-5.99999998509884,0.5));
#5595=CARTESIAN_POINT('',(-1.10000001639128,-1.00000001490116,0.5));
#5596=CARTESIAN_POINT('Origin',(-1.34999269395195,-0.249985383381186,0.));
#5597=CARTESIAN_POINT('',(-1.09999269395195,1.46166188143199E-5,0.));
#5598=CARTESIAN_POINT('Origin',(-1.34999982267618,-5.99999998509884,0.5));
#5599=CARTESIAN_POINT('',(-1.09999982267618,-12.9999999850988,0.5));
#5600=CARTESIAN_POINT('Origin',(-1.34999982267618,-5.99999998509884,0.5));
#5601=CARTESIAN_POINT('',(-1.10000001639128,-5.00000007450581,0.5));
#5602=CARTESIAN_POINT('Origin',(-1.34999982267618,-5.99999998509884,0.5));
#5603=CARTESIAN_POINT('',(-1.10000001639128,-2.00000002980232,0.5));
#5604=CARTESIAN_POINT('Origin',(-1.34999982267618,-5.99999998509884,0.5));
#5605=CARTESIAN_POINT('',(-1.10000001639128,-10.0000001490116,0.5));
#5606=CARTESIAN_POINT('Origin',(-1.34999982267618,-5.99999998509884,0.5));
#5607=CARTESIAN_POINT('',(-1.10000001639128,-6.00000008940697,0.5));
#5608=CARTESIAN_POINT('Origin',(-1.59999982267618,-12.9999999850988,0.5));
#5609=CARTESIAN_POINT('Origin',(-1.09999269395195,1.46166188143199E-5,0.));
#5610=CARTESIAN_POINT('Origin',(-1.10000001639128,-12.0000001788139,0.));
#5611=CARTESIAN_POINT('',(-1.10000001639128,-12.0000001788139,0.));
#5612=CARTESIAN_POINT('Origin',(-1.35000002011657,-12.2500001825392,0.));
#5613=CARTESIAN_POINT('Origin',(-1.10000001639128,-5.00000007450581,0.));
#5614=CARTESIAN_POINT('',(-1.10000001639128,-5.00000007450581,0.));
#5615=CARTESIAN_POINT('Origin',(-1.35000002011657,-5.2500000782311,0.));
#5616=CARTESIAN_POINT('Origin',(-1.10000001639128,-7.00000010430813,0.));
#5617=CARTESIAN_POINT('',(-1.10000001639128,-7.00000010430813,0.));
#5618=CARTESIAN_POINT('Origin',(-1.35000002011657,-7.25000010803342,0.));
#5619=CARTESIAN_POINT('Origin',(-1.10000001639128,-2.00000002980232,0.));
#5620=CARTESIAN_POINT('',(-1.10000001639128,-2.00000002980232,0.));
#5621=CARTESIAN_POINT('Origin',(-1.35000002011657,-2.25000003352761,0.));
#5622=CARTESIAN_POINT('Origin',(-1.10000001639128,-10.0000001490116,0.));
#5623=CARTESIAN_POINT('',(-1.10000001639128,-10.0000001490116,0.));
#5624=CARTESIAN_POINT('Origin',(-1.35000002011657,-10.2500001527369,0.));
#5625=CARTESIAN_POINT('Origin',(-1.10000001639128,-6.00000008940697,0.));
#5626=CARTESIAN_POINT('',(-1.10000001639128,-6.00000008940697,0.));
#5627=CARTESIAN_POINT('Origin',(-1.35000002011657,-6.25000009313226,0.));
#5628=CARTESIAN_POINT('Origin',(-1.10000001639128,-3.00000004470348,0.));
#5629=CARTESIAN_POINT('',(-1.10000001639128,-3.00000004470348,0.));
#5630=CARTESIAN_POINT('Origin',(-1.35000002011657,-3.25000004842877,0.));
#5631=CARTESIAN_POINT('Origin',(-1.10000001639128,-11.0000001639128,0.));
#5632=CARTESIAN_POINT('',(-1.10000001639128,-11.0000001639128,0.));
#5633=CARTESIAN_POINT('Origin',(-1.35000002011657,-11.2500001676381,0.));
#5634=CARTESIAN_POINT('Origin',(-1.10000001639128,-9.00000013411045,0.));
#5635=CARTESIAN_POINT('',(-1.10000001639128,-9.00000013411045,0.));
#5636=CARTESIAN_POINT('Origin',(-1.35000002011657,-9.25000013783574,0.));
#5637=CARTESIAN_POINT('Origin',(-1.10000001639128,-1.00000001490116,0.));
#5638=CARTESIAN_POINT('',(-1.10000001639128,-1.00000001490116,0.));
#5639=CARTESIAN_POINT('Origin',(-1.35000002011657,-1.25000001862645,0.));
#5640=UNCERTAINTY_MEASURE_WITH_UNIT(LENGTH_MEASURE(0.001),#5644,
'DISTANCE_ACCURACY_VALUE',
'Maximum model space distance between geometric entities at asserted c
onnectivities');
#5641=UNCERTAINTY_MEASURE_WITH_UNIT(LENGTH_MEASURE(0.001),#5644,
'DISTANCE_ACCURACY_VALUE',
'Maximum model space distance between geometric entities at asserted c
onnectivities');
#5642=(
GEOMETRIC_REPRESENTATION_CONTEXT(3)
GLOBAL_UNCERTAINTY_ASSIGNED_CONTEXT((#5640))
GLOBAL_UNIT_ASSIGNED_CONTEXT((#5644,#5646,#5647))
REPRESENTATION_CONTEXT('','3D')
);
#5643=(
GEOMETRIC_REPRESENTATION_CONTEXT(3)
GLOBAL_UNCERTAINTY_ASSIGNED_CONTEXT((#5641))
GLOBAL_UNIT_ASSIGNED_CONTEXT((#5644,#5646,#5647))
REPRESENTATION_CONTEXT('','3D')
);
#5644=(
LENGTH_UNIT()
NAMED_UNIT(*)
SI_UNIT(.CENTI.,.METRE.)
);
#5645=(
LENGTH_UNIT()
NAMED_UNIT(*)
SI_UNIT($,.METRE.)
);
#5646=(
NAMED_UNIT(*)
PLANE_ANGLE_UNIT()
SI_UNIT($,.RADIAN.)
);
#5647=(
NAMED_UNIT(*)
SI_UNIT($,.STERADIAN.)
SOLID_ANGLE_UNIT()
);
#5648=SHAPE_DEFINITION_REPRESENTATION(#5649,#5650);
#5649=PRODUCT_DEFINITION_SHAPE('',$,#5652);
#5650=SHAPE_REPRESENTATION('',(#3582),#5642);
#5651=PRODUCT_DEFINITION_CONTEXT('part definition',#5656,'design');
#5652=PRODUCT_DEFINITION('2026-08-26-00-51-53-560','obroom',#5653,#5651);
#5653=PRODUCT_DEFINITION_FORMATION('',$,#5658);
#5654=PRODUCT_RELATED_PRODUCT_CATEGORY('obroom','obroom',(#5658));
#5655=APPLICATION_PROTOCOL_DEFINITION('international standard',
'automotive_design',2009,#5656);
#5656=APPLICATION_CONTEXT(
'Core Data for Automotive Mechanical Design Process');
#5657=PRODUCT_CONTEXT('part definition',#5656,'mechanical');
#5658=PRODUCT('2026-08-26-00-51-53-560','obroom',$,(#5657));
#5659=PRESENTATION_STYLE_ASSIGNMENT((#5666));
#5660=PRESENTATION_STYLE_ASSIGNMENT((#5667));
#5661=PRESENTATION_STYLE_ASSIGNMENT((#5668));
#5662=PRESENTATION_STYLE_ASSIGNMENT((#5669));
#5663=PRESENTATION_STYLE_ASSIGNMENT((#5670));
#5664=PRESENTATION_STYLE_ASSIGNMENT((#5671));
#5665=PRESENTATION_STYLE_ASSIGNMENT((#5672));
#5666=SURFACE_STYLE_USAGE(.BOTH.,#5673);
#5667=SURFACE_STYLE_USAGE(.BOTH.,#5674);
#5668=SURFACE_STYLE_USAGE(.BOTH.,#5675);
#5669=SURFACE_STYLE_USAGE(.BOTH.,#5676);
#5670=SURFACE_STYLE_USAGE(.BOTH.,#5677);
#5671=SURFACE_STYLE_USAGE(.BOTH.,#5678);
#5672=SURFACE_STYLE_USAGE(.BOTH.,#5679);
#5673=SURFACE_SIDE_STYLE('',(#5680));
#5674=SURFACE_SIDE_STYLE('',(#5681));
#5675=SURFACE_SIDE_STYLE('',(#5682));
#5676=SURFACE_SIDE_STYLE('',(#5683));
#5677=SURFACE_SIDE_STYLE('',(#5684));
#5678=SURFACE_SIDE_STYLE('',(#5685));
#5679=SURFACE_SIDE_STYLE('',(#5686));
#5680=SURFACE_STYLE_FILL_AREA(#5687);
#5681=SURFACE_STYLE_FILL_AREA(#5688);
#5682=SURFACE_STYLE_FILL_AREA(#5689);
#5683=SURFACE_STYLE_FILL_AREA(#5690);
#5684=SURFACE_STYLE_FILL_AREA(#5691);
#5685=SURFACE_STYLE_FILL_AREA(#5692);
#5686=SURFACE_STYLE_FILL_AREA(#5693);
#5687=FILL_AREA_STYLE('Steel - Satin',(#5694));
#5688=FILL_AREA_STYLE('PEEK',(#5695));
#5689=FILL_AREA_STYLE('Paek (Beige)',(#5696));
#5690=FILL_AREA_STYLE('Paint - Metallic (Yellow)',(#5697));
#5691=FILL_AREA_STYLE('Plastic - Translucent Glossy (Blue)',(#5698));
#5692=FILL_AREA_STYLE('Granite - Black and White',(#5699));
#5693=FILL_AREA_STYLE('Paint - Metallic (Silver)',(#5700));
#5694=FILL_AREA_STYLE_COLOUR('Steel - Satin',#5701);
#5695=FILL_AREA_STYLE_COLOUR('PEEK',#5702);
#5696=FILL_AREA_STYLE_COLOUR('Paek (Beige)',#5703);
#5697=FILL_AREA_STYLE_COLOUR('Paint - Metallic (Yellow)',#5704);
#5698=FILL_AREA_STYLE_COLOUR('Plastic - Translucent Glossy (Blue)',#5705);
#5699=FILL_AREA_STYLE_COLOUR('Granite - Black and White',#5706);
#5700=FILL_AREA_STYLE_COLOUR('Paint - Metallic (Silver)',#5707);
#5701=COLOUR_RGB('Steel - Satin',0.627450980392157,0.627450980392157,0.627450980392157);
#5702=COLOUR_RGB('PEEK',0.6,0.509803921568627,0.368627450980392);
#5703=COLOUR_RGB('Paek (Beige)',0.898039215686275,0.792156862745098,0.619607843137255);
#5704=COLOUR_RGB('Paint - Metallic (Yellow)',0.909803921568627,0.67843137254902,
0.137254901960784);
#5705=COLOUR_RGB('Plastic - Translucent Glossy (Blue)',0.188235294117647,
0.231372549019608,0.588235294117647);
#5706=COLOUR_RGB('Granite - Black and White',0.,0.,0.);
#5707=COLOUR_RGB('Paint - Metallic (Silver)',0.984313725490196,0.980392156862745,
0.96078431372549);
ENDSEC;
END-ISO-10303-21;
