ISO-10303-21;
HEADER;
/* Generated by software containing ST-Developer
 * from STEP Tools, Inc. (www.steptools.com) 
 */

FILE_DESCRIPTION(
/* description */ (''),
/* implementation_level */ '2;1');

FILE_NAME(
/* name */ 'Body56.step',
/* time_stamp */ '2026-09-03T17:14:48+01:00',
/* author */ (''),
/* organization */ (''),
/* preprocessor_version */ 'ST-DEVELOPER v20.1',
/* originating_system */ 'Autodesk Translation Framework v15.8.0.0',
/* authorisation */ '');

FILE_SCHEMA (('AUTOMOTIVE_DESIGN { 1 0 10303 214 3 1 1 }'));
ENDSEC;

DATA;
#10=MECHANICAL_DESIGN_GEOMETRIC_PRESENTATION_REPRESENTATION('',(#16,#17,
#18,#19,#20),#18963);
#11=SHAPE_REPRESENTATION_RELATIONSHIP('SRR','None',#18970,#12);
#12=ADVANCED_BREP_SHAPE_REPRESENTATION('',(#10733),#18962);
#13=ORIENTED_CLOSED_SHELL('',*,#10732,.F.);
#14=FACE_BOUND('',#1040,.T.);
#15=FACE_BOUND('',#1300,.T.);
#16=STYLED_ITEM('',(#18981),#10227);
#17=STYLED_ITEM('',(#18981),#10228);
#18=STYLED_ITEM('',(#18981),#10486);
#19=STYLED_ITEM('',(#18981),#10487);
#20=STYLED_ITEM('',(#18982),#10733);
#21=CIRCLE('',#10757,0.5);
#22=CIRCLE('',#10761,0.5);
#23=CIRCLE('',#10762,0.5);
#24=CIRCLE('',#10763,0.121230630971128);
#25=CIRCLE('',#10764,0.205444527541365);
#26=CIRCLE('',#10765,0.205444527541365);
#27=CIRCLE('',#10766,0.121230630971128);
#28=CIRCLE('',#10771,0.5);
#29=CIRCLE('',#10785,0.5);
#30=CIRCLE('',#10786,0.5);
#31=CIRCLE('',#10789,0.5);
#32=CIRCLE('',#10803,0.5);
#33=CIRCLE('',#11028,0.4);
#34=CIRCLE('',#11032,0.4);
#35=CIRCLE('',#11033,0.221230630971128);
#36=CIRCLE('',#11034,0.105444527541365);
#37=CIRCLE('',#11035,0.105444527541365);
#38=CIRCLE('',#11036,0.221230630971128);
#39=CIRCLE('',#11037,0.4);
#40=CIRCLE('',#11042,0.4);
#41=CIRCLE('',#11056,0.4);
#42=CIRCLE('',#11057,0.4);
#43=CIRCLE('',#11060,0.4);
#44=CIRCLE('',#11074,0.4);
#45=PLANE('',#10750);
#46=PLANE('',#10751);
#47=PLANE('',#10759);
#48=PLANE('',#10760);
#49=PLANE('',#10767);
#50=PLANE('',#10768);
#51=PLANE('',#10769);
#52=PLANE('',#10770);
#53=PLANE('',#10778);
#54=PLANE('',#10779);
#55=PLANE('',#10780);
#56=PLANE('',#10784);
#57=PLANE('',#10787);
#58=PLANE('',#10793);
#59=PLANE('',#10794);
#60=PLANE('',#10796);
#61=PLANE('',#10797);
#62=PLANE('',#10798);
#63=PLANE('',#10804);
#64=PLANE('',#10805);
#65=PLANE('',#10807);
#66=PLANE('',#10808);
#67=PLANE('',#10809);
#68=PLANE('',#10810);
#69=PLANE('',#10811);
#70=PLANE('',#10812);
#71=PLANE('',#10813);
#72=PLANE('',#10814);
#73=PLANE('',#10815);
#74=PLANE('',#10816);
#75=PLANE('',#10817);
#76=PLANE('',#10818);
#77=PLANE('',#10819);
#78=PLANE('',#10820);
#79=PLANE('',#10821);
#80=PLANE('',#10822);
#81=PLANE('',#10823);
#82=PLANE('',#10824);
#83=PLANE('',#10825);
#84=PLANE('',#10826);
#85=PLANE('',#10827);
#86=PLANE('',#10828);
#87=PLANE('',#10829);
#88=PLANE('',#10830);
#89=PLANE('',#10831);
#90=PLANE('',#10832);
#91=PLANE('',#10833);
#92=PLANE('',#10834);
#93=PLANE('',#10835);
#94=PLANE('',#10836);
#95=PLANE('',#10837);
#96=PLANE('',#10838);
#97=PLANE('',#10839);
#98=PLANE('',#10840);
#99=PLANE('',#10841);
#100=PLANE('',#10842);
#101=PLANE('',#10843);
#102=PLANE('',#10844);
#103=PLANE('',#10845);
#104=PLANE('',#10846);
#105=PLANE('',#10847);
#106=PLANE('',#10848);
#107=PLANE('',#10849);
#108=PLANE('',#10850);
#109=PLANE('',#10851);
#110=PLANE('',#10852);
#111=PLANE('',#10853);
#112=PLANE('',#10854);
#113=PLANE('',#10855);
#114=PLANE('',#10856);
#115=PLANE('',#10857);
#116=PLANE('',#10858);
#117=PLANE('',#10859);
#118=PLANE('',#10860);
#119=PLANE('',#10861);
#120=PLANE('',#10862);
#121=PLANE('',#10863);
#122=PLANE('',#10864);
#123=PLANE('',#10865);
#124=PLANE('',#10866);
#125=PLANE('',#10867);
#126=PLANE('',#10868);
#127=PLANE('',#10869);
#128=PLANE('',#10870);
#129=PLANE('',#10871);
#130=PLANE('',#10872);
#131=PLANE('',#10873);
#132=PLANE('',#10874);
#133=PLANE('',#10875);
#134=PLANE('',#10876);
#135=PLANE('',#10877);
#136=PLANE('',#10878);
#137=PLANE('',#10879);
#138=PLANE('',#10880);
#139=PLANE('',#10881);
#140=PLANE('',#10882);
#141=PLANE('',#10883);
#142=PLANE('',#10884);
#143=PLANE('',#10885);
#144=PLANE('',#10886);
#145=PLANE('',#10887);
#146=PLANE('',#10888);
#147=PLANE('',#10889);
#148=PLANE('',#10890);
#149=PLANE('',#10891);
#150=PLANE('',#10892);
#151=PLANE('',#10893);
#152=PLANE('',#10894);
#153=PLANE('',#10895);
#154=PLANE('',#10896);
#155=PLANE('',#10897);
#156=PLANE('',#10898);
#157=PLANE('',#10899);
#158=PLANE('',#10900);
#159=PLANE('',#10901);
#160=PLANE('',#10902);
#161=PLANE('',#10903);
#162=PLANE('',#10904);
#163=PLANE('',#10905);
#164=PLANE('',#10906);
#165=PLANE('',#10907);
#166=PLANE('',#10908);
#167=PLANE('',#10909);
#168=PLANE('',#10910);
#169=PLANE('',#10911);
#170=PLANE('',#10912);
#171=PLANE('',#10913);
#172=PLANE('',#10914);
#173=PLANE('',#10915);
#174=PLANE('',#10916);
#175=PLANE('',#10917);
#176=PLANE('',#10918);
#177=PLANE('',#10919);
#178=PLANE('',#10920);
#179=PLANE('',#10921);
#180=PLANE('',#10922);
#181=PLANE('',#10923);
#182=PLANE('',#10924);
#183=PLANE('',#10925);
#184=PLANE('',#10926);
#185=PLANE('',#10927);
#186=PLANE('',#10928);
#187=PLANE('',#10929);
#188=PLANE('',#10930);
#189=PLANE('',#10931);
#190=PLANE('',#10932);
#191=PLANE('',#10933);
#192=PLANE('',#10934);
#193=PLANE('',#10935);
#194=PLANE('',#10936);
#195=PLANE('',#10937);
#196=PLANE('',#10938);
#197=PLANE('',#10939);
#198=PLANE('',#10940);
#199=PLANE('',#10941);
#200=PLANE('',#10942);
#201=PLANE('',#10943);
#202=PLANE('',#10944);
#203=PLANE('',#10945);
#204=PLANE('',#10946);
#205=PLANE('',#10947);
#206=PLANE('',#10948);
#207=PLANE('',#10949);
#208=PLANE('',#10950);
#209=PLANE('',#10951);
#210=PLANE('',#10952);
#211=PLANE('',#10953);
#212=PLANE('',#10954);
#213=PLANE('',#10955);
#214=PLANE('',#10956);
#215=PLANE('',#10957);
#216=PLANE('',#10958);
#217=PLANE('',#10959);
#218=PLANE('',#10960);
#219=PLANE('',#10961);
#220=PLANE('',#10962);
#221=PLANE('',#10963);
#222=PLANE('',#10964);
#223=PLANE('',#10965);
#224=PLANE('',#10966);
#225=PLANE('',#10967);
#226=PLANE('',#10968);
#227=PLANE('',#10969);
#228=PLANE('',#10970);
#229=PLANE('',#10971);
#230=PLANE('',#10972);
#231=PLANE('',#10973);
#232=PLANE('',#10974);
#233=PLANE('',#10975);
#234=PLANE('',#10976);
#235=PLANE('',#10977);
#236=PLANE('',#10978);
#237=PLANE('',#10979);
#238=PLANE('',#10980);
#239=PLANE('',#10981);
#240=PLANE('',#10982);
#241=PLANE('',#10983);
#242=PLANE('',#10984);
#243=PLANE('',#10985);
#244=PLANE('',#10986);
#245=PLANE('',#10987);
#246=PLANE('',#10988);
#247=PLANE('',#10989);
#248=PLANE('',#10990);
#249=PLANE('',#10991);
#250=PLANE('',#10992);
#251=PLANE('',#10993);
#252=PLANE('',#10994);
#253=PLANE('',#10995);
#254=PLANE('',#10996);
#255=PLANE('',#10997);
#256=PLANE('',#10998);
#257=PLANE('',#10999);
#258=PLANE('',#11000);
#259=PLANE('',#11001);
#260=PLANE('',#11002);
#261=PLANE('',#11003);
#262=PLANE('',#11004);
#263=PLANE('',#11005);
#264=PLANE('',#11006);
#265=PLANE('',#11007);
#266=PLANE('',#11008);
#267=PLANE('',#11009);
#268=PLANE('',#11010);
#269=PLANE('',#11011);
#270=PLANE('',#11012);
#271=PLANE('',#11013);
#272=PLANE('',#11014);
#273=PLANE('',#11015);
#274=PLANE('',#11016);
#275=PLANE('',#11017);
#276=PLANE('',#11021);
#277=PLANE('',#11022);
#278=PLANE('',#11030);
#279=PLANE('',#11031);
#280=PLANE('',#11038);
#281=PLANE('',#11039);
#282=PLANE('',#11040);
#283=PLANE('',#11041);
#284=PLANE('',#11049);
#285=PLANE('',#11050);
#286=PLANE('',#11051);
#287=PLANE('',#11055);
#288=PLANE('',#11058);
#289=PLANE('',#11064);
#290=PLANE('',#11065);
#291=PLANE('',#11067);
#292=PLANE('',#11068);
#293=PLANE('',#11069);
#294=PLANE('',#11075);
#295=PLANE('',#11076);
#296=PLANE('',#11078);
#297=PLANE('',#11079);
#298=PLANE('',#11080);
#299=PLANE('',#11081);
#300=PLANE('',#11082);
#301=PLANE('',#11083);
#302=PLANE('',#11084);
#303=PLANE('',#11085);
#304=PLANE('',#11086);
#305=PLANE('',#11087);
#306=PLANE('',#11088);
#307=PLANE('',#11089);
#308=PLANE('',#11090);
#309=PLANE('',#11091);
#310=PLANE('',#11092);
#311=PLANE('',#11093);
#312=PLANE('',#11094);
#313=PLANE('',#11095);
#314=PLANE('',#11096);
#315=PLANE('',#11097);
#316=PLANE('',#11098);
#317=PLANE('',#11099);
#318=PLANE('',#11100);
#319=PLANE('',#11101);
#320=PLANE('',#11102);
#321=PLANE('',#11103);
#322=PLANE('',#11104);
#323=PLANE('',#11105);
#324=PLANE('',#11106);
#325=PLANE('',#11107);
#326=PLANE('',#11108);
#327=PLANE('',#11109);
#328=PLANE('',#11110);
#329=PLANE('',#11111);
#330=PLANE('',#11112);
#331=PLANE('',#11113);
#332=PLANE('',#11114);
#333=PLANE('',#11115);
#334=PLANE('',#11116);
#335=PLANE('',#11117);
#336=PLANE('',#11118);
#337=PLANE('',#11119);
#338=PLANE('',#11120);
#339=PLANE('',#11121);
#340=PLANE('',#11122);
#341=PLANE('',#11123);
#342=PLANE('',#11124);
#343=PLANE('',#11125);
#344=PLANE('',#11126);
#345=PLANE('',#11127);
#346=PLANE('',#11128);
#347=PLANE('',#11129);
#348=PLANE('',#11130);
#349=PLANE('',#11131);
#350=PLANE('',#11132);
#351=PLANE('',#11133);
#352=PLANE('',#11134);
#353=PLANE('',#11135);
#354=PLANE('',#11136);
#355=PLANE('',#11137);
#356=PLANE('',#11138);
#357=PLANE('',#11139);
#358=PLANE('',#11140);
#359=PLANE('',#11141);
#360=PLANE('',#11142);
#361=PLANE('',#11143);
#362=PLANE('',#11144);
#363=PLANE('',#11145);
#364=PLANE('',#11146);
#365=PLANE('',#11147);
#366=PLANE('',#11148);
#367=PLANE('',#11149);
#368=PLANE('',#11150);
#369=PLANE('',#11151);
#370=PLANE('',#11152);
#371=PLANE('',#11153);
#372=PLANE('',#11154);
#373=PLANE('',#11155);
#374=PLANE('',#11156);
#375=PLANE('',#11157);
#376=PLANE('',#11158);
#377=PLANE('',#11159);
#378=PLANE('',#11160);
#379=PLANE('',#11161);
#380=PLANE('',#11162);
#381=PLANE('',#11163);
#382=PLANE('',#11164);
#383=PLANE('',#11165);
#384=PLANE('',#11166);
#385=PLANE('',#11167);
#386=PLANE('',#11168);
#387=PLANE('',#11169);
#388=PLANE('',#11170);
#389=PLANE('',#11171);
#390=PLANE('',#11172);
#391=PLANE('',#11173);
#392=PLANE('',#11174);
#393=PLANE('',#11175);
#394=PLANE('',#11176);
#395=PLANE('',#11177);
#396=PLANE('',#11178);
#397=PLANE('',#11179);
#398=PLANE('',#11180);
#399=PLANE('',#11181);
#400=PLANE('',#11182);
#401=PLANE('',#11183);
#402=PLANE('',#11184);
#403=PLANE('',#11185);
#404=PLANE('',#11186);
#405=PLANE('',#11187);
#406=PLANE('',#11188);
#407=PLANE('',#11189);
#408=PLANE('',#11190);
#409=PLANE('',#11191);
#410=PLANE('',#11192);
#411=PLANE('',#11193);
#412=PLANE('',#11194);
#413=PLANE('',#11195);
#414=PLANE('',#11196);
#415=PLANE('',#11197);
#416=PLANE('',#11198);
#417=PLANE('',#11199);
#418=PLANE('',#11200);
#419=PLANE('',#11201);
#420=PLANE('',#11202);
#421=PLANE('',#11203);
#422=PLANE('',#11204);
#423=PLANE('',#11205);
#424=PLANE('',#11206);
#425=PLANE('',#11207);
#426=PLANE('',#11208);
#427=PLANE('',#11209);
#428=PLANE('',#11210);
#429=PLANE('',#11211);
#430=PLANE('',#11212);
#431=PLANE('',#11213);
#432=PLANE('',#11214);
#433=PLANE('',#11215);
#434=PLANE('',#11216);
#435=PLANE('',#11217);
#436=PLANE('',#11218);
#437=PLANE('',#11219);
#438=PLANE('',#11220);
#439=PLANE('',#11221);
#440=PLANE('',#11222);
#441=PLANE('',#11223);
#442=PLANE('',#11224);
#443=PLANE('',#11225);
#444=PLANE('',#11226);
#445=PLANE('',#11227);
#446=PLANE('',#11228);
#447=PLANE('',#11229);
#448=PLANE('',#11230);
#449=PLANE('',#11231);
#450=PLANE('',#11232);
#451=PLANE('',#11233);
#452=PLANE('',#11234);
#453=PLANE('',#11235);
#454=PLANE('',#11236);
#455=PLANE('',#11237);
#456=PLANE('',#11238);
#457=PLANE('',#11239);
#458=PLANE('',#11240);
#459=PLANE('',#11241);
#460=PLANE('',#11242);
#461=PLANE('',#11243);
#462=PLANE('',#11244);
#463=PLANE('',#11245);
#464=PLANE('',#11246);
#465=PLANE('',#11247);
#466=PLANE('',#11248);
#467=PLANE('',#11249);
#468=PLANE('',#11250);
#469=PLANE('',#11251);
#470=PLANE('',#11252);
#471=PLANE('',#11253);
#472=PLANE('',#11254);
#473=PLANE('',#11255);
#474=PLANE('',#11256);
#475=PLANE('',#11257);
#476=PLANE('',#11258);
#477=PLANE('',#11259);
#478=PLANE('',#11260);
#479=PLANE('',#11261);
#480=PLANE('',#11262);
#481=PLANE('',#11263);
#482=PLANE('',#11264);
#483=PLANE('',#11265);
#484=PLANE('',#11266);
#485=PLANE('',#11267);
#486=PLANE('',#11268);
#487=PLANE('',#11269);
#488=PLANE('',#11270);
#489=PLANE('',#11271);
#490=PLANE('',#11272);
#491=PLANE('',#11273);
#492=PLANE('',#11274);
#493=PLANE('',#11275);
#494=PLANE('',#11276);
#495=PLANE('',#11277);
#496=PLANE('',#11278);
#497=PLANE('',#11279);
#498=PLANE('',#11280);
#499=PLANE('',#11281);
#500=PLANE('',#11282);
#501=PLANE('',#11283);
#502=PLANE('',#11284);
#503=PLANE('',#11285);
#504=PLANE('',#11286);
#505=PLANE('',#11287);
#506=PLANE('',#11288);
#507=FACE_OUTER_BOUND('',#1025,.T.);
#508=FACE_OUTER_BOUND('',#1026,.T.);
#509=FACE_OUTER_BOUND('',#1027,.T.);
#510=FACE_OUTER_BOUND('',#1028,.T.);
#511=FACE_OUTER_BOUND('',#1029,.T.);
#512=FACE_OUTER_BOUND('',#1030,.T.);
#513=FACE_OUTER_BOUND('',#1031,.T.);
#514=FACE_OUTER_BOUND('',#1032,.T.);
#515=FACE_OUTER_BOUND('',#1033,.T.);
#516=FACE_OUTER_BOUND('',#1034,.T.);
#517=FACE_OUTER_BOUND('',#1035,.T.);
#518=FACE_OUTER_BOUND('',#1036,.T.);
#519=FACE_OUTER_BOUND('',#1037,.T.);
#520=FACE_OUTER_BOUND('',#1038,.T.);
#521=FACE_OUTER_BOUND('',#1039,.T.);
#522=FACE_OUTER_BOUND('',#1041,.T.);
#523=FACE_OUTER_BOUND('',#1042,.T.);
#524=FACE_OUTER_BOUND('',#1043,.T.);
#525=FACE_OUTER_BOUND('',#1044,.T.);
#526=FACE_OUTER_BOUND('',#1045,.T.);
#527=FACE_OUTER_BOUND('',#1046,.T.);
#528=FACE_OUTER_BOUND('',#1047,.T.);
#529=FACE_OUTER_BOUND('',#1048,.T.);
#530=FACE_OUTER_BOUND('',#1049,.T.);
#531=FACE_OUTER_BOUND('',#1050,.T.);
#532=FACE_OUTER_BOUND('',#1051,.T.);
#533=FACE_OUTER_BOUND('',#1052,.T.);
#534=FACE_OUTER_BOUND('',#1053,.T.);
#535=FACE_OUTER_BOUND('',#1054,.T.);
#536=FACE_OUTER_BOUND('',#1055,.T.);
#537=FACE_OUTER_BOUND('',#1056,.T.);
#538=FACE_OUTER_BOUND('',#1057,.T.);
#539=FACE_OUTER_BOUND('',#1058,.T.);
#540=FACE_OUTER_BOUND('',#1059,.T.);
#541=FACE_OUTER_BOUND('',#1060,.T.);
#542=FACE_OUTER_BOUND('',#1061,.T.);
#543=FACE_OUTER_BOUND('',#1062,.T.);
#544=FACE_OUTER_BOUND('',#1063,.T.);
#545=FACE_OUTER_BOUND('',#1064,.T.);
#546=FACE_OUTER_BOUND('',#1065,.T.);
#547=FACE_OUTER_BOUND('',#1066,.T.);
#548=FACE_OUTER_BOUND('',#1067,.T.);
#549=FACE_OUTER_BOUND('',#1068,.T.);
#550=FACE_OUTER_BOUND('',#1069,.T.);
#551=FACE_OUTER_BOUND('',#1070,.T.);
#552=FACE_OUTER_BOUND('',#1071,.T.);
#553=FACE_OUTER_BOUND('',#1072,.T.);
#554=FACE_OUTER_BOUND('',#1073,.T.);
#555=FACE_OUTER_BOUND('',#1074,.T.);
#556=FACE_OUTER_BOUND('',#1075,.T.);
#557=FACE_OUTER_BOUND('',#1076,.T.);
#558=FACE_OUTER_BOUND('',#1077,.T.);
#559=FACE_OUTER_BOUND('',#1078,.T.);
#560=FACE_OUTER_BOUND('',#1079,.T.);
#561=FACE_OUTER_BOUND('',#1080,.T.);
#562=FACE_OUTER_BOUND('',#1081,.T.);
#563=FACE_OUTER_BOUND('',#1082,.T.);
#564=FACE_OUTER_BOUND('',#1083,.T.);
#565=FACE_OUTER_BOUND('',#1084,.T.);
#566=FACE_OUTER_BOUND('',#1085,.T.);
#567=FACE_OUTER_BOUND('',#1086,.T.);
#568=FACE_OUTER_BOUND('',#1087,.T.);
#569=FACE_OUTER_BOUND('',#1088,.T.);
#570=FACE_OUTER_BOUND('',#1089,.T.);
#571=FACE_OUTER_BOUND('',#1090,.T.);
#572=FACE_OUTER_BOUND('',#1091,.T.);
#573=FACE_OUTER_BOUND('',#1092,.T.);
#574=FACE_OUTER_BOUND('',#1093,.T.);
#575=FACE_OUTER_BOUND('',#1094,.T.);
#576=FACE_OUTER_BOUND('',#1095,.T.);
#577=FACE_OUTER_BOUND('',#1096,.T.);
#578=FACE_OUTER_BOUND('',#1097,.T.);
#579=FACE_OUTER_BOUND('',#1098,.T.);
#580=FACE_OUTER_BOUND('',#1099,.T.);
#581=FACE_OUTER_BOUND('',#1100,.T.);
#582=FACE_OUTER_BOUND('',#1101,.T.);
#583=FACE_OUTER_BOUND('',#1102,.T.);
#584=FACE_OUTER_BOUND('',#1103,.T.);
#585=FACE_OUTER_BOUND('',#1104,.T.);
#586=FACE_OUTER_BOUND('',#1105,.T.);
#587=FACE_OUTER_BOUND('',#1106,.T.);
#588=FACE_OUTER_BOUND('',#1107,.T.);
#589=FACE_OUTER_BOUND('',#1108,.T.);
#590=FACE_OUTER_BOUND('',#1109,.T.);
#591=FACE_OUTER_BOUND('',#1110,.T.);
#592=FACE_OUTER_BOUND('',#1111,.T.);
#593=FACE_OUTER_BOUND('',#1112,.T.);
#594=FACE_OUTER_BOUND('',#1113,.T.);
#595=FACE_OUTER_BOUND('',#1114,.T.);
#596=FACE_OUTER_BOUND('',#1115,.T.);
#597=FACE_OUTER_BOUND('',#1116,.T.);
#598=FACE_OUTER_BOUND('',#1117,.T.);
#599=FACE_OUTER_BOUND('',#1118,.T.);
#600=FACE_OUTER_BOUND('',#1119,.T.);
#601=FACE_OUTER_BOUND('',#1120,.T.);
#602=FACE_OUTER_BOUND('',#1121,.T.);
#603=FACE_OUTER_BOUND('',#1122,.T.);
#604=FACE_OUTER_BOUND('',#1123,.T.);
#605=FACE_OUTER_BOUND('',#1124,.T.);
#606=FACE_OUTER_BOUND('',#1125,.T.);
#607=FACE_OUTER_BOUND('',#1126,.T.);
#608=FACE_OUTER_BOUND('',#1127,.T.);
#609=FACE_OUTER_BOUND('',#1128,.T.);
#610=FACE_OUTER_BOUND('',#1129,.T.);
#611=FACE_OUTER_BOUND('',#1130,.T.);
#612=FACE_OUTER_BOUND('',#1131,.T.);
#613=FACE_OUTER_BOUND('',#1132,.T.);
#614=FACE_OUTER_BOUND('',#1133,.T.);
#615=FACE_OUTER_BOUND('',#1134,.T.);
#616=FACE_OUTER_BOUND('',#1135,.T.);
#617=FACE_OUTER_BOUND('',#1136,.T.);
#618=FACE_OUTER_BOUND('',#1137,.T.);
#619=FACE_OUTER_BOUND('',#1138,.T.);
#620=FACE_OUTER_BOUND('',#1139,.T.);
#621=FACE_OUTER_BOUND('',#1140,.T.);
#622=FACE_OUTER_BOUND('',#1141,.T.);
#623=FACE_OUTER_BOUND('',#1142,.T.);
#624=FACE_OUTER_BOUND('',#1143,.T.);
#625=FACE_OUTER_BOUND('',#1144,.T.);
#626=FACE_OUTER_BOUND('',#1145,.T.);
#627=FACE_OUTER_BOUND('',#1146,.T.);
#628=FACE_OUTER_BOUND('',#1147,.T.);
#629=FACE_OUTER_BOUND('',#1148,.T.);
#630=FACE_OUTER_BOUND('',#1149,.T.);
#631=FACE_OUTER_BOUND('',#1150,.T.);
#632=FACE_OUTER_BOUND('',#1151,.T.);
#633=FACE_OUTER_BOUND('',#1152,.T.);
#634=FACE_OUTER_BOUND('',#1153,.T.);
#635=FACE_OUTER_BOUND('',#1154,.T.);
#636=FACE_OUTER_BOUND('',#1155,.T.);
#637=FACE_OUTER_BOUND('',#1156,.T.);
#638=FACE_OUTER_BOUND('',#1157,.T.);
#639=FACE_OUTER_BOUND('',#1158,.T.);
#640=FACE_OUTER_BOUND('',#1159,.T.);
#641=FACE_OUTER_BOUND('',#1160,.T.);
#642=FACE_OUTER_BOUND('',#1161,.T.);
#643=FACE_OUTER_BOUND('',#1162,.T.);
#644=FACE_OUTER_BOUND('',#1163,.T.);
#645=FACE_OUTER_BOUND('',#1164,.T.);
#646=FACE_OUTER_BOUND('',#1165,.T.);
#647=FACE_OUTER_BOUND('',#1166,.T.);
#648=FACE_OUTER_BOUND('',#1167,.T.);
#649=FACE_OUTER_BOUND('',#1168,.T.);
#650=FACE_OUTER_BOUND('',#1169,.T.);
#651=FACE_OUTER_BOUND('',#1170,.T.);
#652=FACE_OUTER_BOUND('',#1171,.T.);
#653=FACE_OUTER_BOUND('',#1172,.T.);
#654=FACE_OUTER_BOUND('',#1173,.T.);
#655=FACE_OUTER_BOUND('',#1174,.T.);
#656=FACE_OUTER_BOUND('',#1175,.T.);
#657=FACE_OUTER_BOUND('',#1176,.T.);
#658=FACE_OUTER_BOUND('',#1177,.T.);
#659=FACE_OUTER_BOUND('',#1178,.T.);
#660=FACE_OUTER_BOUND('',#1179,.T.);
#661=FACE_OUTER_BOUND('',#1180,.T.);
#662=FACE_OUTER_BOUND('',#1181,.T.);
#663=FACE_OUTER_BOUND('',#1182,.T.);
#664=FACE_OUTER_BOUND('',#1183,.T.);
#665=FACE_OUTER_BOUND('',#1184,.T.);
#666=FACE_OUTER_BOUND('',#1185,.T.);
#667=FACE_OUTER_BOUND('',#1186,.T.);
#668=FACE_OUTER_BOUND('',#1187,.T.);
#669=FACE_OUTER_BOUND('',#1188,.T.);
#670=FACE_OUTER_BOUND('',#1189,.T.);
#671=FACE_OUTER_BOUND('',#1190,.T.);
#672=FACE_OUTER_BOUND('',#1191,.T.);
#673=FACE_OUTER_BOUND('',#1192,.T.);
#674=FACE_OUTER_BOUND('',#1193,.T.);
#675=FACE_OUTER_BOUND('',#1194,.T.);
#676=FACE_OUTER_BOUND('',#1195,.T.);
#677=FACE_OUTER_BOUND('',#1196,.T.);
#678=FACE_OUTER_BOUND('',#1197,.T.);
#679=FACE_OUTER_BOUND('',#1198,.T.);
#680=FACE_OUTER_BOUND('',#1199,.T.);
#681=FACE_OUTER_BOUND('',#1200,.T.);
#682=FACE_OUTER_BOUND('',#1201,.T.);
#683=FACE_OUTER_BOUND('',#1202,.T.);
#684=FACE_OUTER_BOUND('',#1203,.T.);
#685=FACE_OUTER_BOUND('',#1204,.T.);
#686=FACE_OUTER_BOUND('',#1205,.T.);
#687=FACE_OUTER_BOUND('',#1206,.T.);
#688=FACE_OUTER_BOUND('',#1207,.T.);
#689=FACE_OUTER_BOUND('',#1208,.T.);
#690=FACE_OUTER_BOUND('',#1209,.T.);
#691=FACE_OUTER_BOUND('',#1210,.T.);
#692=FACE_OUTER_BOUND('',#1211,.T.);
#693=FACE_OUTER_BOUND('',#1212,.T.);
#694=FACE_OUTER_BOUND('',#1213,.T.);
#695=FACE_OUTER_BOUND('',#1214,.T.);
#696=FACE_OUTER_BOUND('',#1215,.T.);
#697=FACE_OUTER_BOUND('',#1216,.T.);
#698=FACE_OUTER_BOUND('',#1217,.T.);
#699=FACE_OUTER_BOUND('',#1218,.T.);
#700=FACE_OUTER_BOUND('',#1219,.T.);
#701=FACE_OUTER_BOUND('',#1220,.T.);
#702=FACE_OUTER_BOUND('',#1221,.T.);
#703=FACE_OUTER_BOUND('',#1222,.T.);
#704=FACE_OUTER_BOUND('',#1223,.T.);
#705=FACE_OUTER_BOUND('',#1224,.T.);
#706=FACE_OUTER_BOUND('',#1225,.T.);
#707=FACE_OUTER_BOUND('',#1226,.T.);
#708=FACE_OUTER_BOUND('',#1227,.T.);
#709=FACE_OUTER_BOUND('',#1228,.T.);
#710=FACE_OUTER_BOUND('',#1229,.T.);
#711=FACE_OUTER_BOUND('',#1230,.T.);
#712=FACE_OUTER_BOUND('',#1231,.T.);
#713=FACE_OUTER_BOUND('',#1232,.T.);
#714=FACE_OUTER_BOUND('',#1233,.T.);
#715=FACE_OUTER_BOUND('',#1234,.T.);
#716=FACE_OUTER_BOUND('',#1235,.T.);
#717=FACE_OUTER_BOUND('',#1236,.T.);
#718=FACE_OUTER_BOUND('',#1237,.T.);
#719=FACE_OUTER_BOUND('',#1238,.T.);
#720=FACE_OUTER_BOUND('',#1239,.T.);
#721=FACE_OUTER_BOUND('',#1240,.T.);
#722=FACE_OUTER_BOUND('',#1241,.T.);
#723=FACE_OUTER_BOUND('',#1242,.T.);
#724=FACE_OUTER_BOUND('',#1243,.T.);
#725=FACE_OUTER_BOUND('',#1244,.T.);
#726=FACE_OUTER_BOUND('',#1245,.T.);
#727=FACE_OUTER_BOUND('',#1246,.T.);
#728=FACE_OUTER_BOUND('',#1247,.T.);
#729=FACE_OUTER_BOUND('',#1248,.T.);
#730=FACE_OUTER_BOUND('',#1249,.T.);
#731=FACE_OUTER_BOUND('',#1250,.T.);
#732=FACE_OUTER_BOUND('',#1251,.T.);
#733=FACE_OUTER_BOUND('',#1252,.T.);
#734=FACE_OUTER_BOUND('',#1253,.T.);
#735=FACE_OUTER_BOUND('',#1254,.T.);
#736=FACE_OUTER_BOUND('',#1255,.T.);
#737=FACE_OUTER_BOUND('',#1256,.T.);
#738=FACE_OUTER_BOUND('',#1257,.T.);
#739=FACE_OUTER_BOUND('',#1258,.T.);
#740=FACE_OUTER_BOUND('',#1259,.T.);
#741=FACE_OUTER_BOUND('',#1260,.T.);
#742=FACE_OUTER_BOUND('',#1261,.T.);
#743=FACE_OUTER_BOUND('',#1262,.T.);
#744=FACE_OUTER_BOUND('',#1263,.T.);
#745=FACE_OUTER_BOUND('',#1264,.T.);
#746=FACE_OUTER_BOUND('',#1265,.T.);
#747=FACE_OUTER_BOUND('',#1266,.T.);
#748=FACE_OUTER_BOUND('',#1267,.T.);
#749=FACE_OUTER_BOUND('',#1268,.T.);
#750=FACE_OUTER_BOUND('',#1269,.T.);
#751=FACE_OUTER_BOUND('',#1270,.T.);
#752=FACE_OUTER_BOUND('',#1271,.T.);
#753=FACE_OUTER_BOUND('',#1272,.T.);
#754=FACE_OUTER_BOUND('',#1273,.T.);
#755=FACE_OUTER_BOUND('',#1274,.T.);
#756=FACE_OUTER_BOUND('',#1275,.T.);
#757=FACE_OUTER_BOUND('',#1276,.T.);
#758=FACE_OUTER_BOUND('',#1277,.T.);
#759=FACE_OUTER_BOUND('',#1278,.T.);
#760=FACE_OUTER_BOUND('',#1279,.T.);
#761=FACE_OUTER_BOUND('',#1280,.T.);
#762=FACE_OUTER_BOUND('',#1281,.T.);
#763=FACE_OUTER_BOUND('',#1282,.T.);
#764=FACE_OUTER_BOUND('',#1283,.T.);
#765=FACE_OUTER_BOUND('',#1284,.T.);
#766=FACE_OUTER_BOUND('',#1285,.T.);
#767=FACE_OUTER_BOUND('',#1286,.T.);
#768=FACE_OUTER_BOUND('',#1287,.T.);
#769=FACE_OUTER_BOUND('',#1288,.T.);
#770=FACE_OUTER_BOUND('',#1289,.T.);
#771=FACE_OUTER_BOUND('',#1290,.T.);
#772=FACE_OUTER_BOUND('',#1291,.T.);
#773=FACE_OUTER_BOUND('',#1292,.T.);
#774=FACE_OUTER_BOUND('',#1293,.T.);
#775=FACE_OUTER_BOUND('',#1294,.T.);
#776=FACE_OUTER_BOUND('',#1295,.T.);
#777=FACE_OUTER_BOUND('',#1296,.T.);
#778=FACE_OUTER_BOUND('',#1297,.T.);
#779=FACE_OUTER_BOUND('',#1298,.T.);
#780=FACE_OUTER_BOUND('',#1299,.T.);
#781=FACE_OUTER_BOUND('',#1301,.T.);
#782=FACE_OUTER_BOUND('',#1302,.T.);
#783=FACE_OUTER_BOUND('',#1303,.T.);
#784=FACE_OUTER_BOUND('',#1304,.T.);
#785=FACE_OUTER_BOUND('',#1305,.T.);
#786=FACE_OUTER_BOUND('',#1306,.T.);
#787=FACE_OUTER_BOUND('',#1307,.T.);
#788=FACE_OUTER_BOUND('',#1308,.T.);
#789=FACE_OUTER_BOUND('',#1309,.T.);
#790=FACE_OUTER_BOUND('',#1310,.T.);
#791=FACE_OUTER_BOUND('',#1311,.T.);
#792=FACE_OUTER_BOUND('',#1312,.T.);
#793=FACE_OUTER_BOUND('',#1313,.T.);
#794=FACE_OUTER_BOUND('',#1314,.T.);
#795=FACE_OUTER_BOUND('',#1315,.T.);
#796=FACE_OUTER_BOUND('',#1316,.T.);
#797=FACE_OUTER_BOUND('',#1317,.T.);
#798=FACE_OUTER_BOUND('',#1318,.T.);
#799=FACE_OUTER_BOUND('',#1319,.T.);
#800=FACE_OUTER_BOUND('',#1320,.T.);
#801=FACE_OUTER_BOUND('',#1321,.T.);
#802=FACE_OUTER_BOUND('',#1322,.T.);
#803=FACE_OUTER_BOUND('',#1323,.T.);
#804=FACE_OUTER_BOUND('',#1324,.T.);
#805=FACE_OUTER_BOUND('',#1325,.T.);
#806=FACE_OUTER_BOUND('',#1326,.T.);
#807=FACE_OUTER_BOUND('',#1327,.T.);
#808=FACE_OUTER_BOUND('',#1328,.T.);
#809=FACE_OUTER_BOUND('',#1329,.T.);
#810=FACE_OUTER_BOUND('',#1330,.T.);
#811=FACE_OUTER_BOUND('',#1331,.T.);
#812=FACE_OUTER_BOUND('',#1332,.T.);
#813=FACE_OUTER_BOUND('',#1333,.T.);
#814=FACE_OUTER_BOUND('',#1334,.T.);
#815=FACE_OUTER_BOUND('',#1335,.T.);
#816=FACE_OUTER_BOUND('',#1336,.T.);
#817=FACE_OUTER_BOUND('',#1337,.T.);
#818=FACE_OUTER_BOUND('',#1338,.T.);
#819=FACE_OUTER_BOUND('',#1339,.T.);
#820=FACE_OUTER_BOUND('',#1340,.T.);
#821=FACE_OUTER_BOUND('',#1341,.T.);
#822=FACE_OUTER_BOUND('',#1342,.T.);
#823=FACE_OUTER_BOUND('',#1343,.T.);
#824=FACE_OUTER_BOUND('',#1344,.T.);
#825=FACE_OUTER_BOUND('',#1345,.T.);
#826=FACE_OUTER_BOUND('',#1346,.T.);
#827=FACE_OUTER_BOUND('',#1347,.T.);
#828=FACE_OUTER_BOUND('',#1348,.T.);
#829=FACE_OUTER_BOUND('',#1349,.T.);
#830=FACE_OUTER_BOUND('',#1350,.T.);
#831=FACE_OUTER_BOUND('',#1351,.T.);
#832=FACE_OUTER_BOUND('',#1352,.T.);
#833=FACE_OUTER_BOUND('',#1353,.T.);
#834=FACE_OUTER_BOUND('',#1354,.T.);
#835=FACE_OUTER_BOUND('',#1355,.T.);
#836=FACE_OUTER_BOUND('',#1356,.T.);
#837=FACE_OUTER_BOUND('',#1357,.T.);
#838=FACE_OUTER_BOUND('',#1358,.T.);
#839=FACE_OUTER_BOUND('',#1359,.T.);
#840=FACE_OUTER_BOUND('',#1360,.T.);
#841=FACE_OUTER_BOUND('',#1361,.T.);
#842=FACE_OUTER_BOUND('',#1362,.T.);
#843=FACE_OUTER_BOUND('',#1363,.T.);
#844=FACE_OUTER_BOUND('',#1364,.T.);
#845=FACE_OUTER_BOUND('',#1365,.T.);
#846=FACE_OUTER_BOUND('',#1366,.T.);
#847=FACE_OUTER_BOUND('',#1367,.T.);
#848=FACE_OUTER_BOUND('',#1368,.T.);
#849=FACE_OUTER_BOUND('',#1369,.T.);
#850=FACE_OUTER_BOUND('',#1370,.T.);
#851=FACE_OUTER_BOUND('',#1371,.T.);
#852=FACE_OUTER_BOUND('',#1372,.T.);
#853=FACE_OUTER_BOUND('',#1373,.T.);
#854=FACE_OUTER_BOUND('',#1374,.T.);
#855=FACE_OUTER_BOUND('',#1375,.T.);
#856=FACE_OUTER_BOUND('',#1376,.T.);
#857=FACE_OUTER_BOUND('',#1377,.T.);
#858=FACE_OUTER_BOUND('',#1378,.T.);
#859=FACE_OUTER_BOUND('',#1379,.T.);
#860=FACE_OUTER_BOUND('',#1380,.T.);
#861=FACE_OUTER_BOUND('',#1381,.T.);
#862=FACE_OUTER_BOUND('',#1382,.T.);
#863=FACE_OUTER_BOUND('',#1383,.T.);
#864=FACE_OUTER_BOUND('',#1384,.T.);
#865=FACE_OUTER_BOUND('',#1385,.T.);
#866=FACE_OUTER_BOUND('',#1386,.T.);
#867=FACE_OUTER_BOUND('',#1387,.T.);
#868=FACE_OUTER_BOUND('',#1388,.T.);
#869=FACE_OUTER_BOUND('',#1389,.T.);
#870=FACE_OUTER_BOUND('',#1390,.T.);
#871=FACE_OUTER_BOUND('',#1391,.T.);
#872=FACE_OUTER_BOUND('',#1392,.T.);
#873=FACE_OUTER_BOUND('',#1393,.T.);
#874=FACE_OUTER_BOUND('',#1394,.T.);
#875=FACE_OUTER_BOUND('',#1395,.T.);
#876=FACE_OUTER_BOUND('',#1396,.T.);
#877=FACE_OUTER_BOUND('',#1397,.T.);
#878=FACE_OUTER_BOUND('',#1398,.T.);
#879=FACE_OUTER_BOUND('',#1399,.T.);
#880=FACE_OUTER_BOUND('',#1400,.T.);
#881=FACE_OUTER_BOUND('',#1401,.T.);
#882=FACE_OUTER_BOUND('',#1402,.T.);
#883=FACE_OUTER_BOUND('',#1403,.T.);
#884=FACE_OUTER_BOUND('',#1404,.T.);
#885=FACE_OUTER_BOUND('',#1405,.T.);
#886=FACE_OUTER_BOUND('',#1406,.T.);
#887=FACE_OUTER_BOUND('',#1407,.T.);
#888=FACE_OUTER_BOUND('',#1408,.T.);
#889=FACE_OUTER_BOUND('',#1409,.T.);
#890=FACE_OUTER_BOUND('',#1410,.T.);
#891=FACE_OUTER_BOUND('',#1411,.T.);
#892=FACE_OUTER_BOUND('',#1412,.T.);
#893=FACE_OUTER_BOUND('',#1413,.T.);
#894=FACE_OUTER_BOUND('',#1414,.T.);
#895=FACE_OUTER_BOUND('',#1415,.T.);
#896=FACE_OUTER_BOUND('',#1416,.T.);
#897=FACE_OUTER_BOUND('',#1417,.T.);
#898=FACE_OUTER_BOUND('',#1418,.T.);
#899=FACE_OUTER_BOUND('',#1419,.T.);
#900=FACE_OUTER_BOUND('',#1420,.T.);
#901=FACE_OUTER_BOUND('',#1421,.T.);
#902=FACE_OUTER_BOUND('',#1422,.T.);
#903=FACE_OUTER_BOUND('',#1423,.T.);
#904=FACE_OUTER_BOUND('',#1424,.T.);
#905=FACE_OUTER_BOUND('',#1425,.T.);
#906=FACE_OUTER_BOUND('',#1426,.T.);
#907=FACE_OUTER_BOUND('',#1427,.T.);
#908=FACE_OUTER_BOUND('',#1428,.T.);
#909=FACE_OUTER_BOUND('',#1429,.T.);
#910=FACE_OUTER_BOUND('',#1430,.T.);
#911=FACE_OUTER_BOUND('',#1431,.T.);
#912=FACE_OUTER_BOUND('',#1432,.T.);
#913=FACE_OUTER_BOUND('',#1433,.T.);
#914=FACE_OUTER_BOUND('',#1434,.T.);
#915=FACE_OUTER_BOUND('',#1435,.T.);
#916=FACE_OUTER_BOUND('',#1436,.T.);
#917=FACE_OUTER_BOUND('',#1437,.T.);
#918=FACE_OUTER_BOUND('',#1438,.T.);
#919=FACE_OUTER_BOUND('',#1439,.T.);
#920=FACE_OUTER_BOUND('',#1440,.T.);
#921=FACE_OUTER_BOUND('',#1441,.T.);
#922=FACE_OUTER_BOUND('',#1442,.T.);
#923=FACE_OUTER_BOUND('',#1443,.T.);
#924=FACE_OUTER_BOUND('',#1444,.T.);
#925=FACE_OUTER_BOUND('',#1445,.T.);
#926=FACE_OUTER_BOUND('',#1446,.T.);
#927=FACE_OUTER_BOUND('',#1447,.T.);
#928=FACE_OUTER_BOUND('',#1448,.T.);
#929=FACE_OUTER_BOUND('',#1449,.T.);
#930=FACE_OUTER_BOUND('',#1450,.T.);
#931=FACE_OUTER_BOUND('',#1451,.T.);
#932=FACE_OUTER_BOUND('',#1452,.T.);
#933=FACE_OUTER_BOUND('',#1453,.T.);
#934=FACE_OUTER_BOUND('',#1454,.T.);
#935=FACE_OUTER_BOUND('',#1455,.T.);
#936=FACE_OUTER_BOUND('',#1456,.T.);
#937=FACE_OUTER_BOUND('',#1457,.T.);
#938=FACE_OUTER_BOUND('',#1458,.T.);
#939=FACE_OUTER_BOUND('',#1459,.T.);
#940=FACE_OUTER_BOUND('',#1460,.T.);
#941=FACE_OUTER_BOUND('',#1461,.T.);
#942=FACE_OUTER_BOUND('',#1462,.T.);
#943=FACE_OUTER_BOUND('',#1463,.T.);
#944=FACE_OUTER_BOUND('',#1464,.T.);
#945=FACE_OUTER_BOUND('',#1465,.T.);
#946=FACE_OUTER_BOUND('',#1466,.T.);
#947=FACE_OUTER_BOUND('',#1467,.T.);
#948=FACE_OUTER_BOUND('',#1468,.T.);
#949=FACE_OUTER_BOUND('',#1469,.T.);
#950=FACE_OUTER_BOUND('',#1470,.T.);
#951=FACE_OUTER_BOUND('',#1471,.T.);
#952=FACE_OUTER_BOUND('',#1472,.T.);
#953=FACE_OUTER_BOUND('',#1473,.T.);
#954=FACE_OUTER_BOUND('',#1474,.T.);
#955=FACE_OUTER_BOUND('',#1475,.T.);
#956=FACE_OUTER_BOUND('',#1476,.T.);
#957=FACE_OUTER_BOUND('',#1477,.T.);
#958=FACE_OUTER_BOUND('',#1478,.T.);
#959=FACE_OUTER_BOUND('',#1479,.T.);
#960=FACE_OUTER_BOUND('',#1480,.T.);
#961=FACE_OUTER_BOUND('',#1481,.T.);
#962=FACE_OUTER_BOUND('',#1482,.T.);
#963=FACE_OUTER_BOUND('',#1483,.T.);
#964=FACE_OUTER_BOUND('',#1484,.T.);
#965=FACE_OUTER_BOUND('',#1485,.T.);
#966=FACE_OUTER_BOUND('',#1486,.T.);
#967=FACE_OUTER_BOUND('',#1487,.T.);
#968=FACE_OUTER_BOUND('',#1488,.T.);
#969=FACE_OUTER_BOUND('',#1489,.T.);
#970=FACE_OUTER_BOUND('',#1490,.T.);
#971=FACE_OUTER_BOUND('',#1491,.T.);
#972=FACE_OUTER_BOUND('',#1492,.T.);
#973=FACE_OUTER_BOUND('',#1493,.T.);
#974=FACE_OUTER_BOUND('',#1494,.T.);
#975=FACE_OUTER_BOUND('',#1495,.T.);
#976=FACE_OUTER_BOUND('',#1496,.T.);
#977=FACE_OUTER_BOUND('',#1497,.T.);
#978=FACE_OUTER_BOUND('',#1498,.T.);
#979=FACE_OUTER_BOUND('',#1499,.T.);
#980=FACE_OUTER_BOUND('',#1500,.T.);
#981=FACE_OUTER_BOUND('',#1501,.T.);
#982=FACE_OUTER_BOUND('',#1502,.T.);
#983=FACE_OUTER_BOUND('',#1503,.T.);
#984=FACE_OUTER_BOUND('',#1504,.T.);
#985=FACE_OUTER_BOUND('',#1505,.T.);
#986=FACE_OUTER_BOUND('',#1506,.T.);
#987=FACE_OUTER_BOUND('',#1507,.T.);
#988=FACE_OUTER_BOUND('',#1508,.T.);
#989=FACE_OUTER_BOUND('',#1509,.T.);
#990=FACE_OUTER_BOUND('',#1510,.T.);
#991=FACE_OUTER_BOUND('',#1511,.T.);
#992=FACE_OUTER_BOUND('',#1512,.T.);
#993=FACE_OUTER_BOUND('',#1513,.T.);
#994=FACE_OUTER_BOUND('',#1514,.T.);
#995=FACE_OUTER_BOUND('',#1515,.T.);
#996=FACE_OUTER_BOUND('',#1516,.T.);
#997=FACE_OUTER_BOUND('',#1517,.T.);
#998=FACE_OUTER_BOUND('',#1518,.T.);
#999=FACE_OUTER_BOUND('',#1519,.T.);
#1000=FACE_OUTER_BOUND('',#1520,.T.);
#1001=FACE_OUTER_BOUND('',#1521,.T.);
#1002=FACE_OUTER_BOUND('',#1522,.T.);
#1003=FACE_OUTER_BOUND('',#1523,.T.);
#1004=FACE_OUTER_BOUND('',#1524,.T.);
#1005=FACE_OUTER_BOUND('',#1525,.T.);
#1006=FACE_OUTER_BOUND('',#1526,.T.);
#1007=FACE_OUTER_BOUND('',#1527,.T.);
#1008=FACE_OUTER_BOUND('',#1528,.T.);
#1009=FACE_OUTER_BOUND('',#1529,.T.);
#1010=FACE_OUTER_BOUND('',#1530,.T.);
#1011=FACE_OUTER_BOUND('',#1531,.T.);
#1012=FACE_OUTER_BOUND('',#1532,.T.);
#1013=FACE_OUTER_BOUND('',#1533,.T.);
#1014=FACE_OUTER_BOUND('',#1534,.T.);
#1015=FACE_OUTER_BOUND('',#1535,.T.);
#1016=FACE_OUTER_BOUND('',#1536,.T.);
#1017=FACE_OUTER_BOUND('',#1537,.T.);
#1018=FACE_OUTER_BOUND('',#1538,.T.);
#1019=FACE_OUTER_BOUND('',#1539,.T.);
#1020=FACE_OUTER_BOUND('',#1540,.T.);
#1021=FACE_OUTER_BOUND('',#1541,.T.);
#1022=FACE_OUTER_BOUND('',#1542,.T.);
#1023=FACE_OUTER_BOUND('',#1543,.T.);
#1024=FACE_OUTER_BOUND('',#1544,.T.);
#1025=EDGE_LOOP('',(#7065,#7066,#7067,#7068,#7069,#7070,#7071));
#1026=EDGE_LOOP('',(#7072,#7073,#7074,#7075));
#1027=EDGE_LOOP('',(#7076,#7077,#7078,#7079,#7080,#7081,#7082));
#1028=EDGE_LOOP('',(#7083,#7084,#7085,#7086));
#1029=EDGE_LOOP('',(#7087,#7088,#7089,#7090));
#1030=EDGE_LOOP('',(#7091,#7092));
#1031=EDGE_LOOP('',(#7093,#7094,#7095,#7096));
#1032=EDGE_LOOP('',(#7097,#7098,#7099));
#1033=EDGE_LOOP('',(#7100,#7101,#7102));
#1034=EDGE_LOOP('',(#7103,#7104,#7105,#7106,#7107,#7108,#7109,#7110,#7111,
#7112,#7113,#7114,#7115,#7116,#7117));
#1035=EDGE_LOOP('',(#7118,#7119));
#1036=EDGE_LOOP('',(#7120,#7121,#7122,#7123));
#1037=EDGE_LOOP('',(#7124,#7125,#7126,#7127,#7128,#7129,#7130,#7131,#7132,
#7133,#7134));
#1038=EDGE_LOOP('',(#7135,#7136,#7137));
#1039=EDGE_LOOP('',(#7138,#7139,#7140,#7141,#7142,#7143,#7144,#7145,#7146,
#7147,#7148,#7149,#7150,#7151,#7152,#7153,#7154,#7155,#7156,#7157,#7158,
#7159,#7160,#7161,#7162,#7163,#7164,#7165,#7166,#7167,#7168,#7169,#7170,
#7171,#7172,#7173,#7174,#7175,#7176,#7177,#7178,#7179,#7180,#7181,#7182,
#7183,#7184,#7185,#7186,#7187,#7188,#7189,#7190,#7191,#7192,#7193,#7194,
#7195,#7196,#7197,#7198,#7199,#7200,#7201,#7202,#7203,#7204,#7205,#7206,
#7207,#7208,#7209,#7210,#7211,#7212,#7213,#7214,#7215,#7216,#7217,#7218,
#7219,#7220,#7221,#7222,#7223,#7224,#7225,#7226,#7227,#7228,#7229,#7230,
#7231,#7232,#7233,#7234,#7235,#7236,#7237,#7238,#7239,#7240,#7241,#7242,
#7243,#7244,#7245,#7246,#7247,#7248,#7249,#7250,#7251,#7252,#7253,#7254,
#7255,#7256,#7257,#7258,#7259,#7260,#7261,#7262,#7263,#7264,#7265,#7266,
#7267,#7268,#7269,#7270,#7271,#7272,#7273,#7274,#7275,#7276,#7277,#7278,
#7279,#7280,#7281,#7282,#7283,#7284,#7285,#7286,#7287,#7288,#7289,#7290,
#7291,#7292,#7293,#7294,#7295,#7296,#7297,#7298,#7299,#7300,#7301,#7302,
#7303,#7304,#7305,#7306,#7307,#7308,#7309,#7310,#7311,#7312,#7313,#7314,
#7315,#7316,#7317,#7318,#7319,#7320,#7321,#7322,#7323,#7324,#7325,#7326,
#7327,#7328,#7329,#7330,#7331,#7332,#7333,#7334,#7335,#7336,#7337,#7338,
#7339,#7340,#7341,#7342,#7343,#7344,#7345));
#1040=EDGE_LOOP('',(#7346,#7347,#7348,#7349,#7350,#7351,#7352,#7353));
#1041=EDGE_LOOP('',(#7354,#7355,#7356,#7357));
#1042=EDGE_LOOP('',(#7358,#7359,#7360));
#1043=EDGE_LOOP('',(#7361,#7362,#7363,#7364,#7365,#7366,#7367,#7368,#7369,
#7370,#7371,#7372,#7373,#7374,#7375));
#1044=EDGE_LOOP('',(#7376,#7377,#7378));
#1045=EDGE_LOOP('',(#7379,#7380));
#1046=EDGE_LOOP('',(#7381,#7382,#7383,#7384));
#1047=EDGE_LOOP('',(#7385,#7386,#7387));
#1048=EDGE_LOOP('',(#7388,#7389));
#1049=EDGE_LOOP('',(#7390,#7391,#7392,#7393));
#1050=EDGE_LOOP('',(#7394,#7395,#7396,#7397));
#1051=EDGE_LOOP('',(#7398,#7399,#7400,#7401));
#1052=EDGE_LOOP('',(#7402,#7403,#7404,#7405,#7406,#7407,#7408));
#1053=EDGE_LOOP('',(#7409,#7410,#7411,#7412));
#1054=EDGE_LOOP('',(#7413,#7414,#7415,#7416,#7417,#7418,#7419));
#1055=EDGE_LOOP('',(#7420,#7421,#7422,#7423,#7424,#7425,#7426,#7427));
#1056=EDGE_LOOP('',(#7428,#7429,#7430,#7431,#7432));
#1057=EDGE_LOOP('',(#7433,#7434,#7435,#7436,#7437,#7438,#7439,#7440,#7441,
#7442,#7443,#7444,#7445,#7446,#7447));
#1058=EDGE_LOOP('',(#7448,#7449,#7450,#7451,#7452,#7453,#7454,#7455));
#1059=EDGE_LOOP('',(#7456,#7457,#7458,#7459));
#1060=EDGE_LOOP('',(#7460,#7461,#7462,#7463,#7464,#7465,#7466,#7467));
#1061=EDGE_LOOP('',(#7468,#7469,#7470,#7471));
#1062=EDGE_LOOP('',(#7472,#7473,#7474,#7475));
#1063=EDGE_LOOP('',(#7476,#7477,#7478,#7479,#7480,#7481,#7482,#7483,#7484,
#7485,#7486,#7487,#7488,#7489));
#1064=EDGE_LOOP('',(#7490,#7491,#7492,#7493));
#1065=EDGE_LOOP('',(#7494,#7495,#7496,#7497));
#1066=EDGE_LOOP('',(#7498,#7499,#7500,#7501));
#1067=EDGE_LOOP('',(#7502,#7503,#7504,#7505,#7506,#7507,#7508,#7509));
#1068=EDGE_LOOP('',(#7510,#7511,#7512,#7513,#7514,#7515,#7516,#7517));
#1069=EDGE_LOOP('',(#7518,#7519,#7520,#7521));
#1070=EDGE_LOOP('',(#7522,#7523,#7524,#7525,#7526,#7527,#7528,#7529,#7530,
#7531,#7532,#7533,#7534,#7535,#7536,#7537,#7538));
#1071=EDGE_LOOP('',(#7539,#7540,#7541,#7542));
#1072=EDGE_LOOP('',(#7543,#7544,#7545,#7546,#7547,#7548));
#1073=EDGE_LOOP('',(#7549,#7550,#7551,#7552,#7553,#7554,#7555,#7556,#7557,
#7558,#7559,#7560,#7561,#7562));
#1074=EDGE_LOOP('',(#7563,#7564,#7565,#7566));
#1075=EDGE_LOOP('',(#7567,#7568,#7569,#7570,#7571,#7572));
#1076=EDGE_LOOP('',(#7573,#7574,#7575,#7576));
#1077=EDGE_LOOP('',(#7577,#7578,#7579,#7580));
#1078=EDGE_LOOP('',(#7581,#7582,#7583,#7584));
#1079=EDGE_LOOP('',(#7585,#7586,#7587,#7588));
#1080=EDGE_LOOP('',(#7589,#7590,#7591,#7592));
#1081=EDGE_LOOP('',(#7593,#7594,#7595,#7596));
#1082=EDGE_LOOP('',(#7597,#7598,#7599,#7600));
#1083=EDGE_LOOP('',(#7601,#7602,#7603,#7604));
#1084=EDGE_LOOP('',(#7605,#7606,#7607,#7608));
#1085=EDGE_LOOP('',(#7609,#7610,#7611,#7612));
#1086=EDGE_LOOP('',(#7613,#7614,#7615,#7616));
#1087=EDGE_LOOP('',(#7617,#7618,#7619,#7620));
#1088=EDGE_LOOP('',(#7621,#7622,#7623,#7624));
#1089=EDGE_LOOP('',(#7625,#7626,#7627,#7628));
#1090=EDGE_LOOP('',(#7629,#7630,#7631,#7632));
#1091=EDGE_LOOP('',(#7633,#7634,#7635,#7636));
#1092=EDGE_LOOP('',(#7637,#7638,#7639,#7640));
#1093=EDGE_LOOP('',(#7641,#7642,#7643,#7644));
#1094=EDGE_LOOP('',(#7645,#7646,#7647,#7648));
#1095=EDGE_LOOP('',(#7649,#7650,#7651,#7652));
#1096=EDGE_LOOP('',(#7653,#7654,#7655,#7656));
#1097=EDGE_LOOP('',(#7657,#7658,#7659,#7660));
#1098=EDGE_LOOP('',(#7661,#7662,#7663,#7664));
#1099=EDGE_LOOP('',(#7665,#7666,#7667,#7668));
#1100=EDGE_LOOP('',(#7669,#7670,#7671,#7672));
#1101=EDGE_LOOP('',(#7673,#7674,#7675,#7676));
#1102=EDGE_LOOP('',(#7677,#7678,#7679,#7680));
#1103=EDGE_LOOP('',(#7681,#7682,#7683,#7684));
#1104=EDGE_LOOP('',(#7685,#7686,#7687,#7688));
#1105=EDGE_LOOP('',(#7689,#7690,#7691,#7692));
#1106=EDGE_LOOP('',(#7693,#7694,#7695,#7696));
#1107=EDGE_LOOP('',(#7697,#7698,#7699,#7700));
#1108=EDGE_LOOP('',(#7701,#7702,#7703,#7704));
#1109=EDGE_LOOP('',(#7705,#7706,#7707,#7708));
#1110=EDGE_LOOP('',(#7709,#7710,#7711,#7712));
#1111=EDGE_LOOP('',(#7713,#7714,#7715,#7716));
#1112=EDGE_LOOP('',(#7717,#7718,#7719,#7720));
#1113=EDGE_LOOP('',(#7721,#7722,#7723,#7724));
#1114=EDGE_LOOP('',(#7725,#7726,#7727,#7728));
#1115=EDGE_LOOP('',(#7729,#7730,#7731,#7732,#7733,#7734,#7735,#7736,#7737,
#7738,#7739,#7740,#7741,#7742,#7743,#7744,#7745,#7746,#7747,#7748,#7749,
#7750,#7751,#7752,#7753,#7754,#7755,#7756,#7757,#7758,#7759,#7760,#7761,
#7762,#7763,#7764,#7765,#7766,#7767,#7768,#7769,#7770,#7771,#7772,#7773,
#7774,#7775,#7776,#7777,#7778,#7779,#7780,#7781,#7782,#7783,#7784,#7785,
#7786,#7787,#7788,#7789,#7790,#7791,#7792,#7793,#7794,#7795,#7796,#7797,
#7798,#7799,#7800,#7801,#7802,#7803,#7804,#7805,#7806,#7807,#7808,#7809,
#7810,#7811,#7812,#7813,#7814,#7815,#7816,#7817,#7818,#7819,#7820,#7821,
#7822,#7823,#7824,#7825,#7826,#7827,#7828,#7829,#7830,#7831,#7832,#7833,
#7834,#7835,#7836,#7837,#7838,#7839,#7840,#7841,#7842,#7843,#7844,#7845,
#7846,#7847,#7848,#7849,#7850,#7851,#7852,#7853,#7854,#7855,#7856,#7857,
#7858,#7859,#7860,#7861,#7862,#7863,#7864,#7865,#7866,#7867,#7868,#7869,
#7870,#7871,#7872,#7873,#7874,#7875,#7876,#7877,#7878,#7879,#7880,#7881,
#7882,#7883,#7884,#7885,#7886,#7887,#7888,#7889,#7890,#7891,#7892,#7893,
#7894,#7895,#7896,#7897,#7898,#7899,#7900,#7901,#7902,#7903,#7904,#7905,
#7906,#7907,#7908,#7909,#7910,#7911,#7912,#7913,#7914,#7915,#7916,#7917,
#7918,#7919,#7920,#7921,#7922,#7923,#7924,#7925,#7926,#7927,#7928,#7929,
#7930,#7931,#7932,#7933,#7934,#7935,#7936));
#1116=EDGE_LOOP('',(#7937,#7938,#7939,#7940));
#1117=EDGE_LOOP('',(#7941,#7942,#7943,#7944));
#1118=EDGE_LOOP('',(#7945,#7946,#7947,#7948));
#1119=EDGE_LOOP('',(#7949,#7950,#7951,#7952));
#1120=EDGE_LOOP('',(#7953,#7954,#7955,#7956));
#1121=EDGE_LOOP('',(#7957,#7958,#7959,#7960));
#1122=EDGE_LOOP('',(#7961,#7962,#7963,#7964));
#1123=EDGE_LOOP('',(#7965,#7966,#7967,#7968));
#1124=EDGE_LOOP('',(#7969,#7970,#7971,#7972));
#1125=EDGE_LOOP('',(#7973,#7974,#7975,#7976));
#1126=EDGE_LOOP('',(#7977,#7978,#7979,#7980));
#1127=EDGE_LOOP('',(#7981,#7982,#7983,#7984));
#1128=EDGE_LOOP('',(#7985,#7986,#7987,#7988));
#1129=EDGE_LOOP('',(#7989,#7990,#7991,#7992));
#1130=EDGE_LOOP('',(#7993,#7994,#7995,#7996));
#1131=EDGE_LOOP('',(#7997,#7998,#7999,#8000));
#1132=EDGE_LOOP('',(#8001,#8002,#8003,#8004));
#1133=EDGE_LOOP('',(#8005,#8006,#8007,#8008));
#1134=EDGE_LOOP('',(#8009,#8010,#8011,#8012));
#1135=EDGE_LOOP('',(#8013,#8014,#8015,#8016));
#1136=EDGE_LOOP('',(#8017,#8018,#8019,#8020));
#1137=EDGE_LOOP('',(#8021,#8022,#8023,#8024));
#1138=EDGE_LOOP('',(#8025,#8026,#8027,#8028));
#1139=EDGE_LOOP('',(#8029,#8030,#8031,#8032));
#1140=EDGE_LOOP('',(#8033,#8034,#8035,#8036));
#1141=EDGE_LOOP('',(#8037,#8038,#8039,#8040));
#1142=EDGE_LOOP('',(#8041,#8042,#8043,#8044));
#1143=EDGE_LOOP('',(#8045,#8046,#8047,#8048));
#1144=EDGE_LOOP('',(#8049,#8050,#8051,#8052));
#1145=EDGE_LOOP('',(#8053,#8054,#8055,#8056));
#1146=EDGE_LOOP('',(#8057,#8058,#8059,#8060));
#1147=EDGE_LOOP('',(#8061,#8062,#8063,#8064));
#1148=EDGE_LOOP('',(#8065,#8066,#8067,#8068));
#1149=EDGE_LOOP('',(#8069,#8070,#8071,#8072));
#1150=EDGE_LOOP('',(#8073,#8074,#8075,#8076));
#1151=EDGE_LOOP('',(#8077,#8078,#8079,#8080));
#1152=EDGE_LOOP('',(#8081,#8082,#8083,#8084));
#1153=EDGE_LOOP('',(#8085,#8086,#8087,#8088));
#1154=EDGE_LOOP('',(#8089,#8090,#8091,#8092));
#1155=EDGE_LOOP('',(#8093,#8094,#8095,#8096));
#1156=EDGE_LOOP('',(#8097,#8098,#8099,#8100));
#1157=EDGE_LOOP('',(#8101,#8102,#8103,#8104));
#1158=EDGE_LOOP('',(#8105,#8106,#8107,#8108));
#1159=EDGE_LOOP('',(#8109,#8110,#8111,#8112));
#1160=EDGE_LOOP('',(#8113,#8114,#8115,#8116));
#1161=EDGE_LOOP('',(#8117,#8118,#8119,#8120));
#1162=EDGE_LOOP('',(#8121,#8122,#8123,#8124));
#1163=EDGE_LOOP('',(#8125,#8126,#8127,#8128));
#1164=EDGE_LOOP('',(#8129,#8130,#8131,#8132));
#1165=EDGE_LOOP('',(#8133,#8134,#8135,#8136));
#1166=EDGE_LOOP('',(#8137,#8138,#8139,#8140));
#1167=EDGE_LOOP('',(#8141,#8142,#8143,#8144));
#1168=EDGE_LOOP('',(#8145,#8146,#8147,#8148));
#1169=EDGE_LOOP('',(#8149,#8150,#8151,#8152));
#1170=EDGE_LOOP('',(#8153,#8154,#8155,#8156));
#1171=EDGE_LOOP('',(#8157,#8158,#8159,#8160));
#1172=EDGE_LOOP('',(#8161,#8162,#8163,#8164));
#1173=EDGE_LOOP('',(#8165,#8166,#8167,#8168));
#1174=EDGE_LOOP('',(#8169,#8170,#8171,#8172));
#1175=EDGE_LOOP('',(#8173,#8174,#8175,#8176));
#1176=EDGE_LOOP('',(#8177,#8178,#8179,#8180));
#1177=EDGE_LOOP('',(#8181,#8182,#8183,#8184));
#1178=EDGE_LOOP('',(#8185,#8186,#8187,#8188));
#1179=EDGE_LOOP('',(#8189,#8190,#8191,#8192));
#1180=EDGE_LOOP('',(#8193,#8194,#8195,#8196));
#1181=EDGE_LOOP('',(#8197,#8198,#8199,#8200));
#1182=EDGE_LOOP('',(#8201,#8202,#8203,#8204));
#1183=EDGE_LOOP('',(#8205,#8206,#8207,#8208));
#1184=EDGE_LOOP('',(#8209,#8210,#8211,#8212));
#1185=EDGE_LOOP('',(#8213,#8214,#8215,#8216));
#1186=EDGE_LOOP('',(#8217,#8218,#8219,#8220));
#1187=EDGE_LOOP('',(#8221,#8222,#8223,#8224));
#1188=EDGE_LOOP('',(#8225,#8226,#8227,#8228));
#1189=EDGE_LOOP('',(#8229,#8230,#8231,#8232));
#1190=EDGE_LOOP('',(#8233,#8234,#8235,#8236));
#1191=EDGE_LOOP('',(#8237,#8238,#8239,#8240));
#1192=EDGE_LOOP('',(#8241,#8242,#8243,#8244));
#1193=EDGE_LOOP('',(#8245,#8246,#8247,#8248));
#1194=EDGE_LOOP('',(#8249,#8250,#8251,#8252));
#1195=EDGE_LOOP('',(#8253,#8254,#8255,#8256));
#1196=EDGE_LOOP('',(#8257,#8258,#8259,#8260));
#1197=EDGE_LOOP('',(#8261,#8262,#8263,#8264));
#1198=EDGE_LOOP('',(#8265,#8266,#8267,#8268));
#1199=EDGE_LOOP('',(#8269,#8270,#8271,#8272));
#1200=EDGE_LOOP('',(#8273,#8274,#8275,#8276));
#1201=EDGE_LOOP('',(#8277,#8278,#8279,#8280));
#1202=EDGE_LOOP('',(#8281,#8282,#8283,#8284));
#1203=EDGE_LOOP('',(#8285,#8286,#8287,#8288));
#1204=EDGE_LOOP('',(#8289,#8290,#8291,#8292));
#1205=EDGE_LOOP('',(#8293,#8294,#8295,#8296));
#1206=EDGE_LOOP('',(#8297,#8298,#8299,#8300));
#1207=EDGE_LOOP('',(#8301,#8302,#8303,#8304));
#1208=EDGE_LOOP('',(#8305,#8306,#8307,#8308));
#1209=EDGE_LOOP('',(#8309,#8310,#8311,#8312));
#1210=EDGE_LOOP('',(#8313,#8314,#8315,#8316));
#1211=EDGE_LOOP('',(#8317,#8318,#8319,#8320));
#1212=EDGE_LOOP('',(#8321,#8322,#8323,#8324));
#1213=EDGE_LOOP('',(#8325,#8326,#8327,#8328));
#1214=EDGE_LOOP('',(#8329,#8330,#8331,#8332));
#1215=EDGE_LOOP('',(#8333,#8334,#8335,#8336));
#1216=EDGE_LOOP('',(#8337,#8338,#8339,#8340));
#1217=EDGE_LOOP('',(#8341,#8342,#8343,#8344));
#1218=EDGE_LOOP('',(#8345,#8346,#8347,#8348));
#1219=EDGE_LOOP('',(#8349,#8350,#8351,#8352));
#1220=EDGE_LOOP('',(#8353,#8354,#8355,#8356));
#1221=EDGE_LOOP('',(#8357,#8358,#8359,#8360));
#1222=EDGE_LOOP('',(#8361,#8362,#8363,#8364));
#1223=EDGE_LOOP('',(#8365,#8366,#8367,#8368));
#1224=EDGE_LOOP('',(#8369,#8370,#8371,#8372));
#1225=EDGE_LOOP('',(#8373,#8374,#8375,#8376));
#1226=EDGE_LOOP('',(#8377,#8378,#8379,#8380));
#1227=EDGE_LOOP('',(#8381,#8382,#8383,#8384));
#1228=EDGE_LOOP('',(#8385,#8386,#8387,#8388));
#1229=EDGE_LOOP('',(#8389,#8390,#8391,#8392));
#1230=EDGE_LOOP('',(#8393,#8394,#8395,#8396));
#1231=EDGE_LOOP('',(#8397,#8398,#8399,#8400));
#1232=EDGE_LOOP('',(#8401,#8402,#8403,#8404));
#1233=EDGE_LOOP('',(#8405,#8406,#8407,#8408));
#1234=EDGE_LOOP('',(#8409,#8410,#8411,#8412));
#1235=EDGE_LOOP('',(#8413,#8414,#8415,#8416));
#1236=EDGE_LOOP('',(#8417,#8418,#8419,#8420));
#1237=EDGE_LOOP('',(#8421,#8422,#8423,#8424));
#1238=EDGE_LOOP('',(#8425,#8426,#8427,#8428));
#1239=EDGE_LOOP('',(#8429,#8430,#8431,#8432));
#1240=EDGE_LOOP('',(#8433,#8434,#8435,#8436));
#1241=EDGE_LOOP('',(#8437,#8438,#8439,#8440));
#1242=EDGE_LOOP('',(#8441,#8442,#8443,#8444));
#1243=EDGE_LOOP('',(#8445,#8446,#8447,#8448));
#1244=EDGE_LOOP('',(#8449,#8450,#8451,#8452));
#1245=EDGE_LOOP('',(#8453,#8454,#8455,#8456));
#1246=EDGE_LOOP('',(#8457,#8458,#8459,#8460));
#1247=EDGE_LOOP('',(#8461,#8462,#8463,#8464));
#1248=EDGE_LOOP('',(#8465,#8466,#8467,#8468));
#1249=EDGE_LOOP('',(#8469,#8470,#8471,#8472));
#1250=EDGE_LOOP('',(#8473,#8474,#8475,#8476));
#1251=EDGE_LOOP('',(#8477,#8478,#8479,#8480));
#1252=EDGE_LOOP('',(#8481,#8482,#8483,#8484));
#1253=EDGE_LOOP('',(#8485,#8486,#8487,#8488));
#1254=EDGE_LOOP('',(#8489,#8490,#8491,#8492));
#1255=EDGE_LOOP('',(#8493,#8494,#8495,#8496));
#1256=EDGE_LOOP('',(#8497,#8498,#8499,#8500));
#1257=EDGE_LOOP('',(#8501,#8502,#8503,#8504));
#1258=EDGE_LOOP('',(#8505,#8506,#8507,#8508));
#1259=EDGE_LOOP('',(#8509,#8510,#8511,#8512));
#1260=EDGE_LOOP('',(#8513,#8514,#8515,#8516));
#1261=EDGE_LOOP('',(#8517,#8518,#8519,#8520));
#1262=EDGE_LOOP('',(#8521,#8522,#8523,#8524));
#1263=EDGE_LOOP('',(#8525,#8526,#8527,#8528));
#1264=EDGE_LOOP('',(#8529,#8530,#8531,#8532));
#1265=EDGE_LOOP('',(#8533,#8534,#8535,#8536));
#1266=EDGE_LOOP('',(#8537,#8538,#8539,#8540));
#1267=EDGE_LOOP('',(#8541,#8542,#8543,#8544));
#1268=EDGE_LOOP('',(#8545,#8546,#8547,#8548));
#1269=EDGE_LOOP('',(#8549,#8550,#8551,#8552));
#1270=EDGE_LOOP('',(#8553,#8554,#8555,#8556));
#1271=EDGE_LOOP('',(#8557,#8558,#8559,#8560));
#1272=EDGE_LOOP('',(#8561,#8562,#8563,#8564));
#1273=EDGE_LOOP('',(#8565,#8566,#8567,#8568));
#1274=EDGE_LOOP('',(#8569,#8570,#8571,#8572));
#1275=EDGE_LOOP('',(#8573,#8574,#8575,#8576));
#1276=EDGE_LOOP('',(#8577,#8578,#8579,#8580));
#1277=EDGE_LOOP('',(#8581,#8582,#8583,#8584));
#1278=EDGE_LOOP('',(#8585,#8586,#8587,#8588));
#1279=EDGE_LOOP('',(#8589,#8590,#8591,#8592));
#1280=EDGE_LOOP('',(#8593,#8594,#8595,#8596));
#1281=EDGE_LOOP('',(#8597,#8598,#8599,#8600));
#1282=EDGE_LOOP('',(#8601,#8602,#8603,#8604));
#1283=EDGE_LOOP('',(#8605,#8606,#8607,#8608));
#1284=EDGE_LOOP('',(#8609,#8610,#8611,#8612));
#1285=EDGE_LOOP('',(#8613,#8614,#8615,#8616,#8617,#8618,#8619));
#1286=EDGE_LOOP('',(#8620,#8621,#8622,#8623));
#1287=EDGE_LOOP('',(#8624,#8625,#8626,#8627,#8628,#8629,#8630));
#1288=EDGE_LOOP('',(#8631,#8632,#8633,#8634));
#1289=EDGE_LOOP('',(#8635,#8636,#8637,#8638));
#1290=EDGE_LOOP('',(#8639,#8640));
#1291=EDGE_LOOP('',(#8641,#8642,#8643,#8644));
#1292=EDGE_LOOP('',(#8645,#8646,#8647));
#1293=EDGE_LOOP('',(#8648,#8649,#8650));
#1294=EDGE_LOOP('',(#8651,#8652,#8653,#8654,#8655,#8656,#8657,#8658,#8659,
#8660,#8661,#8662,#8663,#8664,#8665));
#1295=EDGE_LOOP('',(#8666,#8667));
#1296=EDGE_LOOP('',(#8668,#8669,#8670,#8671));
#1297=EDGE_LOOP('',(#8672,#8673,#8674,#8675,#8676,#8677,#8678,#8679,#8680,
#8681,#8682));
#1298=EDGE_LOOP('',(#8683,#8684,#8685));
#1299=EDGE_LOOP('',(#8686,#8687,#8688,#8689,#8690,#8691,#8692,#8693,#8694,
#8695,#8696,#8697,#8698,#8699,#8700,#8701,#8702,#8703,#8704,#8705,#8706,
#8707,#8708,#8709,#8710,#8711,#8712,#8713,#8714,#8715,#8716,#8717,#8718,
#8719,#8720,#8721,#8722,#8723,#8724,#8725,#8726,#8727,#8728,#8729,#8730,
#8731,#8732,#8733,#8734,#8735,#8736,#8737,#8738,#8739,#8740,#8741,#8742,
#8743,#8744,#8745,#8746,#8747,#8748,#8749,#8750,#8751,#8752,#8753,#8754,
#8755,#8756,#8757,#8758,#8759,#8760,#8761,#8762,#8763,#8764,#8765,#8766,
#8767,#8768,#8769,#8770,#8771,#8772,#8773,#8774,#8775,#8776,#8777,#8778,
#8779,#8780,#8781,#8782,#8783,#8784,#8785,#8786,#8787,#8788,#8789,#8790,
#8791,#8792,#8793,#8794,#8795,#8796,#8797,#8798,#8799,#8800,#8801,#8802,
#8803,#8804,#8805,#8806,#8807,#8808,#8809,#8810,#8811,#8812,#8813,#8814,
#8815,#8816,#8817,#8818,#8819,#8820,#8821,#8822,#8823,#8824,#8825,#8826,
#8827,#8828,#8829,#8830,#8831,#8832,#8833,#8834,#8835,#8836,#8837,#8838,
#8839,#8840,#8841,#8842,#8843,#8844,#8845,#8846,#8847,#8848,#8849,#8850,
#8851,#8852,#8853,#8854,#8855,#8856,#8857,#8858,#8859,#8860,#8861,#8862,
#8863,#8864,#8865,#8866,#8867,#8868,#8869,#8870,#8871,#8872,#8873,#8874,
#8875,#8876,#8877,#8878,#8879,#8880,#8881,#8882,#8883,#8884,#8885,#8886,
#8887,#8888,#8889,#8890,#8891,#8892,#8893));
#1300=EDGE_LOOP('',(#8894,#8895,#8896,#8897,#8898,#8899));
#1301=EDGE_LOOP('',(#8900,#8901,#8902,#8903));
#1302=EDGE_LOOP('',(#8904,#8905,#8906));
#1303=EDGE_LOOP('',(#8907,#8908,#8909,#8910,#8911,#8912,#8913,#8914,#8915,
#8916,#8917,#8918,#8919,#8920,#8921));
#1304=EDGE_LOOP('',(#8922,#8923,#8924));
#1305=EDGE_LOOP('',(#8925,#8926));
#1306=EDGE_LOOP('',(#8927,#8928,#8929,#8930));
#1307=EDGE_LOOP('',(#8931,#8932,#8933));
#1308=EDGE_LOOP('',(#8934,#8935));
#1309=EDGE_LOOP('',(#8936,#8937,#8938,#8939));
#1310=EDGE_LOOP('',(#8940,#8941,#8942,#8943));
#1311=EDGE_LOOP('',(#8944,#8945,#8946,#8947));
#1312=EDGE_LOOP('',(#8948,#8949,#8950,#8951,#8952,#8953,#8954));
#1313=EDGE_LOOP('',(#8955,#8956,#8957,#8958));
#1314=EDGE_LOOP('',(#8959,#8960,#8961,#8962,#8963,#8964,#8965));
#1315=EDGE_LOOP('',(#8966,#8967,#8968,#8969,#8970,#8971,#8972));
#1316=EDGE_LOOP('',(#8973,#8974,#8975,#8976));
#1317=EDGE_LOOP('',(#8977,#8978,#8979,#8980,#8981,#8982,#8983,#8984,#8985,
#8986,#8987,#8988,#8989,#8990,#8991));
#1318=EDGE_LOOP('',(#8992,#8993,#8994,#8995,#8996,#8997,#8998,#8999));
#1319=EDGE_LOOP('',(#9000,#9001,#9002,#9003));
#1320=EDGE_LOOP('',(#9004,#9005,#9006,#9007,#9008,#9009,#9010,#9011));
#1321=EDGE_LOOP('',(#9012,#9013,#9014,#9015));
#1322=EDGE_LOOP('',(#9016,#9017,#9018,#9019));
#1323=EDGE_LOOP('',(#9020,#9021,#9022,#9023,#9024,#9025,#9026,#9027,#9028,
#9029,#9030,#9031,#9032,#9033));
#1324=EDGE_LOOP('',(#9034,#9035,#9036,#9037));
#1325=EDGE_LOOP('',(#9038,#9039,#9040,#9041));
#1326=EDGE_LOOP('',(#9042,#9043,#9044,#9045));
#1327=EDGE_LOOP('',(#9046,#9047,#9048,#9049,#9050,#9051,#9052,#9053));
#1328=EDGE_LOOP('',(#9054,#9055,#9056,#9057,#9058,#9059,#9060,#9061));
#1329=EDGE_LOOP('',(#9062,#9063,#9064,#9065));
#1330=EDGE_LOOP('',(#9066,#9067,#9068,#9069,#9070,#9071,#9072,#9073,#9074,
#9075,#9076,#9077,#9078,#9079,#9080,#9081,#9082));
#1331=EDGE_LOOP('',(#9083,#9084,#9085,#9086));
#1332=EDGE_LOOP('',(#9087,#9088,#9089,#9090,#9091,#9092));
#1333=EDGE_LOOP('',(#9093,#9094,#9095,#9096,#9097,#9098,#9099,#9100,#9101,
#9102,#9103,#9104,#9105,#9106));
#1334=EDGE_LOOP('',(#9107,#9108,#9109,#9110));
#1335=EDGE_LOOP('',(#9111,#9112,#9113,#9114,#9115,#9116));
#1336=EDGE_LOOP('',(#9117,#9118,#9119,#9120));
#1337=EDGE_LOOP('',(#9121,#9122,#9123,#9124));
#1338=EDGE_LOOP('',(#9125,#9126,#9127,#9128));
#1339=EDGE_LOOP('',(#9129,#9130,#9131,#9132));
#1340=EDGE_LOOP('',(#9133,#9134,#9135,#9136));
#1341=EDGE_LOOP('',(#9137,#9138,#9139,#9140));
#1342=EDGE_LOOP('',(#9141,#9142,#9143,#9144));
#1343=EDGE_LOOP('',(#9145,#9146,#9147,#9148));
#1344=EDGE_LOOP('',(#9149,#9150,#9151,#9152));
#1345=EDGE_LOOP('',(#9153,#9154,#9155,#9156));
#1346=EDGE_LOOP('',(#9157,#9158,#9159,#9160));
#1347=EDGE_LOOP('',(#9161,#9162,#9163,#9164));
#1348=EDGE_LOOP('',(#9165,#9166,#9167,#9168));
#1349=EDGE_LOOP('',(#9169,#9170,#9171,#9172));
#1350=EDGE_LOOP('',(#9173,#9174,#9175,#9176));
#1351=EDGE_LOOP('',(#9177,#9178,#9179,#9180));
#1352=EDGE_LOOP('',(#9181,#9182,#9183,#9184));
#1353=EDGE_LOOP('',(#9185,#9186,#9187,#9188));
#1354=EDGE_LOOP('',(#9189,#9190,#9191,#9192));
#1355=EDGE_LOOP('',(#9193,#9194,#9195,#9196));
#1356=EDGE_LOOP('',(#9197,#9198,#9199,#9200));
#1357=EDGE_LOOP('',(#9201,#9202,#9203,#9204));
#1358=EDGE_LOOP('',(#9205,#9206,#9207,#9208));
#1359=EDGE_LOOP('',(#9209,#9210,#9211,#9212));
#1360=EDGE_LOOP('',(#9213,#9214,#9215,#9216));
#1361=EDGE_LOOP('',(#9217,#9218,#9219,#9220));
#1362=EDGE_LOOP('',(#9221,#9222,#9223,#9224));
#1363=EDGE_LOOP('',(#9225,#9226,#9227,#9228));
#1364=EDGE_LOOP('',(#9229,#9230,#9231,#9232));
#1365=EDGE_LOOP('',(#9233,#9234,#9235,#9236));
#1366=EDGE_LOOP('',(#9237,#9238,#9239,#9240));
#1367=EDGE_LOOP('',(#9241,#9242,#9243,#9244));
#1368=EDGE_LOOP('',(#9245,#9246,#9247,#9248));
#1369=EDGE_LOOP('',(#9249,#9250,#9251,#9252));
#1370=EDGE_LOOP('',(#9253,#9254,#9255,#9256));
#1371=EDGE_LOOP('',(#9257,#9258,#9259,#9260));
#1372=EDGE_LOOP('',(#9261,#9262,#9263,#9264));
#1373=EDGE_LOOP('',(#9265,#9266,#9267,#9268));
#1374=EDGE_LOOP('',(#9269,#9270,#9271,#9272));
#1375=EDGE_LOOP('',(#9273,#9274,#9275,#9276,#9277,#9278,#9279,#9280,#9281,
#9282,#9283,#9284,#9285,#9286,#9287,#9288,#9289,#9290,#9291,#9292,#9293,
#9294,#9295,#9296,#9297,#9298,#9299,#9300,#9301,#9302,#9303,#9304,#9305,
#9306,#9307,#9308,#9309,#9310,#9311,#9312,#9313,#9314,#9315,#9316,#9317,
#9318,#9319,#9320,#9321,#9322,#9323,#9324,#9325,#9326,#9327,#9328,#9329,
#9330,#9331,#9332,#9333,#9334,#9335,#9336,#9337,#9338,#9339,#9340,#9341,
#9342,#9343,#9344,#9345,#9346,#9347,#9348,#9349,#9350,#9351,#9352,#9353,
#9354,#9355,#9356,#9357,#9358,#9359,#9360,#9361,#9362,#9363,#9364,#9365,
#9366,#9367,#9368,#9369,#9370,#9371,#9372,#9373,#9374,#9375,#9376,#9377,
#9378,#9379,#9380,#9381,#9382,#9383,#9384,#9385,#9386,#9387,#9388,#9389,
#9390,#9391,#9392,#9393,#9394,#9395,#9396,#9397,#9398,#9399,#9400,#9401,
#9402,#9403,#9404,#9405,#9406,#9407,#9408,#9409,#9410,#9411,#9412,#9413,
#9414,#9415,#9416,#9417,#9418,#9419,#9420,#9421,#9422,#9423,#9424,#9425,
#9426,#9427,#9428,#9429,#9430,#9431,#9432,#9433,#9434,#9435,#9436,#9437,
#9438,#9439,#9440,#9441,#9442,#9443,#9444,#9445,#9446,#9447,#9448,#9449,
#9450,#9451,#9452,#9453,#9454,#9455,#9456,#9457,#9458,#9459,#9460,#9461,
#9462,#9463,#9464,#9465,#9466,#9467,#9468,#9469,#9470,#9471,#9472,#9473,
#9474,#9475,#9476,#9477,#9478,#9479,#9480));
#1376=EDGE_LOOP('',(#9481,#9482,#9483,#9484));
#1377=EDGE_LOOP('',(#9485,#9486,#9487,#9488));
#1378=EDGE_LOOP('',(#9489,#9490,#9491,#9492));
#1379=EDGE_LOOP('',(#9493,#9494,#9495,#9496));
#1380=EDGE_LOOP('',(#9497,#9498,#9499,#9500));
#1381=EDGE_LOOP('',(#9501,#9502,#9503,#9504));
#1382=EDGE_LOOP('',(#9505,#9506,#9507,#9508));
#1383=EDGE_LOOP('',(#9509,#9510,#9511,#9512));
#1384=EDGE_LOOP('',(#9513,#9514,#9515,#9516));
#1385=EDGE_LOOP('',(#9517,#9518,#9519,#9520));
#1386=EDGE_LOOP('',(#9521,#9522,#9523,#9524));
#1387=EDGE_LOOP('',(#9525,#9526,#9527,#9528));
#1388=EDGE_LOOP('',(#9529,#9530,#9531,#9532));
#1389=EDGE_LOOP('',(#9533,#9534,#9535,#9536));
#1390=EDGE_LOOP('',(#9537,#9538,#9539,#9540));
#1391=EDGE_LOOP('',(#9541,#9542,#9543,#9544));
#1392=EDGE_LOOP('',(#9545,#9546,#9547,#9548));
#1393=EDGE_LOOP('',(#9549,#9550,#9551,#9552));
#1394=EDGE_LOOP('',(#9553,#9554,#9555,#9556));
#1395=EDGE_LOOP('',(#9557,#9558,#9559,#9560));
#1396=EDGE_LOOP('',(#9561,#9562,#9563,#9564));
#1397=EDGE_LOOP('',(#9565,#9566,#9567,#9568));
#1398=EDGE_LOOP('',(#9569,#9570,#9571,#9572));
#1399=EDGE_LOOP('',(#9573,#9574,#9575,#9576));
#1400=EDGE_LOOP('',(#9577,#9578,#9579,#9580));
#1401=EDGE_LOOP('',(#9581,#9582,#9583,#9584));
#1402=EDGE_LOOP('',(#9585,#9586,#9587,#9588));
#1403=EDGE_LOOP('',(#9589,#9590,#9591,#9592));
#1404=EDGE_LOOP('',(#9593,#9594,#9595,#9596));
#1405=EDGE_LOOP('',(#9597,#9598,#9599,#9600));
#1406=EDGE_LOOP('',(#9601,#9602,#9603,#9604));
#1407=EDGE_LOOP('',(#9605,#9606,#9607,#9608));
#1408=EDGE_LOOP('',(#9609,#9610,#9611,#9612));
#1409=EDGE_LOOP('',(#9613,#9614,#9615,#9616));
#1410=EDGE_LOOP('',(#9617,#9618,#9619,#9620));
#1411=EDGE_LOOP('',(#9621,#9622,#9623,#9624));
#1412=EDGE_LOOP('',(#9625,#9626,#9627,#9628));
#1413=EDGE_LOOP('',(#9629,#9630,#9631,#9632));
#1414=EDGE_LOOP('',(#9633,#9634,#9635,#9636));
#1415=EDGE_LOOP('',(#9637,#9638,#9639,#9640));
#1416=EDGE_LOOP('',(#9641,#9642,#9643,#9644));
#1417=EDGE_LOOP('',(#9645,#9646,#9647,#9648));
#1418=EDGE_LOOP('',(#9649,#9650,#9651,#9652));
#1419=EDGE_LOOP('',(#9653,#9654,#9655,#9656));
#1420=EDGE_LOOP('',(#9657,#9658,#9659,#9660));
#1421=EDGE_LOOP('',(#9661,#9662,#9663,#9664));
#1422=EDGE_LOOP('',(#9665,#9666,#9667,#9668));
#1423=EDGE_LOOP('',(#9669,#9670,#9671,#9672));
#1424=EDGE_LOOP('',(#9673,#9674,#9675,#9676));
#1425=EDGE_LOOP('',(#9677,#9678,#9679,#9680));
#1426=EDGE_LOOP('',(#9681,#9682,#9683,#9684));
#1427=EDGE_LOOP('',(#9685,#9686,#9687,#9688));
#1428=EDGE_LOOP('',(#9689,#9690,#9691,#9692));
#1429=EDGE_LOOP('',(#9693,#9694,#9695,#9696));
#1430=EDGE_LOOP('',(#9697,#9698,#9699,#9700));
#1431=EDGE_LOOP('',(#9701,#9702,#9703,#9704));
#1432=EDGE_LOOP('',(#9705,#9706,#9707,#9708));
#1433=EDGE_LOOP('',(#9709,#9710,#9711,#9712));
#1434=EDGE_LOOP('',(#9713,#9714,#9715,#9716));
#1435=EDGE_LOOP('',(#9717,#9718,#9719,#9720));
#1436=EDGE_LOOP('',(#9721,#9722,#9723,#9724));
#1437=EDGE_LOOP('',(#9725,#9726,#9727,#9728));
#1438=EDGE_LOOP('',(#9729,#9730,#9731,#9732));
#1439=EDGE_LOOP('',(#9733,#9734,#9735,#9736));
#1440=EDGE_LOOP('',(#9737,#9738,#9739,#9740));
#1441=EDGE_LOOP('',(#9741,#9742,#9743,#9744));
#1442=EDGE_LOOP('',(#9745,#9746,#9747,#9748));
#1443=EDGE_LOOP('',(#9749,#9750,#9751,#9752));
#1444=EDGE_LOOP('',(#9753,#9754,#9755,#9756));
#1445=EDGE_LOOP('',(#9757,#9758,#9759,#9760));
#1446=EDGE_LOOP('',(#9761,#9762,#9763,#9764));
#1447=EDGE_LOOP('',(#9765,#9766,#9767,#9768));
#1448=EDGE_LOOP('',(#9769,#9770,#9771,#9772));
#1449=EDGE_LOOP('',(#9773,#9774,#9775,#9776));
#1450=EDGE_LOOP('',(#9777,#9778,#9779,#9780));
#1451=EDGE_LOOP('',(#9781,#9782,#9783,#9784));
#1452=EDGE_LOOP('',(#9785,#9786,#9787,#9788));
#1453=EDGE_LOOP('',(#9789,#9790,#9791,#9792));
#1454=EDGE_LOOP('',(#9793,#9794,#9795,#9796));
#1455=EDGE_LOOP('',(#9797,#9798,#9799,#9800));
#1456=EDGE_LOOP('',(#9801,#9802,#9803,#9804));
#1457=EDGE_LOOP('',(#9805,#9806,#9807,#9808));
#1458=EDGE_LOOP('',(#9809,#9810,#9811,#9812));
#1459=EDGE_LOOP('',(#9813,#9814,#9815,#9816));
#1460=EDGE_LOOP('',(#9817,#9818,#9819,#9820));
#1461=EDGE_LOOP('',(#9821,#9822,#9823,#9824));
#1462=EDGE_LOOP('',(#9825,#9826,#9827,#9828));
#1463=EDGE_LOOP('',(#9829,#9830,#9831,#9832));
#1464=EDGE_LOOP('',(#9833,#9834,#9835,#9836));
#1465=EDGE_LOOP('',(#9837,#9838,#9839,#9840));
#1466=EDGE_LOOP('',(#9841,#9842,#9843,#9844));
#1467=EDGE_LOOP('',(#9845,#9846,#9847,#9848));
#1468=EDGE_LOOP('',(#9849,#9850,#9851,#9852));
#1469=EDGE_LOOP('',(#9853,#9854,#9855,#9856));
#1470=EDGE_LOOP('',(#9857,#9858,#9859,#9860));
#1471=EDGE_LOOP('',(#9861,#9862,#9863,#9864));
#1472=EDGE_LOOP('',(#9865,#9866,#9867,#9868));
#1473=EDGE_LOOP('',(#9869,#9870,#9871,#9872));
#1474=EDGE_LOOP('',(#9873,#9874,#9875,#9876));
#1475=EDGE_LOOP('',(#9877,#9878,#9879,#9880));
#1476=EDGE_LOOP('',(#9881,#9882,#9883,#9884));
#1477=EDGE_LOOP('',(#9885,#9886,#9887,#9888));
#1478=EDGE_LOOP('',(#9889,#9890,#9891,#9892));
#1479=EDGE_LOOP('',(#9893,#9894,#9895,#9896));
#1480=EDGE_LOOP('',(#9897,#9898,#9899,#9900));
#1481=EDGE_LOOP('',(#9901,#9902,#9903,#9904));
#1482=EDGE_LOOP('',(#9905,#9906,#9907,#9908));
#1483=EDGE_LOOP('',(#9909,#9910,#9911,#9912));
#1484=EDGE_LOOP('',(#9913,#9914,#9915,#9916));
#1485=EDGE_LOOP('',(#9917,#9918,#9919,#9920));
#1486=EDGE_LOOP('',(#9921,#9922,#9923,#9924));
#1487=EDGE_LOOP('',(#9925,#9926,#9927,#9928));
#1488=EDGE_LOOP('',(#9929,#9930,#9931,#9932));
#1489=EDGE_LOOP('',(#9933,#9934,#9935,#9936));
#1490=EDGE_LOOP('',(#9937,#9938,#9939,#9940));
#1491=EDGE_LOOP('',(#9941,#9942,#9943,#9944));
#1492=EDGE_LOOP('',(#9945,#9946,#9947,#9948));
#1493=EDGE_LOOP('',(#9949,#9950,#9951,#9952));
#1494=EDGE_LOOP('',(#9953,#9954,#9955,#9956));
#1495=EDGE_LOOP('',(#9957,#9958,#9959,#9960));
#1496=EDGE_LOOP('',(#9961,#9962,#9963,#9964));
#1497=EDGE_LOOP('',(#9965,#9966,#9967,#9968));
#1498=EDGE_LOOP('',(#9969,#9970,#9971,#9972));
#1499=EDGE_LOOP('',(#9973,#9974,#9975,#9976));
#1500=EDGE_LOOP('',(#9977,#9978,#9979,#9980));
#1501=EDGE_LOOP('',(#9981,#9982,#9983,#9984));
#1502=EDGE_LOOP('',(#9985,#9986,#9987,#9988));
#1503=EDGE_LOOP('',(#9989,#9990,#9991,#9992));
#1504=EDGE_LOOP('',(#9993,#9994,#9995,#9996));
#1505=EDGE_LOOP('',(#9997,#9998,#9999,#10000));
#1506=EDGE_LOOP('',(#10001,#10002,#10003,#10004));
#1507=EDGE_LOOP('',(#10005,#10006,#10007,#10008));
#1508=EDGE_LOOP('',(#10009,#10010,#10011,#10012));
#1509=EDGE_LOOP('',(#10013,#10014,#10015,#10016));
#1510=EDGE_LOOP('',(#10017,#10018,#10019,#10020));
#1511=EDGE_LOOP('',(#10021,#10022,#10023,#10024));
#1512=EDGE_LOOP('',(#10025,#10026,#10027,#10028));
#1513=EDGE_LOOP('',(#10029,#10030,#10031,#10032));
#1514=EDGE_LOOP('',(#10033,#10034,#10035,#10036));
#1515=EDGE_LOOP('',(#10037,#10038,#10039,#10040));
#1516=EDGE_LOOP('',(#10041,#10042,#10043,#10044));
#1517=EDGE_LOOP('',(#10045,#10046,#10047,#10048));
#1518=EDGE_LOOP('',(#10049,#10050,#10051,#10052));
#1519=EDGE_LOOP('',(#10053,#10054,#10055,#10056));
#1520=EDGE_LOOP('',(#10057,#10058,#10059,#10060));
#1521=EDGE_LOOP('',(#10061,#10062,#10063,#10064));
#1522=EDGE_LOOP('',(#10065,#10066,#10067,#10068));
#1523=EDGE_LOOP('',(#10069,#10070,#10071,#10072));
#1524=EDGE_LOOP('',(#10073,#10074,#10075,#10076));
#1525=EDGE_LOOP('',(#10077,#10078,#10079,#10080));
#1526=EDGE_LOOP('',(#10081,#10082,#10083,#10084));
#1527=EDGE_LOOP('',(#10085,#10086,#10087,#10088));
#1528=EDGE_LOOP('',(#10089,#10090,#10091,#10092));
#1529=EDGE_LOOP('',(#10093,#10094,#10095,#10096));
#1530=EDGE_LOOP('',(#10097,#10098,#10099,#10100));
#1531=EDGE_LOOP('',(#10101,#10102,#10103,#10104));
#1532=EDGE_LOOP('',(#10105,#10106,#10107,#10108));
#1533=EDGE_LOOP('',(#10109,#10110,#10111,#10112));
#1534=EDGE_LOOP('',(#10113,#10114,#10115,#10116));
#1535=EDGE_LOOP('',(#10117,#10118,#10119,#10120));
#1536=EDGE_LOOP('',(#10121,#10122,#10123,#10124));
#1537=EDGE_LOOP('',(#10125,#10126,#10127,#10128));
#1538=EDGE_LOOP('',(#10129,#10130,#10131,#10132));
#1539=EDGE_LOOP('',(#10133,#10134,#10135,#10136));
#1540=EDGE_LOOP('',(#10137,#10138,#10139,#10140));
#1541=EDGE_LOOP('',(#10141,#10142,#10143,#10144));
#1542=EDGE_LOOP('',(#10145,#10146,#10147,#10148));
#1543=EDGE_LOOP('',(#10149,#10150,#10151,#10152));
#1544=EDGE_LOOP('',(#10153,#10154,#10155,#10156));
#1545=LINE('',#13802,#2963);
#1546=LINE('',#13832,#2964);
#1547=LINE('',#13868,#2965);
#1548=LINE('',#13917,#2966);
#1549=LINE('',#13963,#2967);
#1550=LINE('',#13972,#2968);
#1551=LINE('',#14009,#2969);
#1552=LINE('',#14038,#2970);
#1553=LINE('',#14041,#2971);
#1554=LINE('',#14043,#2972);
#1555=LINE('',#14044,#2973);
#1556=LINE('',#14047,#2974);
#1557=LINE('',#14049,#2975);
#1558=LINE('',#14050,#2976);
#1559=LINE('',#14104,#2977);
#1560=LINE('',#14148,#2978);
#1561=LINE('',#14208,#2979);
#1562=LINE('',#14274,#2980);
#1563=LINE('',#14291,#2981);
#1564=LINE('',#14329,#2982);
#1565=LINE('',#14350,#2983);
#1566=LINE('',#14403,#2984);
#1567=LINE('',#14404,#2985);
#1568=LINE('',#14409,#2986);
#1569=LINE('',#14415,#2987);
#1570=LINE('',#14419,#2988);
#1571=LINE('',#14423,#2989);
#1572=LINE('',#14426,#2990);
#1573=LINE('',#14430,#2991);
#1574=LINE('',#14432,#2992);
#1575=LINE('',#14434,#2993);
#1576=LINE('',#14436,#2994);
#1577=LINE('',#14438,#2995);
#1578=LINE('',#14440,#2996);
#1579=LINE('',#14442,#2997);
#1580=LINE('',#14444,#2998);
#1581=LINE('',#14446,#2999);
#1582=LINE('',#14448,#3000);
#1583=LINE('',#14450,#3001);
#1584=LINE('',#14452,#3002);
#1585=LINE('',#14454,#3003);
#1586=LINE('',#14456,#3004);
#1587=LINE('',#14458,#3005);
#1588=LINE('',#14460,#3006);
#1589=LINE('',#14462,#3007);
#1590=LINE('',#14464,#3008);
#1591=LINE('',#14466,#3009);
#1592=LINE('',#14468,#3010);
#1593=LINE('',#14470,#3011);
#1594=LINE('',#14472,#3012);
#1595=LINE('',#14474,#3013);
#1596=LINE('',#14476,#3014);
#1597=LINE('',#14478,#3015);
#1598=LINE('',#14480,#3016);
#1599=LINE('',#14482,#3017);
#1600=LINE('',#14484,#3018);
#1601=LINE('',#14486,#3019);
#1602=LINE('',#14488,#3020);
#1603=LINE('',#14490,#3021);
#1604=LINE('',#14492,#3022);
#1605=LINE('',#14494,#3023);
#1606=LINE('',#14496,#3024);
#1607=LINE('',#14498,#3025);
#1608=LINE('',#14500,#3026);
#1609=LINE('',#14502,#3027);
#1610=LINE('',#14504,#3028);
#1611=LINE('',#14506,#3029);
#1612=LINE('',#14508,#3030);
#1613=LINE('',#14510,#3031);
#1614=LINE('',#14512,#3032);
#1615=LINE('',#14514,#3033);
#1616=LINE('',#14516,#3034);
#1617=LINE('',#14518,#3035);
#1618=LINE('',#14520,#3036);
#1619=LINE('',#14522,#3037);
#1620=LINE('',#14524,#3038);
#1621=LINE('',#14526,#3039);
#1622=LINE('',#14528,#3040);
#1623=LINE('',#14530,#3041);
#1624=LINE('',#14532,#3042);
#1625=LINE('',#14534,#3043);
#1626=LINE('',#14536,#3044);
#1627=LINE('',#14538,#3045);
#1628=LINE('',#14540,#3046);
#1629=LINE('',#14542,#3047);
#1630=LINE('',#14544,#3048);
#1631=LINE('',#14546,#3049);
#1632=LINE('',#14548,#3050);
#1633=LINE('',#14550,#3051);
#1634=LINE('',#14552,#3052);
#1635=LINE('',#14554,#3053);
#1636=LINE('',#14556,#3054);
#1637=LINE('',#14558,#3055);
#1638=LINE('',#14560,#3056);
#1639=LINE('',#14562,#3057);
#1640=LINE('',#14564,#3058);
#1641=LINE('',#14566,#3059);
#1642=LINE('',#14568,#3060);
#1643=LINE('',#14570,#3061);
#1644=LINE('',#14572,#3062);
#1645=LINE('',#14574,#3063);
#1646=LINE('',#14576,#3064);
#1647=LINE('',#14578,#3065);
#1648=LINE('',#14580,#3066);
#1649=LINE('',#14582,#3067);
#1650=LINE('',#14584,#3068);
#1651=LINE('',#14586,#3069);
#1652=LINE('',#14588,#3070);
#1653=LINE('',#14590,#3071);
#1654=LINE('',#14592,#3072);
#1655=LINE('',#14594,#3073);
#1656=LINE('',#14596,#3074);
#1657=LINE('',#14598,#3075);
#1658=LINE('',#14600,#3076);
#1659=LINE('',#14602,#3077);
#1660=LINE('',#14604,#3078);
#1661=LINE('',#14606,#3079);
#1662=LINE('',#14608,#3080);
#1663=LINE('',#14610,#3081);
#1664=LINE('',#14612,#3082);
#1665=LINE('',#14614,#3083);
#1666=LINE('',#14616,#3084);
#1667=LINE('',#14618,#3085);
#1668=LINE('',#14620,#3086);
#1669=LINE('',#14622,#3087);
#1670=LINE('',#14624,#3088);
#1671=LINE('',#14626,#3089);
#1672=LINE('',#14628,#3090);
#1673=LINE('',#14630,#3091);
#1674=LINE('',#14632,#3092);
#1675=LINE('',#14634,#3093);
#1676=LINE('',#14636,#3094);
#1677=LINE('',#14638,#3095);
#1678=LINE('',#14640,#3096);
#1679=LINE('',#14642,#3097);
#1680=LINE('',#14644,#3098);
#1681=LINE('',#14646,#3099);
#1682=LINE('',#14648,#3100);
#1683=LINE('',#14650,#3101);
#1684=LINE('',#14652,#3102);
#1685=LINE('',#14654,#3103);
#1686=LINE('',#14656,#3104);
#1687=LINE('',#14658,#3105);
#1688=LINE('',#14660,#3106);
#1689=LINE('',#14662,#3107);
#1690=LINE('',#14664,#3108);
#1691=LINE('',#14666,#3109);
#1692=LINE('',#14668,#3110);
#1693=LINE('',#14670,#3111);
#1694=LINE('',#14672,#3112);
#1695=LINE('',#14674,#3113);
#1696=LINE('',#14676,#3114);
#1697=LINE('',#14678,#3115);
#1698=LINE('',#14680,#3116);
#1699=LINE('',#14682,#3117);
#1700=LINE('',#14684,#3118);
#1701=LINE('',#14686,#3119);
#1702=LINE('',#14688,#3120);
#1703=LINE('',#14690,#3121);
#1704=LINE('',#14692,#3122);
#1705=LINE('',#14694,#3123);
#1706=LINE('',#14696,#3124);
#1707=LINE('',#14698,#3125);
#1708=LINE('',#14700,#3126);
#1709=LINE('',#14702,#3127);
#1710=LINE('',#14704,#3128);
#1711=LINE('',#14706,#3129);
#1712=LINE('',#14708,#3130);
#1713=LINE('',#14710,#3131);
#1714=LINE('',#14712,#3132);
#1715=LINE('',#14714,#3133);
#1716=LINE('',#14716,#3134);
#1717=LINE('',#14718,#3135);
#1718=LINE('',#14720,#3136);
#1719=LINE('',#14722,#3137);
#1720=LINE('',#14724,#3138);
#1721=LINE('',#14726,#3139);
#1722=LINE('',#14728,#3140);
#1723=LINE('',#14730,#3141);
#1724=LINE('',#14732,#3142);
#1725=LINE('',#14734,#3143);
#1726=LINE('',#14736,#3144);
#1727=LINE('',#14738,#3145);
#1728=LINE('',#14740,#3146);
#1729=LINE('',#14742,#3147);
#1730=LINE('',#14744,#3148);
#1731=LINE('',#14746,#3149);
#1732=LINE('',#14748,#3150);
#1733=LINE('',#14750,#3151);
#1734=LINE('',#14752,#3152);
#1735=LINE('',#14754,#3153);
#1736=LINE('',#14756,#3154);
#1737=LINE('',#14758,#3155);
#1738=LINE('',#14760,#3156);
#1739=LINE('',#14762,#3157);
#1740=LINE('',#14764,#3158);
#1741=LINE('',#14766,#3159);
#1742=LINE('',#14768,#3160);
#1743=LINE('',#14770,#3161);
#1744=LINE('',#14772,#3162);
#1745=LINE('',#14774,#3163);
#1746=LINE('',#14776,#3164);
#1747=LINE('',#14778,#3165);
#1748=LINE('',#14780,#3166);
#1749=LINE('',#14782,#3167);
#1750=LINE('',#14784,#3168);
#1751=LINE('',#14786,#3169);
#1752=LINE('',#14788,#3170);
#1753=LINE('',#14790,#3171);
#1754=LINE('',#14792,#3172);
#1755=LINE('',#14794,#3173);
#1756=LINE('',#14796,#3174);
#1757=LINE('',#14798,#3175);
#1758=LINE('',#14800,#3176);
#1759=LINE('',#14802,#3177);
#1760=LINE('',#14804,#3178);
#1761=LINE('',#14806,#3179);
#1762=LINE('',#14808,#3180);
#1763=LINE('',#14810,#3181);
#1764=LINE('',#14812,#3182);
#1765=LINE('',#14814,#3183);
#1766=LINE('',#14816,#3184);
#1767=LINE('',#14818,#3185);
#1768=LINE('',#14820,#3186);
#1769=LINE('',#14822,#3187);
#1770=LINE('',#14824,#3188);
#1771=LINE('',#14826,#3189);
#1772=LINE('',#14828,#3190);
#1773=LINE('',#14830,#3191);
#1774=LINE('',#14832,#3192);
#1775=LINE('',#14834,#3193);
#1776=LINE('',#14836,#3194);
#1777=LINE('',#14838,#3195);
#1778=LINE('',#14840,#3196);
#1779=LINE('',#14842,#3197);
#1780=LINE('',#14843,#3198);
#1781=LINE('',#14845,#3199);
#1782=LINE('',#14847,#3200);
#1783=LINE('',#14849,#3201);
#1784=LINE('',#14851,#3202);
#1785=LINE('',#14853,#3203);
#1786=LINE('',#14855,#3204);
#1787=LINE('',#14856,#3205);
#1788=LINE('',#14859,#3206);
#1789=LINE('',#14861,#3207);
#1790=LINE('',#14862,#3208);
#1791=LINE('',#14866,#3209);
#1792=LINE('',#14868,#3210);
#1793=LINE('',#14905,#3211);
#1794=LINE('',#14912,#3212);
#1795=LINE('',#14922,#3213);
#1796=LINE('',#14932,#3214);
#1797=LINE('',#14939,#3215);
#1798=LINE('',#14957,#3216);
#1799=LINE('',#15016,#3217);
#1800=LINE('',#15092,#3218);
#1801=LINE('',#15121,#3219);
#1802=LINE('',#15226,#3220);
#1803=LINE('',#15228,#3221);
#1804=LINE('',#15229,#3222);
#1805=LINE('',#15232,#3223);
#1806=LINE('',#15234,#3224);
#1807=LINE('',#15235,#3225);
#1808=LINE('',#15238,#3226);
#1809=LINE('',#15240,#3227);
#1810=LINE('',#15241,#3228);
#1811=LINE('',#15256,#3229);
#1812=LINE('',#15293,#3230);
#1813=LINE('',#15435,#3231);
#1814=LINE('',#15472,#3232);
#1815=LINE('',#15479,#3233);
#1816=LINE('',#15483,#3234);
#1817=LINE('',#15486,#3235);
#1818=LINE('',#15487,#3236);
#1819=LINE('',#15489,#3237);
#1820=LINE('',#15490,#3238);
#1821=LINE('',#15491,#3239);
#1822=LINE('',#15494,#3240);
#1823=LINE('',#15496,#3241);
#1824=LINE('',#15498,#3242);
#1825=LINE('',#15500,#3243);
#1826=LINE('',#15502,#3244);
#1827=LINE('',#15504,#3245);
#1828=LINE('',#15505,#3246);
#1829=LINE('',#15506,#3247);
#1830=LINE('',#15508,#3248);
#1831=LINE('',#15510,#3249);
#1832=LINE('',#15512,#3250);
#1833=LINE('',#15514,#3251);
#1834=LINE('',#15516,#3252);
#1835=LINE('',#15518,#3253);
#1836=LINE('',#15522,#3254);
#1837=LINE('',#15524,#3255);
#1838=LINE('',#15527,#3256);
#1839=LINE('',#15533,#3257);
#1840=LINE('',#15534,#3258);
#1841=LINE('',#15535,#3259);
#1842=LINE('',#15538,#3260);
#1843=LINE('',#15539,#3261);
#1844=LINE('',#15542,#3262);
#1845=LINE('',#15543,#3263);
#1846=LINE('',#15547,#3264);
#1847=LINE('',#15548,#3265);
#1848=LINE('',#15549,#3266);
#1849=LINE('',#15552,#3267);
#1850=LINE('',#15553,#3268);
#1851=LINE('',#15556,#3269);
#1852=LINE('',#15557,#3270);
#1853=LINE('',#15561,#3271);
#1854=LINE('',#15562,#3272);
#1855=LINE('',#15563,#3273);
#1856=LINE('',#15566,#3274);
#1857=LINE('',#15567,#3275);
#1858=LINE('',#15570,#3276);
#1859=LINE('',#15571,#3277);
#1860=LINE('',#15575,#3278);
#1861=LINE('',#15576,#3279);
#1862=LINE('',#15577,#3280);
#1863=LINE('',#15580,#3281);
#1864=LINE('',#15581,#3282);
#1865=LINE('',#15584,#3283);
#1866=LINE('',#15585,#3284);
#1867=LINE('',#15589,#3285);
#1868=LINE('',#15590,#3286);
#1869=LINE('',#15591,#3287);
#1870=LINE('',#15594,#3288);
#1871=LINE('',#15595,#3289);
#1872=LINE('',#15598,#3290);
#1873=LINE('',#15599,#3291);
#1874=LINE('',#15603,#3292);
#1875=LINE('',#15604,#3293);
#1876=LINE('',#15605,#3294);
#1877=LINE('',#15608,#3295);
#1878=LINE('',#15609,#3296);
#1879=LINE('',#15613,#3297);
#1880=LINE('',#15614,#3298);
#1881=LINE('',#15615,#3299);
#1882=LINE('',#15618,#3300);
#1883=LINE('',#15619,#3301);
#1884=LINE('',#15622,#3302);
#1885=LINE('',#15623,#3303);
#1886=LINE('',#15627,#3304);
#1887=LINE('',#15628,#3305);
#1888=LINE('',#15629,#3306);
#1889=LINE('',#15632,#3307);
#1890=LINE('',#15633,#3308);
#1891=LINE('',#15636,#3309);
#1892=LINE('',#15637,#3310);
#1893=LINE('',#15641,#3311);
#1894=LINE('',#15642,#3312);
#1895=LINE('',#15643,#3313);
#1896=LINE('',#15646,#3314);
#1897=LINE('',#15647,#3315);
#1898=LINE('',#15650,#3316);
#1899=LINE('',#15651,#3317);
#1900=LINE('',#15655,#3318);
#1901=LINE('',#15656,#3319);
#1902=LINE('',#15657,#3320);
#1903=LINE('',#15660,#3321);
#1904=LINE('',#15661,#3322);
#1905=LINE('',#15664,#3323);
#1906=LINE('',#15665,#3324);
#1907=LINE('',#15669,#3325);
#1908=LINE('',#15670,#3326);
#1909=LINE('',#15671,#3327);
#1910=LINE('',#15674,#3328);
#1911=LINE('',#15675,#3329);
#1912=LINE('',#15678,#3330);
#1913=LINE('',#15679,#3331);
#1914=LINE('',#15683,#3332);
#1915=LINE('',#15684,#3333);
#1916=LINE('',#15685,#3334);
#1917=LINE('',#15688,#3335);
#1918=LINE('',#15689,#3336);
#1919=LINE('',#15692,#3337);
#1920=LINE('',#15693,#3338);
#1921=LINE('',#15697,#3339);
#1922=LINE('',#15698,#3340);
#1923=LINE('',#15699,#3341);
#1924=LINE('',#15702,#3342);
#1925=LINE('',#15703,#3343);
#1926=LINE('',#15706,#3344);
#1927=LINE('',#15707,#3345);
#1928=LINE('',#15710,#3346);
#1929=LINE('',#15711,#3347);
#1930=LINE('',#15714,#3348);
#1931=LINE('',#15716,#3349);
#1932=LINE('',#15718,#3350);
#1933=LINE('',#15720,#3351);
#1934=LINE('',#15722,#3352);
#1935=LINE('',#15724,#3353);
#1936=LINE('',#15726,#3354);
#1937=LINE('',#15728,#3355);
#1938=LINE('',#15730,#3356);
#1939=LINE('',#15732,#3357);
#1940=LINE('',#15734,#3358);
#1941=LINE('',#15736,#3359);
#1942=LINE('',#15738,#3360);
#1943=LINE('',#15740,#3361);
#1944=LINE('',#15742,#3362);
#1945=LINE('',#15744,#3363);
#1946=LINE('',#15746,#3364);
#1947=LINE('',#15748,#3365);
#1948=LINE('',#15750,#3366);
#1949=LINE('',#15752,#3367);
#1950=LINE('',#15754,#3368);
#1951=LINE('',#15756,#3369);
#1952=LINE('',#15758,#3370);
#1953=LINE('',#15760,#3371);
#1954=LINE('',#15762,#3372);
#1955=LINE('',#15764,#3373);
#1956=LINE('',#15766,#3374);
#1957=LINE('',#15768,#3375);
#1958=LINE('',#15770,#3376);
#1959=LINE('',#15772,#3377);
#1960=LINE('',#15774,#3378);
#1961=LINE('',#15776,#3379);
#1962=LINE('',#15778,#3380);
#1963=LINE('',#15780,#3381);
#1964=LINE('',#15782,#3382);
#1965=LINE('',#15784,#3383);
#1966=LINE('',#15786,#3384);
#1967=LINE('',#15788,#3385);
#1968=LINE('',#15790,#3386);
#1969=LINE('',#15792,#3387);
#1970=LINE('',#15794,#3388);
#1971=LINE('',#15796,#3389);
#1972=LINE('',#15798,#3390);
#1973=LINE('',#15800,#3391);
#1974=LINE('',#15802,#3392);
#1975=LINE('',#15804,#3393);
#1976=LINE('',#15806,#3394);
#1977=LINE('',#15808,#3395);
#1978=LINE('',#15810,#3396);
#1979=LINE('',#15812,#3397);
#1980=LINE('',#15814,#3398);
#1981=LINE('',#15816,#3399);
#1982=LINE('',#15818,#3400);
#1983=LINE('',#15820,#3401);
#1984=LINE('',#15822,#3402);
#1985=LINE('',#15824,#3403);
#1986=LINE('',#15826,#3404);
#1987=LINE('',#15828,#3405);
#1988=LINE('',#15830,#3406);
#1989=LINE('',#15832,#3407);
#1990=LINE('',#15834,#3408);
#1991=LINE('',#15836,#3409);
#1992=LINE('',#15838,#3410);
#1993=LINE('',#15840,#3411);
#1994=LINE('',#15842,#3412);
#1995=LINE('',#15844,#3413);
#1996=LINE('',#15846,#3414);
#1997=LINE('',#15848,#3415);
#1998=LINE('',#15850,#3416);
#1999=LINE('',#15852,#3417);
#2000=LINE('',#15854,#3418);
#2001=LINE('',#15856,#3419);
#2002=LINE('',#15858,#3420);
#2003=LINE('',#15860,#3421);
#2004=LINE('',#15862,#3422);
#2005=LINE('',#15864,#3423);
#2006=LINE('',#15866,#3424);
#2007=LINE('',#15868,#3425);
#2008=LINE('',#15870,#3426);
#2009=LINE('',#15872,#3427);
#2010=LINE('',#15874,#3428);
#2011=LINE('',#15876,#3429);
#2012=LINE('',#15878,#3430);
#2013=LINE('',#15880,#3431);
#2014=LINE('',#15882,#3432);
#2015=LINE('',#15884,#3433);
#2016=LINE('',#15886,#3434);
#2017=LINE('',#15888,#3435);
#2018=LINE('',#15890,#3436);
#2019=LINE('',#15892,#3437);
#2020=LINE('',#15894,#3438);
#2021=LINE('',#15896,#3439);
#2022=LINE('',#15898,#3440);
#2023=LINE('',#15900,#3441);
#2024=LINE('',#15902,#3442);
#2025=LINE('',#15904,#3443);
#2026=LINE('',#15906,#3444);
#2027=LINE('',#15908,#3445);
#2028=LINE('',#15910,#3446);
#2029=LINE('',#15912,#3447);
#2030=LINE('',#15914,#3448);
#2031=LINE('',#15916,#3449);
#2032=LINE('',#15918,#3450);
#2033=LINE('',#15920,#3451);
#2034=LINE('',#15922,#3452);
#2035=LINE('',#15924,#3453);
#2036=LINE('',#15926,#3454);
#2037=LINE('',#15928,#3455);
#2038=LINE('',#15930,#3456);
#2039=LINE('',#15932,#3457);
#2040=LINE('',#15934,#3458);
#2041=LINE('',#15936,#3459);
#2042=LINE('',#15938,#3460);
#2043=LINE('',#15940,#3461);
#2044=LINE('',#15942,#3462);
#2045=LINE('',#15944,#3463);
#2046=LINE('',#15946,#3464);
#2047=LINE('',#15948,#3465);
#2048=LINE('',#15950,#3466);
#2049=LINE('',#15952,#3467);
#2050=LINE('',#15954,#3468);
#2051=LINE('',#15956,#3469);
#2052=LINE('',#15958,#3470);
#2053=LINE('',#15960,#3471);
#2054=LINE('',#15962,#3472);
#2055=LINE('',#15964,#3473);
#2056=LINE('',#15966,#3474);
#2057=LINE('',#15968,#3475);
#2058=LINE('',#15970,#3476);
#2059=LINE('',#15972,#3477);
#2060=LINE('',#15974,#3478);
#2061=LINE('',#15976,#3479);
#2062=LINE('',#15978,#3480);
#2063=LINE('',#15980,#3481);
#2064=LINE('',#15982,#3482);
#2065=LINE('',#15984,#3483);
#2066=LINE('',#15986,#3484);
#2067=LINE('',#15988,#3485);
#2068=LINE('',#15990,#3486);
#2069=LINE('',#15992,#3487);
#2070=LINE('',#15994,#3488);
#2071=LINE('',#15996,#3489);
#2072=LINE('',#15998,#3490);
#2073=LINE('',#16000,#3491);
#2074=LINE('',#16002,#3492);
#2075=LINE('',#16004,#3493);
#2076=LINE('',#16006,#3494);
#2077=LINE('',#16008,#3495);
#2078=LINE('',#16010,#3496);
#2079=LINE('',#16012,#3497);
#2080=LINE('',#16014,#3498);
#2081=LINE('',#16016,#3499);
#2082=LINE('',#16018,#3500);
#2083=LINE('',#16020,#3501);
#2084=LINE('',#16022,#3502);
#2085=LINE('',#16024,#3503);
#2086=LINE('',#16025,#3504);
#2087=LINE('',#16026,#3505);
#2088=LINE('',#16027,#3506);
#2089=LINE('',#16028,#3507);
#2090=LINE('',#16029,#3508);
#2091=LINE('',#16030,#3509);
#2092=LINE('',#16031,#3510);
#2093=LINE('',#16032,#3511);
#2094=LINE('',#16033,#3512);
#2095=LINE('',#16034,#3513);
#2096=LINE('',#16035,#3514);
#2097=LINE('',#16036,#3515);
#2098=LINE('',#16037,#3516);
#2099=LINE('',#16039,#3517);
#2100=LINE('',#16052,#3518);
#2101=LINE('',#16053,#3519);
#2102=LINE('',#16055,#3520);
#2103=LINE('',#16056,#3521);
#2104=LINE('',#16058,#3522);
#2105=LINE('',#16059,#3523);
#2106=LINE('',#16061,#3524);
#2107=LINE('',#16062,#3525);
#2108=LINE('',#16064,#3526);
#2109=LINE('',#16065,#3527);
#2110=LINE('',#16067,#3528);
#2111=LINE('',#16068,#3529);
#2112=LINE('',#16070,#3530);
#2113=LINE('',#16071,#3531);
#2114=LINE('',#16073,#3532);
#2115=LINE('',#16074,#3533);
#2116=LINE('',#16076,#3534);
#2117=LINE('',#16077,#3535);
#2118=LINE('',#16079,#3536);
#2119=LINE('',#16080,#3537);
#2120=LINE('',#16082,#3538);
#2121=LINE('',#16083,#3539);
#2122=LINE('',#16085,#3540);
#2123=LINE('',#16086,#3541);
#2124=LINE('',#16088,#3542);
#2125=LINE('',#16089,#3543);
#2126=LINE('',#16091,#3544);
#2127=LINE('',#16093,#3545);
#2128=LINE('',#16095,#3546);
#2129=LINE('',#16097,#3547);
#2130=LINE('',#16099,#3548);
#2131=LINE('',#16101,#3549);
#2132=LINE('',#16104,#3550);
#2133=LINE('',#16106,#3551);
#2134=LINE('',#16108,#3552);
#2135=LINE('',#16110,#3553);
#2136=LINE('',#16112,#3554);
#2137=LINE('',#16114,#3555);
#2138=LINE('',#16116,#3556);
#2139=LINE('',#16118,#3557);
#2140=LINE('',#16120,#3558);
#2141=LINE('',#16122,#3559);
#2142=LINE('',#16124,#3560);
#2143=LINE('',#16126,#3561);
#2144=LINE('',#16128,#3562);
#2145=LINE('',#16130,#3563);
#2146=LINE('',#16132,#3564);
#2147=LINE('',#16134,#3565);
#2148=LINE('',#16136,#3566);
#2149=LINE('',#16138,#3567);
#2150=LINE('',#16140,#3568);
#2151=LINE('',#16154,#3569);
#2152=LINE('',#16155,#3570);
#2153=LINE('',#16157,#3571);
#2154=LINE('',#16158,#3572);
#2155=LINE('',#16161,#3573);
#2156=LINE('',#16162,#3574);
#2157=LINE('',#16164,#3575);
#2158=LINE('',#16165,#3576);
#2159=LINE('',#16168,#3577);
#2160=LINE('',#16169,#3578);
#2161=LINE('',#16171,#3579);
#2162=LINE('',#16172,#3580);
#2163=LINE('',#16175,#3581);
#2164=LINE('',#16176,#3582);
#2165=LINE('',#16178,#3583);
#2166=LINE('',#16179,#3584);
#2167=LINE('',#16182,#3585);
#2168=LINE('',#16183,#3586);
#2169=LINE('',#16185,#3587);
#2170=LINE('',#16186,#3588);
#2171=LINE('',#16189,#3589);
#2172=LINE('',#16190,#3590);
#2173=LINE('',#16192,#3591);
#2174=LINE('',#16193,#3592);
#2175=LINE('',#16196,#3593);
#2176=LINE('',#16197,#3594);
#2177=LINE('',#16199,#3595);
#2178=LINE('',#16200,#3596);
#2179=LINE('',#16203,#3597);
#2180=LINE('',#16204,#3598);
#2181=LINE('',#16206,#3599);
#2182=LINE('',#16207,#3600);
#2183=LINE('',#16210,#3601);
#2184=LINE('',#16211,#3602);
#2185=LINE('',#16213,#3603);
#2186=LINE('',#16214,#3604);
#2187=LINE('',#16217,#3605);
#2188=LINE('',#16218,#3606);
#2189=LINE('',#16220,#3607);
#2190=LINE('',#16221,#3608);
#2191=LINE('',#16224,#3609);
#2192=LINE('',#16225,#3610);
#2193=LINE('',#16227,#3611);
#2194=LINE('',#16228,#3612);
#2195=LINE('',#16231,#3613);
#2196=LINE('',#16232,#3614);
#2197=LINE('',#16234,#3615);
#2198=LINE('',#16235,#3616);
#2199=LINE('',#16238,#3617);
#2200=LINE('',#16239,#3618);
#2201=LINE('',#16241,#3619);
#2202=LINE('',#16242,#3620);
#2203=LINE('',#16245,#3621);
#2204=LINE('',#16260,#3622);
#2205=LINE('',#16262,#3623);
#2206=LINE('',#16263,#3624);
#2207=LINE('',#16265,#3625);
#2208=LINE('',#16266,#3626);
#2209=LINE('',#16268,#3627);
#2210=LINE('',#16269,#3628);
#2211=LINE('',#16271,#3629);
#2212=LINE('',#16272,#3630);
#2213=LINE('',#16274,#3631);
#2214=LINE('',#16275,#3632);
#2215=LINE('',#16277,#3633);
#2216=LINE('',#16278,#3634);
#2217=LINE('',#16280,#3635);
#2218=LINE('',#16281,#3636);
#2219=LINE('',#16283,#3637);
#2220=LINE('',#16284,#3638);
#2221=LINE('',#16286,#3639);
#2222=LINE('',#16287,#3640);
#2223=LINE('',#16289,#3641);
#2224=LINE('',#16290,#3642);
#2225=LINE('',#16292,#3643);
#2226=LINE('',#16293,#3644);
#2227=LINE('',#16295,#3645);
#2228=LINE('',#16296,#3646);
#2229=LINE('',#16299,#3647);
#2230=LINE('',#16301,#3648);
#2231=LINE('',#16304,#3649);
#2232=LINE('',#16306,#3650);
#2233=LINE('',#16309,#3651);
#2234=LINE('',#16311,#3652);
#2235=LINE('',#16314,#3653);
#2236=LINE('',#16316,#3654);
#2237=LINE('',#16319,#3655);
#2238=LINE('',#16321,#3656);
#2239=LINE('',#16324,#3657);
#2240=LINE('',#16326,#3658);
#2241=LINE('',#16329,#3659);
#2242=LINE('',#16331,#3660);
#2243=LINE('',#16334,#3661);
#2244=LINE('',#16336,#3662);
#2245=LINE('',#16339,#3663);
#2246=LINE('',#16341,#3664);
#2247=LINE('',#16344,#3665);
#2248=LINE('',#16346,#3666);
#2249=LINE('',#16349,#3667);
#2250=LINE('',#16351,#3668);
#2251=LINE('',#16354,#3669);
#2252=LINE('',#16356,#3670);
#2253=LINE('',#16359,#3671);
#2254=LINE('',#16361,#3672);
#2255=LINE('',#16371,#3673);
#2256=LINE('',#16412,#3674);
#2257=LINE('',#16443,#3675);
#2258=LINE('',#16502,#3676);
#2259=LINE('',#16558,#3677);
#2260=LINE('',#16567,#3678);
#2261=LINE('',#16599,#3679);
#2262=LINE('',#16639,#3680);
#2263=LINE('',#16642,#3681);
#2264=LINE('',#16644,#3682);
#2265=LINE('',#16645,#3683);
#2266=LINE('',#16648,#3684);
#2267=LINE('',#16650,#3685);
#2268=LINE('',#16651,#3686);
#2269=LINE('',#16705,#3687);
#2270=LINE('',#16731,#3688);
#2271=LINE('',#16805,#3689);
#2272=LINE('',#16877,#3690);
#2273=LINE('',#16893,#3691);
#2274=LINE('',#16915,#3692);
#2275=LINE('',#16935,#3693);
#2276=LINE('',#16988,#3694);
#2277=LINE('',#16989,#3695);
#2278=LINE('',#16997,#3696);
#2279=LINE('',#17001,#3697);
#2280=LINE('',#17005,#3698);
#2281=LINE('',#17009,#3699);
#2282=LINE('',#17011,#3700);
#2283=LINE('',#17015,#3701);
#2284=LINE('',#17017,#3702);
#2285=LINE('',#17019,#3703);
#2286=LINE('',#17021,#3704);
#2287=LINE('',#17023,#3705);
#2288=LINE('',#17025,#3706);
#2289=LINE('',#17027,#3707);
#2290=LINE('',#17029,#3708);
#2291=LINE('',#17031,#3709);
#2292=LINE('',#17033,#3710);
#2293=LINE('',#17035,#3711);
#2294=LINE('',#17037,#3712);
#2295=LINE('',#17039,#3713);
#2296=LINE('',#17041,#3714);
#2297=LINE('',#17043,#3715);
#2298=LINE('',#17045,#3716);
#2299=LINE('',#17047,#3717);
#2300=LINE('',#17049,#3718);
#2301=LINE('',#17051,#3719);
#2302=LINE('',#17053,#3720);
#2303=LINE('',#17055,#3721);
#2304=LINE('',#17057,#3722);
#2305=LINE('',#17059,#3723);
#2306=LINE('',#17061,#3724);
#2307=LINE('',#17063,#3725);
#2308=LINE('',#17065,#3726);
#2309=LINE('',#17067,#3727);
#2310=LINE('',#17069,#3728);
#2311=LINE('',#17071,#3729);
#2312=LINE('',#17073,#3730);
#2313=LINE('',#17075,#3731);
#2314=LINE('',#17077,#3732);
#2315=LINE('',#17079,#3733);
#2316=LINE('',#17081,#3734);
#2317=LINE('',#17083,#3735);
#2318=LINE('',#17085,#3736);
#2319=LINE('',#17087,#3737);
#2320=LINE('',#17089,#3738);
#2321=LINE('',#17091,#3739);
#2322=LINE('',#17093,#3740);
#2323=LINE('',#17095,#3741);
#2324=LINE('',#17097,#3742);
#2325=LINE('',#17099,#3743);
#2326=LINE('',#17101,#3744);
#2327=LINE('',#17103,#3745);
#2328=LINE('',#17105,#3746);
#2329=LINE('',#17107,#3747);
#2330=LINE('',#17109,#3748);
#2331=LINE('',#17111,#3749);
#2332=LINE('',#17113,#3750);
#2333=LINE('',#17115,#3751);
#2334=LINE('',#17117,#3752);
#2335=LINE('',#17119,#3753);
#2336=LINE('',#17121,#3754);
#2337=LINE('',#17123,#3755);
#2338=LINE('',#17125,#3756);
#2339=LINE('',#17127,#3757);
#2340=LINE('',#17129,#3758);
#2341=LINE('',#17131,#3759);
#2342=LINE('',#17133,#3760);
#2343=LINE('',#17135,#3761);
#2344=LINE('',#17137,#3762);
#2345=LINE('',#17139,#3763);
#2346=LINE('',#17141,#3764);
#2347=LINE('',#17143,#3765);
#2348=LINE('',#17145,#3766);
#2349=LINE('',#17147,#3767);
#2350=LINE('',#17149,#3768);
#2351=LINE('',#17151,#3769);
#2352=LINE('',#17153,#3770);
#2353=LINE('',#17155,#3771);
#2354=LINE('',#17157,#3772);
#2355=LINE('',#17159,#3773);
#2356=LINE('',#17161,#3774);
#2357=LINE('',#17163,#3775);
#2358=LINE('',#17165,#3776);
#2359=LINE('',#17167,#3777);
#2360=LINE('',#17169,#3778);
#2361=LINE('',#17171,#3779);
#2362=LINE('',#17173,#3780);
#2363=LINE('',#17175,#3781);
#2364=LINE('',#17177,#3782);
#2365=LINE('',#17179,#3783);
#2366=LINE('',#17181,#3784);
#2367=LINE('',#17183,#3785);
#2368=LINE('',#17185,#3786);
#2369=LINE('',#17187,#3787);
#2370=LINE('',#17189,#3788);
#2371=LINE('',#17191,#3789);
#2372=LINE('',#17193,#3790);
#2373=LINE('',#17195,#3791);
#2374=LINE('',#17197,#3792);
#2375=LINE('',#17199,#3793);
#2376=LINE('',#17201,#3794);
#2377=LINE('',#17203,#3795);
#2378=LINE('',#17205,#3796);
#2379=LINE('',#17207,#3797);
#2380=LINE('',#17209,#3798);
#2381=LINE('',#17211,#3799);
#2382=LINE('',#17213,#3800);
#2383=LINE('',#17215,#3801);
#2384=LINE('',#17217,#3802);
#2385=LINE('',#17219,#3803);
#2386=LINE('',#17221,#3804);
#2387=LINE('',#17223,#3805);
#2388=LINE('',#17225,#3806);
#2389=LINE('',#17227,#3807);
#2390=LINE('',#17229,#3808);
#2391=LINE('',#17231,#3809);
#2392=LINE('',#17233,#3810);
#2393=LINE('',#17235,#3811);
#2394=LINE('',#17237,#3812);
#2395=LINE('',#17239,#3813);
#2396=LINE('',#17241,#3814);
#2397=LINE('',#17243,#3815);
#2398=LINE('',#17245,#3816);
#2399=LINE('',#17247,#3817);
#2400=LINE('',#17249,#3818);
#2401=LINE('',#17251,#3819);
#2402=LINE('',#17253,#3820);
#2403=LINE('',#17255,#3821);
#2404=LINE('',#17257,#3822);
#2405=LINE('',#17259,#3823);
#2406=LINE('',#17261,#3824);
#2407=LINE('',#17263,#3825);
#2408=LINE('',#17265,#3826);
#2409=LINE('',#17267,#3827);
#2410=LINE('',#17269,#3828);
#2411=LINE('',#17271,#3829);
#2412=LINE('',#17273,#3830);
#2413=LINE('',#17275,#3831);
#2414=LINE('',#17277,#3832);
#2415=LINE('',#17279,#3833);
#2416=LINE('',#17281,#3834);
#2417=LINE('',#17283,#3835);
#2418=LINE('',#17285,#3836);
#2419=LINE('',#17287,#3837);
#2420=LINE('',#17289,#3838);
#2421=LINE('',#17291,#3839);
#2422=LINE('',#17293,#3840);
#2423=LINE('',#17295,#3841);
#2424=LINE('',#17297,#3842);
#2425=LINE('',#17299,#3843);
#2426=LINE('',#17301,#3844);
#2427=LINE('',#17303,#3845);
#2428=LINE('',#17305,#3846);
#2429=LINE('',#17307,#3847);
#2430=LINE('',#17309,#3848);
#2431=LINE('',#17311,#3849);
#2432=LINE('',#17313,#3850);
#2433=LINE('',#17315,#3851);
#2434=LINE('',#17317,#3852);
#2435=LINE('',#17319,#3853);
#2436=LINE('',#17321,#3854);
#2437=LINE('',#17323,#3855);
#2438=LINE('',#17325,#3856);
#2439=LINE('',#17327,#3857);
#2440=LINE('',#17329,#3858);
#2441=LINE('',#17331,#3859);
#2442=LINE('',#17333,#3860);
#2443=LINE('',#17335,#3861);
#2444=LINE('',#17337,#3862);
#2445=LINE('',#17339,#3863);
#2446=LINE('',#17341,#3864);
#2447=LINE('',#17343,#3865);
#2448=LINE('',#17345,#3866);
#2449=LINE('',#17347,#3867);
#2450=LINE('',#17349,#3868);
#2451=LINE('',#17351,#3869);
#2452=LINE('',#17353,#3870);
#2453=LINE('',#17355,#3871);
#2454=LINE('',#17357,#3872);
#2455=LINE('',#17359,#3873);
#2456=LINE('',#17361,#3874);
#2457=LINE('',#17363,#3875);
#2458=LINE('',#17365,#3876);
#2459=LINE('',#17367,#3877);
#2460=LINE('',#17369,#3878);
#2461=LINE('',#17371,#3879);
#2462=LINE('',#17373,#3880);
#2463=LINE('',#17375,#3881);
#2464=LINE('',#17377,#3882);
#2465=LINE('',#17379,#3883);
#2466=LINE('',#17381,#3884);
#2467=LINE('',#17383,#3885);
#2468=LINE('',#17385,#3886);
#2469=LINE('',#17387,#3887);
#2470=LINE('',#17389,#3888);
#2471=LINE('',#17391,#3889);
#2472=LINE('',#17393,#3890);
#2473=LINE('',#17395,#3891);
#2474=LINE('',#17397,#3892);
#2475=LINE('',#17399,#3893);
#2476=LINE('',#17401,#3894);
#2477=LINE('',#17403,#3895);
#2478=LINE('',#17405,#3896);
#2479=LINE('',#17407,#3897);
#2480=LINE('',#17409,#3898);
#2481=LINE('',#17411,#3899);
#2482=LINE('',#17413,#3900);
#2483=LINE('',#17415,#3901);
#2484=LINE('',#17417,#3902);
#2485=LINE('',#17419,#3903);
#2486=LINE('',#17421,#3904);
#2487=LINE('',#17423,#3905);
#2488=LINE('',#17425,#3906);
#2489=LINE('',#17427,#3907);
#2490=LINE('',#17428,#3908);
#2491=LINE('',#17430,#3909);
#2492=LINE('',#17432,#3910);
#2493=LINE('',#17434,#3911);
#2494=LINE('',#17436,#3912);
#2495=LINE('',#17437,#3913);
#2496=LINE('',#17440,#3914);
#2497=LINE('',#17442,#3915);
#2498=LINE('',#17443,#3916);
#2499=LINE('',#17447,#3917);
#2500=LINE('',#17450,#3918);
#2501=LINE('',#17462,#3919);
#2502=LINE('',#17476,#3920);
#2503=LINE('',#17485,#3921);
#2504=LINE('',#17497,#3922);
#2505=LINE('',#17509,#3923);
#2506=LINE('',#17518,#3924);
#2507=LINE('',#17533,#3925);
#2508=LINE('',#17679,#3926);
#2509=LINE('',#17736,#3927);
#2510=LINE('',#17791,#3928);
#2511=LINE('',#17793,#3929);
#2512=LINE('',#17794,#3930);
#2513=LINE('',#17797,#3931);
#2514=LINE('',#17799,#3932);
#2515=LINE('',#17800,#3933);
#2516=LINE('',#17803,#3934);
#2517=LINE('',#17805,#3935);
#2518=LINE('',#17806,#3936);
#2519=LINE('',#17840,#3937);
#2520=LINE('',#17881,#3938);
#2521=LINE('',#18011,#3939);
#2522=LINE('',#18052,#3940);
#2523=LINE('',#18076,#3941);
#2524=LINE('',#18078,#3942);
#2525=LINE('',#18083,#3943);
#2526=LINE('',#18084,#3944);
#2527=LINE('',#18087,#3945);
#2528=LINE('',#18088,#3946);
#2529=LINE('',#18089,#3947);
#2530=LINE('',#18091,#3948);
#2531=LINE('',#18093,#3949);
#2532=LINE('',#18095,#3950);
#2533=LINE('',#18097,#3951);
#2534=LINE('',#18099,#3952);
#2535=LINE('',#18101,#3953);
#2536=LINE('',#18102,#3954);
#2537=LINE('',#18103,#3955);
#2538=LINE('',#18105,#3956);
#2539=LINE('',#18107,#3957);
#2540=LINE('',#18109,#3958);
#2541=LINE('',#18111,#3959);
#2542=LINE('',#18113,#3960);
#2543=LINE('',#18115,#3961);
#2544=LINE('',#18118,#3962);
#2545=LINE('',#18121,#3963);
#2546=LINE('',#18124,#3964);
#2547=LINE('',#18130,#3965);
#2548=LINE('',#18131,#3966);
#2549=LINE('',#18132,#3967);
#2550=LINE('',#18135,#3968);
#2551=LINE('',#18136,#3969);
#2552=LINE('',#18139,#3970);
#2553=LINE('',#18140,#3971);
#2554=LINE('',#18144,#3972);
#2555=LINE('',#18145,#3973);
#2556=LINE('',#18146,#3974);
#2557=LINE('',#18149,#3975);
#2558=LINE('',#18150,#3976);
#2559=LINE('',#18153,#3977);
#2560=LINE('',#18154,#3978);
#2561=LINE('',#18158,#3979);
#2562=LINE('',#18159,#3980);
#2563=LINE('',#18160,#3981);
#2564=LINE('',#18163,#3982);
#2565=LINE('',#18164,#3983);
#2566=LINE('',#18167,#3984);
#2567=LINE('',#18168,#3985);
#2568=LINE('',#18172,#3986);
#2569=LINE('',#18173,#3987);
#2570=LINE('',#18174,#3988);
#2571=LINE('',#18177,#3989);
#2572=LINE('',#18178,#3990);
#2573=LINE('',#18181,#3991);
#2574=LINE('',#18182,#3992);
#2575=LINE('',#18186,#3993);
#2576=LINE('',#18187,#3994);
#2577=LINE('',#18188,#3995);
#2578=LINE('',#18191,#3996);
#2579=LINE('',#18192,#3997);
#2580=LINE('',#18195,#3998);
#2581=LINE('',#18196,#3999);
#2582=LINE('',#18200,#4000);
#2583=LINE('',#18201,#4001);
#2584=LINE('',#18202,#4002);
#2585=LINE('',#18205,#4003);
#2586=LINE('',#18206,#4004);
#2587=LINE('',#18210,#4005);
#2588=LINE('',#18211,#4006);
#2589=LINE('',#18212,#4007);
#2590=LINE('',#18215,#4008);
#2591=LINE('',#18216,#4009);
#2592=LINE('',#18219,#4010);
#2593=LINE('',#18220,#4011);
#2594=LINE('',#18224,#4012);
#2595=LINE('',#18225,#4013);
#2596=LINE('',#18226,#4014);
#2597=LINE('',#18229,#4015);
#2598=LINE('',#18230,#4016);
#2599=LINE('',#18233,#4017);
#2600=LINE('',#18234,#4018);
#2601=LINE('',#18238,#4019);
#2602=LINE('',#18239,#4020);
#2603=LINE('',#18240,#4021);
#2604=LINE('',#18243,#4022);
#2605=LINE('',#18244,#4023);
#2606=LINE('',#18247,#4024);
#2607=LINE('',#18248,#4025);
#2608=LINE('',#18252,#4026);
#2609=LINE('',#18253,#4027);
#2610=LINE('',#18254,#4028);
#2611=LINE('',#18257,#4029);
#2612=LINE('',#18258,#4030);
#2613=LINE('',#18261,#4031);
#2614=LINE('',#18262,#4032);
#2615=LINE('',#18266,#4033);
#2616=LINE('',#18267,#4034);
#2617=LINE('',#18268,#4035);
#2618=LINE('',#18271,#4036);
#2619=LINE('',#18272,#4037);
#2620=LINE('',#18275,#4038);
#2621=LINE('',#18276,#4039);
#2622=LINE('',#18280,#4040);
#2623=LINE('',#18281,#4041);
#2624=LINE('',#18282,#4042);
#2625=LINE('',#18285,#4043);
#2626=LINE('',#18286,#4044);
#2627=LINE('',#18289,#4045);
#2628=LINE('',#18290,#4046);
#2629=LINE('',#18294,#4047);
#2630=LINE('',#18295,#4048);
#2631=LINE('',#18296,#4049);
#2632=LINE('',#18299,#4050);
#2633=LINE('',#18300,#4051);
#2634=LINE('',#18303,#4052);
#2635=LINE('',#18304,#4053);
#2636=LINE('',#18307,#4054);
#2637=LINE('',#18308,#4055);
#2638=LINE('',#18311,#4056);
#2639=LINE('',#18312,#4057);
#2640=LINE('',#18313,#4058);
#2641=LINE('',#18314,#4059);
#2642=LINE('',#18315,#4060);
#2643=LINE('',#18316,#4061);
#2644=LINE('',#18317,#4062);
#2645=LINE('',#18318,#4063);
#2646=LINE('',#18319,#4064);
#2647=LINE('',#18320,#4065);
#2648=LINE('',#18321,#4066);
#2649=LINE('',#18322,#4067);
#2650=LINE('',#18323,#4068);
#2651=LINE('',#18325,#4069);
#2652=LINE('',#18327,#4070);
#2653=LINE('',#18329,#4071);
#2654=LINE('',#18331,#4072);
#2655=LINE('',#18333,#4073);
#2656=LINE('',#18335,#4074);
#2657=LINE('',#18337,#4075);
#2658=LINE('',#18339,#4076);
#2659=LINE('',#18341,#4077);
#2660=LINE('',#18343,#4078);
#2661=LINE('',#18345,#4079);
#2662=LINE('',#18347,#4080);
#2663=LINE('',#18349,#4081);
#2664=LINE('',#18351,#4082);
#2665=LINE('',#18353,#4083);
#2666=LINE('',#18355,#4084);
#2667=LINE('',#18357,#4085);
#2668=LINE('',#18359,#4086);
#2669=LINE('',#18361,#4087);
#2670=LINE('',#18363,#4088);
#2671=LINE('',#18365,#4089);
#2672=LINE('',#18367,#4090);
#2673=LINE('',#18369,#4091);
#2674=LINE('',#18371,#4092);
#2675=LINE('',#18373,#4093);
#2676=LINE('',#18375,#4094);
#2677=LINE('',#18377,#4095);
#2678=LINE('',#18379,#4096);
#2679=LINE('',#18381,#4097);
#2680=LINE('',#18383,#4098);
#2681=LINE('',#18385,#4099);
#2682=LINE('',#18387,#4100);
#2683=LINE('',#18389,#4101);
#2684=LINE('',#18391,#4102);
#2685=LINE('',#18393,#4103);
#2686=LINE('',#18395,#4104);
#2687=LINE('',#18397,#4105);
#2688=LINE('',#18399,#4106);
#2689=LINE('',#18401,#4107);
#2690=LINE('',#18403,#4108);
#2691=LINE('',#18405,#4109);
#2692=LINE('',#18407,#4110);
#2693=LINE('',#18409,#4111);
#2694=LINE('',#18411,#4112);
#2695=LINE('',#18413,#4113);
#2696=LINE('',#18415,#4114);
#2697=LINE('',#18417,#4115);
#2698=LINE('',#18419,#4116);
#2699=LINE('',#18421,#4117);
#2700=LINE('',#18423,#4118);
#2701=LINE('',#18425,#4119);
#2702=LINE('',#18427,#4120);
#2703=LINE('',#18429,#4121);
#2704=LINE('',#18431,#4122);
#2705=LINE('',#18433,#4123);
#2706=LINE('',#18435,#4124);
#2707=LINE('',#18437,#4125);
#2708=LINE('',#18439,#4126);
#2709=LINE('',#18441,#4127);
#2710=LINE('',#18443,#4128);
#2711=LINE('',#18445,#4129);
#2712=LINE('',#18447,#4130);
#2713=LINE('',#18449,#4131);
#2714=LINE('',#18451,#4132);
#2715=LINE('',#18453,#4133);
#2716=LINE('',#18455,#4134);
#2717=LINE('',#18457,#4135);
#2718=LINE('',#18459,#4136);
#2719=LINE('',#18461,#4137);
#2720=LINE('',#18463,#4138);
#2721=LINE('',#18465,#4139);
#2722=LINE('',#18467,#4140);
#2723=LINE('',#18469,#4141);
#2724=LINE('',#18471,#4142);
#2725=LINE('',#18473,#4143);
#2726=LINE('',#18475,#4144);
#2727=LINE('',#18477,#4145);
#2728=LINE('',#18479,#4146);
#2729=LINE('',#18481,#4147);
#2730=LINE('',#18483,#4148);
#2731=LINE('',#18485,#4149);
#2732=LINE('',#18487,#4150);
#2733=LINE('',#18489,#4151);
#2734=LINE('',#18491,#4152);
#2735=LINE('',#18493,#4153);
#2736=LINE('',#18495,#4154);
#2737=LINE('',#18497,#4155);
#2738=LINE('',#18499,#4156);
#2739=LINE('',#18501,#4157);
#2740=LINE('',#18503,#4158);
#2741=LINE('',#18505,#4159);
#2742=LINE('',#18507,#4160);
#2743=LINE('',#18509,#4161);
#2744=LINE('',#18511,#4162);
#2745=LINE('',#18513,#4163);
#2746=LINE('',#18515,#4164);
#2747=LINE('',#18517,#4165);
#2748=LINE('',#18519,#4166);
#2749=LINE('',#18521,#4167);
#2750=LINE('',#18523,#4168);
#2751=LINE('',#18525,#4169);
#2752=LINE('',#18527,#4170);
#2753=LINE('',#18529,#4171);
#2754=LINE('',#18531,#4172);
#2755=LINE('',#18533,#4173);
#2756=LINE('',#18535,#4174);
#2757=LINE('',#18537,#4175);
#2758=LINE('',#18539,#4176);
#2759=LINE('',#18541,#4177);
#2760=LINE('',#18543,#4178);
#2761=LINE('',#18545,#4179);
#2762=LINE('',#18547,#4180);
#2763=LINE('',#18549,#4181);
#2764=LINE('',#18551,#4182);
#2765=LINE('',#18553,#4183);
#2766=LINE('',#18555,#4184);
#2767=LINE('',#18557,#4185);
#2768=LINE('',#18559,#4186);
#2769=LINE('',#18561,#4187);
#2770=LINE('',#18563,#4188);
#2771=LINE('',#18565,#4189);
#2772=LINE('',#18567,#4190);
#2773=LINE('',#18569,#4191);
#2774=LINE('',#18571,#4192);
#2775=LINE('',#18573,#4193);
#2776=LINE('',#18575,#4194);
#2777=LINE('',#18577,#4195);
#2778=LINE('',#18579,#4196);
#2779=LINE('',#18581,#4197);
#2780=LINE('',#18583,#4198);
#2781=LINE('',#18585,#4199);
#2782=LINE('',#18587,#4200);
#2783=LINE('',#18589,#4201);
#2784=LINE('',#18591,#4202);
#2785=LINE('',#18593,#4203);
#2786=LINE('',#18595,#4204);
#2787=LINE('',#18597,#4205);
#2788=LINE('',#18599,#4206);
#2789=LINE('',#18601,#4207);
#2790=LINE('',#18603,#4208);
#2791=LINE('',#18605,#4209);
#2792=LINE('',#18607,#4210);
#2793=LINE('',#18609,#4211);
#2794=LINE('',#18611,#4212);
#2795=LINE('',#18613,#4213);
#2796=LINE('',#18615,#4214);
#2797=LINE('',#18617,#4215);
#2798=LINE('',#18619,#4216);
#2799=LINE('',#18621,#4217);
#2800=LINE('',#18623,#4218);
#2801=LINE('',#18625,#4219);
#2802=LINE('',#18627,#4220);
#2803=LINE('',#18629,#4221);
#2804=LINE('',#18631,#4222);
#2805=LINE('',#18633,#4223);
#2806=LINE('',#18634,#4224);
#2807=LINE('',#18636,#4225);
#2808=LINE('',#18649,#4226);
#2809=LINE('',#18650,#4227);
#2810=LINE('',#18652,#4228);
#2811=LINE('',#18653,#4229);
#2812=LINE('',#18655,#4230);
#2813=LINE('',#18656,#4231);
#2814=LINE('',#18658,#4232);
#2815=LINE('',#18659,#4233);
#2816=LINE('',#18661,#4234);
#2817=LINE('',#18662,#4235);
#2818=LINE('',#18664,#4236);
#2819=LINE('',#18665,#4237);
#2820=LINE('',#18667,#4238);
#2821=LINE('',#18668,#4239);
#2822=LINE('',#18670,#4240);
#2823=LINE('',#18671,#4241);
#2824=LINE('',#18673,#4242);
#2825=LINE('',#18674,#4243);
#2826=LINE('',#18676,#4244);
#2827=LINE('',#18677,#4245);
#2828=LINE('',#18679,#4246);
#2829=LINE('',#18680,#4247);
#2830=LINE('',#18682,#4248);
#2831=LINE('',#18683,#4249);
#2832=LINE('',#18685,#4250);
#2833=LINE('',#18686,#4251);
#2834=LINE('',#18688,#4252);
#2835=LINE('',#18690,#4253);
#2836=LINE('',#18692,#4254);
#2837=LINE('',#18694,#4255);
#2838=LINE('',#18696,#4256);
#2839=LINE('',#18698,#4257);
#2840=LINE('',#18701,#4258);
#2841=LINE('',#18703,#4259);
#2842=LINE('',#18705,#4260);
#2843=LINE('',#18707,#4261);
#2844=LINE('',#18709,#4262);
#2845=LINE('',#18711,#4263);
#2846=LINE('',#18713,#4264);
#2847=LINE('',#18715,#4265);
#2848=LINE('',#18717,#4266);
#2849=LINE('',#18719,#4267);
#2850=LINE('',#18721,#4268);
#2851=LINE('',#18723,#4269);
#2852=LINE('',#18725,#4270);
#2853=LINE('',#18727,#4271);
#2854=LINE('',#18729,#4272);
#2855=LINE('',#18731,#4273);
#2856=LINE('',#18733,#4274);
#2857=LINE('',#18735,#4275);
#2858=LINE('',#18737,#4276);
#2859=LINE('',#18751,#4277);
#2860=LINE('',#18752,#4278);
#2861=LINE('',#18754,#4279);
#2862=LINE('',#18755,#4280);
#2863=LINE('',#18758,#4281);
#2864=LINE('',#18759,#4282);
#2865=LINE('',#18761,#4283);
#2866=LINE('',#18762,#4284);
#2867=LINE('',#18765,#4285);
#2868=LINE('',#18766,#4286);
#2869=LINE('',#18768,#4287);
#2870=LINE('',#18769,#4288);
#2871=LINE('',#18772,#4289);
#2872=LINE('',#18773,#4290);
#2873=LINE('',#18775,#4291);
#2874=LINE('',#18776,#4292);
#2875=LINE('',#18779,#4293);
#2876=LINE('',#18780,#4294);
#2877=LINE('',#18782,#4295);
#2878=LINE('',#18783,#4296);
#2879=LINE('',#18786,#4297);
#2880=LINE('',#18787,#4298);
#2881=LINE('',#18789,#4299);
#2882=LINE('',#18790,#4300);
#2883=LINE('',#18793,#4301);
#2884=LINE('',#18794,#4302);
#2885=LINE('',#18796,#4303);
#2886=LINE('',#18797,#4304);
#2887=LINE('',#18800,#4305);
#2888=LINE('',#18801,#4306);
#2889=LINE('',#18803,#4307);
#2890=LINE('',#18804,#4308);
#2891=LINE('',#18807,#4309);
#2892=LINE('',#18808,#4310);
#2893=LINE('',#18810,#4311);
#2894=LINE('',#18811,#4312);
#2895=LINE('',#18814,#4313);
#2896=LINE('',#18815,#4314);
#2897=LINE('',#18817,#4315);
#2898=LINE('',#18818,#4316);
#2899=LINE('',#18821,#4317);
#2900=LINE('',#18822,#4318);
#2901=LINE('',#18824,#4319);
#2902=LINE('',#18825,#4320);
#2903=LINE('',#18828,#4321);
#2904=LINE('',#18829,#4322);
#2905=LINE('',#18831,#4323);
#2906=LINE('',#18832,#4324);
#2907=LINE('',#18835,#4325);
#2908=LINE('',#18836,#4326);
#2909=LINE('',#18838,#4327);
#2910=LINE('',#18839,#4328);
#2911=LINE('',#18842,#4329);
#2912=LINE('',#18857,#4330);
#2913=LINE('',#18859,#4331);
#2914=LINE('',#18860,#4332);
#2915=LINE('',#18862,#4333);
#2916=LINE('',#18863,#4334);
#2917=LINE('',#18865,#4335);
#2918=LINE('',#18866,#4336);
#2919=LINE('',#18868,#4337);
#2920=LINE('',#18869,#4338);
#2921=LINE('',#18871,#4339);
#2922=LINE('',#18872,#4340);
#2923=LINE('',#18874,#4341);
#2924=LINE('',#18875,#4342);
#2925=LINE('',#18877,#4343);
#2926=LINE('',#18878,#4344);
#2927=LINE('',#18880,#4345);
#2928=LINE('',#18881,#4346);
#2929=LINE('',#18883,#4347);
#2930=LINE('',#18884,#4348);
#2931=LINE('',#18886,#4349);
#2932=LINE('',#18887,#4350);
#2933=LINE('',#18889,#4351);
#2934=LINE('',#18890,#4352);
#2935=LINE('',#18892,#4353);
#2936=LINE('',#18893,#4354);
#2937=LINE('',#18896,#4355);
#2938=LINE('',#18898,#4356);
#2939=LINE('',#18901,#4357);
#2940=LINE('',#18903,#4358);
#2941=LINE('',#18906,#4359);
#2942=LINE('',#18908,#4360);
#2943=LINE('',#18911,#4361);
#2944=LINE('',#18913,#4362);
#2945=LINE('',#18916,#4363);
#2946=LINE('',#18918,#4364);
#2947=LINE('',#18921,#4365);
#2948=LINE('',#18923,#4366);
#2949=LINE('',#18926,#4367);
#2950=LINE('',#18928,#4368);
#2951=LINE('',#18931,#4369);
#2952=LINE('',#18933,#4370);
#2953=LINE('',#18936,#4371);
#2954=LINE('',#18938,#4372);
#2955=LINE('',#18941,#4373);
#2956=LINE('',#18943,#4374);
#2957=LINE('',#18946,#4375);
#2958=LINE('',#18948,#4376);
#2959=LINE('',#18951,#4377);
#2960=LINE('',#18953,#4378);
#2961=LINE('',#18956,#4379);
#2962=LINE('',#18958,#4380);
#2963=VECTOR('',#11293,1.);
#2964=VECTOR('',#11294,1.);
#2965=VECTOR('',#11295,1.);
#2966=VECTOR('',#11298,1.);
#2967=VECTOR('',#11299,1.);
#2968=VECTOR('',#11302,1.);
#2969=VECTOR('',#11303,1.);
#2970=VECTOR('',#11304,1.);
#2971=VECTOR('',#11307,1.);
#2972=VECTOR('',#11308,1.);
#2973=VECTOR('',#11309,1.);
#2974=VECTOR('',#11312,1.);
#2975=VECTOR('',#11313,1.);
#2976=VECTOR('',#11314,1.);
#2977=VECTOR('',#11317,1.);
#2978=VECTOR('',#11320,1.);
#2979=VECTOR('',#11323,1.);
#2980=VECTOR('',#11328,1.);
#2981=VECTOR('',#11329,1.);
#2982=VECTOR('',#11330,1.);
#2983=VECTOR('',#11333,1.);
#2984=VECTOR('',#11338,1.);
#2985=VECTOR('',#11339,1.);
#2986=VECTOR('',#11344,1.);
#2987=VECTOR('',#11349,1.);
#2988=VECTOR('',#11352,1.);
#2989=VECTOR('',#11355,1.);
#2990=VECTOR('',#11360,1.);
#2991=VECTOR('',#11363,1.);
#2992=VECTOR('',#11364,1.);
#2993=VECTOR('',#11365,1.);
#2994=VECTOR('',#11366,1.);
#2995=VECTOR('',#11367,1.);
#2996=VECTOR('',#11368,1.);
#2997=VECTOR('',#11369,1.);
#2998=VECTOR('',#11370,1.);
#2999=VECTOR('',#11371,1.);
#3000=VECTOR('',#11372,1.);
#3001=VECTOR('',#11373,1.);
#3002=VECTOR('',#11374,1.);
#3003=VECTOR('',#11375,1.);
#3004=VECTOR('',#11376,1.);
#3005=VECTOR('',#11377,1.);
#3006=VECTOR('',#11378,1.);
#3007=VECTOR('',#11379,1.);
#3008=VECTOR('',#11380,1.);
#3009=VECTOR('',#11381,1.);
#3010=VECTOR('',#11382,1.);
#3011=VECTOR('',#11383,1.);
#3012=VECTOR('',#11384,1.);
#3013=VECTOR('',#11385,1.);
#3014=VECTOR('',#11386,1.);
#3015=VECTOR('',#11387,1.);
#3016=VECTOR('',#11388,1.);
#3017=VECTOR('',#11389,1.);
#3018=VECTOR('',#11390,1.);
#3019=VECTOR('',#11391,1.);
#3020=VECTOR('',#11392,1.);
#3021=VECTOR('',#11393,1.);
#3022=VECTOR('',#11394,1.);
#3023=VECTOR('',#11395,1.);
#3024=VECTOR('',#11396,1.);
#3025=VECTOR('',#11397,1.);
#3026=VECTOR('',#11398,1.);
#3027=VECTOR('',#11399,1.);
#3028=VECTOR('',#11400,1.);
#3029=VECTOR('',#11401,1.);
#3030=VECTOR('',#11402,1.);
#3031=VECTOR('',#11403,1.);
#3032=VECTOR('',#11404,1.);
#3033=VECTOR('',#11405,1.);
#3034=VECTOR('',#11406,1.);
#3035=VECTOR('',#11407,1.);
#3036=VECTOR('',#11408,1.);
#3037=VECTOR('',#11409,1.);
#3038=VECTOR('',#11410,1.);
#3039=VECTOR('',#11411,1.);
#3040=VECTOR('',#11412,1.);
#3041=VECTOR('',#11413,1.);
#3042=VECTOR('',#11414,1.);
#3043=VECTOR('',#11415,1.);
#3044=VECTOR('',#11416,1.);
#3045=VECTOR('',#11417,1.);
#3046=VECTOR('',#11418,1.);
#3047=VECTOR('',#11419,1.);
#3048=VECTOR('',#11420,1.);
#3049=VECTOR('',#11421,1.);
#3050=VECTOR('',#11422,1.);
#3051=VECTOR('',#11423,1.);
#3052=VECTOR('',#11424,1.);
#3053=VECTOR('',#11425,1.);
#3054=VECTOR('',#11426,1.);
#3055=VECTOR('',#11427,1.);
#3056=VECTOR('',#11428,1.);
#3057=VECTOR('',#11429,1.);
#3058=VECTOR('',#11430,1.);
#3059=VECTOR('',#11431,1.);
#3060=VECTOR('',#11432,1.);
#3061=VECTOR('',#11433,1.);
#3062=VECTOR('',#11434,1.);
#3063=VECTOR('',#11435,1.);
#3064=VECTOR('',#11436,1.);
#3065=VECTOR('',#11437,1.);
#3066=VECTOR('',#11438,1.);
#3067=VECTOR('',#11439,1.);
#3068=VECTOR('',#11440,1.);
#3069=VECTOR('',#11441,1.);
#3070=VECTOR('',#11442,1.);
#3071=VECTOR('',#11443,1.);
#3072=VECTOR('',#11444,1.);
#3073=VECTOR('',#11445,1.);
#3074=VECTOR('',#11446,1.);
#3075=VECTOR('',#11447,1.);
#3076=VECTOR('',#11448,1.);
#3077=VECTOR('',#11449,1.);
#3078=VECTOR('',#11450,1.);
#3079=VECTOR('',#11451,1.);
#3080=VECTOR('',#11452,1.);
#3081=VECTOR('',#11453,1.);
#3082=VECTOR('',#11454,1.);
#3083=VECTOR('',#11455,1.);
#3084=VECTOR('',#11456,1.);
#3085=VECTOR('',#11457,1.);
#3086=VECTOR('',#11458,1.);
#3087=VECTOR('',#11459,1.);
#3088=VECTOR('',#11460,1.);
#3089=VECTOR('',#11461,1.);
#3090=VECTOR('',#11462,1.);
#3091=VECTOR('',#11463,1.);
#3092=VECTOR('',#11464,1.);
#3093=VECTOR('',#11465,1.);
#3094=VECTOR('',#11466,1.);
#3095=VECTOR('',#11467,1.);
#3096=VECTOR('',#11468,1.);
#3097=VECTOR('',#11469,1.);
#3098=VECTOR('',#11470,1.);
#3099=VECTOR('',#11471,1.);
#3100=VECTOR('',#11472,1.);
#3101=VECTOR('',#11473,1.);
#3102=VECTOR('',#11474,1.);
#3103=VECTOR('',#11475,1.);
#3104=VECTOR('',#11476,1.);
#3105=VECTOR('',#11477,1.);
#3106=VECTOR('',#11478,1.);
#3107=VECTOR('',#11479,1.);
#3108=VECTOR('',#11480,1.);
#3109=VECTOR('',#11481,1.);
#3110=VECTOR('',#11482,1.);
#3111=VECTOR('',#11483,1.);
#3112=VECTOR('',#11484,1.);
#3113=VECTOR('',#11485,1.);
#3114=VECTOR('',#11486,1.);
#3115=VECTOR('',#11487,1.);
#3116=VECTOR('',#11488,1.);
#3117=VECTOR('',#11489,1.);
#3118=VECTOR('',#11490,1.);
#3119=VECTOR('',#11491,1.);
#3120=VECTOR('',#11492,1.);
#3121=VECTOR('',#11493,1.);
#3122=VECTOR('',#11494,1.);
#3123=VECTOR('',#11495,1.);
#3124=VECTOR('',#11496,1.);
#3125=VECTOR('',#11497,1.);
#3126=VECTOR('',#11498,1.);
#3127=VECTOR('',#11499,1.);
#3128=VECTOR('',#11500,1.);
#3129=VECTOR('',#11501,1.);
#3130=VECTOR('',#11502,1.);
#3131=VECTOR('',#11503,1.);
#3132=VECTOR('',#11504,1.);
#3133=VECTOR('',#11505,1.);
#3134=VECTOR('',#11506,1.);
#3135=VECTOR('',#11507,1.);
#3136=VECTOR('',#11508,1.);
#3137=VECTOR('',#11509,1.);
#3138=VECTOR('',#11510,1.);
#3139=VECTOR('',#11511,1.);
#3140=VECTOR('',#11512,1.);
#3141=VECTOR('',#11513,1.);
#3142=VECTOR('',#11514,1.);
#3143=VECTOR('',#11515,1.);
#3144=VECTOR('',#11516,1.);
#3145=VECTOR('',#11517,1.);
#3146=VECTOR('',#11518,1.);
#3147=VECTOR('',#11519,1.);
#3148=VECTOR('',#11520,1.);
#3149=VECTOR('',#11521,1.);
#3150=VECTOR('',#11522,1.);
#3151=VECTOR('',#11523,1.);
#3152=VECTOR('',#11524,1.);
#3153=VECTOR('',#11525,1.);
#3154=VECTOR('',#11526,1.);
#3155=VECTOR('',#11527,1.);
#3156=VECTOR('',#11528,1.);
#3157=VECTOR('',#11529,1.);
#3158=VECTOR('',#11530,1.);
#3159=VECTOR('',#11531,1.);
#3160=VECTOR('',#11532,1.);
#3161=VECTOR('',#11533,1.);
#3162=VECTOR('',#11534,1.);
#3163=VECTOR('',#11535,1.);
#3164=VECTOR('',#11536,1.);
#3165=VECTOR('',#11537,1.);
#3166=VECTOR('',#11538,1.);
#3167=VECTOR('',#11539,1.);
#3168=VECTOR('',#11540,1.);
#3169=VECTOR('',#11541,1.);
#3170=VECTOR('',#11542,1.);
#3171=VECTOR('',#11543,1.);
#3172=VECTOR('',#11544,1.);
#3173=VECTOR('',#11545,1.);
#3174=VECTOR('',#11546,1.);
#3175=VECTOR('',#11547,1.);
#3176=VECTOR('',#11548,1.);
#3177=VECTOR('',#11549,1.);
#3178=VECTOR('',#11550,1.);
#3179=VECTOR('',#11551,1.);
#3180=VECTOR('',#11552,1.);
#3181=VECTOR('',#11553,1.);
#3182=VECTOR('',#11554,1.);
#3183=VECTOR('',#11555,1.);
#3184=VECTOR('',#11556,1.);
#3185=VECTOR('',#11557,1.);
#3186=VECTOR('',#11558,1.);
#3187=VECTOR('',#11559,1.);
#3188=VECTOR('',#11560,1.);
#3189=VECTOR('',#11561,1.);
#3190=VECTOR('',#11562,1.);
#3191=VECTOR('',#11563,1.);
#3192=VECTOR('',#11564,1.);
#3193=VECTOR('',#11565,1.);
#3194=VECTOR('',#11566,1.);
#3195=VECTOR('',#11567,1.);
#3196=VECTOR('',#11568,1.);
#3197=VECTOR('',#11569,1.);
#3198=VECTOR('',#11570,1.);
#3199=VECTOR('',#11571,1.);
#3200=VECTOR('',#11572,1.);
#3201=VECTOR('',#11573,1.);
#3202=VECTOR('',#11574,1.);
#3203=VECTOR('',#11575,1.);
#3204=VECTOR('',#11576,1.);
#3205=VECTOR('',#11577,1.);
#3206=VECTOR('',#11580,1.);
#3207=VECTOR('',#11581,1.);
#3208=VECTOR('',#11582,1.);
#3209=VECTOR('',#11585,1.);
#3210=VECTOR('',#11586,1.);
#3211=VECTOR('',#11591,1.);
#3212=VECTOR('',#11592,1.);
#3213=VECTOR('',#11593,1.);
#3214=VECTOR('',#11594,1.);
#3215=VECTOR('',#11595,1.);
#3216=VECTOR('',#11596,1.);
#3217=VECTOR('',#11599,1.);
#3218=VECTOR('',#11604,1.);
#3219=VECTOR('',#11607,1.);
#3220=VECTOR('',#11612,1.);
#3221=VECTOR('',#11613,1.);
#3222=VECTOR('',#11614,1.);
#3223=VECTOR('',#11617,1.);
#3224=VECTOR('',#11618,1.);
#3225=VECTOR('',#11619,1.);
#3226=VECTOR('',#11622,1.);
#3227=VECTOR('',#11623,1.);
#3228=VECTOR('',#11624,1.);
#3229=VECTOR('',#11627,1.);
#3230=VECTOR('',#11628,1.);
#3231=VECTOR('',#11633,1.);
#3232=VECTOR('',#11634,1.);
#3233=VECTOR('',#11637,1.);
#3234=VECTOR('',#11642,1.);
#3235=VECTOR('',#11645,1.);
#3236=VECTOR('',#11646,1.);
#3237=VECTOR('',#11649,1.);
#3238=VECTOR('',#11650,1.);
#3239=VECTOR('',#11651,1.);
#3240=VECTOR('',#11656,1.);
#3241=VECTOR('',#11659,1.);
#3242=VECTOR('',#11662,1.);
#3243=VECTOR('',#11665,1.);
#3244=VECTOR('',#11668,1.);
#3245=VECTOR('',#11671,1.);
#3246=VECTOR('',#11672,1.);
#3247=VECTOR('',#11673,1.);
#3248=VECTOR('',#11676,1.);
#3249=VECTOR('',#11679,1.);
#3250=VECTOR('',#11682,1.);
#3251=VECTOR('',#11685,1.);
#3252=VECTOR('',#11688,1.);
#3253=VECTOR('',#11691,1.);
#3254=VECTOR('',#11696,1.);
#3255=VECTOR('',#11699,1.);
#3256=VECTOR('',#11704,1.);
#3257=VECTOR('',#11711,1.);
#3258=VECTOR('',#11712,1.);
#3259=VECTOR('',#11713,1.);
#3260=VECTOR('',#11716,1.);
#3261=VECTOR('',#11717,1.);
#3262=VECTOR('',#11720,1.);
#3263=VECTOR('',#11721,1.);
#3264=VECTOR('',#11724,1.);
#3265=VECTOR('',#11725,1.);
#3266=VECTOR('',#11726,1.);
#3267=VECTOR('',#11729,1.);
#3268=VECTOR('',#11730,1.);
#3269=VECTOR('',#11733,1.);
#3270=VECTOR('',#11734,1.);
#3271=VECTOR('',#11737,1.);
#3272=VECTOR('',#11738,1.);
#3273=VECTOR('',#11739,1.);
#3274=VECTOR('',#11742,1.);
#3275=VECTOR('',#11743,1.);
#3276=VECTOR('',#11746,1.);
#3277=VECTOR('',#11747,1.);
#3278=VECTOR('',#11750,1.);
#3279=VECTOR('',#11751,1.);
#3280=VECTOR('',#11752,1.);
#3281=VECTOR('',#11755,1.);
#3282=VECTOR('',#11756,1.);
#3283=VECTOR('',#11759,1.);
#3284=VECTOR('',#11760,1.);
#3285=VECTOR('',#11763,1.);
#3286=VECTOR('',#11764,1.);
#3287=VECTOR('',#11765,1.);
#3288=VECTOR('',#11768,1.);
#3289=VECTOR('',#11769,1.);
#3290=VECTOR('',#11772,1.);
#3291=VECTOR('',#11773,1.);
#3292=VECTOR('',#11776,1.);
#3293=VECTOR('',#11777,1.);
#3294=VECTOR('',#11778,1.);
#3295=VECTOR('',#11781,1.);
#3296=VECTOR('',#11782,1.);
#3297=VECTOR('',#11785,1.);
#3298=VECTOR('',#11786,1.);
#3299=VECTOR('',#11787,1.);
#3300=VECTOR('',#11790,1.);
#3301=VECTOR('',#11791,1.);
#3302=VECTOR('',#11794,1.);
#3303=VECTOR('',#11795,1.);
#3304=VECTOR('',#11798,1.);
#3305=VECTOR('',#11799,1.);
#3306=VECTOR('',#11800,1.);
#3307=VECTOR('',#11803,1.);
#3308=VECTOR('',#11804,1.);
#3309=VECTOR('',#11807,1.);
#3310=VECTOR('',#11808,1.);
#3311=VECTOR('',#11811,1.);
#3312=VECTOR('',#11812,1.);
#3313=VECTOR('',#11813,1.);
#3314=VECTOR('',#11816,1.);
#3315=VECTOR('',#11817,1.);
#3316=VECTOR('',#11820,1.);
#3317=VECTOR('',#11821,1.);
#3318=VECTOR('',#11824,1.);
#3319=VECTOR('',#11825,1.);
#3320=VECTOR('',#11826,1.);
#3321=VECTOR('',#11829,1.);
#3322=VECTOR('',#11830,1.);
#3323=VECTOR('',#11833,1.);
#3324=VECTOR('',#11834,1.);
#3325=VECTOR('',#11837,1.);
#3326=VECTOR('',#11838,1.);
#3327=VECTOR('',#11839,1.);
#3328=VECTOR('',#11842,1.);
#3329=VECTOR('',#11843,1.);
#3330=VECTOR('',#11846,1.);
#3331=VECTOR('',#11847,1.);
#3332=VECTOR('',#11850,1.);
#3333=VECTOR('',#11851,1.);
#3334=VECTOR('',#11852,1.);
#3335=VECTOR('',#11855,1.);
#3336=VECTOR('',#11856,1.);
#3337=VECTOR('',#11859,1.);
#3338=VECTOR('',#11860,1.);
#3339=VECTOR('',#11863,1.);
#3340=VECTOR('',#11864,1.);
#3341=VECTOR('',#11865,1.);
#3342=VECTOR('',#11868,1.);
#3343=VECTOR('',#11869,1.);
#3344=VECTOR('',#11872,1.);
#3345=VECTOR('',#11873,1.);
#3346=VECTOR('',#11876,1.);
#3347=VECTOR('',#11877,1.);
#3348=VECTOR('',#11880,1.);
#3349=VECTOR('',#11881,1.);
#3350=VECTOR('',#11882,1.);
#3351=VECTOR('',#11883,1.);
#3352=VECTOR('',#11884,1.);
#3353=VECTOR('',#11885,1.);
#3354=VECTOR('',#11886,1.);
#3355=VECTOR('',#11887,1.);
#3356=VECTOR('',#11888,1.);
#3357=VECTOR('',#11889,1.);
#3358=VECTOR('',#11890,1.);
#3359=VECTOR('',#11891,1.);
#3360=VECTOR('',#11892,1.);
#3361=VECTOR('',#11893,1.);
#3362=VECTOR('',#11894,1.);
#3363=VECTOR('',#11895,1.);
#3364=VECTOR('',#11896,1.);
#3365=VECTOR('',#11897,1.);
#3366=VECTOR('',#11898,1.);
#3367=VECTOR('',#11899,1.);
#3368=VECTOR('',#11900,1.);
#3369=VECTOR('',#11901,1.);
#3370=VECTOR('',#11902,1.);
#3371=VECTOR('',#11903,1.);
#3372=VECTOR('',#11904,1.);
#3373=VECTOR('',#11905,1.);
#3374=VECTOR('',#11906,1.);
#3375=VECTOR('',#11907,1.);
#3376=VECTOR('',#11908,1.);
#3377=VECTOR('',#11909,1.);
#3378=VECTOR('',#11910,1.);
#3379=VECTOR('',#11911,1.);
#3380=VECTOR('',#11912,1.);
#3381=VECTOR('',#11913,1.);
#3382=VECTOR('',#11914,1.);
#3383=VECTOR('',#11915,1.);
#3384=VECTOR('',#11916,1.);
#3385=VECTOR('',#11917,1.);
#3386=VECTOR('',#11918,1.);
#3387=VECTOR('',#11919,1.);
#3388=VECTOR('',#11920,1.);
#3389=VECTOR('',#11921,1.);
#3390=VECTOR('',#11922,1.);
#3391=VECTOR('',#11923,1.);
#3392=VECTOR('',#11924,1.);
#3393=VECTOR('',#11925,1.);
#3394=VECTOR('',#11926,1.);
#3395=VECTOR('',#11927,1.);
#3396=VECTOR('',#11928,1.);
#3397=VECTOR('',#11929,1.);
#3398=VECTOR('',#11930,1.);
#3399=VECTOR('',#11931,1.);
#3400=VECTOR('',#11932,1.);
#3401=VECTOR('',#11933,1.);
#3402=VECTOR('',#11934,1.);
#3403=VECTOR('',#11935,1.);
#3404=VECTOR('',#11936,1.);
#3405=VECTOR('',#11937,1.);
#3406=VECTOR('',#11938,1.);
#3407=VECTOR('',#11939,1.);
#3408=VECTOR('',#11940,1.);
#3409=VECTOR('',#11941,1.);
#3410=VECTOR('',#11942,1.);
#3411=VECTOR('',#11943,1.);
#3412=VECTOR('',#11944,1.);
#3413=VECTOR('',#11945,1.);
#3414=VECTOR('',#11946,1.);
#3415=VECTOR('',#11947,1.);
#3416=VECTOR('',#11948,1.);
#3417=VECTOR('',#11949,1.);
#3418=VECTOR('',#11950,1.);
#3419=VECTOR('',#11951,1.);
#3420=VECTOR('',#11952,1.);
#3421=VECTOR('',#11953,1.);
#3422=VECTOR('',#11954,1.);
#3423=VECTOR('',#11955,1.);
#3424=VECTOR('',#11956,1.);
#3425=VECTOR('',#11957,1.);
#3426=VECTOR('',#11958,1.);
#3427=VECTOR('',#11959,1.);
#3428=VECTOR('',#11960,1.);
#3429=VECTOR('',#11961,1.);
#3430=VECTOR('',#11962,1.);
#3431=VECTOR('',#11963,1.);
#3432=VECTOR('',#11964,1.);
#3433=VECTOR('',#11965,1.);
#3434=VECTOR('',#11966,1.);
#3435=VECTOR('',#11967,1.);
#3436=VECTOR('',#11968,1.);
#3437=VECTOR('',#11969,1.);
#3438=VECTOR('',#11970,1.);
#3439=VECTOR('',#11971,1.);
#3440=VECTOR('',#11972,1.);
#3441=VECTOR('',#11973,1.);
#3442=VECTOR('',#11974,1.);
#3443=VECTOR('',#11975,1.);
#3444=VECTOR('',#11976,1.);
#3445=VECTOR('',#11977,1.);
#3446=VECTOR('',#11978,1.);
#3447=VECTOR('',#11979,1.);
#3448=VECTOR('',#11980,1.);
#3449=VECTOR('',#11981,1.);
#3450=VECTOR('',#11982,1.);
#3451=VECTOR('',#11983,1.);
#3452=VECTOR('',#11984,1.);
#3453=VECTOR('',#11985,1.);
#3454=VECTOR('',#11986,1.);
#3455=VECTOR('',#11987,1.);
#3456=VECTOR('',#11988,1.);
#3457=VECTOR('',#11989,1.);
#3458=VECTOR('',#11990,1.);
#3459=VECTOR('',#11991,1.);
#3460=VECTOR('',#11992,1.);
#3461=VECTOR('',#11993,1.);
#3462=VECTOR('',#11994,1.);
#3463=VECTOR('',#11995,1.);
#3464=VECTOR('',#11996,1.);
#3465=VECTOR('',#11997,1.);
#3466=VECTOR('',#11998,1.);
#3467=VECTOR('',#11999,1.);
#3468=VECTOR('',#12000,1.);
#3469=VECTOR('',#12001,1.);
#3470=VECTOR('',#12002,1.);
#3471=VECTOR('',#12003,1.);
#3472=VECTOR('',#12004,1.);
#3473=VECTOR('',#12005,1.);
#3474=VECTOR('',#12006,1.);
#3475=VECTOR('',#12007,1.);
#3476=VECTOR('',#12008,1.);
#3477=VECTOR('',#12009,1.);
#3478=VECTOR('',#12010,1.);
#3479=VECTOR('',#12011,1.);
#3480=VECTOR('',#12012,1.);
#3481=VECTOR('',#12013,1.);
#3482=VECTOR('',#12014,1.);
#3483=VECTOR('',#12015,1.);
#3484=VECTOR('',#12016,1.);
#3485=VECTOR('',#12017,1.);
#3486=VECTOR('',#12018,1.);
#3487=VECTOR('',#12019,1.);
#3488=VECTOR('',#12020,1.);
#3489=VECTOR('',#12021,1.);
#3490=VECTOR('',#12022,1.);
#3491=VECTOR('',#12023,1.);
#3492=VECTOR('',#12024,1.);
#3493=VECTOR('',#12025,1.);
#3494=VECTOR('',#12026,1.);
#3495=VECTOR('',#12027,1.);
#3496=VECTOR('',#12028,1.);
#3497=VECTOR('',#12029,1.);
#3498=VECTOR('',#12030,1.);
#3499=VECTOR('',#12031,1.);
#3500=VECTOR('',#12032,1.);
#3501=VECTOR('',#12033,1.);
#3502=VECTOR('',#12034,1.);
#3503=VECTOR('',#12035,1.);
#3504=VECTOR('',#12036,1.);
#3505=VECTOR('',#12037,1.);
#3506=VECTOR('',#12038,1.);
#3507=VECTOR('',#12039,1.);
#3508=VECTOR('',#12040,1.);
#3509=VECTOR('',#12041,1.);
#3510=VECTOR('',#12042,1.);
#3511=VECTOR('',#12043,1.);
#3512=VECTOR('',#12044,1.);
#3513=VECTOR('',#12045,1.);
#3514=VECTOR('',#12046,1.);
#3515=VECTOR('',#12047,1.);
#3516=VECTOR('',#12048,1.);
#3517=VECTOR('',#12051,1.);
#3518=VECTOR('',#12076,1.);
#3519=VECTOR('',#12077,1.);
#3520=VECTOR('',#12080,1.);
#3521=VECTOR('',#12081,1.);
#3522=VECTOR('',#12084,1.);
#3523=VECTOR('',#12085,1.);
#3524=VECTOR('',#12088,1.);
#3525=VECTOR('',#12089,1.);
#3526=VECTOR('',#12092,1.);
#3527=VECTOR('',#12093,1.);
#3528=VECTOR('',#12096,1.);
#3529=VECTOR('',#12097,1.);
#3530=VECTOR('',#12100,1.);
#3531=VECTOR('',#12101,1.);
#3532=VECTOR('',#12104,1.);
#3533=VECTOR('',#12105,1.);
#3534=VECTOR('',#12108,1.);
#3535=VECTOR('',#12109,1.);
#3536=VECTOR('',#12112,1.);
#3537=VECTOR('',#12113,1.);
#3538=VECTOR('',#12116,1.);
#3539=VECTOR('',#12117,1.);
#3540=VECTOR('',#12120,1.);
#3541=VECTOR('',#12121,1.);
#3542=VECTOR('',#12124,1.);
#3543=VECTOR('',#12125,1.);
#3544=VECTOR('',#12128,1.);
#3545=VECTOR('',#12131,1.);
#3546=VECTOR('',#12134,1.);
#3547=VECTOR('',#12137,1.);
#3548=VECTOR('',#12140,1.);
#3549=VECTOR('',#12143,1.);
#3550=VECTOR('',#12148,1.);
#3551=VECTOR('',#12151,1.);
#3552=VECTOR('',#12154,1.);
#3553=VECTOR('',#12157,1.);
#3554=VECTOR('',#12160,1.);
#3555=VECTOR('',#12163,1.);
#3556=VECTOR('',#12166,1.);
#3557=VECTOR('',#12169,1.);
#3558=VECTOR('',#12172,1.);
#3559=VECTOR('',#12175,1.);
#3560=VECTOR('',#12178,1.);
#3561=VECTOR('',#12181,1.);
#3562=VECTOR('',#12184,1.);
#3563=VECTOR('',#12187,1.);
#3564=VECTOR('',#12190,1.);
#3565=VECTOR('',#12193,1.);
#3566=VECTOR('',#12196,1.);
#3567=VECTOR('',#12199,1.);
#3568=VECTOR('',#12202,1.);
#3569=VECTOR('',#12229,1.);
#3570=VECTOR('',#12230,1.);
#3571=VECTOR('',#12233,1.);
#3572=VECTOR('',#12234,1.);
#3573=VECTOR('',#12239,1.);
#3574=VECTOR('',#12240,1.);
#3575=VECTOR('',#12243,1.);
#3576=VECTOR('',#12244,1.);
#3577=VECTOR('',#12249,1.);
#3578=VECTOR('',#12250,1.);
#3579=VECTOR('',#12253,1.);
#3580=VECTOR('',#12254,1.);
#3581=VECTOR('',#12259,1.);
#3582=VECTOR('',#12260,1.);
#3583=VECTOR('',#12263,1.);
#3584=VECTOR('',#12264,1.);
#3585=VECTOR('',#12269,1.);
#3586=VECTOR('',#12270,1.);
#3587=VECTOR('',#12273,1.);
#3588=VECTOR('',#12274,1.);
#3589=VECTOR('',#12279,1.);
#3590=VECTOR('',#12280,1.);
#3591=VECTOR('',#12283,1.);
#3592=VECTOR('',#12284,1.);
#3593=VECTOR('',#12289,1.);
#3594=VECTOR('',#12290,1.);
#3595=VECTOR('',#12293,1.);
#3596=VECTOR('',#12294,1.);
#3597=VECTOR('',#12299,1.);
#3598=VECTOR('',#12300,1.);
#3599=VECTOR('',#12303,1.);
#3600=VECTOR('',#12304,1.);
#3601=VECTOR('',#12309,1.);
#3602=VECTOR('',#12310,1.);
#3603=VECTOR('',#12313,1.);
#3604=VECTOR('',#12314,1.);
#3605=VECTOR('',#12319,1.);
#3606=VECTOR('',#12320,1.);
#3607=VECTOR('',#12323,1.);
#3608=VECTOR('',#12324,1.);
#3609=VECTOR('',#12329,1.);
#3610=VECTOR('',#12330,1.);
#3611=VECTOR('',#12333,1.);
#3612=VECTOR('',#12334,1.);
#3613=VECTOR('',#12339,1.);
#3614=VECTOR('',#12340,1.);
#3615=VECTOR('',#12343,1.);
#3616=VECTOR('',#12344,1.);
#3617=VECTOR('',#12349,1.);
#3618=VECTOR('',#12350,1.);
#3619=VECTOR('',#12353,1.);
#3620=VECTOR('',#12354,1.);
#3621=VECTOR('',#12359,1.);
#3622=VECTOR('',#12388,1.);
#3623=VECTOR('',#12391,1.);
#3624=VECTOR('',#12392,1.);
#3625=VECTOR('',#12395,1.);
#3626=VECTOR('',#12396,1.);
#3627=VECTOR('',#12399,1.);
#3628=VECTOR('',#12400,1.);
#3629=VECTOR('',#12403,1.);
#3630=VECTOR('',#12404,1.);
#3631=VECTOR('',#12407,1.);
#3632=VECTOR('',#12408,1.);
#3633=VECTOR('',#12411,1.);
#3634=VECTOR('',#12412,1.);
#3635=VECTOR('',#12415,1.);
#3636=VECTOR('',#12416,1.);
#3637=VECTOR('',#12419,1.);
#3638=VECTOR('',#12420,1.);
#3639=VECTOR('',#12423,1.);
#3640=VECTOR('',#12424,1.);
#3641=VECTOR('',#12427,1.);
#3642=VECTOR('',#12428,1.);
#3643=VECTOR('',#12431,1.);
#3644=VECTOR('',#12432,1.);
#3645=VECTOR('',#12435,1.);
#3646=VECTOR('',#12436,1.);
#3647=VECTOR('',#12441,1.);
#3648=VECTOR('',#12444,1.);
#3649=VECTOR('',#12449,1.);
#3650=VECTOR('',#12452,1.);
#3651=VECTOR('',#12457,1.);
#3652=VECTOR('',#12460,1.);
#3653=VECTOR('',#12465,1.);
#3654=VECTOR('',#12468,1.);
#3655=VECTOR('',#12473,1.);
#3656=VECTOR('',#12476,1.);
#3657=VECTOR('',#12481,1.);
#3658=VECTOR('',#12484,1.);
#3659=VECTOR('',#12489,1.);
#3660=VECTOR('',#12492,1.);
#3661=VECTOR('',#12497,1.);
#3662=VECTOR('',#12500,1.);
#3663=VECTOR('',#12505,1.);
#3664=VECTOR('',#12508,1.);
#3665=VECTOR('',#12513,1.);
#3666=VECTOR('',#12516,1.);
#3667=VECTOR('',#12521,1.);
#3668=VECTOR('',#12524,1.);
#3669=VECTOR('',#12529,1.);
#3670=VECTOR('',#12532,1.);
#3671=VECTOR('',#12537,1.);
#3672=VECTOR('',#12540,1.);
#3673=VECTOR('',#12545,1.);
#3674=VECTOR('',#12546,1.);
#3675=VECTOR('',#12547,1.);
#3676=VECTOR('',#12550,1.);
#3677=VECTOR('',#12551,1.);
#3678=VECTOR('',#12554,1.);
#3679=VECTOR('',#12555,1.);
#3680=VECTOR('',#12556,1.);
#3681=VECTOR('',#12559,1.);
#3682=VECTOR('',#12560,1.);
#3683=VECTOR('',#12561,1.);
#3684=VECTOR('',#12564,1.);
#3685=VECTOR('',#12565,1.);
#3686=VECTOR('',#12566,1.);
#3687=VECTOR('',#12569,1.);
#3688=VECTOR('',#12572,1.);
#3689=VECTOR('',#12575,1.);
#3690=VECTOR('',#12580,1.);
#3691=VECTOR('',#12583,1.);
#3692=VECTOR('',#12584,1.);
#3693=VECTOR('',#12585,1.);
#3694=VECTOR('',#12590,1.);
#3695=VECTOR('',#12591,1.);
#3696=VECTOR('',#12598,1.);
#3697=VECTOR('',#12601,1.);
#3698=VECTOR('',#12604,1.);
#3699=VECTOR('',#12609,1.);
#3700=VECTOR('',#12612,1.);
#3701=VECTOR('',#12615,1.);
#3702=VECTOR('',#12616,1.);
#3703=VECTOR('',#12617,1.);
#3704=VECTOR('',#12618,1.);
#3705=VECTOR('',#12619,1.);
#3706=VECTOR('',#12620,1.);
#3707=VECTOR('',#12621,1.);
#3708=VECTOR('',#12622,1.);
#3709=VECTOR('',#12623,1.);
#3710=VECTOR('',#12624,1.);
#3711=VECTOR('',#12625,1.);
#3712=VECTOR('',#12626,1.);
#3713=VECTOR('',#12627,1.);
#3714=VECTOR('',#12628,1.);
#3715=VECTOR('',#12629,1.);
#3716=VECTOR('',#12630,1.);
#3717=VECTOR('',#12631,1.);
#3718=VECTOR('',#12632,1.);
#3719=VECTOR('',#12633,1.);
#3720=VECTOR('',#12634,1.);
#3721=VECTOR('',#12635,1.);
#3722=VECTOR('',#12636,1.);
#3723=VECTOR('',#12637,1.);
#3724=VECTOR('',#12638,1.);
#3725=VECTOR('',#12639,1.);
#3726=VECTOR('',#12640,1.);
#3727=VECTOR('',#12641,1.);
#3728=VECTOR('',#12642,1.);
#3729=VECTOR('',#12643,1.);
#3730=VECTOR('',#12644,1.);
#3731=VECTOR('',#12645,1.);
#3732=VECTOR('',#12646,1.);
#3733=VECTOR('',#12647,1.);
#3734=VECTOR('',#12648,1.);
#3735=VECTOR('',#12649,1.);
#3736=VECTOR('',#12650,1.);
#3737=VECTOR('',#12651,1.);
#3738=VECTOR('',#12652,1.);
#3739=VECTOR('',#12653,1.);
#3740=VECTOR('',#12654,1.);
#3741=VECTOR('',#12655,1.);
#3742=VECTOR('',#12656,1.);
#3743=VECTOR('',#12657,1.);
#3744=VECTOR('',#12658,1.);
#3745=VECTOR('',#12659,1.);
#3746=VECTOR('',#12660,1.);
#3747=VECTOR('',#12661,1.);
#3748=VECTOR('',#12662,1.);
#3749=VECTOR('',#12663,1.);
#3750=VECTOR('',#12664,1.);
#3751=VECTOR('',#12665,1.);
#3752=VECTOR('',#12666,1.);
#3753=VECTOR('',#12667,1.);
#3754=VECTOR('',#12668,1.);
#3755=VECTOR('',#12669,1.);
#3756=VECTOR('',#12670,1.);
#3757=VECTOR('',#12671,1.);
#3758=VECTOR('',#12672,1.);
#3759=VECTOR('',#12673,1.);
#3760=VECTOR('',#12674,1.);
#3761=VECTOR('',#12675,1.);
#3762=VECTOR('',#12676,1.);
#3763=VECTOR('',#12677,1.);
#3764=VECTOR('',#12678,1.);
#3765=VECTOR('',#12679,1.);
#3766=VECTOR('',#12680,1.);
#3767=VECTOR('',#12681,1.);
#3768=VECTOR('',#12682,1.);
#3769=VECTOR('',#12683,1.);
#3770=VECTOR('',#12684,1.);
#3771=VECTOR('',#12685,1.);
#3772=VECTOR('',#12686,1.);
#3773=VECTOR('',#12687,1.);
#3774=VECTOR('',#12688,1.);
#3775=VECTOR('',#12689,1.);
#3776=VECTOR('',#12690,1.);
#3777=VECTOR('',#12691,1.);
#3778=VECTOR('',#12692,1.);
#3779=VECTOR('',#12693,1.);
#3780=VECTOR('',#12694,1.);
#3781=VECTOR('',#12695,1.);
#3782=VECTOR('',#12696,1.);
#3783=VECTOR('',#12697,1.);
#3784=VECTOR('',#12698,1.);
#3785=VECTOR('',#12699,1.);
#3786=VECTOR('',#12700,1.);
#3787=VECTOR('',#12701,1.);
#3788=VECTOR('',#12702,1.);
#3789=VECTOR('',#12703,1.);
#3790=VECTOR('',#12704,1.);
#3791=VECTOR('',#12705,1.);
#3792=VECTOR('',#12706,1.);
#3793=VECTOR('',#12707,1.);
#3794=VECTOR('',#12708,1.);
#3795=VECTOR('',#12709,1.);
#3796=VECTOR('',#12710,1.);
#3797=VECTOR('',#12711,1.);
#3798=VECTOR('',#12712,1.);
#3799=VECTOR('',#12713,1.);
#3800=VECTOR('',#12714,1.);
#3801=VECTOR('',#12715,1.);
#3802=VECTOR('',#12716,1.);
#3803=VECTOR('',#12717,1.);
#3804=VECTOR('',#12718,1.);
#3805=VECTOR('',#12719,1.);
#3806=VECTOR('',#12720,1.);
#3807=VECTOR('',#12721,1.);
#3808=VECTOR('',#12722,1.);
#3809=VECTOR('',#12723,1.);
#3810=VECTOR('',#12724,1.);
#3811=VECTOR('',#12725,1.);
#3812=VECTOR('',#12726,1.);
#3813=VECTOR('',#12727,1.);
#3814=VECTOR('',#12728,1.);
#3815=VECTOR('',#12729,1.);
#3816=VECTOR('',#12730,1.);
#3817=VECTOR('',#12731,1.);
#3818=VECTOR('',#12732,1.);
#3819=VECTOR('',#12733,1.);
#3820=VECTOR('',#12734,1.);
#3821=VECTOR('',#12735,1.);
#3822=VECTOR('',#12736,1.);
#3823=VECTOR('',#12737,1.);
#3824=VECTOR('',#12738,1.);
#3825=VECTOR('',#12739,1.);
#3826=VECTOR('',#12740,1.);
#3827=VECTOR('',#12741,1.);
#3828=VECTOR('',#12742,1.);
#3829=VECTOR('',#12743,1.);
#3830=VECTOR('',#12744,1.);
#3831=VECTOR('',#12745,1.);
#3832=VECTOR('',#12746,1.);
#3833=VECTOR('',#12747,1.);
#3834=VECTOR('',#12748,1.);
#3835=VECTOR('',#12749,1.);
#3836=VECTOR('',#12750,1.);
#3837=VECTOR('',#12751,1.);
#3838=VECTOR('',#12752,1.);
#3839=VECTOR('',#12753,1.);
#3840=VECTOR('',#12754,1.);
#3841=VECTOR('',#12755,1.);
#3842=VECTOR('',#12756,1.);
#3843=VECTOR('',#12757,1.);
#3844=VECTOR('',#12758,1.);
#3845=VECTOR('',#12759,1.);
#3846=VECTOR('',#12760,1.);
#3847=VECTOR('',#12761,1.);
#3848=VECTOR('',#12762,1.);
#3849=VECTOR('',#12763,1.);
#3850=VECTOR('',#12764,1.);
#3851=VECTOR('',#12765,1.);
#3852=VECTOR('',#12766,1.);
#3853=VECTOR('',#12767,1.);
#3854=VECTOR('',#12768,1.);
#3855=VECTOR('',#12769,1.);
#3856=VECTOR('',#12770,1.);
#3857=VECTOR('',#12771,1.);
#3858=VECTOR('',#12772,1.);
#3859=VECTOR('',#12773,1.);
#3860=VECTOR('',#12774,1.);
#3861=VECTOR('',#12775,1.);
#3862=VECTOR('',#12776,1.);
#3863=VECTOR('',#12777,1.);
#3864=VECTOR('',#12778,1.);
#3865=VECTOR('',#12779,1.);
#3866=VECTOR('',#12780,1.);
#3867=VECTOR('',#12781,1.);
#3868=VECTOR('',#12782,1.);
#3869=VECTOR('',#12783,1.);
#3870=VECTOR('',#12784,1.);
#3871=VECTOR('',#12785,1.);
#3872=VECTOR('',#12786,1.);
#3873=VECTOR('',#12787,1.);
#3874=VECTOR('',#12788,1.);
#3875=VECTOR('',#12789,1.);
#3876=VECTOR('',#12790,1.);
#3877=VECTOR('',#12791,1.);
#3878=VECTOR('',#12792,1.);
#3879=VECTOR('',#12793,1.);
#3880=VECTOR('',#12794,1.);
#3881=VECTOR('',#12795,1.);
#3882=VECTOR('',#12796,1.);
#3883=VECTOR('',#12797,1.);
#3884=VECTOR('',#12798,1.);
#3885=VECTOR('',#12799,1.);
#3886=VECTOR('',#12800,1.);
#3887=VECTOR('',#12801,1.);
#3888=VECTOR('',#12802,1.);
#3889=VECTOR('',#12803,1.);
#3890=VECTOR('',#12804,1.);
#3891=VECTOR('',#12805,1.);
#3892=VECTOR('',#12806,1.);
#3893=VECTOR('',#12807,1.);
#3894=VECTOR('',#12808,1.);
#3895=VECTOR('',#12809,1.);
#3896=VECTOR('',#12810,1.);
#3897=VECTOR('',#12811,1.);
#3898=VECTOR('',#12812,1.);
#3899=VECTOR('',#12813,1.);
#3900=VECTOR('',#12814,1.);
#3901=VECTOR('',#12815,1.);
#3902=VECTOR('',#12816,1.);
#3903=VECTOR('',#12817,1.);
#3904=VECTOR('',#12818,1.);
#3905=VECTOR('',#12819,1.);
#3906=VECTOR('',#12820,1.);
#3907=VECTOR('',#12821,1.);
#3908=VECTOR('',#12822,1.);
#3909=VECTOR('',#12823,1.);
#3910=VECTOR('',#12824,1.);
#3911=VECTOR('',#12825,1.);
#3912=VECTOR('',#12826,1.);
#3913=VECTOR('',#12827,1.);
#3914=VECTOR('',#12830,1.);
#3915=VECTOR('',#12831,1.);
#3916=VECTOR('',#12832,1.);
#3917=VECTOR('',#12835,1.);
#3918=VECTOR('',#12838,1.);
#3919=VECTOR('',#12841,1.);
#3920=VECTOR('',#12842,1.);
#3921=VECTOR('',#12843,1.);
#3922=VECTOR('',#12844,1.);
#3923=VECTOR('',#12845,1.);
#3924=VECTOR('',#12846,1.);
#3925=VECTOR('',#12849,1.);
#3926=VECTOR('',#12854,1.);
#3927=VECTOR('',#12857,1.);
#3928=VECTOR('',#12862,1.);
#3929=VECTOR('',#12863,1.);
#3930=VECTOR('',#12864,1.);
#3931=VECTOR('',#12867,1.);
#3932=VECTOR('',#12868,1.);
#3933=VECTOR('',#12869,1.);
#3934=VECTOR('',#12872,1.);
#3935=VECTOR('',#12873,1.);
#3936=VECTOR('',#12874,1.);
#3937=VECTOR('',#12877,1.);
#3938=VECTOR('',#12878,1.);
#3939=VECTOR('',#12883,1.);
#3940=VECTOR('',#12884,1.);
#3941=VECTOR('',#12887,1.);
#3942=VECTOR('',#12888,1.);
#3943=VECTOR('',#12895,1.);
#3944=VECTOR('',#12896,1.);
#3945=VECTOR('',#12901,1.);
#3946=VECTOR('',#12902,1.);
#3947=VECTOR('',#12903,1.);
#3948=VECTOR('',#12906,1.);
#3949=VECTOR('',#12909,1.);
#3950=VECTOR('',#12912,1.);
#3951=VECTOR('',#12915,1.);
#3952=VECTOR('',#12918,1.);
#3953=VECTOR('',#12921,1.);
#3954=VECTOR('',#12922,1.);
#3955=VECTOR('',#12923,1.);
#3956=VECTOR('',#12926,1.);
#3957=VECTOR('',#12929,1.);
#3958=VECTOR('',#12932,1.);
#3959=VECTOR('',#12935,1.);
#3960=VECTOR('',#12938,1.);
#3961=VECTOR('',#12941,1.);
#3962=VECTOR('',#12944,1.);
#3963=VECTOR('',#12949,1.);
#3964=VECTOR('',#12954,1.);
#3965=VECTOR('',#12961,1.);
#3966=VECTOR('',#12962,1.);
#3967=VECTOR('',#12963,1.);
#3968=VECTOR('',#12966,1.);
#3969=VECTOR('',#12967,1.);
#3970=VECTOR('',#12970,1.);
#3971=VECTOR('',#12971,1.);
#3972=VECTOR('',#12974,1.);
#3973=VECTOR('',#12975,1.);
#3974=VECTOR('',#12976,1.);
#3975=VECTOR('',#12979,1.);
#3976=VECTOR('',#12980,1.);
#3977=VECTOR('',#12983,1.);
#3978=VECTOR('',#12984,1.);
#3979=VECTOR('',#12987,1.);
#3980=VECTOR('',#12988,1.);
#3981=VECTOR('',#12989,1.);
#3982=VECTOR('',#12992,1.);
#3983=VECTOR('',#12993,1.);
#3984=VECTOR('',#12996,1.);
#3985=VECTOR('',#12997,1.);
#3986=VECTOR('',#13000,1.);
#3987=VECTOR('',#13001,1.);
#3988=VECTOR('',#13002,1.);
#3989=VECTOR('',#13005,1.);
#3990=VECTOR('',#13006,1.);
#3991=VECTOR('',#13009,1.);
#3992=VECTOR('',#13010,1.);
#3993=VECTOR('',#13013,1.);
#3994=VECTOR('',#13014,1.);
#3995=VECTOR('',#13015,1.);
#3996=VECTOR('',#13018,1.);
#3997=VECTOR('',#13019,1.);
#3998=VECTOR('',#13022,1.);
#3999=VECTOR('',#13023,1.);
#4000=VECTOR('',#13026,1.);
#4001=VECTOR('',#13027,1.);
#4002=VECTOR('',#13028,1.);
#4003=VECTOR('',#13031,1.);
#4004=VECTOR('',#13032,1.);
#4005=VECTOR('',#13035,1.);
#4006=VECTOR('',#13036,1.);
#4007=VECTOR('',#13037,1.);
#4008=VECTOR('',#13040,1.);
#4009=VECTOR('',#13041,1.);
#4010=VECTOR('',#13044,1.);
#4011=VECTOR('',#13045,1.);
#4012=VECTOR('',#13048,1.);
#4013=VECTOR('',#13049,1.);
#4014=VECTOR('',#13050,1.);
#4015=VECTOR('',#13053,1.);
#4016=VECTOR('',#13054,1.);
#4017=VECTOR('',#13057,1.);
#4018=VECTOR('',#13058,1.);
#4019=VECTOR('',#13061,1.);
#4020=VECTOR('',#13062,1.);
#4021=VECTOR('',#13063,1.);
#4022=VECTOR('',#13066,1.);
#4023=VECTOR('',#13067,1.);
#4024=VECTOR('',#13070,1.);
#4025=VECTOR('',#13071,1.);
#4026=VECTOR('',#13074,1.);
#4027=VECTOR('',#13075,1.);
#4028=VECTOR('',#13076,1.);
#4029=VECTOR('',#13079,1.);
#4030=VECTOR('',#13080,1.);
#4031=VECTOR('',#13083,1.);
#4032=VECTOR('',#13084,1.);
#4033=VECTOR('',#13087,1.);
#4034=VECTOR('',#13088,1.);
#4035=VECTOR('',#13089,1.);
#4036=VECTOR('',#13092,1.);
#4037=VECTOR('',#13093,1.);
#4038=VECTOR('',#13096,1.);
#4039=VECTOR('',#13097,1.);
#4040=VECTOR('',#13100,1.);
#4041=VECTOR('',#13101,1.);
#4042=VECTOR('',#13102,1.);
#4043=VECTOR('',#13105,1.);
#4044=VECTOR('',#13106,1.);
#4045=VECTOR('',#13109,1.);
#4046=VECTOR('',#13110,1.);
#4047=VECTOR('',#13113,1.);
#4048=VECTOR('',#13114,1.);
#4049=VECTOR('',#13115,1.);
#4050=VECTOR('',#13118,1.);
#4051=VECTOR('',#13119,1.);
#4052=VECTOR('',#13122,1.);
#4053=VECTOR('',#13123,1.);
#4054=VECTOR('',#13126,1.);
#4055=VECTOR('',#13127,1.);
#4056=VECTOR('',#13130,1.);
#4057=VECTOR('',#13131,1.);
#4058=VECTOR('',#13132,1.);
#4059=VECTOR('',#13133,1.);
#4060=VECTOR('',#13134,1.);
#4061=VECTOR('',#13135,1.);
#4062=VECTOR('',#13136,1.);
#4063=VECTOR('',#13137,1.);
#4064=VECTOR('',#13138,1.);
#4065=VECTOR('',#13139,1.);
#4066=VECTOR('',#13140,1.);
#4067=VECTOR('',#13141,1.);
#4068=VECTOR('',#13142,1.);
#4069=VECTOR('',#13143,1.);
#4070=VECTOR('',#13144,1.);
#4071=VECTOR('',#13145,1.);
#4072=VECTOR('',#13146,1.);
#4073=VECTOR('',#13147,1.);
#4074=VECTOR('',#13148,1.);
#4075=VECTOR('',#13149,1.);
#4076=VECTOR('',#13150,1.);
#4077=VECTOR('',#13151,1.);
#4078=VECTOR('',#13152,1.);
#4079=VECTOR('',#13153,1.);
#4080=VECTOR('',#13154,1.);
#4081=VECTOR('',#13155,1.);
#4082=VECTOR('',#13156,1.);
#4083=VECTOR('',#13157,1.);
#4084=VECTOR('',#13158,1.);
#4085=VECTOR('',#13159,1.);
#4086=VECTOR('',#13160,1.);
#4087=VECTOR('',#13161,1.);
#4088=VECTOR('',#13162,1.);
#4089=VECTOR('',#13163,1.);
#4090=VECTOR('',#13164,1.);
#4091=VECTOR('',#13165,1.);
#4092=VECTOR('',#13166,1.);
#4093=VECTOR('',#13167,1.);
#4094=VECTOR('',#13168,1.);
#4095=VECTOR('',#13169,1.);
#4096=VECTOR('',#13170,1.);
#4097=VECTOR('',#13171,1.);
#4098=VECTOR('',#13172,1.);
#4099=VECTOR('',#13173,1.);
#4100=VECTOR('',#13174,1.);
#4101=VECTOR('',#13175,1.);
#4102=VECTOR('',#13176,1.);
#4103=VECTOR('',#13177,1.);
#4104=VECTOR('',#13178,1.);
#4105=VECTOR('',#13179,1.);
#4106=VECTOR('',#13180,1.);
#4107=VECTOR('',#13181,1.);
#4108=VECTOR('',#13182,1.);
#4109=VECTOR('',#13183,1.);
#4110=VECTOR('',#13184,1.);
#4111=VECTOR('',#13185,1.);
#4112=VECTOR('',#13186,1.);
#4113=VECTOR('',#13187,1.);
#4114=VECTOR('',#13188,1.);
#4115=VECTOR('',#13189,1.);
#4116=VECTOR('',#13190,1.);
#4117=VECTOR('',#13191,1.);
#4118=VECTOR('',#13192,1.);
#4119=VECTOR('',#13193,1.);
#4120=VECTOR('',#13194,1.);
#4121=VECTOR('',#13195,1.);
#4122=VECTOR('',#13196,1.);
#4123=VECTOR('',#13197,1.);
#4124=VECTOR('',#13198,1.);
#4125=VECTOR('',#13199,1.);
#4126=VECTOR('',#13200,1.);
#4127=VECTOR('',#13201,1.);
#4128=VECTOR('',#13202,1.);
#4129=VECTOR('',#13203,1.);
#4130=VECTOR('',#13204,1.);
#4131=VECTOR('',#13205,1.);
#4132=VECTOR('',#13206,1.);
#4133=VECTOR('',#13207,1.);
#4134=VECTOR('',#13208,1.);
#4135=VECTOR('',#13209,1.);
#4136=VECTOR('',#13210,1.);
#4137=VECTOR('',#13211,1.);
#4138=VECTOR('',#13212,1.);
#4139=VECTOR('',#13213,1.);
#4140=VECTOR('',#13214,1.);
#4141=VECTOR('',#13215,1.);
#4142=VECTOR('',#13216,1.);
#4143=VECTOR('',#13217,1.);
#4144=VECTOR('',#13218,1.);
#4145=VECTOR('',#13219,1.);
#4146=VECTOR('',#13220,1.);
#4147=VECTOR('',#13221,1.);
#4148=VECTOR('',#13222,1.);
#4149=VECTOR('',#13223,1.);
#4150=VECTOR('',#13224,1.);
#4151=VECTOR('',#13225,1.);
#4152=VECTOR('',#13226,1.);
#4153=VECTOR('',#13227,1.);
#4154=VECTOR('',#13228,1.);
#4155=VECTOR('',#13229,1.);
#4156=VECTOR('',#13230,1.);
#4157=VECTOR('',#13231,1.);
#4158=VECTOR('',#13232,1.);
#4159=VECTOR('',#13233,1.);
#4160=VECTOR('',#13234,1.);
#4161=VECTOR('',#13235,1.);
#4162=VECTOR('',#13236,1.);
#4163=VECTOR('',#13237,1.);
#4164=VECTOR('',#13238,1.);
#4165=VECTOR('',#13239,1.);
#4166=VECTOR('',#13240,1.);
#4167=VECTOR('',#13241,1.);
#4168=VECTOR('',#13242,1.);
#4169=VECTOR('',#13243,1.);
#4170=VECTOR('',#13244,1.);
#4171=VECTOR('',#13245,1.);
#4172=VECTOR('',#13246,1.);
#4173=VECTOR('',#13247,1.);
#4174=VECTOR('',#13248,1.);
#4175=VECTOR('',#13249,1.);
#4176=VECTOR('',#13250,1.);
#4177=VECTOR('',#13251,1.);
#4178=VECTOR('',#13252,1.);
#4179=VECTOR('',#13253,1.);
#4180=VECTOR('',#13254,1.);
#4181=VECTOR('',#13255,1.);
#4182=VECTOR('',#13256,1.);
#4183=VECTOR('',#13257,1.);
#4184=VECTOR('',#13258,1.);
#4185=VECTOR('',#13259,1.);
#4186=VECTOR('',#13260,1.);
#4187=VECTOR('',#13261,1.);
#4188=VECTOR('',#13262,1.);
#4189=VECTOR('',#13263,1.);
#4190=VECTOR('',#13264,1.);
#4191=VECTOR('',#13265,1.);
#4192=VECTOR('',#13266,1.);
#4193=VECTOR('',#13267,1.);
#4194=VECTOR('',#13268,1.);
#4195=VECTOR('',#13269,1.);
#4196=VECTOR('',#13270,1.);
#4197=VECTOR('',#13271,1.);
#4198=VECTOR('',#13272,1.);
#4199=VECTOR('',#13273,1.);
#4200=VECTOR('',#13274,1.);
#4201=VECTOR('',#13275,1.);
#4202=VECTOR('',#13276,1.);
#4203=VECTOR('',#13277,1.);
#4204=VECTOR('',#13278,1.);
#4205=VECTOR('',#13279,1.);
#4206=VECTOR('',#13280,1.);
#4207=VECTOR('',#13281,1.);
#4208=VECTOR('',#13282,1.);
#4209=VECTOR('',#13283,1.);
#4210=VECTOR('',#13284,1.);
#4211=VECTOR('',#13285,1.);
#4212=VECTOR('',#13286,1.);
#4213=VECTOR('',#13287,1.);
#4214=VECTOR('',#13288,1.);
#4215=VECTOR('',#13289,1.);
#4216=VECTOR('',#13290,1.);
#4217=VECTOR('',#13291,1.);
#4218=VECTOR('',#13292,1.);
#4219=VECTOR('',#13293,1.);
#4220=VECTOR('',#13294,1.);
#4221=VECTOR('',#13295,1.);
#4222=VECTOR('',#13296,1.);
#4223=VECTOR('',#13297,1.);
#4224=VECTOR('',#13298,1.);
#4225=VECTOR('',#13301,1.);
#4226=VECTOR('',#13326,1.);
#4227=VECTOR('',#13327,1.);
#4228=VECTOR('',#13330,1.);
#4229=VECTOR('',#13331,1.);
#4230=VECTOR('',#13334,1.);
#4231=VECTOR('',#13335,1.);
#4232=VECTOR('',#13338,1.);
#4233=VECTOR('',#13339,1.);
#4234=VECTOR('',#13342,1.);
#4235=VECTOR('',#13343,1.);
#4236=VECTOR('',#13346,1.);
#4237=VECTOR('',#13347,1.);
#4238=VECTOR('',#13350,1.);
#4239=VECTOR('',#13351,1.);
#4240=VECTOR('',#13354,1.);
#4241=VECTOR('',#13355,1.);
#4242=VECTOR('',#13358,1.);
#4243=VECTOR('',#13359,1.);
#4244=VECTOR('',#13362,1.);
#4245=VECTOR('',#13363,1.);
#4246=VECTOR('',#13366,1.);
#4247=VECTOR('',#13367,1.);
#4248=VECTOR('',#13370,1.);
#4249=VECTOR('',#13371,1.);
#4250=VECTOR('',#13374,1.);
#4251=VECTOR('',#13375,1.);
#4252=VECTOR('',#13378,1.);
#4253=VECTOR('',#13381,1.);
#4254=VECTOR('',#13384,1.);
#4255=VECTOR('',#13387,1.);
#4256=VECTOR('',#13390,1.);
#4257=VECTOR('',#13393,1.);
#4258=VECTOR('',#13398,1.);
#4259=VECTOR('',#13401,1.);
#4260=VECTOR('',#13404,1.);
#4261=VECTOR('',#13407,1.);
#4262=VECTOR('',#13410,1.);
#4263=VECTOR('',#13413,1.);
#4264=VECTOR('',#13416,1.);
#4265=VECTOR('',#13419,1.);
#4266=VECTOR('',#13422,1.);
#4267=VECTOR('',#13425,1.);
#4268=VECTOR('',#13428,1.);
#4269=VECTOR('',#13431,1.);
#4270=VECTOR('',#13434,1.);
#4271=VECTOR('',#13437,1.);
#4272=VECTOR('',#13440,1.);
#4273=VECTOR('',#13443,1.);
#4274=VECTOR('',#13446,1.);
#4275=VECTOR('',#13449,1.);
#4276=VECTOR('',#13452,1.);
#4277=VECTOR('',#13479,1.);
#4278=VECTOR('',#13480,1.);
#4279=VECTOR('',#13483,1.);
#4280=VECTOR('',#13484,1.);
#4281=VECTOR('',#13489,1.);
#4282=VECTOR('',#13490,1.);
#4283=VECTOR('',#13493,1.);
#4284=VECTOR('',#13494,1.);
#4285=VECTOR('',#13499,1.);
#4286=VECTOR('',#13500,1.);
#4287=VECTOR('',#13503,1.);
#4288=VECTOR('',#13504,1.);
#4289=VECTOR('',#13509,1.);
#4290=VECTOR('',#13510,1.);
#4291=VECTOR('',#13513,1.);
#4292=VECTOR('',#13514,1.);
#4293=VECTOR('',#13519,1.);
#4294=VECTOR('',#13520,1.);
#4295=VECTOR('',#13523,1.);
#4296=VECTOR('',#13524,1.);
#4297=VECTOR('',#13529,1.);
#4298=VECTOR('',#13530,1.);
#4299=VECTOR('',#13533,1.);
#4300=VECTOR('',#13534,1.);
#4301=VECTOR('',#13539,1.);
#4302=VECTOR('',#13540,1.);
#4303=VECTOR('',#13543,1.);
#4304=VECTOR('',#13544,1.);
#4305=VECTOR('',#13549,1.);
#4306=VECTOR('',#13550,1.);
#4307=VECTOR('',#13553,1.);
#4308=VECTOR('',#13554,1.);
#4309=VECTOR('',#13559,1.);
#4310=VECTOR('',#13560,1.);
#4311=VECTOR('',#13563,1.);
#4312=VECTOR('',#13564,1.);
#4313=VECTOR('',#13569,1.);
#4314=VECTOR('',#13570,1.);
#4315=VECTOR('',#13573,1.);
#4316=VECTOR('',#13574,1.);
#4317=VECTOR('',#13579,1.);
#4318=VECTOR('',#13580,1.);
#4319=VECTOR('',#13583,1.);
#4320=VECTOR('',#13584,1.);
#4321=VECTOR('',#13589,1.);
#4322=VECTOR('',#13590,1.);
#4323=VECTOR('',#13593,1.);
#4324=VECTOR('',#13594,1.);
#4325=VECTOR('',#13599,1.);
#4326=VECTOR('',#13600,1.);
#4327=VECTOR('',#13603,1.);
#4328=VECTOR('',#13604,1.);
#4329=VECTOR('',#13609,1.);
#4330=VECTOR('',#13638,1.);
#4331=VECTOR('',#13641,1.);
#4332=VECTOR('',#13642,1.);
#4333=VECTOR('',#13645,1.);
#4334=VECTOR('',#13646,1.);
#4335=VECTOR('',#13649,1.);
#4336=VECTOR('',#13650,1.);
#4337=VECTOR('',#13653,1.);
#4338=VECTOR('',#13654,1.);
#4339=VECTOR('',#13657,1.);
#4340=VECTOR('',#13658,1.);
#4341=VECTOR('',#13661,1.);
#4342=VECTOR('',#13662,1.);
#4343=VECTOR('',#13665,1.);
#4344=VECTOR('',#13666,1.);
#4345=VECTOR('',#13669,1.);
#4346=VECTOR('',#13670,1.);
#4347=VECTOR('',#13673,1.);
#4348=VECTOR('',#13674,1.);
#4349=VECTOR('',#13677,1.);
#4350=VECTOR('',#13678,1.);
#4351=VECTOR('',#13681,1.);
#4352=VECTOR('',#13682,1.);
#4353=VECTOR('',#13685,1.);
#4354=VECTOR('',#13686,1.);
#4355=VECTOR('',#13691,1.);
#4356=VECTOR('',#13694,1.);
#4357=VECTOR('',#13699,1.);
#4358=VECTOR('',#13702,1.);
#4359=VECTOR('',#13707,1.);
#4360=VECTOR('',#13710,1.);
#4361=VECTOR('',#13715,1.);
#4362=VECTOR('',#13718,1.);
#4363=VECTOR('',#13723,1.);
#4364=VECTOR('',#13726,1.);
#4365=VECTOR('',#13731,1.);
#4366=VECTOR('',#13734,1.);
#4367=VECTOR('',#13739,1.);
#4368=VECTOR('',#13742,1.);
#4369=VECTOR('',#13747,1.);
#4370=VECTOR('',#13750,1.);
#4371=VECTOR('',#13755,1.);
#4372=VECTOR('',#13758,1.);
#4373=VECTOR('',#13763,1.);
#4374=VECTOR('',#13766,1.);
#4375=VECTOR('',#13771,1.);
#4376=VECTOR('',#13774,1.);
#4377=VECTOR('',#13779,1.);
#4378=VECTOR('',#13782,1.);
#4379=VECTOR('',#13787,1.);
#4380=VECTOR('',#13790,1.);
#4381=B_SPLINE_CURVE_WITH_KNOTS('',3,(#13797,#13798,#13799,#13800),
 .UNSPECIFIED.,.F.,.F.,(4,4),(0.243868559316815,0.243886413464971),
 .UNSPECIFIED.);
#4382=B_SPLINE_CURVE_WITH_KNOTS('',3,(#13804,#13805,#13806,#13807,#13808,
#13809),.UNSPECIFIED.,.F.,.F.,(4,2,4),(0.550633769099484,0.627258752345923,
0.681340911281122),.UNSPECIFIED.);
#4383=B_SPLINE_CURVE_WITH_KNOTS('',3,(#13811,#13812,#13813,#13814,#13815,
#13816,#13817,#13818,#13819,#13820,#13821,#13822,#13823,#13824,#13825,#13826,
#13827,#13828,#13829,#13830),.UNSPECIFIED.,.F.,.F.,(4,2,2,2,2,2,2,2,2,4),
(0.350426599648602,0.361111772673495,0.425067038790205,0.482204019500595,
0.538258516307083,0.594313013113571,0.65036750992006,0.706422006726548,
0.763558987436938,0.816096465299012),.UNSPECIFIED.);
#4384=B_SPLINE_CURVE_WITH_KNOTS('',3,(#13834,#13835,#13836,#13837,#13838,
#13839,#13840,#13841,#13842,#13843,#13844,#13845,#13846,#13847,#13848,#13849,
#13850,#13851,#13852,#13853,#13854,#13855,#13856,#13857,#13858,#13859,#13860,
#13861,#13862,#13863,#13864,#13865,#13866,#13867),.UNSPECIFIED.,.F.,.F.,
(4,2,2,2,2,2,2,2,2,2,2,2,2,2,2,2,4),(2.396123706221,2.43736434022088,2.46806802989385,
2.48341987473034,2.49109579714858,2.4949337583577,2.49685273896226,2.49781222926454,
2.49877171956682,2.4997312098691,2.50069070017138,2.50260968077594,2.50644764198506,
2.51412356440331,2.52947540923979,2.56017909891276,2.60141973291265),
 .UNSPECIFIED.);
#4385=B_SPLINE_CURVE_WITH_KNOTS('',3,(#13872,#13873,#13874,#13875,#13876,
#13877,#13878,#13879,#13880,#13881,#13882,#13883,#13884,#13885,#13886,#13887,
#13888,#13889,#13890,#13891,#13892,#13893,#13894,#13895,#13896,#13897,#13898,
#13899,#13900,#13901,#13902,#13903,#13904,#13905,#13906,#13907,#13908,#13909,
#13910,#13911,#13912,#13913,#13914,#13915),.UNSPECIFIED.,.F.,.F.,(4,2,2,
2,2,2,2,2,2,2,2,2,2,2,2,2,2,2,2,2,2,4),(2.39609397663761,2.43736434022088,
2.46806802989385,2.48341987473034,2.49109579714858,2.4949337583577,2.49685273896226,
2.49781222926454,2.49877171956682,2.4997312098691,2.50069070017138,2.50260968077594,
2.50644764198506,2.51412356440331,2.52947540923979,2.56017909891276,2.6215864782587,
2.74440123695057,2.82934264860336,2.87181335442975,2.91428406025615,2.91500212638096),
 .UNSPECIFIED.);
#4386=B_SPLINE_CURVE_WITH_KNOTS('',3,(#13919,#13920,#13921,#13922,#13923,
#13924,#13925,#13926,#13927,#13928,#13929,#13930,#13931,#13932,#13933,#13934,
#13935,#13936,#13937,#13938,#13939,#13940,#13941,#13942,#13943,#13944,#13945,
#13946,#13947,#13948,#13949,#13950,#13951,#13952,#13953,#13954,#13955,#13956,
#13957,#13958,#13959,#13960,#13961,#13962),.UNSPECIFIED.,.F.,.F.,(4,2,2,
2,2,2,2,2,2,2,2,2,2,2,2,2,2,2,2,2,2,4),(0.416693499708137,0.417411565832949,
0.459882271659342,0.502352977485736,0.587294389138523,0.710109147830398,
0.771516527176336,0.802220216849305,0.817572061685789,0.825247984104032,
0.829085945313153,0.831004925917713,0.831964416219994,0.832923906522274,
0.833883396824554,0.834842887126834,0.836761867731395,0.840599828940516,
0.848275751358758,0.863627596195243,0.894331285868212,0.935601649451487),
 .UNSPECIFIED.);
#4387=B_SPLINE_CURVE_WITH_KNOTS('',3,(#13967,#13968,#13969,#13970),
 .UNSPECIFIED.,.F.,.F.,(4,4),(0.944739612762172,0.944757466910327),
 .UNSPECIFIED.);
#4388=B_SPLINE_CURVE_WITH_KNOTS('',3,(#13974,#13975,#13976,#13977,#13978,
#13979,#13980,#13981,#13982,#13983,#13984,#13985,#13986,#13987,#13988,#13989,
#13990,#13991,#13992,#13993,#13994,#13995,#13996,#13997,#13998,#13999,#14000,
#14001,#14002,#14003,#14004,#14005,#14006,#14007),.UNSPECIFIED.,.F.,.F.,
(4,2,2,2,2,2,2,2,2,2,2,2,2,2,2,2,4),(0.730275893176447,0.771516527176336,
0.802220216849305,0.81757206168579,0.825247984104032,0.829085945313153,
0.831004925917713,0.831964416219994,0.832923906522274,0.833883396824554,
0.834842887126835,0.836761867731395,0.840599828940516,0.848275751358758,
0.863627596195243,0.894331285868212,0.935571919868098),.UNSPECIFIED.);
#4389=B_SPLINE_CURVE_WITH_KNOTS('',3,(#14011,#14012,#14013,#14014,#14015,
#14016,#14017,#14018,#14019,#14020,#14021,#14022,#14023,#14024,#14025,#14026,
#14027,#14028,#14029,#14030),.UNSPECIFIED.,.F.,.F.,(4,2,2,2,2,2,2,2,2,4),
(0.372529560928132,0.425067038790205,0.482204019500595,0.538258516307083,
0.594313013113572,0.65036750992006,0.706422006726549,0.763558987436938,
0.827514253553648,0.838199426578543),.UNSPECIFIED.);
#4390=B_SPLINE_CURVE_WITH_KNOTS('',3,(#14032,#14033,#14034,#14035,#14036,
#14037),.UNSPECIFIED.,.F.,.F.,(4,2,4),(0.573176593410727,0.627258752345923,
0.703883735592359),.UNSPECIFIED.);
#4391=B_SPLINE_CURVE_WITH_KNOTS('',3,(#14054,#14055,#14056,#14057,#14058,
#14059,#14060,#14061,#14062,#14063,#14064,#14065,#14066,#14067,#14068,#14069,
#14070,#14071,#14072,#14073,#14074,#14075,#14076,#14077,#14078,#14079,#14080,
#14081,#14082,#14083,#14084,#14085,#14086,#14087,#14088,#14089,#14090,#14091,
#14092,#14093,#14094,#14095,#14096,#14097,#14098,#14099,#14100,#14101,#14102,
#14103),.UNSPECIFIED.,.F.,.F.,(4,2,2,2,2,2,2,2,2,2,2,2,2,2,2,2,2,2,2,2,
2,2,2,2,4),(0.743635849404769,0.760432004067767,0.785377504447392,0.835268505206642,
0.908444192745146,0.945032036514398,0.963325958399024,0.972472919341337,
0.977046399812493,0.979333140048071,0.98047651016586,0.981048195224755,
0.98161988028365,0.982191565342544,0.982763250401439,0.983906620519228,
0.986193360754806,0.990766841225962,0.999913802168276,1.0182077240529,1.05479556782215,
1.12797125536066,1.17786225611991,1.20280775649953,1.21960391116253),
 .UNSPECIFIED.);
#4392=B_SPLINE_CURVE_WITH_KNOTS('',3,(#14107,#14108,#14109,#14110,#14111,
#14112,#14113,#14114,#14115,#14116,#14117,#14118,#14119,#14120,#14121,#14122,
#14123,#14124,#14125,#14126),.UNSPECIFIED.,.F.,.F.,(4,2,2,2,2,2,2,2,2,4),
(0.053677201051102,0.0718105865683033,0.143621173136607,0.198471659539112,
0.247775924477404,0.297080189415696,0.346384454353989,0.395688719292281,
0.450539205694786,0.518193792439127),.UNSPECIFIED.);
#4393=B_SPLINE_CURVE_WITH_KNOTS('',3,(#14128,#14129,#14130,#14131,#14132,
#14133,#14134,#14135,#14136,#14137,#14138,#14139,#14140,#14141,#14142,#14143,
#14144,#14145,#14146,#14147),.UNSPECIFIED.,.F.,.F.,(4,2,2,2,2,2,2,2,2,4),
(-0.518193792429523,-0.450539205694786,-0.395688719292281,-0.346384454353988,
-0.297080189415696,-0.247775924477404,-0.198471659539112,-0.143621173136607,
-0.0718105865683034,-0.0536772010511023),.UNSPECIFIED.);
#4394=B_SPLINE_CURVE_WITH_KNOTS('',3,(#14152,#14153,#14154,#14155,#14156,
#14157,#14158,#14159,#14160,#14161,#14162,#14163,#14164,#14165,#14166,#14167,
#14168,#14169,#14170,#14171,#14172,#14173,#14174,#14175,#14176,#14177,#14178,
#14179,#14180,#14181,#14182,#14183,#14184,#14185,#14186,#14187,#14188,#14189,
#14190,#14191,#14192,#14193,#14194,#14195,#14196,#14197,#14198,#14199,#14200,
#14201,#14202),.UNSPECIFIED.,.F.,.F.,(4,2,2,2,2,2,2,2,2,2,2,2,3,2,2,2,2,
2,2,2,2,2,2,2,4),(-0.237989121427238,-0.221187876215876,-0.196242375836252,
-0.146351375077005,-0.0731756875385026,-0.0365878437692513,-0.0182939218846256,
-0.00914696094231271,-0.00457348047115635,-0.00228674023557818,-0.0011433701177892,
-0.0005716850588946,0.,0.000571685058894551,0.0011433701177891,0.0022867402355782,
0.00457348047115641,0.00914696094231282,0.0182939218846256,0.0365878437692513,
0.0731756875385025,0.146351375077005,0.196242375836252,0.221187876215876,
0.245577349866577),.UNSPECIFIED.);
#4395=B_SPLINE_CURVE_WITH_KNOTS('',3,(#14204,#14205,#14206,#14207),
 .UNSPECIFIED.,.F.,.F.,(4,4),(0.583386622053423,0.591549317011232),
 .UNSPECIFIED.);
#4396=B_SPLINE_CURVE_WITH_KNOTS('',3,(#14211,#14212,#14213,#14214,#14215,
#14216,#14217,#14218,#14219,#14220,#14221,#14222,#14223,#14224,#14225,#14226,
#14227,#14228,#14229,#14230,#14231,#14232,#14233,#14234,#14235,#14236,#14237,
#14238,#14239,#14240,#14241,#14242,#14243,#14244,#14245,#14246,#14247,#14248,
#14249,#14250,#14251,#14252,#14253,#14254,#14255,#14256,#14257,#14258,#14259,
#14260,#14261),.UNSPECIFIED.,.F.,.F.,(4,2,2,2,2,2,2,2,2,2,2,2,3,2,2,2,2,
2,2,2,2,2,2,2,4),(-0.245577349866591,-0.221187876215882,-0.196242375836257,
-0.146351375077007,-0.0731756875385037,-0.0365878437692519,-0.0182939218846261,
-0.00914696094231293,-0.00457348047115658,-0.00228674023557818,-0.00114337011778898,
-0.0005716850588946,0.,0.00057168505889456,0.00114337011778912,0.00228674023557824,
0.00457348047115648,0.00914696094231296,0.0182939218846259,0.0365878437692519,
0.0731756875385037,0.146351375077007,0.196242375836257,0.221187876215882,
0.237989121427252),.UNSPECIFIED.);
#4397=B_SPLINE_CURVE_WITH_KNOTS('',3,(#14262,#14263,#14264,#14265),
 .UNSPECIFIED.,.F.,.F.,(4,4),(0.179078717817231,0.18724141277504),
 .UNSPECIFIED.);
#4398=B_SPLINE_CURVE_WITH_KNOTS('',3,(#14269,#14270,#14271,#14272),
 .UNSPECIFIED.,.F.,.F.,(4,4),(0.198074208397564,0.206247796650046),
 .UNSPECIFIED.);
#4399=B_SPLINE_CURVE_WITH_KNOTS('',3,(#14275,#14276,#14277,#14278,#14279,
#14280,#14281),.UNSPECIFIED.,.F.,.F.,(4,3,4),(-0.0766509716365424,0.,0.0540821934319909),
 .UNSPECIFIED.);
#4400=B_SPLINE_CURVE_WITH_KNOTS('',3,(#14283,#14284,#14285,#14286,#14287,
#14288,#14289),.UNSPECIFIED.,.F.,.F.,(4,3,4),(-0.0540821925101332,0.,0.0766509716471),
 .UNSPECIFIED.);
#4401=B_SPLINE_CURVE_WITH_KNOTS('',3,(#14292,#14293,#14294,#14295),
 .UNSPECIFIED.,.F.,.F.,(4,4),(0.564384738003095,0.572558326255578),
 .UNSPECIFIED.);
#4402=B_SPLINE_CURVE_WITH_KNOTS('',3,(#14297,#14298,#14299,#14300),
 .UNSPECIFIED.,.F.,.F.,(4,4),(0.20624238763436,0.206247796650047),
 .UNSPECIFIED.);
#4403=B_SPLINE_CURVE_WITH_KNOTS('',3,(#14302,#14303,#14304,#14305,#14306,
#14307,#14308,#14309,#14310,#14311,#14312,#14313,#14314,#14315,#14316,#14317,
#14318,#14319,#14320,#14321,#14322,#14323,#14324,#14325,#14326,#14327),
 .UNSPECIFIED.,.F.,.F.,(4,2,2,2,2,2,2,2,2,2,2,2,4),(6.09158689010748,6.09275911209227,
6.09393133407706,6.09627577804663,6.10096466598577,6.11034244186405,6.12909799362062,
6.16660909713375,6.24163130416001,6.39167571821254,6.6917645463176,6.89856596897295,
6.91038421135876),.UNSPECIFIED.);
#4404=B_SPLINE_CURVE_WITH_KNOTS('',3,(#14333,#14334,#14335,#14336,#14337,
#14338,#14339,#14340,#14341,#14342,#14343,#14344),.UNSPECIFIED.,.F.,.F.,
(4,2,2,2,2,4),(1.21173164211788,1.22354988450369,1.43035130715905,1.73044013526411,
1.88048454931663,1.92494683072536),.UNSPECIFIED.);
#4405=B_SPLINE_CURVE_WITH_KNOTS('',3,(#14346,#14347,#14348,#14349),
 .UNSPECIFIED.,.F.,.F.,(4,4),(0.564384738003095,0.564390147018781),
 .UNSPECIFIED.);
#4406=B_SPLINE_CURVE_WITH_KNOTS('',3,(#14352,#14353,#14354,#14355,#14356,
#14357,#14358,#14359,#14360,#14361,#14362,#14363,#14364,#14365,#14366,#14367,
#14368,#14369,#14370,#14371,#14372,#14373,#14374,#14375,#14376,#14377,#14378,
#14379,#14380,#14381,#14382,#14383,#14384,#14385,#14386,#14387,#14388,#14389,
#14390,#14391,#14392,#14393,#14394,#14395,#14396,#14397,#14398,#14399,#14400,
#14401),.UNSPECIFIED.,.F.,.F.,(4,2,2,2,2,2,2,2,2,2,2,2,2,2,2,2,2,2,2,2,
2,2,2,2,4),(0.743635849404721,0.760432004067712,0.785377504447336,0.835268505206583,
0.908444192745085,0.945032036514337,0.963325958398962,0.972472919341275,
0.977046399812431,0.97933314004801,0.980476510165799,0.981048195224693,
0.981619880283588,0.982191565342482,0.982763250401377,0.983906620519166,
0.986193360754744,0.990766841225901,0.999913802168213,1.01820772405284,
1.05479556782209,1.12797125536059,1.17786225611984,1.20280775649946,1.21960391116245),
 .UNSPECIFIED.);
#4407=B_SPLINE_CURVE_WITH_KNOTS('',3,(#14873,#14874,#14875,#14876,#14877,
#14878,#14879,#14880,#14881,#14882,#14883,#14884,#14885,#14886,#14887,#14888,
#14889,#14890,#14891,#14892,#14893,#14894,#14895,#14896,#14897,#14898),
 .UNSPECIFIED.,.F.,.F.,(4,2,2,2,2,2,2,2,2,2,2,2,4),(5.27278956885618,5.284607811242,
5.49140923389736,5.79149806200243,5.94154247605496,6.01656468308123,6.05407578659436,
6.07283133835093,6.08220911422921,6.08689800216835,6.08924244613792,6.09041466812271,
6.09158689010749),.UNSPECIFIED.);
#4408=B_SPLINE_CURVE_WITH_KNOTS('',3,(#14900,#14901,#14902,#14903),
 .UNSPECIFIED.,.F.,.F.,(4,4),(0.564384738003095,0.564390147018782),
 .UNSPECIFIED.);
#4409=B_SPLINE_CURVE_WITH_KNOTS('',3,(#14907,#14908,#14909,#14910),
 .UNSPECIFIED.,.F.,.F.,(4,4),(0.198074208397564,0.206247796650048),
 .UNSPECIFIED.);
#4410=B_SPLINE_CURVE_WITH_KNOTS('',3,(#14914,#14915,#14916,#14917,#14918,
#14919,#14920),.UNSPECIFIED.,.F.,.F.,(4,3,4),(-0.0766509716365428,0.,0.0540821934319875),
 .UNSPECIFIED.);
#4411=B_SPLINE_CURVE_WITH_KNOTS('',3,(#14924,#14925,#14926,#14927,#14928,
#14929,#14930),.UNSPECIFIED.,.F.,.F.,(4,3,4),(-0.0540821925101375,0.,0.0766509716471037),
 .UNSPECIFIED.);
#4412=B_SPLINE_CURVE_WITH_KNOTS('',3,(#14934,#14935,#14936,#14937),
 .UNSPECIFIED.,.F.,.F.,(4,4),(0.564384738003094,0.572558326255578),
 .UNSPECIFIED.);
#4413=B_SPLINE_CURVE_WITH_KNOTS('',3,(#14941,#14942,#14943,#14944),
 .UNSPECIFIED.,.F.,.F.,(4,4),(0.206242387634359,0.206247796650047),
 .UNSPECIFIED.);
#4414=B_SPLINE_CURVE_WITH_KNOTS('',3,(#14945,#14946,#14947,#14948,#14949,
#14950,#14951,#14952,#14953,#14954,#14955,#14956),.UNSPECIFIED.,.F.,.F.,
(4,2,2,2,2,4),(2.136111096013,2.1805733774217,2.33061779147423,2.6307066195793,
2.83750804223466,2.84932628462048),.UNSPECIFIED.);
#4415=B_SPLINE_CURVE_WITH_KNOTS('',3,(#14961,#14962,#14963,#14964),
 .UNSPECIFIED.,.F.,.F.,(4,4),(0.179078717817231,0.18724141277504),
 .UNSPECIFIED.);
#4416=B_SPLINE_CURVE_WITH_KNOTS('',3,(#14966,#14967,#14968,#14969,#14970,
#14971,#14972,#14973,#14974,#14975,#14976,#14977,#14978,#14979,#14980,#14981,
#14982,#14983,#14984,#14985,#14986,#14987,#14988,#14989,#14990,#14991,#14992,
#14993,#14994,#14995,#14996,#14997,#14998,#14999,#15000,#15001,#15002,#15003,
#15004,#15005,#15006,#15007,#15008,#15009,#15010,#15011,#15012,#15013,#15014,
#15015),.UNSPECIFIED.,.F.,.F.,(4,2,2,2,2,2,2,2,2,2,2,2,2,2,2,2,2,2,2,2,
2,2,2,2,4),(0.73604253041701,0.760432004067711,0.785377504447335,0.835268505206582,
0.908444192745084,0.945032036514335,0.963325958398961,0.972472919341274,
0.97704639981243,0.979333140048009,0.980476510165798,0.981048195224692,
0.981619880283587,0.982191565342481,0.982763250401376,0.983906620519165,
0.986193360754743,0.9907668412259,0.999913802168213,1.01820772405284,1.05479556782209,
1.12797125536059,1.17786225611984,1.20280775649946,1.21960900171082),
 .UNSPECIFIED.);
#4417=B_SPLINE_CURVE_WITH_KNOTS('',3,(#15018,#15019,#15020,#15021,#15022,
#15023,#15024,#15025,#15026,#15027,#15028,#15029,#15030,#15031,#15032,#15033,
#15034,#15035,#15036,#15037,#15038,#15039,#15040,#15041,#15042,#15043,#15044,
#15045,#15046,#15047,#15048,#15049,#15050,#15051,#15052,#15053,#15054,#15055,
#15056,#15057,#15058,#15059,#15060,#15061,#15062,#15063,#15064,#15065,#15066,
#15067,#15068),.UNSPECIFIED.,.F.,.F.,(4,2,2,2,2,2,2,2,2,2,2,2,3,2,2,2,2,
2,2,2,2,2,2,2,4),(-0.237984030878866,-0.221187876215876,-0.196242375836252,
-0.146351375077005,-0.0731756875385026,-0.0365878437692513,-0.0182939218846256,
-0.00914696094231271,-0.00457348047115635,-0.00228674023557818,-0.0011433701177892,
-0.0005716850588946,0.,0.000571685058894552,0.0011433701177891,0.00228674023557821,
0.00457348047115641,0.00914696094231283,0.0182939218846257,0.0365878437692513,
0.0731756875385026,0.146351375077005,0.196242375836252,0.221187876215876,
0.237984030878866),.UNSPECIFIED.);
#4418=B_SPLINE_CURVE_WITH_KNOTS('',3,(#15071,#15072,#15073,#15074,#15075,
#15076,#15077,#15078,#15079,#15080,#15081,#15082,#15083,#15084,#15085,#15086,
#15087,#15088,#15089,#15090),.UNSPECIFIED.,.F.,.F.,(4,2,2,2,2,2,2,2,2,4),
(0.647837579882494,0.665970965399695,0.737781551967999,0.792632038370504,
0.841936303308796,0.891240568247088,0.94054483318538,0.989849098123673,
1.04469958452618,1.11235417127052),.UNSPECIFIED.);
#4419=B_SPLINE_CURVE_WITH_KNOTS('',3,(#15093,#15094,#15095,#15096,#15097,
#15098,#15099,#15100,#15101,#15102,#15103,#15104,#15105,#15106,#15107,#15108,
#15109,#15110,#15111,#15112),.UNSPECIFIED.,.F.,.F.,(4,2,2,2,2,2,2,2,2,4),
(0.0759665863922679,0.143621173136607,0.198471659539112,0.247775924477404,
0.297080189415696,0.346384454353989,0.395688719292281,0.450539205694786,
0.522349792263089,0.540483177780291),.UNSPECIFIED.);
#4420=B_SPLINE_CURVE_WITH_KNOTS('',3,(#15116,#15117,#15118,#15119),
 .UNSPECIFIED.,.F.,.F.,(4,4),(0.583386622053423,0.591549317011232),
 .UNSPECIFIED.);
#4421=B_SPLINE_CURVE_WITH_KNOTS('',3,(#15122,#15123,#15124,#15125,#15126,
#15127,#15128,#15129,#15130,#15131,#15132,#15133,#15134,#15135,#15136,#15137,
#15138,#15139,#15140,#15141,#15142,#15143,#15144,#15145,#15146,#15147,#15148,
#15149,#15150,#15151,#15152,#15153,#15154,#15155,#15156,#15157,#15158,#15159,
#15160,#15161,#15162,#15163,#15164,#15165,#15166,#15167,#15168,#15169,#15170,
#15171),.UNSPECIFIED.,.F.,.F.,(4,2,2,2,2,2,2,2,2,2,2,2,2,2,2,2,2,2,2,2,
2,2,2,2,4),(0.743630758856399,0.760432004067768,0.785377504447393,0.835268505206642,
0.908444192745147,0.945032036514399,0.963325958399025,0.972472919341339,
0.977046399812495,0.979333140048073,0.980476510165863,0.981048195224757,
0.981619880283652,0.982191565342546,0.982763250401441,0.98390662051923,
0.986193360754808,0.990766841225965,0.999913802168278,1.0182077240529,1.05479556782216,
1.12797125536066,1.17786225611991,1.20280775649954,1.22719723015024),
 .UNSPECIFIED.);
#4422=B_SPLINE_CURVE_WITH_KNOTS('',3,(#15173,#15174,#15175,#15176,#15177,
#15178,#15179,#15180,#15181,#15182,#15183,#15184,#15185,#15186,#15187,#15188,
#15189,#15190,#15191,#15192,#15193,#15194,#15195,#15196,#15197,#15198,#15199,
#15200,#15201,#15202,#15203,#15204,#15205,#15206,#15207,#15208,#15209,#15210,
#15211,#15212,#15213,#15214,#15215,#15216,#15217,#15218,#15219,#15220,#15221,
#15222,#15223),.UNSPECIFIED.,.F.,.F.,(4,2,2,2,2,2,2,2,2,2,2,2,3,2,2,2,2,
2,2,2,2,2,2,2,4),(-0.237984030878881,-0.221187876215884,-0.196242375836259,
-0.14635137507701,-0.0731756875385048,-0.0365878437692524,-0.0182939218846263,
-0.00914696094231315,-0.00457348047115658,-0.0022867402355784,-0.0011433701177892,
-0.0005716850588946,0.,0.000571685058894569,0.00114337011778914,0.00228674023557828,
0.00457348047115655,0.00914696094231311,0.0182939218846262,0.0365878437692524,
0.0731756875385048,0.14635137507701,0.196242375836259,0.221187876215884,
0.237984030878881),.UNSPECIFIED.);
#4423=B_SPLINE_CURVE_WITH_KNOTS('',3,(#15244,#15245,#15246,#15247,#15248,
#15249),.UNSPECIFIED.,.F.,.F.,(4,2,4),(0.573176593410726,0.627258752345923,
0.703883735592358),.UNSPECIFIED.);
#4424=B_SPLINE_CURVE_WITH_KNOTS('',3,(#15251,#15252,#15253,#15254),
 .UNSPECIFIED.,.F.,.F.,(4,4),(0.350426599648599,0.350444453796754),
 .UNSPECIFIED.);
#4425=B_SPLINE_CURVE_WITH_KNOTS('',3,(#15258,#15259,#15260,#15261,#15262,
#15263,#15264,#15265,#15266,#15267,#15268,#15269,#15270,#15271,#15272,#15273,
#15274,#15275,#15276,#15277,#15278,#15279,#15280,#15281,#15282,#15283,#15284,
#15285,#15286,#15287,#15288,#15289,#15290,#15291),.UNSPECIFIED.,.F.,.F.,
(4,2,2,2,2,2,2,2,2,2,2,2,2,2,2,2,4),(2.396123706221,2.43736434022088,2.46806802989385,
2.48341987473033,2.49109579714858,2.4949337583577,2.49685273896226,2.49781222926454,
2.49877171956682,2.4997312098691,2.50069070017138,2.50260968077594,2.50644764198506,
2.5141235644033,2.52947540923979,2.56017909891276,2.60141973291264),
 .UNSPECIFIED.);
#4426=B_SPLINE_CURVE_WITH_KNOTS('',3,(#15294,#15295,#15296,#15297,#15298,
#15299,#15300,#15301,#15302,#15303,#15304,#15305,#15306,#15307,#15308,#15309,
#15310,#15311,#15312,#15313,#15314),.UNSPECIFIED.,.F.,.F.,(4,2,2,2,3,2,
2,2,2,4),(-0.221783452166813,-0.169245974323367,-0.112108993612977,-0.0560544968064884,
0.,0.0560544968064884,0.112108993612977,0.169245974323367,0.233201240440076,
0.243886413464971),.UNSPECIFIED.);
#4427=B_SPLINE_CURVE_WITH_KNOTS('',3,(#15316,#15317,#15318,#15319,#15320,
#15321,#15322,#15323,#15324,#15325,#15326,#15327,#15328,#15329,#15330,#15331,
#15332,#15333,#15334,#15335,#15336,#15337,#15338,#15339,#15340,#15341,#15342,
#15343,#15344,#15345,#15346,#15347,#15348,#15349,#15350,#15351,#15352,#15353,
#15354,#15355,#15356,#15357,#15358,#15359),.UNSPECIFIED.,.F.,.F.,(4,2,2,
2,2,2,2,2,2,2,2,2,2,2,2,2,2,2,2,2,2,4),(2.08254131275268,2.0832593788775,
2.12573008470389,2.16820079053028,2.25314220218307,2.37595696087495,2.43736434022088,
2.46806802989385,2.48341987473034,2.49109579714858,2.4949337583577,2.49685273896226,
2.49781222926454,2.49877171956682,2.4997312098691,2.50069070017138,2.50260968077594,
2.50644764198506,2.51412356440331,2.52947540923979,2.56017909891276,2.60144946249603),
 .UNSPECIFIED.);
#4428=B_SPLINE_CURVE_WITH_KNOTS('',3,(#15360,#15361,#15362,#15363,#15364,
#15365,#15366,#15367,#15368,#15369,#15370,#15371,#15372,#15373,#15374,#15375,
#15376,#15377,#15378,#15379,#15380,#15381,#15382,#15383,#15384,#15385,#15386,
#15387,#15388,#15389,#15390,#15391,#15392,#15393,#15394,#15395,#15396,#15397,
#15398,#15399,#15400,#15401,#15402,#15403),.UNSPECIFIED.,.F.,.F.,(4,2,2,
2,2,2,2,2,2,2,2,2,2,2,2,2,2,2,2,2,2,4),(0.730246163593064,0.771516527176335,
0.802220216849304,0.817572061685789,0.825247984104031,0.829085945313152,
0.831004925917713,0.831964416219993,0.832923906522273,0.833883396824553,
0.834842887126834,0.836761867731394,0.840599828940515,0.848275751358758,
0.863627596195242,0.894331285868211,0.955738665214149,1.07855342390602,
1.16349483555881,1.2059655413852,1.2484362472116,1.24915431333641),
 .UNSPECIFIED.);
#4429=B_SPLINE_CURVE_WITH_KNOTS('',3,(#15406,#15407,#15408,#15409,#15410,
#15411),.UNSPECIFIED.,.F.,.F.,(4,2,4),(0.550633769099485,0.627258752345923,
0.68134091128112),.UNSPECIFIED.);
#4430=B_SPLINE_CURVE_WITH_KNOTS('',3,(#15413,#15414,#15415,#15416,#15417,
#15418,#15419,#15420,#15421,#15422,#15423,#15424,#15425,#15426,#15427,#15428,
#15429,#15430,#15431,#15432,#15433),.UNSPECIFIED.,.F.,.F.,(4,2,2,2,2,3,
2,2,2,4),(-0.243886413464972,-0.233201240440076,-0.169245974323365,-0.112108993612977,
-0.0560544968064884,0.,0.0560544968064884,0.112108993612977,0.169245974323365,
0.221783452185441),.UNSPECIFIED.);
#4431=B_SPLINE_CURVE_WITH_KNOTS('',3,(#15437,#15438,#15439,#15440,#15441,
#15442,#15443,#15444,#15445,#15446,#15447,#15448,#15449,#15450,#15451,#15452,
#15453,#15454,#15455,#15456,#15457,#15458,#15459,#15460,#15461,#15462,#15463,
#15464,#15465,#15466,#15467,#15468,#15469,#15470),.UNSPECIFIED.,.F.,.F.,
(4,2,2,2,2,2,2,2,2,2,2,2,2,2,2,2,4),(0.730275893176448,0.771516527176336,
0.802220216849304,0.817572061685789,0.825247984104031,0.829085945313152,
0.831004925917713,0.831964416219993,0.832923906522273,0.833883396824554,
0.834842887126834,0.836761867731394,0.840599828940516,0.848275751358758,
0.863627596195242,0.894331285868211,0.935571919868099),.UNSPECIFIED.);
#4432=B_SPLINE_CURVE_WITH_KNOTS('',3,(#15473,#15474,#15475,#15476),
 .UNSPECIFIED.,.F.,.F.,(4,4),(-0.35044445381856,-0.350426599670464),
 .UNSPECIFIED.);
#4433=B_SPLINE_CURVE_WITH_KNOTS('',3,(#16366,#16367,#16368,#16369),
 .UNSPECIFIED.,.F.,.F.,(4,4),(0.268102990365223,0.268116538638923),
 .UNSPECIFIED.);
#4434=B_SPLINE_CURVE_WITH_KNOTS('',3,(#16373,#16374,#16375,#16376,#16377,
#16378,#16379,#16380,#16381,#16382,#16383,#16384,#16385,#16386,#16387,#16388,
#16389,#16390,#16391,#16392,#16393,#16394,#16395,#16396,#16397,#16398,#16399,
#16400,#16401,#16402,#16403,#16404,#16405,#16406,#16407,#16408,#16409,#16410),
 .UNSPECIFIED.,.F.,.F.,(4,2,2,2,2,2,2,2,2,2,2,2,2,2,2,2,2,2,4),(1.21058140461008,
1.21737765266288,1.24875775494631,1.26444780608802,1.27229283165888,1.27621534444431,
1.27817660083703,1.27915722903338,1.27964754313156,1.28013785722974,1.28062817132792,
1.2811184854261,1.28209911362245,1.28406037001517,1.2879828828006,1.29582790837146,
1.31151795951317,1.3428980617966,1.3496943098494),.UNSPECIFIED.);
#4435=B_SPLINE_CURVE_WITH_KNOTS('',3,(#16414,#16415,#16416,#16417,#16418,
#16419,#16420,#16421,#16422,#16423,#16424,#16425,#16426,#16427,#16428,#16429,
#16430,#16431,#16432,#16433),.UNSPECIFIED.,.F.,.F.,(4,2,2,2,2,2,2,2,2,4),
(0.346678424300637,0.355407653933406,0.403417826397033,0.456262110532665,
0.509106394668296,0.61479496293956,0.720483531210823,0.773327815346455,
0.826172099482086,0.868278805615265),.UNSPECIFIED.);
#4436=B_SPLINE_CURVE_WITH_KNOTS('',3,(#16435,#16436,#16437,#16438,#16439,
#16440,#16441,#16442),.UNSPECIFIED.,.F.,.F.,(4,2,2,4),(0.266900340012148,
0.279462395221722,0.319389557109048,0.357867810215061),.UNSPECIFIED.);
#4437=B_SPLINE_CURVE_WITH_KNOTS('',3,(#16447,#16448,#16449,#16450,#16451,
#16452,#16453,#16454,#16455,#16456,#16457,#16458,#16459,#16460,#16461,#16462,
#16463,#16464,#16465,#16466,#16467,#16468,#16469,#16470,#16471,#16472,#16473,
#16474,#16475,#16476,#16477,#16478,#16479,#16480,#16481,#16482,#16483,#16484,
#16485,#16486,#16487,#16488,#16489,#16490,#16491,#16492,#16493,#16494,#16495,
#16496,#16497,#16498,#16499,#16500),.UNSPECIFIED.,.F.,.F.,(4,2,2,2,2,2,
2,2,2,2,2,2,2,2,2,2,2,2,2,2,2,2,2,2,2,2,4),(1.21056129632691,1.21737765266288,
1.24875775494631,1.26444780608802,1.27229283165888,1.27621534444431,1.27817660083702,
1.27915722903338,1.27964754313156,1.28013785722974,1.28062817132792,1.28111848542609,
1.28209911362245,1.28406037001517,1.2879828828006,1.29582790837145,1.31151795951317,
1.3428980617966,1.40565826636346,1.4492367072114,1.47102592763537,1.49281514805934,
1.51450356108418,1.53619197410903,1.57956880015872,1.64320963823252,1.64597150074888),
 .UNSPECIFIED.);
#4438=B_SPLINE_CURVE_WITH_KNOTS('',3,(#16504,#16505,#16506,#16507,#16508,
#16509,#16510,#16511,#16512,#16513,#16514,#16515,#16516,#16517,#16518,#16519,
#16520,#16521,#16522,#16523,#16524,#16525,#16526,#16527,#16528,#16529,#16530,
#16531,#16532,#16533,#16534,#16535,#16536,#16537,#16538,#16539,#16540,#16541,
#16542,#16543,#16544,#16545,#16546,#16547,#16548,#16549,#16550,#16551,#16552,
#16553,#16554,#16555,#16556,#16557),.UNSPECIFIED.,.F.,.F.,(4,2,2,2,2,2,
2,2,2,2,2,2,2,2,2,2,2,2,2,2,2,2,2,2,2,2,4),(0.0608789755574372,0.0636408380738006,
0.127281676147601,0.17065850219729,0.192346915222134,0.214035328246978,
0.235824548670947,0.257613769094916,0.301192209942855,0.363952414509717,
0.395332516793149,0.411022567934864,0.418867593505722,0.422790106291151,
0.424751362683866,0.425731990880223,0.426222304978402,0.42671261907658,
0.427202933174759,0.427693247272937,0.428673875469295,0.430635131862009,
0.434557644647438,0.442402670218296,0.458092721360012,0.489472823643443,
0.496289179979408),.UNSPECIFIED.);
#4439=B_SPLINE_CURVE_WITH_KNOTS('',3,(#16562,#16563,#16564,#16565),
 .UNSPECIFIED.,.F.,.F.,(4,4),(0.961473387240203,0.961486935513902),
 .UNSPECIFIED.);
#4440=B_SPLINE_CURVE_WITH_KNOTS('',3,(#16569,#16570,#16571,#16572,#16573,
#16574,#16575,#16576),.UNSPECIFIED.,.F.,.F.,(4,2,2,4),(0.280911304003033,
0.319389557109047,0.359316718996374,0.37187877420595),.UNSPECIFIED.);
#4441=B_SPLINE_CURVE_WITH_KNOTS('',3,(#16578,#16579,#16580,#16581,#16582,
#16583,#16584,#16585,#16586,#16587,#16588,#16589,#16590,#16591,#16592,#16593,
#16594,#16595,#16596,#16597),.UNSPECIFIED.,.F.,.F.,(4,2,2,2,2,2,2,2,2,4),
(0.361311120263846,0.403417826397037,0.456262110532669,0.509106394668301,
0.614794962939564,0.720483531210828,0.77332781534646,0.826172099482092,
0.874182271945719,0.882911501578487),.UNSPECIFIED.);
#4442=B_SPLINE_CURVE_WITH_KNOTS('',3,(#16601,#16602,#16603,#16604,#16605,
#16606,#16607,#16608,#16609,#16610,#16611,#16612,#16613,#16614,#16615,#16616,
#16617,#16618,#16619,#16620,#16621,#16622,#16623,#16624,#16625,#16626,#16627,
#16628,#16629,#16630,#16631,#16632,#16633,#16634,#16635,#16636,#16637,#16638),
 .UNSPECIFIED.,.F.,.F.,(4,2,2,2,2,2,2,2,2,2,2,2,2,2,2,2,2,2,4),(0.357156166456917,
0.363952414509717,0.395332516793148,0.411022567934863,0.418867593505721,
0.42279010629115,0.424751362683865,0.425731990880222,0.4262223049784,0.426712619076579,
0.427202933174758,0.427693247272936,0.428673875469293,0.430635131862008,
0.434557644647437,0.442402670218294,0.45809272136001,0.489472823643441,
0.49626907169624),.UNSPECIFIED.);
#4443=B_SPLINE_CURVE_WITH_KNOTS('',3,(#16655,#16656,#16657,#16658,#16659,
#16660,#16661,#16662,#16663,#16664,#16665,#16666,#16667,#16668,#16669,#16670,
#16671,#16672,#16673,#16674,#16675,#16676,#16677,#16678,#16679,#16680,#16681,
#16682,#16683,#16684,#16685,#16686,#16687,#16688,#16689,#16690,#16691,#16692,
#16693,#16694,#16695,#16696,#16697,#16698,#16699,#16700,#16701,#16702,#16703,
#16704),.UNSPECIFIED.,.F.,.F.,(4,2,2,2,2,2,2,2,2,2,2,2,2,2,2,2,2,2,2,2,
2,2,2,2,4),(4.96730676616967,4.97852532473531,5.02411425947147,5.1152921289438,
5.24887623683302,5.31566829077763,5.34906431774994,5.36576233123609,5.37411133797917,
5.3782858413507,5.38037309303647,5.38141671887936,5.38246034472224,5.38350397056513,
5.38454759640801,5.38663484809378,5.39080935146532,5.39915835820839,5.41585637169455,
5.44925239866685,5.51604445261146,5.64962856050068,5.74080642997301,5.78639536470917,
5.79761392327482),.UNSPECIFIED.);
#4444=B_SPLINE_CURVE_WITH_KNOTS('',3,(#16708,#16709,#16710,#16711,#16712,
#16713,#16714,#16715,#16716,#16717,#16718,#16719,#16720,#16721,#16722,#16723,
#16724,#16725,#16726,#16727,#16728,#16729),.UNSPECIFIED.,.F.,.F.,(4,2,2,
2,2,2,2,2,2,2,4),(0.0384252310588482,0.0691907792336097,0.10080866756159,
0.15703553506452,0.225452529361659,0.293869523658798,0.362286517955937,
0.430703512253076,0.486930379756006,0.518548268083987,0.534995630067003),
 .UNSPECIFIED.);
#4445=B_SPLINE_CURVE_WITH_KNOTS('',3,(#16732,#16733,#16734,#16735,#16736,
#16737,#16738,#16739,#16740,#16741,#16742,#16743,#16744,#16745,#16746,#16747,
#16748,#16749,#16750,#16751,#16752,#16753),.UNSPECIFIED.,.F.,.F.,(4,2,2,
2,2,2,2,2,2,2,4),(0.64048246456819,0.656929826551205,0.688547714879186,
0.744774582382116,0.813191576679255,0.881608570976394,0.950025565273533,
1.01844255957067,1.0746694270736,1.10628731540158,1.13705286357634),
 .UNSPECIFIED.);
#4446=B_SPLINE_CURVE_WITH_KNOTS('',3,(#16757,#16758,#16759,#16760,#16761,
#16762,#16763,#16764,#16765,#16766,#16767,#16768,#16769,#16770,#16771,#16772,
#16773,#16774,#16775,#16776,#16777,#16778,#16779,#16780,#16781,#16782,#16783,
#16784,#16785,#16786,#16787,#16788,#16789,#16790,#16791,#16792,#16793,#16794,
#16795,#16796,#16797,#16798,#16799,#16800,#16801,#16802,#16803),
 .UNSPECIFIED.,.F.,.F.,(4,2,2,2,2,2,2,2,2,2,2,2,3,2,2,2,2,2,2,2,2,2,4),
(3.17314817533324,3.1843718764944,3.22996081123057,3.32113868070289,3.45472278859211,
3.52151484253672,3.55491086950902,3.57160888299518,3.57995788973825,3.58413239310979,
3.58621964479556,3.58726327063844,3.58830689648133,3.58935052232421,3.5903941481671,
3.59248139985287,3.5966559032244,3.60500490996748,3.62170292345363,3.65509895042594,
3.72189100437055,3.85547511225976,3.9323506619348),.UNSPECIFIED.);
#4447=B_SPLINE_CURVE_WITH_KNOTS('',3,(#16806,#16807,#16808,#16809,#16810,
#16811),.UNSPECIFIED.,.F.,.F.,(4,2,4),(0.471033431313679,0.484656301039021,
0.542477268242271),.UNSPECIFIED.);
#4448=B_SPLINE_CURVE_WITH_KNOTS('',3,(#16814,#16815,#16816,#16817,#16818,
#16819,#16820,#16821,#16822,#16823,#16824,#16825,#16826,#16827,#16828,#16829,
#16830,#16831,#16832,#16833,#16834,#16835,#16836,#16837,#16838,#16839,#16840,
#16841,#16842,#16843,#16844,#16845,#16846,#16847,#16848,#16849,#16850,#16851,
#16852,#16853,#16854,#16855,#16856,#16857,#16858,#16859,#16860),
 .UNSPECIFIED.,.F.,.F.,(4,2,2,2,2,2,2,2,2,2,3,2,2,2,2,2,2,2,2,2,2,2,4),
(3.24426313102801,3.32113868070306,3.45472278859228,3.52151484253688,3.55491086950919,
3.57160888299534,3.57995788973842,3.58413239310996,3.58621964479573,3.58726327063861,
3.58830689648149,3.58935052232438,3.59039414816726,3.59248139985303,3.59665590322457,
3.60500490996765,3.6217029234538,3.6550989504261,3.72189100437071,3.85547511225993,
3.94665298173226,3.99224191646843,4.0034656176296),.UNSPECIFIED.);
#4449=B_SPLINE_CURVE_WITH_KNOTS('',3,(#16861,#16862,#16863,#16864,#16865,
#16866),.UNSPECIFIED.,.F.,.F.,(4,2,4),(2.5607405317151,2.61856149891834,
2.63218436864368),.UNSPECIFIED.);
#4450=B_SPLINE_CURVE_WITH_KNOTS('',3,(#16870,#16871,#16872,#16873,#16874,
#16875),.UNSPECIFIED.,.F.,.F.,(4,2,4),(1.25580565807792,1.28760681605053,
1.3267425720944),.UNSPECIFIED.);
#4451=B_SPLINE_CURVE_WITH_KNOTS('',3,(#16879,#16880,#16881,#16882),
 .UNSPECIFIED.,.F.,.F.,(4,4),(1.86816981319258,1.86817523371033),
 .UNSPECIFIED.);
#4452=B_SPLINE_CURVE_WITH_KNOTS('',3,(#16884,#16885,#16886,#16887,#16888,
#16889),.UNSPECIFIED.,.F.,.F.,(4,2,4),(0.982700090501588,1.14410776472777,
1.35417232419501),.UNSPECIFIED.);
#4453=B_SPLINE_CURVE_WITH_KNOTS('',3,(#16895,#16896,#16897,#16898,#16899,
#16900,#16901,#16902),.UNSPECIFIED.,.F.,.F.,(4,2,2,4),(5.06118216997057,
5.11141407859876,5.35128419065811,5.51269186488429),.UNSPECIFIED.);
#4454=B_SPLINE_CURVE_WITH_KNOTS('',3,(#16903,#16904,#16905,#16906),
 .UNSPECIFIED.,.F.,.F.,(4,4),(1.25580023756017,1.25580565807792),
 .UNSPECIFIED.);
#4455=B_SPLINE_CURVE_WITH_KNOTS('',3,(#16908,#16909,#16910,#16911,#16912,
#16913),.UNSPECIFIED.,.F.,.F.,(4,2,4),(1.79723289917609,1.83636865521996,
1.86816981319258),.UNSPECIFIED.);
#4456=B_SPLINE_CURVE_WITH_KNOTS('',3,(#16916,#16917,#16918,#16919,#16920,
#16921,#16922,#16923,#16924),.UNSPECIFIED.,.F.,.F.,(4,3,2,4),(0.600300839270299,
0.638779114218095,0.678706290265533,0.691287964691621),.UNSPECIFIED.);
#4457=B_SPLINE_CURVE_WITH_KNOTS('',3,(#16926,#16927,#16928,#16929,#16930,
#16931,#16932,#16933,#16934),.UNSPECIFIED.,.F.,.F.,(4,2,3,4),(0.58627026374456,
0.598851938170658,0.638779114218095,0.677257389165891),.UNSPECIFIED.);
#4458=B_SPLINE_CURVE_WITH_KNOTS('',3,(#16937,#16938,#16939,#16940,#16941,
#16942,#16943,#16944,#16945,#16946,#16947,#16948,#16949,#16950,#16951,#16952,
#16953,#16954,#16955,#16956,#16957,#16958,#16959,#16960,#16961,#16962,#16963,
#16964,#16965,#16966,#16967,#16968,#16969,#16970,#16971,#16972,#16973,#16974,
#16975,#16976,#16977,#16978,#16979,#16980,#16981,#16982,#16983,#16984,#16985,
#16986),.UNSPECIFIED.,.F.,.F.,(4,2,2,2,2,2,2,2,2,2,2,2,2,2,2,2,2,2,2,2,
2,2,2,2,4),(1.3789998696881,1.39021842825374,1.4358073629899,1.52698523246223,
1.66056934035145,1.72736139429605,1.76075742126836,1.77745543475451,1.78580444149759,
1.78997894486913,1.79206619655489,1.79310982239778,1.79415344824066,1.79519707408355,
1.79624069992643,1.7983279516122,1.80250245498374,1.81085146172682,1.82754947521297,
1.86094550218527,1.92773755612988,2.0613216640191,2.15249953349143,2.19808846822759,
2.20930702679322),.UNSPECIFIED.);
#4459=B_SPLINE_CURVE_WITH_KNOTS('',3,(#17454,#17455,#17456,#17457,#17458,
#17459,#17460,#17461),.UNSPECIFIED.,.F.,.F.,(4,2,2,4),(10.7257880235804,
10.8871956978066,11.1270658098659,11.177297439266),.UNSPECIFIED.);
#4460=B_SPLINE_CURVE_WITH_KNOTS('',3,(#17464,#17465,#17466,#17467,#17468,
#17469),.UNSPECIFIED.,.F.,.F.,(4,2,4),(1.89352365349796,2.10358821296519,
2.26499588719138),.UNSPECIFIED.);
#4461=B_SPLINE_CURVE_WITH_KNOTS('',3,(#17471,#17472,#17473,#17474),
 .UNSPECIFIED.,.F.,.F.,(4,4),(2.81778797319542,2.81779339371317),
 .UNSPECIFIED.);
#4462=B_SPLINE_CURVE_WITH_KNOTS('',3,(#17478,#17479,#17480,#17481,#17482,
#17483),.UNSPECIFIED.,.F.,.F.,(4,2,4),(0.235245163540847,0.274380919584715,
0.306182077557333),.UNSPECIFIED.);
#4463=B_SPLINE_CURVE_WITH_KNOTS('',3,(#17487,#17488,#17489,#17490,#17491,
#17492,#17493,#17494,#17495),.UNSPECIFIED.,.F.,.F.,(4,3,2,4),(0.600300839270296,
0.638779114218095,0.678706290265533,0.691287964691627),.UNSPECIFIED.);
#4464=B_SPLINE_CURVE_WITH_KNOTS('',3,(#17499,#17500,#17501,#17502,#17503,
#17504,#17505,#17506,#17507),.UNSPECIFIED.,.F.,.F.,(4,2,3,4),(0.586270263744564,
0.598851938170657,0.638779114218095,0.677257389165891),.UNSPECIFIED.);
#4465=B_SPLINE_CURVE_WITH_KNOTS('',3,(#17511,#17512,#17513,#17514,#17515,
#17516),.UNSPECIFIED.,.F.,.F.,(4,2,4),(2.81779339371316,2.84959455168578,
2.88873030772965),.UNSPECIFIED.);
#4466=B_SPLINE_CURVE_WITH_KNOTS('',3,(#17519,#17520,#17521,#17522),
 .UNSPECIFIED.,.F.,.F.,(4,4),(0.306182077557333,0.306187498075077),
 .UNSPECIFIED.);
#4467=B_SPLINE_CURVE_WITH_KNOTS('',3,(#17526,#17527,#17528,#17529,#17530,
#17531),.UNSPECIFIED.,.F.,.F.,(4,2,4),(1.00913163173641,1.06695259893966,
1.080575468665),.UNSPECIFIED.);
#4468=B_SPLINE_CURVE_WITH_KNOTS('',3,(#17534,#17535,#17536,#17537,#17538,
#17539,#17540,#17541,#17542,#17543,#17544,#17545,#17546,#17547,#17548,#17549,
#17550,#17551,#17552,#17553,#17554,#17555,#17556,#17557,#17558,#17559,#17560,
#17561,#17562,#17563,#17564,#17565,#17566,#17567,#17568,#17569,#17570,#17571,
#17572,#17573,#17574,#17575,#17576,#17577,#17578,#17579),.UNSPECIFIED.,
 .F.,.F.,(4,2,2,2,2,2,2,2,2,2,2,2,2,2,2,2,2,2,2,2,2,2,4),(5.03841657926851,
5.11529212894355,5.24887623683276,5.31566829077737,5.34906431774968,5.36576233123583,
5.37411133797891,5.37828584135044,5.38037309303621,5.3814167188791,5.38246034472198,
5.38350397056487,5.38454759640775,5.38663484809352,5.39080935146506,5.39915835820813,
5.41585637169429,5.44925239866659,5.5160444526112,5.64962856050042,5.74080642997274,
5.78639536470891,5.79761906587007),.UNSPECIFIED.);
#4469=B_SPLINE_CURVE_WITH_KNOTS('',3,(#17581,#17582,#17583,#17584,#17585,
#17586,#17587,#17588,#17589,#17590,#17591,#17592,#17593,#17594,#17595,#17596,
#17597,#17598,#17599,#17600,#17601,#17602,#17603,#17604,#17605,#17606,#17607,
#17608,#17609,#17610,#17611,#17612,#17613,#17614,#17615,#17616,#17617,#17618,
#17619,#17620,#17621,#17622,#17623,#17624,#17625,#17626,#17627,#17628,#17629,
#17630,#17631),.UNSPECIFIED.,.F.,.F.,(4,2,2,2,2,2,2,2,2,2,2,2,3,2,2,2,2,
2,2,2,2,2,2,2,4),(3.17315331792876,3.1843718764944,3.22996081123056,3.32113868070289,
3.4547227885921,3.52151484253671,3.55491086950902,3.57160888299517,3.57995788973825,
3.58413239310978,3.58621964479555,3.58726327063844,3.58830689648132,3.58935052232421,
3.59039414816709,3.59248139985286,3.5966559032244,3.60500490996747,3.62170292345363,
3.65509895042593,3.72189100437054,3.85547511225976,3.94665298173208,3.99224191646824,
4.00346047503388),.UNSPECIFIED.);
#4470=B_SPLINE_CURVE_WITH_KNOTS('',3,(#17634,#17635,#17636,#17637,#17638,
#17639,#17640,#17641,#17642,#17643,#17644,#17645,#17646,#17647,#17648,#17649,
#17650,#17651,#17652,#17653,#17654,#17655),.UNSPECIFIED.,.F.,.F.,(4,2,2,
2,2,2,2,2,2,2,4),(0.626164278376444,0.656929826551205,0.688547714879186,
0.744774582382116,0.813191576679255,0.881608570976394,0.950025565273533,
1.01844255957067,1.0746694270736,1.10628731540158,1.1227346773846),
 .UNSPECIFIED.);
#4471=B_SPLINE_CURVE_WITH_KNOTS('',3,(#17657,#17658,#17659,#17660,#17661,
#17662,#17663,#17664,#17665,#17666,#17667,#17668,#17669,#17670,#17671,#17672,
#17673,#17674,#17675,#17676,#17677,#17678),.UNSPECIFIED.,.F.,.F.,(4,2,2,
2,2,2,2,2,2,2,4),(0.0527434172505957,0.0691907792336098,0.100808667561591,
0.157035535064521,0.22545252936166,0.293869523658799,0.362286517955938,
0.430703512253077,0.486930379756007,0.518548268083987,0.54931381625875),
 .UNSPECIFIED.);
#4472=B_SPLINE_CURVE_WITH_KNOTS('',3,(#17683,#17684,#17685,#17686,#17687,
#17688),.UNSPECIFIED.,.F.,.F.,(4,2,4),(2.02264233129236,2.0362652010177,
2.09408616822095),.UNSPECIFIED.);
#4473=B_SPLINE_CURVE_WITH_KNOTS('',3,(#17690,#17691,#17692,#17693,#17694,
#17695,#17696,#17697,#17698,#17699,#17700,#17701,#17702,#17703,#17704,#17705,
#17706,#17707,#17708,#17709,#17710,#17711,#17712,#17713,#17714,#17715,#17716,
#17717,#17718,#17719,#17720,#17721,#17722,#17723,#17724,#17725,#17726,#17727,
#17728,#17729,#17730,#17731,#17732,#17733,#17734,#17735),.UNSPECIFIED.,
 .F.,.F.,(4,2,2,2,2,2,2,2,2,2,2,2,2,2,2,2,2,2,2,2,2,2,4),(1.37899472709265,
1.39021842825382,1.43580736298998,1.52698523246231,1.66056934035153,1.72736139429614,
1.76075742126845,1.7774554347546,1.78580444149767,1.78997894486921,1.79206619655498,
1.79310982239787,1.79415344824075,1.79519707408363,1.79624069992652,1.79832795161229,
1.80250245498383,1.8108514617269,1.82754947521305,1.86094550218536,1.92773755612997,
2.06132166401919,2.13819721369424),.UNSPECIFIED.);
#4474=B_SPLINE_CURVE_WITH_KNOTS('',3,(#17738,#17739,#17740,#17741,#17742,
#17743,#17744,#17745,#17746,#17747,#17748,#17749,#17750,#17751,#17752,#17753,
#17754,#17755,#17756,#17757,#17758,#17759,#17760,#17761,#17762,#17763,#17764,
#17765,#17766,#17767,#17768,#17769,#17770,#17771,#17772,#17773,#17774,#17775,
#17776,#17777,#17778,#17779,#17780,#17781,#17782,#17783,#17784,#17785,#17786,
#17787,#17788),.UNSPECIFIED.,.F.,.F.,(4,2,2,2,2,2,2,2,2,2,2,2,3,2,2,2,2,
2,2,2,2,2,2,2,4),(3.17315331792892,3.18437187649457,3.22996081123073,3.32113868070306,
3.45472278859228,3.52151484253689,3.55491086950919,3.57160888299535,3.57995788973842,
3.58413239310996,3.58621964479573,3.58726327063862,3.5883068964815,3.58935052232438,
3.59039414816727,3.59248139985304,3.59665590322458,3.60500490996765,3.6217029234538,
3.65509895042611,3.72189100437072,3.85547511225994,3.94665298173227,3.99224191646843,
4.00346047503408),.UNSPECIFIED.);
#4475=B_SPLINE_CURVE_WITH_KNOTS('',3,(#17809,#17810,#17811,#17812,#17813,
#17814,#17815,#17816),.UNSPECIFIED.,.F.,.F.,(4,2,2,4),(0.280911304003031,
0.319389557109048,0.359316718996374,0.371878774205944),.UNSPECIFIED.);
#4476=B_SPLINE_CURVE_WITH_KNOTS('',3,(#17818,#17819,#17820,#17821,#17822,
#17823,#17824,#17825,#17826,#17827,#17828,#17829,#17830,#17831,#17832,#17833,
#17834,#17835,#17836,#17837,#17838),.UNSPECIFIED.,.F.,.F.,(4,2,2,2,3,2,
2,2,2,4),(0.976106083203413,1.01821278933659,1.07105707347222,1.12390135760786,
1.22958992587912,1.33527849415038,1.38812277828602,1.44096706242165,1.48897723488527,
1.49770646451805),.UNSPECIFIED.);
#4477=B_SPLINE_CURVE_WITH_KNOTS('',3,(#17842,#17843,#17844,#17845,#17846,
#17847,#17848,#17849,#17850,#17851,#17852,#17853,#17854,#17855,#17856,#17857,
#17858,#17859,#17860,#17861,#17862,#17863,#17864,#17865,#17866,#17867,#17868,
#17869,#17870,#17871,#17872,#17873,#17874,#17875,#17876,#17877,#17878,#17879),
 .UNSPECIFIED.,.F.,.F.,(4,2,2,2,2,2,2,2,2,2,2,2,2,2,2,2,2,2,4),(1.21058140461007,
1.21737765266287,1.2487577549463,1.26444780608802,1.27229283165887,1.2762153444443,
1.27817660083702,1.27915722903337,1.27964754313155,1.28013785722973,1.28062817132791,
1.28111848542609,1.28209911362245,1.28406037001516,1.28798288280059,1.29582790837145,
1.31151795951316,1.34289806179659,1.34969430984939),.UNSPECIFIED.);
#4478=B_SPLINE_CURVE_WITH_KNOTS('',3,(#17882,#17883,#17884,#17885),
 .UNSPECIFIED.,.F.,.F.,(4,4),(0.346678424300635,0.346691972574334),
 .UNSPECIFIED.);
#4479=B_SPLINE_CURVE_WITH_KNOTS('',3,(#17887,#17888,#17889,#17890,#17891,
#17892,#17893,#17894,#17895,#17896,#17897,#17898,#17899,#17900,#17901,#17902,
#17903,#17904,#17905,#17906,#17907,#17908,#17909,#17910,#17911,#17912,#17913,
#17914,#17915,#17916,#17917,#17918,#17919,#17920,#17921,#17922,#17923,#17924,
#17925,#17926,#17927,#17928,#17929,#17930,#17931,#17932,#17933,#17934,#17935,
#17936,#17937,#17938,#17939,#17940),.UNSPECIFIED.,.F.,.F.,(4,2,2,2,2,2,
2,2,2,2,2,2,2,2,2,2,2,2,2,2,2,2,2,2,2,2,4),(0.914304213710588,0.917066076226957,
0.980706914300757,1.02408374035045,1.04577215337529,1.06746056640013,1.0892497868241,
1.11103900724807,1.15461744809601,1.21737765266287,1.2487577549463,1.26444780608802,
1.27229283165888,1.27621534444431,1.27817660083702,1.27915722903338,1.27964754313156,
1.28013785722973,1.28062817132791,1.28111848542609,1.28209911362245,1.28406037001516,
1.28798288280059,1.29582790837145,1.31151795951317,1.3428980617966,1.34971441813256),
 .UNSPECIFIED.);
#4480=B_SPLINE_CURVE_WITH_KNOTS('',3,(#17941,#17942,#17943,#17944,#17945,
#17946,#17947,#17948,#17949,#17950,#17951,#17952,#17953,#17954,#17955,#17956,
#17957,#17958,#17959,#17960,#17961,#17962,#17963,#17964,#17965,#17966,#17967,
#17968,#17969,#17970,#17971,#17972,#17973,#17974,#17975,#17976,#17977,#17978,
#17979,#17980,#17981,#17982,#17983,#17984,#17985,#17986,#17987,#17988,#17989,
#17990,#17991,#17992,#17993,#17994),.UNSPECIFIED.,.F.,.F.,(4,2,2,2,2,2,
2,2,2,2,2,2,2,2,2,2,2,2,2,2,2,2,2,2,2,2,4),(0.357136058173751,0.363952414509716,
0.395332516793147,0.411022567934862,0.41886759350572,0.422790106291148,
0.424751362683863,0.42573199088022,0.426222304978399,0.426712619076577,
0.427202933174756,0.427693247272935,0.428673875469292,0.430635131862006,
0.434557644647435,0.442402670218293,0.458092721360008,0.489472823643439,
0.5522330282103,0.595811469058239,0.617600689482208,0.639389909906177,0.661078322931021,
0.682766735955866,0.726143562005554,0.789784400079354,0.792546262595719),
 .UNSPECIFIED.);
#4481=B_SPLINE_CURVE_WITH_KNOTS('',3,(#17997,#17998,#17999,#18000,#18001,
#18002,#18003,#18004),.UNSPECIFIED.,.F.,.F.,(4,2,2,4),(0.266900340012146,
0.279462395221721,0.319389557109048,0.357867810215064),.UNSPECIFIED.);
#4482=B_SPLINE_CURVE_WITH_KNOTS('',3,(#18006,#18007,#18008,#18009),
 .UNSPECIFIED.,.F.,.F.,(4,4),(0.882897953304788,0.882911501578487),
 .UNSPECIFIED.);
#4483=B_SPLINE_CURVE_WITH_KNOTS('',3,(#18013,#18014,#18015,#18016,#18017,
#18018,#18019,#18020,#18021,#18022,#18023,#18024,#18025,#18026,#18027,#18028,
#18029,#18030,#18031,#18032,#18033,#18034,#18035,#18036,#18037,#18038,#18039,
#18040,#18041,#18042,#18043,#18044,#18045,#18046,#18047,#18048,#18049,#18050),
 .UNSPECIFIED.,.F.,.F.,(4,2,2,2,2,2,2,2,2,2,2,2,2,2,2,2,2,2,4),(0.357156166456919,
0.363952414509716,0.395332516793147,0.411022567934863,0.41886759350572,
0.422790106291149,0.424751362683864,0.425731990880221,0.426222304978399,
0.426712619076578,0.427202933174757,0.427693247272935,0.428673875469293,
0.430635131862007,0.434557644647436,0.442402670218294,0.458092721360009,
0.48947282364344,0.496269071696237),.UNSPECIFIED.);
#4484=B_SPLINE_CURVE_WITH_KNOTS('',3,(#18053,#18054,#18055,#18056,#18057,
#18058,#18059,#18060,#18061,#18062,#18063,#18064,#18065,#18066,#18067,#18068,
#18069,#18070,#18071,#18072,#18073),.UNSPECIFIED.,.F.,.F.,(4,2,2,2,2,3,
2,2,2,4),(0.961473387240198,0.970202616872969,1.0182127893366,1.07105707347223,
1.12390135760786,1.22958992587912,1.33527849415039,1.38812277828602,1.44096706242165,
1.48307376855484),.UNSPECIFIED.);
#4485=VERTEX_POINT('',#13795);
#4486=VERTEX_POINT('',#13796);
#4487=VERTEX_POINT('',#13801);
#4488=VERTEX_POINT('',#13803);
#4489=VERTEX_POINT('',#13810);
#4490=VERTEX_POINT('',#13831);
#4491=VERTEX_POINT('',#13833);
#4492=VERTEX_POINT('',#13870);
#4493=VERTEX_POINT('',#13871);
#4494=VERTEX_POINT('',#13916);
#4495=VERTEX_POINT('',#13918);
#4496=VERTEX_POINT('',#13965);
#4497=VERTEX_POINT('',#13966);
#4498=VERTEX_POINT('',#13971);
#4499=VERTEX_POINT('',#13973);
#4500=VERTEX_POINT('',#14008);
#4501=VERTEX_POINT('',#14010);
#4502=VERTEX_POINT('',#14031);
#4503=VERTEX_POINT('',#14040);
#4504=VERTEX_POINT('',#14042);
#4505=VERTEX_POINT('',#14046);
#4506=VERTEX_POINT('',#14048);
#4507=VERTEX_POINT('',#14052);
#4508=VERTEX_POINT('',#14053);
#4509=VERTEX_POINT('',#14106);
#4510=VERTEX_POINT('',#14127);
#4511=VERTEX_POINT('',#14150);
#4512=VERTEX_POINT('',#14151);
#4513=VERTEX_POINT('',#14203);
#4514=VERTEX_POINT('',#14210);
#4515=VERTEX_POINT('',#14267);
#4516=VERTEX_POINT('',#14268);
#4517=VERTEX_POINT('',#14273);
#4518=VERTEX_POINT('',#14282);
#4519=VERTEX_POINT('',#14290);
#4520=VERTEX_POINT('',#14296);
#4521=VERTEX_POINT('',#14301);
#4522=VERTEX_POINT('',#14328);
#4523=VERTEX_POINT('',#14330);
#4524=VERTEX_POINT('',#14332);
#4525=VERTEX_POINT('',#14345);
#4526=VERTEX_POINT('',#14406);
#4527=VERTEX_POINT('',#14407);
#4528=VERTEX_POINT('',#14410);
#4529=VERTEX_POINT('',#14412);
#4530=VERTEX_POINT('',#14414);
#4531=VERTEX_POINT('',#14416);
#4532=VERTEX_POINT('',#14418);
#4533=VERTEX_POINT('',#14420);
#4534=VERTEX_POINT('',#14422);
#4535=VERTEX_POINT('',#14428);
#4536=VERTEX_POINT('',#14429);
#4537=VERTEX_POINT('',#14431);
#4538=VERTEX_POINT('',#14433);
#4539=VERTEX_POINT('',#14435);
#4540=VERTEX_POINT('',#14437);
#4541=VERTEX_POINT('',#14439);
#4542=VERTEX_POINT('',#14441);
#4543=VERTEX_POINT('',#14443);
#4544=VERTEX_POINT('',#14445);
#4545=VERTEX_POINT('',#14447);
#4546=VERTEX_POINT('',#14449);
#4547=VERTEX_POINT('',#14451);
#4548=VERTEX_POINT('',#14453);
#4549=VERTEX_POINT('',#14455);
#4550=VERTEX_POINT('',#14457);
#4551=VERTEX_POINT('',#14459);
#4552=VERTEX_POINT('',#14461);
#4553=VERTEX_POINT('',#14463);
#4554=VERTEX_POINT('',#14465);
#4555=VERTEX_POINT('',#14467);
#4556=VERTEX_POINT('',#14469);
#4557=VERTEX_POINT('',#14471);
#4558=VERTEX_POINT('',#14473);
#4559=VERTEX_POINT('',#14475);
#4560=VERTEX_POINT('',#14477);
#4561=VERTEX_POINT('',#14479);
#4562=VERTEX_POINT('',#14481);
#4563=VERTEX_POINT('',#14483);
#4564=VERTEX_POINT('',#14485);
#4565=VERTEX_POINT('',#14487);
#4566=VERTEX_POINT('',#14489);
#4567=VERTEX_POINT('',#14491);
#4568=VERTEX_POINT('',#14493);
#4569=VERTEX_POINT('',#14495);
#4570=VERTEX_POINT('',#14497);
#4571=VERTEX_POINT('',#14499);
#4572=VERTEX_POINT('',#14501);
#4573=VERTEX_POINT('',#14503);
#4574=VERTEX_POINT('',#14505);
#4575=VERTEX_POINT('',#14507);
#4576=VERTEX_POINT('',#14509);
#4577=VERTEX_POINT('',#14511);
#4578=VERTEX_POINT('',#14513);
#4579=VERTEX_POINT('',#14515);
#4580=VERTEX_POINT('',#14517);
#4581=VERTEX_POINT('',#14519);
#4582=VERTEX_POINT('',#14521);
#4583=VERTEX_POINT('',#14523);
#4584=VERTEX_POINT('',#14525);
#4585=VERTEX_POINT('',#14527);
#4586=VERTEX_POINT('',#14529);
#4587=VERTEX_POINT('',#14531);
#4588=VERTEX_POINT('',#14533);
#4589=VERTEX_POINT('',#14535);
#4590=VERTEX_POINT('',#14537);
#4591=VERTEX_POINT('',#14539);
#4592=VERTEX_POINT('',#14541);
#4593=VERTEX_POINT('',#14543);
#4594=VERTEX_POINT('',#14545);
#4595=VERTEX_POINT('',#14547);
#4596=VERTEX_POINT('',#14549);
#4597=VERTEX_POINT('',#14551);
#4598=VERTEX_POINT('',#14553);
#4599=VERTEX_POINT('',#14555);
#4600=VERTEX_POINT('',#14557);
#4601=VERTEX_POINT('',#14559);
#4602=VERTEX_POINT('',#14561);
#4603=VERTEX_POINT('',#14563);
#4604=VERTEX_POINT('',#14565);
#4605=VERTEX_POINT('',#14567);
#4606=VERTEX_POINT('',#14569);
#4607=VERTEX_POINT('',#14571);
#4608=VERTEX_POINT('',#14573);
#4609=VERTEX_POINT('',#14575);
#4610=VERTEX_POINT('',#14577);
#4611=VERTEX_POINT('',#14579);
#4612=VERTEX_POINT('',#14581);
#4613=VERTEX_POINT('',#14583);
#4614=VERTEX_POINT('',#14585);
#4615=VERTEX_POINT('',#14587);
#4616=VERTEX_POINT('',#14589);
#4617=VERTEX_POINT('',#14591);
#4618=VERTEX_POINT('',#14593);
#4619=VERTEX_POINT('',#14595);
#4620=VERTEX_POINT('',#14597);
#4621=VERTEX_POINT('',#14599);
#4622=VERTEX_POINT('',#14601);
#4623=VERTEX_POINT('',#14603);
#4624=VERTEX_POINT('',#14605);
#4625=VERTEX_POINT('',#14607);
#4626=VERTEX_POINT('',#14609);
#4627=VERTEX_POINT('',#14611);
#4628=VERTEX_POINT('',#14613);
#4629=VERTEX_POINT('',#14615);
#4630=VERTEX_POINT('',#14617);
#4631=VERTEX_POINT('',#14619);
#4632=VERTEX_POINT('',#14621);
#4633=VERTEX_POINT('',#14623);
#4634=VERTEX_POINT('',#14625);
#4635=VERTEX_POINT('',#14627);
#4636=VERTEX_POINT('',#14629);
#4637=VERTEX_POINT('',#14631);
#4638=VERTEX_POINT('',#14633);
#4639=VERTEX_POINT('',#14635);
#4640=VERTEX_POINT('',#14637);
#4641=VERTEX_POINT('',#14639);
#4642=VERTEX_POINT('',#14641);
#4643=VERTEX_POINT('',#14643);
#4644=VERTEX_POINT('',#14645);
#4645=VERTEX_POINT('',#14647);
#4646=VERTEX_POINT('',#14649);
#4647=VERTEX_POINT('',#14651);
#4648=VERTEX_POINT('',#14653);
#4649=VERTEX_POINT('',#14655);
#4650=VERTEX_POINT('',#14657);
#4651=VERTEX_POINT('',#14659);
#4652=VERTEX_POINT('',#14661);
#4653=VERTEX_POINT('',#14663);
#4654=VERTEX_POINT('',#14665);
#4655=VERTEX_POINT('',#14667);
#4656=VERTEX_POINT('',#14669);
#4657=VERTEX_POINT('',#14671);
#4658=VERTEX_POINT('',#14673);
#4659=VERTEX_POINT('',#14675);
#4660=VERTEX_POINT('',#14677);
#4661=VERTEX_POINT('',#14679);
#4662=VERTEX_POINT('',#14681);
#4663=VERTEX_POINT('',#14683);
#4664=VERTEX_POINT('',#14685);
#4665=VERTEX_POINT('',#14687);
#4666=VERTEX_POINT('',#14689);
#4667=VERTEX_POINT('',#14691);
#4668=VERTEX_POINT('',#14693);
#4669=VERTEX_POINT('',#14695);
#4670=VERTEX_POINT('',#14697);
#4671=VERTEX_POINT('',#14699);
#4672=VERTEX_POINT('',#14701);
#4673=VERTEX_POINT('',#14703);
#4674=VERTEX_POINT('',#14705);
#4675=VERTEX_POINT('',#14707);
#4676=VERTEX_POINT('',#14709);
#4677=VERTEX_POINT('',#14711);
#4678=VERTEX_POINT('',#14713);
#4679=VERTEX_POINT('',#14715);
#4680=VERTEX_POINT('',#14717);
#4681=VERTEX_POINT('',#14719);
#4682=VERTEX_POINT('',#14721);
#4683=VERTEX_POINT('',#14723);
#4684=VERTEX_POINT('',#14725);
#4685=VERTEX_POINT('',#14727);
#4686=VERTEX_POINT('',#14729);
#4687=VERTEX_POINT('',#14731);
#4688=VERTEX_POINT('',#14733);
#4689=VERTEX_POINT('',#14735);
#4690=VERTEX_POINT('',#14737);
#4691=VERTEX_POINT('',#14739);
#4692=VERTEX_POINT('',#14741);
#4693=VERTEX_POINT('',#14743);
#4694=VERTEX_POINT('',#14745);
#4695=VERTEX_POINT('',#14747);
#4696=VERTEX_POINT('',#14749);
#4697=VERTEX_POINT('',#14751);
#4698=VERTEX_POINT('',#14753);
#4699=VERTEX_POINT('',#14755);
#4700=VERTEX_POINT('',#14757);
#4701=VERTEX_POINT('',#14759);
#4702=VERTEX_POINT('',#14761);
#4703=VERTEX_POINT('',#14763);
#4704=VERTEX_POINT('',#14765);
#4705=VERTEX_POINT('',#14767);
#4706=VERTEX_POINT('',#14769);
#4707=VERTEX_POINT('',#14771);
#4708=VERTEX_POINT('',#14773);
#4709=VERTEX_POINT('',#14775);
#4710=VERTEX_POINT('',#14777);
#4711=VERTEX_POINT('',#14779);
#4712=VERTEX_POINT('',#14781);
#4713=VERTEX_POINT('',#14783);
#4714=VERTEX_POINT('',#14785);
#4715=VERTEX_POINT('',#14787);
#4716=VERTEX_POINT('',#14789);
#4717=VERTEX_POINT('',#14791);
#4718=VERTEX_POINT('',#14793);
#4719=VERTEX_POINT('',#14795);
#4720=VERTEX_POINT('',#14797);
#4721=VERTEX_POINT('',#14799);
#4722=VERTEX_POINT('',#14801);
#4723=VERTEX_POINT('',#14803);
#4724=VERTEX_POINT('',#14805);
#4725=VERTEX_POINT('',#14807);
#4726=VERTEX_POINT('',#14809);
#4727=VERTEX_POINT('',#14811);
#4728=VERTEX_POINT('',#14813);
#4729=VERTEX_POINT('',#14815);
#4730=VERTEX_POINT('',#14817);
#4731=VERTEX_POINT('',#14819);
#4732=VERTEX_POINT('',#14821);
#4733=VERTEX_POINT('',#14823);
#4734=VERTEX_POINT('',#14825);
#4735=VERTEX_POINT('',#14827);
#4736=VERTEX_POINT('',#14829);
#4737=VERTEX_POINT('',#14831);
#4738=VERTEX_POINT('',#14833);
#4739=VERTEX_POINT('',#14835);
#4740=VERTEX_POINT('',#14837);
#4741=VERTEX_POINT('',#14839);
#4742=VERTEX_POINT('',#14841);
#4743=VERTEX_POINT('',#14844);
#4744=VERTEX_POINT('',#14846);
#4745=VERTEX_POINT('',#14848);
#4746=VERTEX_POINT('',#14850);
#4747=VERTEX_POINT('',#14852);
#4748=VERTEX_POINT('',#14854);
#4749=VERTEX_POINT('',#14858);
#4750=VERTEX_POINT('',#14860);
#4751=VERTEX_POINT('',#14864);
#4752=VERTEX_POINT('',#14865);
#4753=VERTEX_POINT('',#14867);
#4754=VERTEX_POINT('',#14871);
#4755=VERTEX_POINT('',#14872);
#4756=VERTEX_POINT('',#14899);
#4757=VERTEX_POINT('',#14904);
#4758=VERTEX_POINT('',#14906);
#4759=VERTEX_POINT('',#14911);
#4760=VERTEX_POINT('',#14913);
#4761=VERTEX_POINT('',#14921);
#4762=VERTEX_POINT('',#14923);
#4763=VERTEX_POINT('',#14931);
#4764=VERTEX_POINT('',#14933);
#4765=VERTEX_POINT('',#14938);
#4766=VERTEX_POINT('',#14940);
#4767=VERTEX_POINT('',#14959);
#4768=VERTEX_POINT('',#14960);
#4769=VERTEX_POINT('',#14965);
#4770=VERTEX_POINT('',#15070);
#4771=VERTEX_POINT('',#15091);
#4772=VERTEX_POINT('',#15114);
#4773=VERTEX_POINT('',#15115);
#4774=VERTEX_POINT('',#15120);
#4775=VERTEX_POINT('',#15225);
#4776=VERTEX_POINT('',#15227);
#4777=VERTEX_POINT('',#15231);
#4778=VERTEX_POINT('',#15233);
#4779=VERTEX_POINT('',#15237);
#4780=VERTEX_POINT('',#15239);
#4781=VERTEX_POINT('',#15243);
#4782=VERTEX_POINT('',#15250);
#4783=VERTEX_POINT('',#15255);
#4784=VERTEX_POINT('',#15257);
#4785=VERTEX_POINT('',#15292);
#4786=VERTEX_POINT('',#15405);
#4787=VERTEX_POINT('',#15412);
#4788=VERTEX_POINT('',#15434);
#4789=VERTEX_POINT('',#15436);
#4790=VERTEX_POINT('',#15471);
#4791=VERTEX_POINT('',#15478);
#4792=VERTEX_POINT('',#15481);
#4793=VERTEX_POINT('',#15485);
#4794=VERTEX_POINT('',#15520);
#4795=VERTEX_POINT('',#15531);
#4796=VERTEX_POINT('',#15532);
#4797=VERTEX_POINT('',#15537);
#4798=VERTEX_POINT('',#15541);
#4799=VERTEX_POINT('',#15545);
#4800=VERTEX_POINT('',#15546);
#4801=VERTEX_POINT('',#15551);
#4802=VERTEX_POINT('',#15555);
#4803=VERTEX_POINT('',#15559);
#4804=VERTEX_POINT('',#15560);
#4805=VERTEX_POINT('',#15565);
#4806=VERTEX_POINT('',#15569);
#4807=VERTEX_POINT('',#15573);
#4808=VERTEX_POINT('',#15574);
#4809=VERTEX_POINT('',#15579);
#4810=VERTEX_POINT('',#15583);
#4811=VERTEX_POINT('',#15587);
#4812=VERTEX_POINT('',#15588);
#4813=VERTEX_POINT('',#15593);
#4814=VERTEX_POINT('',#15597);
#4815=VERTEX_POINT('',#15601);
#4816=VERTEX_POINT('',#15602);
#4817=VERTEX_POINT('',#15607);
#4818=VERTEX_POINT('',#15611);
#4819=VERTEX_POINT('',#15612);
#4820=VERTEX_POINT('',#15617);
#4821=VERTEX_POINT('',#15621);
#4822=VERTEX_POINT('',#15625);
#4823=VERTEX_POINT('',#15626);
#4824=VERTEX_POINT('',#15631);
#4825=VERTEX_POINT('',#15635);
#4826=VERTEX_POINT('',#15639);
#4827=VERTEX_POINT('',#15640);
#4828=VERTEX_POINT('',#15645);
#4829=VERTEX_POINT('',#15649);
#4830=VERTEX_POINT('',#15653);
#4831=VERTEX_POINT('',#15654);
#4832=VERTEX_POINT('',#15659);
#4833=VERTEX_POINT('',#15663);
#4834=VERTEX_POINT('',#15667);
#4835=VERTEX_POINT('',#15668);
#4836=VERTEX_POINT('',#15673);
#4837=VERTEX_POINT('',#15677);
#4838=VERTEX_POINT('',#15681);
#4839=VERTEX_POINT('',#15682);
#4840=VERTEX_POINT('',#15687);
#4841=VERTEX_POINT('',#15691);
#4842=VERTEX_POINT('',#15695);
#4843=VERTEX_POINT('',#15696);
#4844=VERTEX_POINT('',#15701);
#4845=VERTEX_POINT('',#15705);
#4846=VERTEX_POINT('',#15709);
#4847=VERTEX_POINT('',#15713);
#4848=VERTEX_POINT('',#15715);
#4849=VERTEX_POINT('',#15717);
#4850=VERTEX_POINT('',#15719);
#4851=VERTEX_POINT('',#15721);
#4852=VERTEX_POINT('',#15723);
#4853=VERTEX_POINT('',#15725);
#4854=VERTEX_POINT('',#15727);
#4855=VERTEX_POINT('',#15729);
#4856=VERTEX_POINT('',#15731);
#4857=VERTEX_POINT('',#15733);
#4858=VERTEX_POINT('',#15735);
#4859=VERTEX_POINT('',#15737);
#4860=VERTEX_POINT('',#15739);
#4861=VERTEX_POINT('',#15741);
#4862=VERTEX_POINT('',#15743);
#4863=VERTEX_POINT('',#15745);
#4864=VERTEX_POINT('',#15747);
#4865=VERTEX_POINT('',#15749);
#4866=VERTEX_POINT('',#15751);
#4867=VERTEX_POINT('',#15753);
#4868=VERTEX_POINT('',#15755);
#4869=VERTEX_POINT('',#15757);
#4870=VERTEX_POINT('',#15759);
#4871=VERTEX_POINT('',#15761);
#4872=VERTEX_POINT('',#15763);
#4873=VERTEX_POINT('',#15765);
#4874=VERTEX_POINT('',#15767);
#4875=VERTEX_POINT('',#15769);
#4876=VERTEX_POINT('',#15771);
#4877=VERTEX_POINT('',#15773);
#4878=VERTEX_POINT('',#15775);
#4879=VERTEX_POINT('',#15777);
#4880=VERTEX_POINT('',#15779);
#4881=VERTEX_POINT('',#15781);
#4882=VERTEX_POINT('',#15783);
#4883=VERTEX_POINT('',#15785);
#4884=VERTEX_POINT('',#15787);
#4885=VERTEX_POINT('',#15789);
#4886=VERTEX_POINT('',#15791);
#4887=VERTEX_POINT('',#15793);
#4888=VERTEX_POINT('',#15795);
#4889=VERTEX_POINT('',#15797);
#4890=VERTEX_POINT('',#15799);
#4891=VERTEX_POINT('',#15801);
#4892=VERTEX_POINT('',#15803);
#4893=VERTEX_POINT('',#15805);
#4894=VERTEX_POINT('',#15807);
#4895=VERTEX_POINT('',#15809);
#4896=VERTEX_POINT('',#15811);
#4897=VERTEX_POINT('',#15813);
#4898=VERTEX_POINT('',#15815);
#4899=VERTEX_POINT('',#15817);
#4900=VERTEX_POINT('',#15819);
#4901=VERTEX_POINT('',#15821);
#4902=VERTEX_POINT('',#15823);
#4903=VERTEX_POINT('',#15825);
#4904=VERTEX_POINT('',#15827);
#4905=VERTEX_POINT('',#15829);
#4906=VERTEX_POINT('',#15831);
#4907=VERTEX_POINT('',#15833);
#4908=VERTEX_POINT('',#15835);
#4909=VERTEX_POINT('',#15837);
#4910=VERTEX_POINT('',#15839);
#4911=VERTEX_POINT('',#15841);
#4912=VERTEX_POINT('',#15843);
#4913=VERTEX_POINT('',#15845);
#4914=VERTEX_POINT('',#15847);
#4915=VERTEX_POINT('',#15849);
#4916=VERTEX_POINT('',#15851);
#4917=VERTEX_POINT('',#15853);
#4918=VERTEX_POINT('',#15855);
#4919=VERTEX_POINT('',#15857);
#4920=VERTEX_POINT('',#15859);
#4921=VERTEX_POINT('',#15861);
#4922=VERTEX_POINT('',#15863);
#4923=VERTEX_POINT('',#15865);
#4924=VERTEX_POINT('',#15867);
#4925=VERTEX_POINT('',#15869);
#4926=VERTEX_POINT('',#15871);
#4927=VERTEX_POINT('',#15873);
#4928=VERTEX_POINT('',#15875);
#4929=VERTEX_POINT('',#15877);
#4930=VERTEX_POINT('',#15879);
#4931=VERTEX_POINT('',#15881);
#4932=VERTEX_POINT('',#15883);
#4933=VERTEX_POINT('',#15885);
#4934=VERTEX_POINT('',#15887);
#4935=VERTEX_POINT('',#15889);
#4936=VERTEX_POINT('',#15891);
#4937=VERTEX_POINT('',#15893);
#4938=VERTEX_POINT('',#15895);
#4939=VERTEX_POINT('',#15897);
#4940=VERTEX_POINT('',#15899);
#4941=VERTEX_POINT('',#15901);
#4942=VERTEX_POINT('',#15903);
#4943=VERTEX_POINT('',#15905);
#4944=VERTEX_POINT('',#15907);
#4945=VERTEX_POINT('',#15909);
#4946=VERTEX_POINT('',#15911);
#4947=VERTEX_POINT('',#15913);
#4948=VERTEX_POINT('',#15915);
#4949=VERTEX_POINT('',#15917);
#4950=VERTEX_POINT('',#15919);
#4951=VERTEX_POINT('',#15921);
#4952=VERTEX_POINT('',#15923);
#4953=VERTEX_POINT('',#15925);
#4954=VERTEX_POINT('',#15927);
#4955=VERTEX_POINT('',#15929);
#4956=VERTEX_POINT('',#15931);
#4957=VERTEX_POINT('',#15933);
#4958=VERTEX_POINT('',#15935);
#4959=VERTEX_POINT('',#15937);
#4960=VERTEX_POINT('',#15939);
#4961=VERTEX_POINT('',#15941);
#4962=VERTEX_POINT('',#15943);
#4963=VERTEX_POINT('',#15945);
#4964=VERTEX_POINT('',#15947);
#4965=VERTEX_POINT('',#15949);
#4966=VERTEX_POINT('',#15951);
#4967=VERTEX_POINT('',#15953);
#4968=VERTEX_POINT('',#15955);
#4969=VERTEX_POINT('',#15957);
#4970=VERTEX_POINT('',#15959);
#4971=VERTEX_POINT('',#15961);
#4972=VERTEX_POINT('',#15963);
#4973=VERTEX_POINT('',#15965);
#4974=VERTEX_POINT('',#15967);
#4975=VERTEX_POINT('',#15969);
#4976=VERTEX_POINT('',#15971);
#4977=VERTEX_POINT('',#15973);
#4978=VERTEX_POINT('',#15975);
#4979=VERTEX_POINT('',#15977);
#4980=VERTEX_POINT('',#15979);
#4981=VERTEX_POINT('',#15981);
#4982=VERTEX_POINT('',#15983);
#4983=VERTEX_POINT('',#15985);
#4984=VERTEX_POINT('',#15987);
#4985=VERTEX_POINT('',#15989);
#4986=VERTEX_POINT('',#15991);
#4987=VERTEX_POINT('',#15993);
#4988=VERTEX_POINT('',#15995);
#4989=VERTEX_POINT('',#15997);
#4990=VERTEX_POINT('',#15999);
#4991=VERTEX_POINT('',#16001);
#4992=VERTEX_POINT('',#16003);
#4993=VERTEX_POINT('',#16005);
#4994=VERTEX_POINT('',#16007);
#4995=VERTEX_POINT('',#16009);
#4996=VERTEX_POINT('',#16011);
#4997=VERTEX_POINT('',#16013);
#4998=VERTEX_POINT('',#16015);
#4999=VERTEX_POINT('',#16017);
#5000=VERTEX_POINT('',#16019);
#5001=VERTEX_POINT('',#16021);
#5002=VERTEX_POINT('',#16023);
#5003=VERTEX_POINT('',#16364);
#5004=VERTEX_POINT('',#16365);
#5005=VERTEX_POINT('',#16370);
#5006=VERTEX_POINT('',#16372);
#5007=VERTEX_POINT('',#16411);
#5008=VERTEX_POINT('',#16413);
#5009=VERTEX_POINT('',#16434);
#5010=VERTEX_POINT('',#16445);
#5011=VERTEX_POINT('',#16446);
#5012=VERTEX_POINT('',#16501);
#5013=VERTEX_POINT('',#16503);
#5014=VERTEX_POINT('',#16560);
#5015=VERTEX_POINT('',#16561);
#5016=VERTEX_POINT('',#16566);
#5017=VERTEX_POINT('',#16568);
#5018=VERTEX_POINT('',#16577);
#5019=VERTEX_POINT('',#16598);
#5020=VERTEX_POINT('',#16600);
#5021=VERTEX_POINT('',#16641);
#5022=VERTEX_POINT('',#16643);
#5023=VERTEX_POINT('',#16647);
#5024=VERTEX_POINT('',#16649);
#5025=VERTEX_POINT('',#16653);
#5026=VERTEX_POINT('',#16654);
#5027=VERTEX_POINT('',#16707);
#5028=VERTEX_POINT('',#16730);
#5029=VERTEX_POINT('',#16755);
#5030=VERTEX_POINT('',#16756);
#5031=VERTEX_POINT('',#16804);
#5032=VERTEX_POINT('',#16813);
#5033=VERTEX_POINT('',#16868);
#5034=VERTEX_POINT('',#16869);
#5035=VERTEX_POINT('',#16876);
#5036=VERTEX_POINT('',#16878);
#5037=VERTEX_POINT('',#16883);
#5038=VERTEX_POINT('',#16890);
#5039=VERTEX_POINT('',#16892);
#5040=VERTEX_POINT('',#16894);
#5041=VERTEX_POINT('',#16907);
#5042=VERTEX_POINT('',#16914);
#5043=VERTEX_POINT('',#16925);
#5044=VERTEX_POINT('',#16991);
#5045=VERTEX_POINT('',#16992);
#5046=VERTEX_POINT('',#16994);
#5047=VERTEX_POINT('',#16996);
#5048=VERTEX_POINT('',#16998);
#5049=VERTEX_POINT('',#17000);
#5050=VERTEX_POINT('',#17002);
#5051=VERTEX_POINT('',#17004);
#5052=VERTEX_POINT('',#17006);
#5053=VERTEX_POINT('',#17013);
#5054=VERTEX_POINT('',#17014);
#5055=VERTEX_POINT('',#17016);
#5056=VERTEX_POINT('',#17018);
#5057=VERTEX_POINT('',#17020);
#5058=VERTEX_POINT('',#17022);
#5059=VERTEX_POINT('',#17024);
#5060=VERTEX_POINT('',#17026);
#5061=VERTEX_POINT('',#17028);
#5062=VERTEX_POINT('',#17030);
#5063=VERTEX_POINT('',#17032);
#5064=VERTEX_POINT('',#17034);
#5065=VERTEX_POINT('',#17036);
#5066=VERTEX_POINT('',#17038);
#5067=VERTEX_POINT('',#17040);
#5068=VERTEX_POINT('',#17042);
#5069=VERTEX_POINT('',#17044);
#5070=VERTEX_POINT('',#17046);
#5071=VERTEX_POINT('',#17048);
#5072=VERTEX_POINT('',#17050);
#5073=VERTEX_POINT('',#17052);
#5074=VERTEX_POINT('',#17054);
#5075=VERTEX_POINT('',#17056);
#5076=VERTEX_POINT('',#17058);
#5077=VERTEX_POINT('',#17060);
#5078=VERTEX_POINT('',#17062);
#5079=VERTEX_POINT('',#17064);
#5080=VERTEX_POINT('',#17066);
#5081=VERTEX_POINT('',#17068);
#5082=VERTEX_POINT('',#17070);
#5083=VERTEX_POINT('',#17072);
#5084=VERTEX_POINT('',#17074);
#5085=VERTEX_POINT('',#17076);
#5086=VERTEX_POINT('',#17078);
#5087=VERTEX_POINT('',#17080);
#5088=VERTEX_POINT('',#17082);
#5089=VERTEX_POINT('',#17084);
#5090=VERTEX_POINT('',#17086);
#5091=VERTEX_POINT('',#17088);
#5092=VERTEX_POINT('',#17090);
#5093=VERTEX_POINT('',#17092);
#5094=VERTEX_POINT('',#17094);
#5095=VERTEX_POINT('',#17096);
#5096=VERTEX_POINT('',#17098);
#5097=VERTEX_POINT('',#17100);
#5098=VERTEX_POINT('',#17102);
#5099=VERTEX_POINT('',#17104);
#5100=VERTEX_POINT('',#17106);
#5101=VERTEX_POINT('',#17108);
#5102=VERTEX_POINT('',#17110);
#5103=VERTEX_POINT('',#17112);
#5104=VERTEX_POINT('',#17114);
#5105=VERTEX_POINT('',#17116);
#5106=VERTEX_POINT('',#17118);
#5107=VERTEX_POINT('',#17120);
#5108=VERTEX_POINT('',#17122);
#5109=VERTEX_POINT('',#17124);
#5110=VERTEX_POINT('',#17126);
#5111=VERTEX_POINT('',#17128);
#5112=VERTEX_POINT('',#17130);
#5113=VERTEX_POINT('',#17132);
#5114=VERTEX_POINT('',#17134);
#5115=VERTEX_POINT('',#17136);
#5116=VERTEX_POINT('',#17138);
#5117=VERTEX_POINT('',#17140);
#5118=VERTEX_POINT('',#17142);
#5119=VERTEX_POINT('',#17144);
#5120=VERTEX_POINT('',#17146);
#5121=VERTEX_POINT('',#17148);
#5122=VERTEX_POINT('',#17150);
#5123=VERTEX_POINT('',#17152);
#5124=VERTEX_POINT('',#17154);
#5125=VERTEX_POINT('',#17156);
#5126=VERTEX_POINT('',#17158);
#5127=VERTEX_POINT('',#17160);
#5128=VERTEX_POINT('',#17162);
#5129=VERTEX_POINT('',#17164);
#5130=VERTEX_POINT('',#17166);
#5131=VERTEX_POINT('',#17168);
#5132=VERTEX_POINT('',#17170);
#5133=VERTEX_POINT('',#17172);
#5134=VERTEX_POINT('',#17174);
#5135=VERTEX_POINT('',#17176);
#5136=VERTEX_POINT('',#17178);
#5137=VERTEX_POINT('',#17180);
#5138=VERTEX_POINT('',#17182);
#5139=VERTEX_POINT('',#17184);
#5140=VERTEX_POINT('',#17186);
#5141=VERTEX_POINT('',#17188);
#5142=VERTEX_POINT('',#17190);
#5143=VERTEX_POINT('',#17192);
#5144=VERTEX_POINT('',#17194);
#5145=VERTEX_POINT('',#17196);
#5146=VERTEX_POINT('',#17198);
#5147=VERTEX_POINT('',#17200);
#5148=VERTEX_POINT('',#17202);
#5149=VERTEX_POINT('',#17204);
#5150=VERTEX_POINT('',#17206);
#5151=VERTEX_POINT('',#17208);
#5152=VERTEX_POINT('',#17210);
#5153=VERTEX_POINT('',#17212);
#5154=VERTEX_POINT('',#17214);
#5155=VERTEX_POINT('',#17216);
#5156=VERTEX_POINT('',#17218);
#5157=VERTEX_POINT('',#17220);
#5158=VERTEX_POINT('',#17222);
#5159=VERTEX_POINT('',#17224);
#5160=VERTEX_POINT('',#17226);
#5161=VERTEX_POINT('',#17228);
#5162=VERTEX_POINT('',#17230);
#5163=VERTEX_POINT('',#17232);
#5164=VERTEX_POINT('',#17234);
#5165=VERTEX_POINT('',#17236);
#5166=VERTEX_POINT('',#17238);
#5167=VERTEX_POINT('',#17240);
#5168=VERTEX_POINT('',#17242);
#5169=VERTEX_POINT('',#17244);
#5170=VERTEX_POINT('',#17246);
#5171=VERTEX_POINT('',#17248);
#5172=VERTEX_POINT('',#17250);
#5173=VERTEX_POINT('',#17252);
#5174=VERTEX_POINT('',#17254);
#5175=VERTEX_POINT('',#17256);
#5176=VERTEX_POINT('',#17258);
#5177=VERTEX_POINT('',#17260);
#5178=VERTEX_POINT('',#17262);
#5179=VERTEX_POINT('',#17264);
#5180=VERTEX_POINT('',#17266);
#5181=VERTEX_POINT('',#17268);
#5182=VERTEX_POINT('',#17270);
#5183=VERTEX_POINT('',#17272);
#5184=VERTEX_POINT('',#17274);
#5185=VERTEX_POINT('',#17276);
#5186=VERTEX_POINT('',#17278);
#5187=VERTEX_POINT('',#17280);
#5188=VERTEX_POINT('',#17282);
#5189=VERTEX_POINT('',#17284);
#5190=VERTEX_POINT('',#17286);
#5191=VERTEX_POINT('',#17288);
#5192=VERTEX_POINT('',#17290);
#5193=VERTEX_POINT('',#17292);
#5194=VERTEX_POINT('',#17294);
#5195=VERTEX_POINT('',#17296);
#5196=VERTEX_POINT('',#17298);
#5197=VERTEX_POINT('',#17300);
#5198=VERTEX_POINT('',#17302);
#5199=VERTEX_POINT('',#17304);
#5200=VERTEX_POINT('',#17306);
#5201=VERTEX_POINT('',#17308);
#5202=VERTEX_POINT('',#17310);
#5203=VERTEX_POINT('',#17312);
#5204=VERTEX_POINT('',#17314);
#5205=VERTEX_POINT('',#17316);
#5206=VERTEX_POINT('',#17318);
#5207=VERTEX_POINT('',#17320);
#5208=VERTEX_POINT('',#17322);
#5209=VERTEX_POINT('',#17324);
#5210=VERTEX_POINT('',#17326);
#5211=VERTEX_POINT('',#17328);
#5212=VERTEX_POINT('',#17330);
#5213=VERTEX_POINT('',#17332);
#5214=VERTEX_POINT('',#17334);
#5215=VERTEX_POINT('',#17336);
#5216=VERTEX_POINT('',#17338);
#5217=VERTEX_POINT('',#17340);
#5218=VERTEX_POINT('',#17342);
#5219=VERTEX_POINT('',#17344);
#5220=VERTEX_POINT('',#17346);
#5221=VERTEX_POINT('',#17348);
#5222=VERTEX_POINT('',#17350);
#5223=VERTEX_POINT('',#17352);
#5224=VERTEX_POINT('',#17354);
#5225=VERTEX_POINT('',#17356);
#5226=VERTEX_POINT('',#17358);
#5227=VERTEX_POINT('',#17360);
#5228=VERTEX_POINT('',#17362);
#5229=VERTEX_POINT('',#17364);
#5230=VERTEX_POINT('',#17366);
#5231=VERTEX_POINT('',#17368);
#5232=VERTEX_POINT('',#17370);
#5233=VERTEX_POINT('',#17372);
#5234=VERTEX_POINT('',#17374);
#5235=VERTEX_POINT('',#17376);
#5236=VERTEX_POINT('',#17378);
#5237=VERTEX_POINT('',#17380);
#5238=VERTEX_POINT('',#17382);
#5239=VERTEX_POINT('',#17384);
#5240=VERTEX_POINT('',#17386);
#5241=VERTEX_POINT('',#17388);
#5242=VERTEX_POINT('',#17390);
#5243=VERTEX_POINT('',#17392);
#5244=VERTEX_POINT('',#17394);
#5245=VERTEX_POINT('',#17396);
#5246=VERTEX_POINT('',#17398);
#5247=VERTEX_POINT('',#17400);
#5248=VERTEX_POINT('',#17402);
#5249=VERTEX_POINT('',#17404);
#5250=VERTEX_POINT('',#17406);
#5251=VERTEX_POINT('',#17408);
#5252=VERTEX_POINT('',#17410);
#5253=VERTEX_POINT('',#17412);
#5254=VERTEX_POINT('',#17414);
#5255=VERTEX_POINT('',#17416);
#5256=VERTEX_POINT('',#17418);
#5257=VERTEX_POINT('',#17420);
#5258=VERTEX_POINT('',#17422);
#5259=VERTEX_POINT('',#17424);
#5260=VERTEX_POINT('',#17426);
#5261=VERTEX_POINT('',#17429);
#5262=VERTEX_POINT('',#17431);
#5263=VERTEX_POINT('',#17433);
#5264=VERTEX_POINT('',#17435);
#5265=VERTEX_POINT('',#17439);
#5266=VERTEX_POINT('',#17441);
#5267=VERTEX_POINT('',#17445);
#5268=VERTEX_POINT('',#17446);
#5269=VERTEX_POINT('',#17448);
#5270=VERTEX_POINT('',#17452);
#5271=VERTEX_POINT('',#17453);
#5272=VERTEX_POINT('',#17463);
#5273=VERTEX_POINT('',#17470);
#5274=VERTEX_POINT('',#17475);
#5275=VERTEX_POINT('',#17477);
#5276=VERTEX_POINT('',#17484);
#5277=VERTEX_POINT('',#17486);
#5278=VERTEX_POINT('',#17496);
#5279=VERTEX_POINT('',#17498);
#5280=VERTEX_POINT('',#17508);
#5281=VERTEX_POINT('',#17510);
#5282=VERTEX_POINT('',#17517);
#5283=VERTEX_POINT('',#17524);
#5284=VERTEX_POINT('',#17525);
#5285=VERTEX_POINT('',#17532);
#5286=VERTEX_POINT('',#17633);
#5287=VERTEX_POINT('',#17656);
#5288=VERTEX_POINT('',#17681);
#5289=VERTEX_POINT('',#17682);
#5290=VERTEX_POINT('',#17689);
#5291=VERTEX_POINT('',#17790);
#5292=VERTEX_POINT('',#17792);
#5293=VERTEX_POINT('',#17796);
#5294=VERTEX_POINT('',#17798);
#5295=VERTEX_POINT('',#17802);
#5296=VERTEX_POINT('',#17804);
#5297=VERTEX_POINT('',#17808);
#5298=VERTEX_POINT('',#17817);
#5299=VERTEX_POINT('',#17839);
#5300=VERTEX_POINT('',#17841);
#5301=VERTEX_POINT('',#17880);
#5302=VERTEX_POINT('',#17996);
#5303=VERTEX_POINT('',#18005);
#5304=VERTEX_POINT('',#18010);
#5305=VERTEX_POINT('',#18012);
#5306=VERTEX_POINT('',#18051);
#5307=VERTEX_POINT('',#18075);
#5308=VERTEX_POINT('',#18077);
#5309=VERTEX_POINT('',#18082);
#5310=VERTEX_POINT('',#18117);
#5311=VERTEX_POINT('',#18128);
#5312=VERTEX_POINT('',#18129);
#5313=VERTEX_POINT('',#18134);
#5314=VERTEX_POINT('',#18138);
#5315=VERTEX_POINT('',#18142);
#5316=VERTEX_POINT('',#18143);
#5317=VERTEX_POINT('',#18148);
#5318=VERTEX_POINT('',#18152);
#5319=VERTEX_POINT('',#18156);
#5320=VERTEX_POINT('',#18157);
#5321=VERTEX_POINT('',#18162);
#5322=VERTEX_POINT('',#18166);
#5323=VERTEX_POINT('',#18170);
#5324=VERTEX_POINT('',#18171);
#5325=VERTEX_POINT('',#18176);
#5326=VERTEX_POINT('',#18180);
#5327=VERTEX_POINT('',#18184);
#5328=VERTEX_POINT('',#18185);
#5329=VERTEX_POINT('',#18190);
#5330=VERTEX_POINT('',#18194);
#5331=VERTEX_POINT('',#18198);
#5332=VERTEX_POINT('',#18199);
#5333=VERTEX_POINT('',#18204);
#5334=VERTEX_POINT('',#18208);
#5335=VERTEX_POINT('',#18209);
#5336=VERTEX_POINT('',#18214);
#5337=VERTEX_POINT('',#18218);
#5338=VERTEX_POINT('',#18222);
#5339=VERTEX_POINT('',#18223);
#5340=VERTEX_POINT('',#18228);
#5341=VERTEX_POINT('',#18232);
#5342=VERTEX_POINT('',#18236);
#5343=VERTEX_POINT('',#18237);
#5344=VERTEX_POINT('',#18242);
#5345=VERTEX_POINT('',#18246);
#5346=VERTEX_POINT('',#18250);
#5347=VERTEX_POINT('',#18251);
#5348=VERTEX_POINT('',#18256);
#5349=VERTEX_POINT('',#18260);
#5350=VERTEX_POINT('',#18264);
#5351=VERTEX_POINT('',#18265);
#5352=VERTEX_POINT('',#18270);
#5353=VERTEX_POINT('',#18274);
#5354=VERTEX_POINT('',#18278);
#5355=VERTEX_POINT('',#18279);
#5356=VERTEX_POINT('',#18284);
#5357=VERTEX_POINT('',#18288);
#5358=VERTEX_POINT('',#18292);
#5359=VERTEX_POINT('',#18293);
#5360=VERTEX_POINT('',#18298);
#5361=VERTEX_POINT('',#18302);
#5362=VERTEX_POINT('',#18306);
#5363=VERTEX_POINT('',#18310);
#5364=VERTEX_POINT('',#18324);
#5365=VERTEX_POINT('',#18326);
#5366=VERTEX_POINT('',#18328);
#5367=VERTEX_POINT('',#18330);
#5368=VERTEX_POINT('',#18332);
#5369=VERTEX_POINT('',#18334);
#5370=VERTEX_POINT('',#18336);
#5371=VERTEX_POINT('',#18338);
#5372=VERTEX_POINT('',#18340);
#5373=VERTEX_POINT('',#18342);
#5374=VERTEX_POINT('',#18344);
#5375=VERTEX_POINT('',#18346);
#5376=VERTEX_POINT('',#18348);
#5377=VERTEX_POINT('',#18350);
#5378=VERTEX_POINT('',#18352);
#5379=VERTEX_POINT('',#18354);
#5380=VERTEX_POINT('',#18356);
#5381=VERTEX_POINT('',#18358);
#5382=VERTEX_POINT('',#18360);
#5383=VERTEX_POINT('',#18362);
#5384=VERTEX_POINT('',#18364);
#5385=VERTEX_POINT('',#18366);
#5386=VERTEX_POINT('',#18368);
#5387=VERTEX_POINT('',#18370);
#5388=VERTEX_POINT('',#18372);
#5389=VERTEX_POINT('',#18374);
#5390=VERTEX_POINT('',#18376);
#5391=VERTEX_POINT('',#18378);
#5392=VERTEX_POINT('',#18380);
#5393=VERTEX_POINT('',#18382);
#5394=VERTEX_POINT('',#18384);
#5395=VERTEX_POINT('',#18386);
#5396=VERTEX_POINT('',#18388);
#5397=VERTEX_POINT('',#18390);
#5398=VERTEX_POINT('',#18392);
#5399=VERTEX_POINT('',#18394);
#5400=VERTEX_POINT('',#18396);
#5401=VERTEX_POINT('',#18398);
#5402=VERTEX_POINT('',#18400);
#5403=VERTEX_POINT('',#18402);
#5404=VERTEX_POINT('',#18404);
#5405=VERTEX_POINT('',#18406);
#5406=VERTEX_POINT('',#18408);
#5407=VERTEX_POINT('',#18410);
#5408=VERTEX_POINT('',#18412);
#5409=VERTEX_POINT('',#18414);
#5410=VERTEX_POINT('',#18416);
#5411=VERTEX_POINT('',#18418);
#5412=VERTEX_POINT('',#18420);
#5413=VERTEX_POINT('',#18422);
#5414=VERTEX_POINT('',#18424);
#5415=VERTEX_POINT('',#18426);
#5416=VERTEX_POINT('',#18428);
#5417=VERTEX_POINT('',#18430);
#5418=VERTEX_POINT('',#18432);
#5419=VERTEX_POINT('',#18434);
#5420=VERTEX_POINT('',#18436);
#5421=VERTEX_POINT('',#18438);
#5422=VERTEX_POINT('',#18440);
#5423=VERTEX_POINT('',#18442);
#5424=VERTEX_POINT('',#18444);
#5425=VERTEX_POINT('',#18446);
#5426=VERTEX_POINT('',#18448);
#5427=VERTEX_POINT('',#18450);
#5428=VERTEX_POINT('',#18452);
#5429=VERTEX_POINT('',#18454);
#5430=VERTEX_POINT('',#18456);
#5431=VERTEX_POINT('',#18458);
#5432=VERTEX_POINT('',#18460);
#5433=VERTEX_POINT('',#18462);
#5434=VERTEX_POINT('',#18464);
#5435=VERTEX_POINT('',#18466);
#5436=VERTEX_POINT('',#18468);
#5437=VERTEX_POINT('',#18470);
#5438=VERTEX_POINT('',#18472);
#5439=VERTEX_POINT('',#18474);
#5440=VERTEX_POINT('',#18476);
#5441=VERTEX_POINT('',#18478);
#5442=VERTEX_POINT('',#18480);
#5443=VERTEX_POINT('',#18482);
#5444=VERTEX_POINT('',#18484);
#5445=VERTEX_POINT('',#18486);
#5446=VERTEX_POINT('',#18488);
#5447=VERTEX_POINT('',#18490);
#5448=VERTEX_POINT('',#18492);
#5449=VERTEX_POINT('',#18494);
#5450=VERTEX_POINT('',#18496);
#5451=VERTEX_POINT('',#18498);
#5452=VERTEX_POINT('',#18500);
#5453=VERTEX_POINT('',#18502);
#5454=VERTEX_POINT('',#18504);
#5455=VERTEX_POINT('',#18506);
#5456=VERTEX_POINT('',#18508);
#5457=VERTEX_POINT('',#18510);
#5458=VERTEX_POINT('',#18512);
#5459=VERTEX_POINT('',#18514);
#5460=VERTEX_POINT('',#18516);
#5461=VERTEX_POINT('',#18518);
#5462=VERTEX_POINT('',#18520);
#5463=VERTEX_POINT('',#18522);
#5464=VERTEX_POINT('',#18524);
#5465=VERTEX_POINT('',#18526);
#5466=VERTEX_POINT('',#18528);
#5467=VERTEX_POINT('',#18530);
#5468=VERTEX_POINT('',#18532);
#5469=VERTEX_POINT('',#18534);
#5470=VERTEX_POINT('',#18536);
#5471=VERTEX_POINT('',#18538);
#5472=VERTEX_POINT('',#18540);
#5473=VERTEX_POINT('',#18542);
#5474=VERTEX_POINT('',#18544);
#5475=VERTEX_POINT('',#18546);
#5476=VERTEX_POINT('',#18548);
#5477=VERTEX_POINT('',#18550);
#5478=VERTEX_POINT('',#18552);
#5479=VERTEX_POINT('',#18554);
#5480=VERTEX_POINT('',#18556);
#5481=VERTEX_POINT('',#18558);
#5482=VERTEX_POINT('',#18560);
#5483=VERTEX_POINT('',#18562);
#5484=VERTEX_POINT('',#18564);
#5485=VERTEX_POINT('',#18566);
#5486=VERTEX_POINT('',#18568);
#5487=VERTEX_POINT('',#18570);
#5488=VERTEX_POINT('',#18572);
#5489=VERTEX_POINT('',#18574);
#5490=VERTEX_POINT('',#18576);
#5491=VERTEX_POINT('',#18578);
#5492=VERTEX_POINT('',#18580);
#5493=VERTEX_POINT('',#18582);
#5494=VERTEX_POINT('',#18584);
#5495=VERTEX_POINT('',#18586);
#5496=VERTEX_POINT('',#18588);
#5497=VERTEX_POINT('',#18590);
#5498=VERTEX_POINT('',#18592);
#5499=VERTEX_POINT('',#18594);
#5500=VERTEX_POINT('',#18596);
#5501=VERTEX_POINT('',#18598);
#5502=VERTEX_POINT('',#18600);
#5503=VERTEX_POINT('',#18602);
#5504=VERTEX_POINT('',#18604);
#5505=VERTEX_POINT('',#18606);
#5506=VERTEX_POINT('',#18608);
#5507=VERTEX_POINT('',#18610);
#5508=VERTEX_POINT('',#18612);
#5509=VERTEX_POINT('',#18614);
#5510=VERTEX_POINT('',#18616);
#5511=VERTEX_POINT('',#18618);
#5512=VERTEX_POINT('',#18620);
#5513=VERTEX_POINT('',#18622);
#5514=VERTEX_POINT('',#18624);
#5515=VERTEX_POINT('',#18626);
#5516=VERTEX_POINT('',#18628);
#5517=VERTEX_POINT('',#18630);
#5518=VERTEX_POINT('',#18632);
#5519=EDGE_CURVE('',#4485,#4486,#4381,.T.);
#5520=EDGE_CURVE('',#4485,#4487,#1545,.T.);
#5521=EDGE_CURVE('',#4488,#4487,#4382,.T.);
#5522=EDGE_CURVE('',#4489,#4488,#4383,.T.);
#5523=EDGE_CURVE('',#4490,#4489,#1546,.T.);
#5524=EDGE_CURVE('',#4491,#4490,#4384,.T.);
#5525=EDGE_CURVE('',#4486,#4491,#1547,.T.);
#5526=EDGE_CURVE('',#4492,#4493,#4385,.T.);
#5527=EDGE_CURVE('',#4492,#4494,#1548,.T.);
#5528=EDGE_CURVE('',#4495,#4494,#4386,.T.);
#5529=EDGE_CURVE('',#4493,#4495,#1549,.T.);
#5530=EDGE_CURVE('',#4496,#4497,#4387,.T.);
#5531=EDGE_CURVE('',#4498,#4496,#1550,.T.);
#5532=EDGE_CURVE('',#4499,#4498,#4388,.T.);
#5533=EDGE_CURVE('',#4500,#4499,#1551,.T.);
#5534=EDGE_CURVE('',#4501,#4500,#4389,.T.);
#5535=EDGE_CURVE('',#4502,#4501,#4390,.T.);
#5536=EDGE_CURVE('',#4502,#4497,#1552,.T.);
#5537=EDGE_CURVE('',#4503,#4492,#1553,.T.);
#5538=EDGE_CURVE('',#4503,#4504,#1554,.T.);
#5539=EDGE_CURVE('',#4494,#4504,#1555,.T.);
#5540=EDGE_CURVE('',#4497,#4505,#1556,.T.);
#5541=EDGE_CURVE('',#4506,#4502,#1557,.T.);
#5542=EDGE_CURVE('',#4506,#4505,#1558,.T.);
#5543=EDGE_CURVE('',#4507,#4508,#4391,.T.);
#5544=EDGE_CURVE('',#4507,#4508,#1559,.T.);
#5545=EDGE_CURVE('',#4504,#4509,#4392,.T.);
#5546=EDGE_CURVE('',#4510,#4503,#4393,.T.);
#5547=EDGE_CURVE('',#4510,#4509,#1560,.T.);
#5548=EDGE_CURVE('',#4511,#4512,#4394,.T.);
#5549=EDGE_CURVE('',#4513,#4511,#4395,.T.);
#5550=EDGE_CURVE('',#4512,#4513,#1561,.T.);
#5551=EDGE_CURVE('',#4505,#4514,#4396,.T.);
#5552=EDGE_CURVE('',#4514,#4506,#4397,.T.);
#5553=EDGE_CURVE('',#4515,#4516,#4398,.T.);
#5554=EDGE_CURVE('',#4517,#4515,#1562,.T.);
#5555=EDGE_CURVE('',#4509,#4517,#4399,.T.);
#5556=EDGE_CURVE('',#4518,#4510,#4400,.T.);
#5557=EDGE_CURVE('',#4519,#4518,#1563,.T.);
#5558=EDGE_CURVE('',#4508,#4519,#4401,.T.);
#5559=EDGE_CURVE('',#4520,#4507,#4402,.T.);
#5560=EDGE_CURVE('',#4521,#4520,#4403,.T.);
#5561=EDGE_CURVE('',#4521,#4522,#1564,.T.);
#5562=EDGE_CURVE('',#4523,#4522,#21,.T.);
#5563=EDGE_CURVE('',#4524,#4523,#4404,.T.);
#5564=EDGE_CURVE('',#4525,#4524,#4405,.T.);
#5565=EDGE_CURVE('',#4516,#4525,#1565,.T.);
#5566=EDGE_CURVE('',#4516,#4525,#4406,.T.);
#5567=EDGE_CURVE('',#4512,#4485,#1566,.T.);
#5568=EDGE_CURVE('',#4487,#4513,#1567,.T.);
#5569=EDGE_CURVE('',#4526,#4527,#22,.T.);
#5570=EDGE_CURVE('',#4522,#4526,#1568,.T.);
#5571=EDGE_CURVE('',#4528,#4521,#23,.T.);
#5572=EDGE_CURVE('',#4529,#4528,#24,.T.);
#5573=EDGE_CURVE('',#4530,#4529,#1569,.T.);
#5574=EDGE_CURVE('',#4531,#4530,#25,.T.);
#5575=EDGE_CURVE('',#4532,#4531,#1570,.T.);
#5576=EDGE_CURVE('',#4533,#4532,#26,.T.);
#5577=EDGE_CURVE('',#4534,#4533,#1571,.T.);
#5578=EDGE_CURVE('',#4527,#4534,#27,.T.);
#5579=EDGE_CURVE('',#4523,#4526,#1572,.T.);
#5580=EDGE_CURVE('',#4535,#4536,#1573,.T.);
#5581=EDGE_CURVE('',#4536,#4537,#1574,.T.);
#5582=EDGE_CURVE('',#4538,#4537,#1575,.T.);
#5583=EDGE_CURVE('',#4538,#4539,#1576,.T.);
#5584=EDGE_CURVE('',#4539,#4540,#1577,.T.);
#5585=EDGE_CURVE('',#4540,#4541,#1578,.T.);
#5586=EDGE_CURVE('',#4542,#4541,#1579,.T.);
#5587=EDGE_CURVE('',#4542,#4543,#1580,.T.);
#5588=EDGE_CURVE('',#4543,#4544,#1581,.T.);
#5589=EDGE_CURVE('',#4544,#4545,#1582,.T.);
#5590=EDGE_CURVE('',#4546,#4545,#1583,.T.);
#5591=EDGE_CURVE('',#4546,#4547,#1584,.T.);
#5592=EDGE_CURVE('',#4547,#4548,#1585,.T.);
#5593=EDGE_CURVE('',#4548,#4549,#1586,.T.);
#5594=EDGE_CURVE('',#4550,#4549,#1587,.T.);
#5595=EDGE_CURVE('',#4550,#4551,#1588,.T.);
#5596=EDGE_CURVE('',#4551,#4552,#1589,.T.);
#5597=EDGE_CURVE('',#4552,#4553,#1590,.T.);
#5598=EDGE_CURVE('',#4554,#4553,#1591,.T.);
#5599=EDGE_CURVE('',#4554,#4555,#1592,.T.);
#5600=EDGE_CURVE('',#4555,#4556,#1593,.T.);
#5601=EDGE_CURVE('',#4556,#4557,#1594,.T.);
#5602=EDGE_CURVE('',#4558,#4557,#1595,.T.);
#5603=EDGE_CURVE('',#4558,#4559,#1596,.T.);
#5604=EDGE_CURVE('',#4559,#4560,#1597,.T.);
#5605=EDGE_CURVE('',#4560,#4561,#1598,.T.);
#5606=EDGE_CURVE('',#4562,#4561,#1599,.T.);
#5607=EDGE_CURVE('',#4562,#4563,#1600,.T.);
#5608=EDGE_CURVE('',#4563,#4564,#1601,.T.);
#5609=EDGE_CURVE('',#4564,#4565,#1602,.T.);
#5610=EDGE_CURVE('',#4566,#4565,#1603,.T.);
#5611=EDGE_CURVE('',#4566,#4567,#1604,.T.);
#5612=EDGE_CURVE('',#4567,#4568,#1605,.T.);
#5613=EDGE_CURVE('',#4568,#4569,#1606,.T.);
#5614=EDGE_CURVE('',#4570,#4569,#1607,.T.);
#5615=EDGE_CURVE('',#4570,#4571,#1608,.T.);
#5616=EDGE_CURVE('',#4571,#4572,#1609,.T.);
#5617=EDGE_CURVE('',#4572,#4573,#1610,.T.);
#5618=EDGE_CURVE('',#4574,#4573,#1611,.T.);
#5619=EDGE_CURVE('',#4574,#4575,#1612,.T.);
#5620=EDGE_CURVE('',#4575,#4576,#1613,.T.);
#5621=EDGE_CURVE('',#4576,#4577,#1614,.T.);
#5622=EDGE_CURVE('',#4578,#4577,#1615,.T.);
#5623=EDGE_CURVE('',#4578,#4579,#1616,.T.);
#5624=EDGE_CURVE('',#4579,#4580,#1617,.T.);
#5625=EDGE_CURVE('',#4580,#4581,#1618,.T.);
#5626=EDGE_CURVE('',#4582,#4581,#1619,.T.);
#5627=EDGE_CURVE('',#4582,#4583,#1620,.T.);
#5628=EDGE_CURVE('',#4583,#4584,#1621,.T.);
#5629=EDGE_CURVE('',#4584,#4585,#1622,.T.);
#5630=EDGE_CURVE('',#4586,#4585,#1623,.T.);
#5631=EDGE_CURVE('',#4586,#4587,#1624,.T.);
#5632=EDGE_CURVE('',#4587,#4588,#1625,.T.);
#5633=EDGE_CURVE('',#4589,#4588,#1626,.T.);
#5634=EDGE_CURVE('',#4589,#4590,#1627,.T.);
#5635=EDGE_CURVE('',#4590,#4591,#1628,.T.);
#5636=EDGE_CURVE('',#4591,#4592,#1629,.T.);
#5637=EDGE_CURVE('',#4593,#4592,#1630,.T.);
#5638=EDGE_CURVE('',#4593,#4594,#1631,.T.);
#5639=EDGE_CURVE('',#4594,#4595,#1632,.T.);
#5640=EDGE_CURVE('',#4595,#4596,#1633,.T.);
#5641=EDGE_CURVE('',#4597,#4596,#1634,.T.);
#5642=EDGE_CURVE('',#4597,#4598,#1635,.T.);
#5643=EDGE_CURVE('',#4598,#4599,#1636,.T.);
#5644=EDGE_CURVE('',#4599,#4600,#1637,.T.);
#5645=EDGE_CURVE('',#4601,#4600,#1638,.T.);
#5646=EDGE_CURVE('',#4601,#4602,#1639,.T.);
#5647=EDGE_CURVE('',#4602,#4603,#1640,.T.);
#5648=EDGE_CURVE('',#4603,#4604,#1641,.T.);
#5649=EDGE_CURVE('',#4605,#4604,#1642,.T.);
#5650=EDGE_CURVE('',#4605,#4606,#1643,.T.);
#5651=EDGE_CURVE('',#4606,#4607,#1644,.T.);
#5652=EDGE_CURVE('',#4607,#4608,#1645,.T.);
#5653=EDGE_CURVE('',#4609,#4608,#1646,.T.);
#5654=EDGE_CURVE('',#4609,#4610,#1647,.T.);
#5655=EDGE_CURVE('',#4610,#4611,#1648,.T.);
#5656=EDGE_CURVE('',#4611,#4612,#1649,.T.);
#5657=EDGE_CURVE('',#4613,#4612,#1650,.T.);
#5658=EDGE_CURVE('',#4613,#4614,#1651,.T.);
#5659=EDGE_CURVE('',#4614,#4615,#1652,.T.);
#5660=EDGE_CURVE('',#4615,#4616,#1653,.T.);
#5661=EDGE_CURVE('',#4617,#4616,#1654,.T.);
#5662=EDGE_CURVE('',#4617,#4618,#1655,.T.);
#5663=EDGE_CURVE('',#4618,#4619,#1656,.T.);
#5664=EDGE_CURVE('',#4619,#4620,#1657,.T.);
#5665=EDGE_CURVE('',#4621,#4620,#1658,.T.);
#5666=EDGE_CURVE('',#4621,#4622,#1659,.T.);
#5667=EDGE_CURVE('',#4622,#4623,#1660,.T.);
#5668=EDGE_CURVE('',#4623,#4624,#1661,.T.);
#5669=EDGE_CURVE('',#4625,#4624,#1662,.T.);
#5670=EDGE_CURVE('',#4625,#4626,#1663,.T.);
#5671=EDGE_CURVE('',#4626,#4627,#1664,.T.);
#5672=EDGE_CURVE('',#4627,#4628,#1665,.T.);
#5673=EDGE_CURVE('',#4629,#4628,#1666,.T.);
#5674=EDGE_CURVE('',#4629,#4630,#1667,.T.);
#5675=EDGE_CURVE('',#4630,#4631,#1668,.T.);
#5676=EDGE_CURVE('',#4631,#4632,#1669,.T.);
#5677=EDGE_CURVE('',#4633,#4632,#1670,.T.);
#5678=EDGE_CURVE('',#4633,#4634,#1671,.T.);
#5679=EDGE_CURVE('',#4634,#4635,#1672,.T.);
#5680=EDGE_CURVE('',#4635,#4636,#1673,.T.);
#5681=EDGE_CURVE('',#4637,#4636,#1674,.T.);
#5682=EDGE_CURVE('',#4637,#4638,#1675,.T.);
#5683=EDGE_CURVE('',#4638,#4639,#1676,.T.);
#5684=EDGE_CURVE('',#4639,#4640,#1677,.T.);
#5685=EDGE_CURVE('',#4641,#4640,#1678,.T.);
#5686=EDGE_CURVE('',#4641,#4642,#1679,.T.);
#5687=EDGE_CURVE('',#4642,#4643,#1680,.T.);
#5688=EDGE_CURVE('',#4643,#4644,#1681,.T.);
#5689=EDGE_CURVE('',#4645,#4644,#1682,.T.);
#5690=EDGE_CURVE('',#4646,#4645,#1683,.T.);
#5691=EDGE_CURVE('',#4646,#4647,#1684,.T.);
#5692=EDGE_CURVE('',#4647,#4648,#1685,.T.);
#5693=EDGE_CURVE('',#4649,#4648,#1686,.T.);
#5694=EDGE_CURVE('',#4650,#4649,#1687,.T.);
#5695=EDGE_CURVE('',#4650,#4651,#1688,.T.);
#5696=EDGE_CURVE('',#4651,#4652,#1689,.T.);
#5697=EDGE_CURVE('',#4653,#4652,#1690,.T.);
#5698=EDGE_CURVE('',#4654,#4653,#1691,.T.);
#5699=EDGE_CURVE('',#4654,#4655,#1692,.T.);
#5700=EDGE_CURVE('',#4655,#4656,#1693,.T.);
#5701=EDGE_CURVE('',#4657,#4656,#1694,.T.);
#5702=EDGE_CURVE('',#4658,#4657,#1695,.T.);
#5703=EDGE_CURVE('',#4658,#4659,#1696,.T.);
#5704=EDGE_CURVE('',#4659,#4660,#1697,.T.);
#5705=EDGE_CURVE('',#4661,#4660,#1698,.T.);
#5706=EDGE_CURVE('',#4662,#4661,#1699,.T.);
#5707=EDGE_CURVE('',#4662,#4663,#1700,.T.);
#5708=EDGE_CURVE('',#4663,#4664,#1701,.T.);
#5709=EDGE_CURVE('',#4665,#4664,#1702,.T.);
#5710=EDGE_CURVE('',#4666,#4665,#1703,.T.);
#5711=EDGE_CURVE('',#4666,#4667,#1704,.T.);
#5712=EDGE_CURVE('',#4667,#4668,#1705,.T.);
#5713=EDGE_CURVE('',#4669,#4668,#1706,.T.);
#5714=EDGE_CURVE('',#4670,#4669,#1707,.T.);
#5715=EDGE_CURVE('',#4670,#4671,#1708,.T.);
#5716=EDGE_CURVE('',#4671,#4672,#1709,.T.);
#5717=EDGE_CURVE('',#4673,#4672,#1710,.T.);
#5718=EDGE_CURVE('',#4674,#4673,#1711,.T.);
#5719=EDGE_CURVE('',#4674,#4675,#1712,.T.);
#5720=EDGE_CURVE('',#4675,#4676,#1713,.T.);
#5721=EDGE_CURVE('',#4677,#4676,#1714,.T.);
#5722=EDGE_CURVE('',#4678,#4677,#1715,.T.);
#5723=EDGE_CURVE('',#4678,#4679,#1716,.T.);
#5724=EDGE_CURVE('',#4679,#4680,#1717,.T.);
#5725=EDGE_CURVE('',#4681,#4680,#1718,.T.);
#5726=EDGE_CURVE('',#4682,#4681,#1719,.T.);
#5727=EDGE_CURVE('',#4682,#4683,#1720,.T.);
#5728=EDGE_CURVE('',#4683,#4684,#1721,.T.);
#5729=EDGE_CURVE('',#4685,#4684,#1722,.T.);
#5730=EDGE_CURVE('',#4686,#4685,#1723,.T.);
#5731=EDGE_CURVE('',#4686,#4687,#1724,.T.);
#5732=EDGE_CURVE('',#4687,#4688,#1725,.T.);
#5733=EDGE_CURVE('',#4689,#4688,#1726,.T.);
#5734=EDGE_CURVE('',#4690,#4689,#1727,.T.);
#5735=EDGE_CURVE('',#4690,#4691,#1728,.T.);
#5736=EDGE_CURVE('',#4691,#4692,#1729,.T.);
#5737=EDGE_CURVE('',#4692,#4693,#1730,.T.);
#5738=EDGE_CURVE('',#4693,#4694,#1731,.T.);
#5739=EDGE_CURVE('',#4694,#4695,#1732,.T.);
#5740=EDGE_CURVE('',#4695,#4696,#1733,.T.);
#5741=EDGE_CURVE('',#4696,#4697,#1734,.T.);
#5742=EDGE_CURVE('',#4697,#4698,#1735,.T.);
#5743=EDGE_CURVE('',#4698,#4699,#1736,.T.);
#5744=EDGE_CURVE('',#4699,#4700,#1737,.T.);
#5745=EDGE_CURVE('',#4700,#4701,#1738,.T.);
#5746=EDGE_CURVE('',#4701,#4702,#1739,.T.);
#5747=EDGE_CURVE('',#4702,#4703,#1740,.T.);
#5748=EDGE_CURVE('',#4703,#4704,#1741,.T.);
#5749=EDGE_CURVE('',#4704,#4705,#1742,.T.);
#5750=EDGE_CURVE('',#4705,#4706,#1743,.T.);
#5751=EDGE_CURVE('',#4706,#4707,#1744,.T.);
#5752=EDGE_CURVE('',#4707,#4708,#1745,.T.);
#5753=EDGE_CURVE('',#4708,#4709,#1746,.T.);
#5754=EDGE_CURVE('',#4709,#4710,#1747,.T.);
#5755=EDGE_CURVE('',#4710,#4711,#1748,.T.);
#5756=EDGE_CURVE('',#4711,#4712,#1749,.T.);
#5757=EDGE_CURVE('',#4712,#4713,#1750,.T.);
#5758=EDGE_CURVE('',#4713,#4714,#1751,.T.);
#5759=EDGE_CURVE('',#4714,#4715,#1752,.T.);
#5760=EDGE_CURVE('',#4715,#4716,#1753,.T.);
#5761=EDGE_CURVE('',#4716,#4717,#1754,.T.);
#5762=EDGE_CURVE('',#4717,#4718,#1755,.T.);
#5763=EDGE_CURVE('',#4718,#4719,#1756,.T.);
#5764=EDGE_CURVE('',#4719,#4720,#1757,.T.);
#5765=EDGE_CURVE('',#4720,#4721,#1758,.T.);
#5766=EDGE_CURVE('',#4721,#4722,#1759,.T.);
#5767=EDGE_CURVE('',#4722,#4723,#1760,.T.);
#5768=EDGE_CURVE('',#4723,#4724,#1761,.T.);
#5769=EDGE_CURVE('',#4724,#4725,#1762,.T.);
#5770=EDGE_CURVE('',#4725,#4726,#1763,.T.);
#5771=EDGE_CURVE('',#4726,#4727,#1764,.T.);
#5772=EDGE_CURVE('',#4727,#4728,#1765,.T.);
#5773=EDGE_CURVE('',#4728,#4729,#1766,.T.);
#5774=EDGE_CURVE('',#4729,#4730,#1767,.T.);
#5775=EDGE_CURVE('',#4730,#4731,#1768,.T.);
#5776=EDGE_CURVE('',#4731,#4732,#1769,.T.);
#5777=EDGE_CURVE('',#4732,#4733,#1770,.T.);
#5778=EDGE_CURVE('',#4733,#4734,#1771,.T.);
#5779=EDGE_CURVE('',#4734,#4735,#1772,.T.);
#5780=EDGE_CURVE('',#4735,#4736,#1773,.T.);
#5781=EDGE_CURVE('',#4736,#4737,#1774,.T.);
#5782=EDGE_CURVE('',#4737,#4738,#1775,.T.);
#5783=EDGE_CURVE('',#4738,#4739,#1776,.T.);
#5784=EDGE_CURVE('',#4739,#4740,#1777,.T.);
#5785=EDGE_CURVE('',#4740,#4741,#1778,.T.);
#5786=EDGE_CURVE('',#4741,#4742,#1779,.T.);
#5787=EDGE_CURVE('',#4742,#4535,#1780,.T.);
#5788=EDGE_CURVE('',#4531,#4743,#1781,.T.);
#5789=EDGE_CURVE('',#4743,#4744,#1782,.T.);
#5790=EDGE_CURVE('',#4744,#4745,#1783,.T.);
#5791=EDGE_CURVE('',#4745,#4746,#1784,.T.);
#5792=EDGE_CURVE('',#4746,#4747,#1785,.T.);
#5793=EDGE_CURVE('',#4747,#4748,#1786,.T.);
#5794=EDGE_CURVE('',#4748,#4532,#1787,.T.);
#5795=EDGE_CURVE('',#4495,#4749,#1788,.T.);
#5796=EDGE_CURVE('',#4749,#4750,#1789,.T.);
#5797=EDGE_CURVE('',#4750,#4493,#1790,.T.);
#5798=EDGE_CURVE('',#4751,#4752,#1791,.T.);
#5799=EDGE_CURVE('',#4751,#4753,#1792,.T.);
#5800=EDGE_CURVE('',#4753,#4752,#28,.T.);
#5801=EDGE_CURVE('',#4754,#4755,#4407,.T.);
#5802=EDGE_CURVE('',#4756,#4754,#4408,.T.);
#5803=EDGE_CURVE('',#4756,#4757,#1793,.T.);
#5804=EDGE_CURVE('',#4758,#4757,#4409,.T.);
#5805=EDGE_CURVE('',#4759,#4758,#1794,.T.);
#5806=EDGE_CURVE('',#4760,#4759,#4410,.T.);
#5807=EDGE_CURVE('',#4760,#4761,#1795,.T.);
#5808=EDGE_CURVE('',#4762,#4761,#4411,.T.);
#5809=EDGE_CURVE('',#4763,#4762,#1796,.T.);
#5810=EDGE_CURVE('',#4764,#4763,#4412,.T.);
#5811=EDGE_CURVE('',#4764,#4765,#1797,.T.);
#5812=EDGE_CURVE('',#4766,#4765,#4413,.T.);
#5813=EDGE_CURVE('',#4752,#4766,#4414,.T.);
#5814=EDGE_CURVE('',#4755,#4753,#1798,.T.);
#5815=EDGE_CURVE('',#4767,#4768,#4415,.T.);
#5816=EDGE_CURVE('',#4769,#4767,#4416,.T.);
#5817=EDGE_CURVE('',#4769,#4768,#1799,.T.);
#5818=EDGE_CURVE('',#4765,#4764,#4417,.T.);
#5819=EDGE_CURVE('',#4770,#4760,#4418,.T.);
#5820=EDGE_CURVE('',#4770,#4771,#1800,.T.);
#5821=EDGE_CURVE('',#4761,#4771,#4419,.T.);
#5822=EDGE_CURVE('',#4772,#4773,#4420,.T.);
#5823=EDGE_CURVE('',#4772,#4774,#1801,.T.);
#5824=EDGE_CURVE('',#4773,#4774,#4421,.T.);
#5825=EDGE_CURVE('',#4757,#4756,#4422,.T.);
#5826=EDGE_CURVE('',#4768,#4775,#1802,.T.);
#5827=EDGE_CURVE('',#4776,#4769,#1803,.T.);
#5828=EDGE_CURVE('',#4776,#4775,#1804,.T.);
#5829=EDGE_CURVE('',#4777,#4770,#1805,.T.);
#5830=EDGE_CURVE('',#4777,#4778,#1806,.T.);
#5831=EDGE_CURVE('',#4771,#4778,#1807,.T.);
#5832=EDGE_CURVE('',#4779,#4772,#1808,.T.);
#5833=EDGE_CURVE('',#4779,#4780,#1809,.T.);
#5834=EDGE_CURVE('',#4774,#4780,#1810,.T.);
#5835=EDGE_CURVE('',#4775,#4781,#4423,.T.);
#5836=EDGE_CURVE('',#4782,#4776,#4424,.T.);
#5837=EDGE_CURVE('',#4783,#4782,#1811,.T.);
#5838=EDGE_CURVE('',#4784,#4783,#4425,.T.);
#5839=EDGE_CURVE('',#4785,#4784,#1812,.T.);
#5840=EDGE_CURVE('',#4781,#4785,#4426,.T.);
#5841=EDGE_CURVE('',#4750,#4777,#4427,.T.);
#5842=EDGE_CURVE('',#4778,#4749,#4428,.T.);
#5843=EDGE_CURVE('',#4786,#4779,#4429,.T.);
#5844=EDGE_CURVE('',#4787,#4786,#4430,.T.);
#5845=EDGE_CURVE('',#4788,#4787,#1813,.T.);
#5846=EDGE_CURVE('',#4789,#4788,#4431,.T.);
#5847=EDGE_CURVE('',#4790,#4789,#1814,.T.);
#5848=EDGE_CURVE('',#4780,#4790,#4432,.T.);
#5849=EDGE_CURVE('',#4745,#4791,#1815,.T.);
#5850=EDGE_CURVE('',#4791,#4755,#29,.T.);
#5851=EDGE_CURVE('',#4751,#4792,#30,.T.);
#5852=EDGE_CURVE('',#4792,#4747,#1816,.T.);
#5853=EDGE_CURVE('',#4743,#4793,#1817,.T.);
#5854=EDGE_CURVE('',#4793,#4791,#1818,.T.);
#5855=EDGE_CURVE('',#4520,#4514,#1819,.T.);
#5856=EDGE_CURVE('',#4501,#4786,#1820,.T.);
#5857=EDGE_CURVE('',#4773,#4754,#1821,.T.);
#5858=EDGE_CURVE('',#4528,#4793,#31,.T.);
#5859=EDGE_CURVE('',#4519,#4496,#1822,.T.);
#5860=EDGE_CURVE('',#4500,#4787,#1823,.T.);
#5861=EDGE_CURVE('',#4790,#4758,#1824,.T.);
#5862=EDGE_CURVE('',#4518,#4498,#1825,.T.);
#5863=EDGE_CURVE('',#4499,#4788,#1826,.T.);
#5864=EDGE_CURVE('',#4783,#4762,#1827,.T.);
#5865=EDGE_CURVE('',#4517,#4491,#1828,.T.);
#5866=EDGE_CURVE('',#4490,#4784,#1829,.T.);
#5867=EDGE_CURVE('',#4515,#4486,#1830,.T.);
#5868=EDGE_CURVE('',#4782,#4763,#1831,.T.);
#5869=EDGE_CURVE('',#4489,#4785,#1832,.T.);
#5870=EDGE_CURVE('',#4524,#4511,#1833,.T.);
#5871=EDGE_CURVE('',#4767,#4766,#1834,.T.);
#5872=EDGE_CURVE('',#4488,#4781,#1835,.T.);
#5873=EDGE_CURVE('',#4794,#4527,#32,.T.);
#5874=EDGE_CURVE('',#4794,#4792,#1836,.T.);
#5875=EDGE_CURVE('',#4748,#4794,#1837,.T.);
#5876=EDGE_CURVE('',#4789,#4759,#1838,.T.);
#5877=EDGE_CURVE('',#4795,#4796,#1839,.T.);
#5878=EDGE_CURVE('',#4795,#4567,#1840,.T.);
#5879=EDGE_CURVE('',#4796,#4566,#1841,.T.);
#5880=EDGE_CURVE('',#4797,#4795,#1842,.T.);
#5881=EDGE_CURVE('',#4797,#4568,#1843,.T.);
#5882=EDGE_CURVE('',#4798,#4797,#1844,.T.);
#5883=EDGE_CURVE('',#4569,#4798,#1845,.T.);
#5884=EDGE_CURVE('',#4799,#4800,#1846,.T.);
#5885=EDGE_CURVE('',#4799,#4571,#1847,.T.);
#5886=EDGE_CURVE('',#4800,#4570,#1848,.T.);
#5887=EDGE_CURVE('',#4801,#4799,#1849,.T.);
#5888=EDGE_CURVE('',#4801,#4572,#1850,.T.);
#5889=EDGE_CURVE('',#4802,#4801,#1851,.T.);
#5890=EDGE_CURVE('',#4573,#4802,#1852,.T.);
#5891=EDGE_CURVE('',#4803,#4804,#1853,.T.);
#5892=EDGE_CURVE('',#4803,#4575,#1854,.T.);
#5893=EDGE_CURVE('',#4804,#4574,#1855,.T.);
#5894=EDGE_CURVE('',#4805,#4803,#1856,.T.);
#5895=EDGE_CURVE('',#4805,#4576,#1857,.T.);
#5896=EDGE_CURVE('',#4806,#4805,#1858,.T.);
#5897=EDGE_CURVE('',#4577,#4806,#1859,.T.);
#5898=EDGE_CURVE('',#4807,#4808,#1860,.T.);
#5899=EDGE_CURVE('',#4807,#4579,#1861,.T.);
#5900=EDGE_CURVE('',#4808,#4578,#1862,.T.);
#5901=EDGE_CURVE('',#4809,#4807,#1863,.T.);
#5902=EDGE_CURVE('',#4809,#4580,#1864,.T.);
#5903=EDGE_CURVE('',#4810,#4809,#1865,.T.);
#5904=EDGE_CURVE('',#4581,#4810,#1866,.T.);
#5905=EDGE_CURVE('',#4811,#4812,#1867,.T.);
#5906=EDGE_CURVE('',#4811,#4583,#1868,.T.);
#5907=EDGE_CURVE('',#4812,#4582,#1869,.T.);
#5908=EDGE_CURVE('',#4813,#4811,#1870,.T.);
#5909=EDGE_CURVE('',#4813,#4584,#1871,.T.);
#5910=EDGE_CURVE('',#4814,#4813,#1872,.T.);
#5911=EDGE_CURVE('',#4585,#4814,#1873,.T.);
#5912=EDGE_CURVE('',#4815,#4816,#1874,.T.);
#5913=EDGE_CURVE('',#4815,#4587,#1875,.T.);
#5914=EDGE_CURVE('',#4816,#4586,#1876,.T.);
#5915=EDGE_CURVE('',#4817,#4815,#1877,.T.);
#5916=EDGE_CURVE('',#4588,#4817,#1878,.T.);
#5917=EDGE_CURVE('',#4818,#4819,#1879,.T.);
#5918=EDGE_CURVE('',#4818,#4539,#1880,.T.);
#5919=EDGE_CURVE('',#4819,#4538,#1881,.T.);
#5920=EDGE_CURVE('',#4820,#4818,#1882,.T.);
#5921=EDGE_CURVE('',#4820,#4540,#1883,.T.);
#5922=EDGE_CURVE('',#4821,#4820,#1884,.T.);
#5923=EDGE_CURVE('',#4541,#4821,#1885,.T.);
#5924=EDGE_CURVE('',#4822,#4823,#1886,.T.);
#5925=EDGE_CURVE('',#4822,#4543,#1887,.T.);
#5926=EDGE_CURVE('',#4823,#4542,#1888,.T.);
#5927=EDGE_CURVE('',#4824,#4822,#1889,.T.);
#5928=EDGE_CURVE('',#4824,#4544,#1890,.T.);
#5929=EDGE_CURVE('',#4825,#4824,#1891,.T.);
#5930=EDGE_CURVE('',#4545,#4825,#1892,.T.);
#5931=EDGE_CURVE('',#4826,#4827,#1893,.T.);
#5932=EDGE_CURVE('',#4826,#4547,#1894,.T.);
#5933=EDGE_CURVE('',#4827,#4546,#1895,.T.);
#5934=EDGE_CURVE('',#4828,#4826,#1896,.T.);
#5935=EDGE_CURVE('',#4828,#4548,#1897,.T.);
#5936=EDGE_CURVE('',#4829,#4828,#1898,.T.);
#5937=EDGE_CURVE('',#4549,#4829,#1899,.T.);
#5938=EDGE_CURVE('',#4830,#4831,#1900,.T.);
#5939=EDGE_CURVE('',#4830,#4551,#1901,.T.);
#5940=EDGE_CURVE('',#4831,#4550,#1902,.T.);
#5941=EDGE_CURVE('',#4832,#4830,#1903,.T.);
#5942=EDGE_CURVE('',#4832,#4552,#1904,.T.);
#5943=EDGE_CURVE('',#4833,#4832,#1905,.T.);
#5944=EDGE_CURVE('',#4553,#4833,#1906,.T.);
#5945=EDGE_CURVE('',#4834,#4835,#1907,.T.);
#5946=EDGE_CURVE('',#4834,#4555,#1908,.T.);
#5947=EDGE_CURVE('',#4835,#4554,#1909,.T.);
#5948=EDGE_CURVE('',#4836,#4834,#1910,.T.);
#5949=EDGE_CURVE('',#4836,#4556,#1911,.T.);
#5950=EDGE_CURVE('',#4837,#4836,#1912,.T.);
#5951=EDGE_CURVE('',#4557,#4837,#1913,.T.);
#5952=EDGE_CURVE('',#4838,#4839,#1914,.T.);
#5953=EDGE_CURVE('',#4838,#4559,#1915,.T.);
#5954=EDGE_CURVE('',#4839,#4558,#1916,.T.);
#5955=EDGE_CURVE('',#4840,#4838,#1917,.T.);
#5956=EDGE_CURVE('',#4840,#4560,#1918,.T.);
#5957=EDGE_CURVE('',#4841,#4840,#1919,.T.);
#5958=EDGE_CURVE('',#4561,#4841,#1920,.T.);
#5959=EDGE_CURVE('',#4842,#4843,#1921,.T.);
#5960=EDGE_CURVE('',#4842,#4563,#1922,.T.);
#5961=EDGE_CURVE('',#4843,#4562,#1923,.T.);
#5962=EDGE_CURVE('',#4844,#4842,#1924,.T.);
#5963=EDGE_CURVE('',#4844,#4564,#1925,.T.);
#5964=EDGE_CURVE('',#4845,#4844,#1926,.T.);
#5965=EDGE_CURVE('',#4565,#4845,#1927,.T.);
#5966=EDGE_CURVE('',#4846,#4817,#1928,.T.);
#5967=EDGE_CURVE('',#4846,#4589,#1929,.T.);
#5968=EDGE_CURVE('',#4847,#4819,#1930,.T.);
#5969=EDGE_CURVE('',#4848,#4847,#1931,.T.);
#5970=EDGE_CURVE('',#4848,#4849,#1932,.T.);
#5971=EDGE_CURVE('',#4849,#4850,#1933,.T.);
#5972=EDGE_CURVE('',#4850,#4851,#1934,.T.);
#5973=EDGE_CURVE('',#4852,#4851,#1935,.T.);
#5974=EDGE_CURVE('',#4852,#4853,#1936,.T.);
#5975=EDGE_CURVE('',#4853,#4854,#1937,.T.);
#5976=EDGE_CURVE('',#4854,#4855,#1938,.T.);
#5977=EDGE_CURVE('',#4856,#4855,#1939,.T.);
#5978=EDGE_CURVE('',#4856,#4857,#1940,.T.);
#5979=EDGE_CURVE('',#4857,#4858,#1941,.T.);
#5980=EDGE_CURVE('',#4858,#4859,#1942,.T.);
#5981=EDGE_CURVE('',#4860,#4859,#1943,.T.);
#5982=EDGE_CURVE('',#4860,#4861,#1944,.T.);
#5983=EDGE_CURVE('',#4861,#4862,#1945,.T.);
#5984=EDGE_CURVE('',#4862,#4863,#1946,.T.);
#5985=EDGE_CURVE('',#4864,#4863,#1947,.T.);
#5986=EDGE_CURVE('',#4864,#4865,#1948,.T.);
#5987=EDGE_CURVE('',#4865,#4866,#1949,.T.);
#5988=EDGE_CURVE('',#4866,#4867,#1950,.T.);
#5989=EDGE_CURVE('',#4868,#4867,#1951,.T.);
#5990=EDGE_CURVE('',#4868,#4869,#1952,.T.);
#5991=EDGE_CURVE('',#4869,#4870,#1953,.T.);
#5992=EDGE_CURVE('',#4870,#4871,#1954,.T.);
#5993=EDGE_CURVE('',#4872,#4871,#1955,.T.);
#5994=EDGE_CURVE('',#4872,#4873,#1956,.T.);
#5995=EDGE_CURVE('',#4873,#4874,#1957,.T.);
#5996=EDGE_CURVE('',#4874,#4875,#1958,.T.);
#5997=EDGE_CURVE('',#4876,#4875,#1959,.T.);
#5998=EDGE_CURVE('',#4876,#4877,#1960,.T.);
#5999=EDGE_CURVE('',#4877,#4878,#1961,.T.);
#6000=EDGE_CURVE('',#4878,#4879,#1962,.T.);
#6001=EDGE_CURVE('',#4880,#4879,#1963,.T.);
#6002=EDGE_CURVE('',#4880,#4881,#1964,.T.);
#6003=EDGE_CURVE('',#4881,#4882,#1965,.T.);
#6004=EDGE_CURVE('',#4882,#4883,#1966,.T.);
#6005=EDGE_CURVE('',#4884,#4883,#1967,.T.);
#6006=EDGE_CURVE('',#4884,#4885,#1968,.T.);
#6007=EDGE_CURVE('',#4885,#4886,#1969,.T.);
#6008=EDGE_CURVE('',#4886,#4887,#1970,.T.);
#6009=EDGE_CURVE('',#4888,#4887,#1971,.T.);
#6010=EDGE_CURVE('',#4888,#4889,#1972,.T.);
#6011=EDGE_CURVE('',#4889,#4890,#1973,.T.);
#6012=EDGE_CURVE('',#4890,#4891,#1974,.T.);
#6013=EDGE_CURVE('',#4892,#4891,#1975,.T.);
#6014=EDGE_CURVE('',#4892,#4893,#1976,.T.);
#6015=EDGE_CURVE('',#4893,#4894,#1977,.T.);
#6016=EDGE_CURVE('',#4894,#4895,#1978,.T.);
#6017=EDGE_CURVE('',#4896,#4895,#1979,.T.);
#6018=EDGE_CURVE('',#4896,#4897,#1980,.T.);
#6019=EDGE_CURVE('',#4897,#4898,#1981,.T.);
#6020=EDGE_CURVE('',#4898,#4899,#1982,.T.);
#6021=EDGE_CURVE('',#4900,#4899,#1983,.T.);
#6022=EDGE_CURVE('',#4900,#4901,#1984,.T.);
#6023=EDGE_CURVE('',#4902,#4901,#1985,.T.);
#6024=EDGE_CURVE('',#4903,#4902,#1986,.T.);
#6025=EDGE_CURVE('',#4903,#4904,#1987,.T.);
#6026=EDGE_CURVE('',#4904,#4905,#1988,.T.);
#6027=EDGE_CURVE('',#4906,#4905,#1989,.T.);
#6028=EDGE_CURVE('',#4907,#4906,#1990,.T.);
#6029=EDGE_CURVE('',#4907,#4908,#1991,.T.);
#6030=EDGE_CURVE('',#4908,#4909,#1992,.T.);
#6031=EDGE_CURVE('',#4910,#4909,#1993,.T.);
#6032=EDGE_CURVE('',#4911,#4910,#1994,.T.);
#6033=EDGE_CURVE('',#4911,#4912,#1995,.T.);
#6034=EDGE_CURVE('',#4912,#4913,#1996,.T.);
#6035=EDGE_CURVE('',#4914,#4913,#1997,.T.);
#6036=EDGE_CURVE('',#4915,#4914,#1998,.T.);
#6037=EDGE_CURVE('',#4915,#4916,#1999,.T.);
#6038=EDGE_CURVE('',#4916,#4917,#2000,.T.);
#6039=EDGE_CURVE('',#4918,#4917,#2001,.T.);
#6040=EDGE_CURVE('',#4919,#4918,#2002,.T.);
#6041=EDGE_CURVE('',#4919,#4920,#2003,.T.);
#6042=EDGE_CURVE('',#4920,#4921,#2004,.T.);
#6043=EDGE_CURVE('',#4922,#4921,#2005,.T.);
#6044=EDGE_CURVE('',#4923,#4922,#2006,.T.);
#6045=EDGE_CURVE('',#4923,#4924,#2007,.T.);
#6046=EDGE_CURVE('',#4924,#4925,#2008,.T.);
#6047=EDGE_CURVE('',#4926,#4925,#2009,.T.);
#6048=EDGE_CURVE('',#4927,#4926,#2010,.T.);
#6049=EDGE_CURVE('',#4927,#4928,#2011,.T.);
#6050=EDGE_CURVE('',#4928,#4929,#2012,.T.);
#6051=EDGE_CURVE('',#4930,#4929,#2013,.T.);
#6052=EDGE_CURVE('',#4931,#4930,#2014,.T.);
#6053=EDGE_CURVE('',#4931,#4932,#2015,.T.);
#6054=EDGE_CURVE('',#4932,#4933,#2016,.T.);
#6055=EDGE_CURVE('',#4934,#4933,#2017,.T.);
#6056=EDGE_CURVE('',#4935,#4934,#2018,.T.);
#6057=EDGE_CURVE('',#4935,#4936,#2019,.T.);
#6058=EDGE_CURVE('',#4936,#4937,#2020,.T.);
#6059=EDGE_CURVE('',#4938,#4937,#2021,.T.);
#6060=EDGE_CURVE('',#4939,#4938,#2022,.T.);
#6061=EDGE_CURVE('',#4939,#4940,#2023,.T.);
#6062=EDGE_CURVE('',#4940,#4941,#2024,.T.);
#6063=EDGE_CURVE('',#4942,#4941,#2025,.T.);
#6064=EDGE_CURVE('',#4943,#4942,#2026,.T.);
#6065=EDGE_CURVE('',#4943,#4944,#2027,.T.);
#6066=EDGE_CURVE('',#4944,#4945,#2028,.T.);
#6067=EDGE_CURVE('',#4946,#4945,#2029,.T.);
#6068=EDGE_CURVE('',#4947,#4946,#2030,.T.);
#6069=EDGE_CURVE('',#4947,#4948,#2031,.T.);
#6070=EDGE_CURVE('',#4948,#4949,#2032,.T.);
#6071=EDGE_CURVE('',#4950,#4949,#2033,.T.);
#6072=EDGE_CURVE('',#4950,#4951,#2034,.T.);
#6073=EDGE_CURVE('',#4951,#4952,#2035,.T.);
#6074=EDGE_CURVE('',#4952,#4953,#2036,.T.);
#6075=EDGE_CURVE('',#4953,#4954,#2037,.T.);
#6076=EDGE_CURVE('',#4954,#4955,#2038,.T.);
#6077=EDGE_CURVE('',#4955,#4956,#2039,.T.);
#6078=EDGE_CURVE('',#4956,#4957,#2040,.T.);
#6079=EDGE_CURVE('',#4957,#4958,#2041,.T.);
#6080=EDGE_CURVE('',#4958,#4959,#2042,.T.);
#6081=EDGE_CURVE('',#4959,#4960,#2043,.T.);
#6082=EDGE_CURVE('',#4960,#4961,#2044,.T.);
#6083=EDGE_CURVE('',#4961,#4962,#2045,.T.);
#6084=EDGE_CURVE('',#4962,#4963,#2046,.T.);
#6085=EDGE_CURVE('',#4963,#4964,#2047,.T.);
#6086=EDGE_CURVE('',#4964,#4965,#2048,.T.);
#6087=EDGE_CURVE('',#4965,#4966,#2049,.T.);
#6088=EDGE_CURVE('',#4966,#4967,#2050,.T.);
#6089=EDGE_CURVE('',#4967,#4968,#2051,.T.);
#6090=EDGE_CURVE('',#4968,#4969,#2052,.T.);
#6091=EDGE_CURVE('',#4969,#4970,#2053,.T.);
#6092=EDGE_CURVE('',#4970,#4971,#2054,.T.);
#6093=EDGE_CURVE('',#4971,#4972,#2055,.T.);
#6094=EDGE_CURVE('',#4972,#4973,#2056,.T.);
#6095=EDGE_CURVE('',#4973,#4974,#2057,.T.);
#6096=EDGE_CURVE('',#4974,#4975,#2058,.T.);
#6097=EDGE_CURVE('',#4975,#4976,#2059,.T.);
#6098=EDGE_CURVE('',#4976,#4977,#2060,.T.);
#6099=EDGE_CURVE('',#4977,#4978,#2061,.T.);
#6100=EDGE_CURVE('',#4978,#4979,#2062,.T.);
#6101=EDGE_CURVE('',#4979,#4980,#2063,.T.);
#6102=EDGE_CURVE('',#4980,#4981,#2064,.T.);
#6103=EDGE_CURVE('',#4981,#4982,#2065,.T.);
#6104=EDGE_CURVE('',#4982,#4983,#2066,.T.);
#6105=EDGE_CURVE('',#4983,#4984,#2067,.T.);
#6106=EDGE_CURVE('',#4984,#4985,#2068,.T.);
#6107=EDGE_CURVE('',#4985,#4986,#2069,.T.);
#6108=EDGE_CURVE('',#4986,#4987,#2070,.T.);
#6109=EDGE_CURVE('',#4987,#4988,#2071,.T.);
#6110=EDGE_CURVE('',#4988,#4989,#2072,.T.);
#6111=EDGE_CURVE('',#4989,#4990,#2073,.T.);
#6112=EDGE_CURVE('',#4990,#4991,#2074,.T.);
#6113=EDGE_CURVE('',#4991,#4992,#2075,.T.);
#6114=EDGE_CURVE('',#4992,#4993,#2076,.T.);
#6115=EDGE_CURVE('',#4993,#4994,#2077,.T.);
#6116=EDGE_CURVE('',#4994,#4995,#2078,.T.);
#6117=EDGE_CURVE('',#4995,#4996,#2079,.T.);
#6118=EDGE_CURVE('',#4996,#4997,#2080,.T.);
#6119=EDGE_CURVE('',#4997,#4998,#2081,.T.);
#6120=EDGE_CURVE('',#4998,#4999,#2082,.T.);
#6121=EDGE_CURVE('',#4999,#5000,#2083,.T.);
#6122=EDGE_CURVE('',#5000,#5001,#2084,.T.);
#6123=EDGE_CURVE('',#5001,#5002,#2085,.T.);
#6124=EDGE_CURVE('',#5002,#4846,#2086,.T.);
#6125=EDGE_CURVE('',#4814,#4816,#2087,.T.);
#6126=EDGE_CURVE('',#4810,#4812,#2088,.T.);
#6127=EDGE_CURVE('',#4806,#4808,#2089,.T.);
#6128=EDGE_CURVE('',#4802,#4804,#2090,.T.);
#6129=EDGE_CURVE('',#4798,#4800,#2091,.T.);
#6130=EDGE_CURVE('',#4845,#4796,#2092,.T.);
#6131=EDGE_CURVE('',#4841,#4843,#2093,.T.);
#6132=EDGE_CURVE('',#4837,#4839,#2094,.T.);
#6133=EDGE_CURVE('',#4833,#4835,#2095,.T.);
#6134=EDGE_CURVE('',#4829,#4831,#2096,.T.);
#6135=EDGE_CURVE('',#4825,#4827,#2097,.T.);
#6136=EDGE_CURVE('',#4821,#4823,#2098,.T.);
#6137=EDGE_CURVE('',#4537,#4847,#2099,.T.);
#6138=EDGE_CURVE('',#4958,#4634,#2100,.T.);
#6139=EDGE_CURVE('',#4635,#4957,#2101,.T.);
#6140=EDGE_CURVE('',#4966,#4626,#2102,.T.);
#6141=EDGE_CURVE('',#4627,#4965,#2103,.T.);
#6142=EDGE_CURVE('',#4974,#4618,#2104,.T.);
#6143=EDGE_CURVE('',#4619,#4973,#2105,.T.);
#6144=EDGE_CURVE('',#4982,#4610,#2106,.T.);
#6145=EDGE_CURVE('',#4611,#4981,#2107,.T.);
#6146=EDGE_CURVE('',#4990,#4602,#2108,.T.);
#6147=EDGE_CURVE('',#4603,#4989,#2109,.T.);
#6148=EDGE_CURVE('',#4998,#4594,#2110,.T.);
#6149=EDGE_CURVE('',#4595,#4997,#2111,.T.);
#6150=EDGE_CURVE('',#5002,#4590,#2112,.T.);
#6151=EDGE_CURVE('',#4591,#5001,#2113,.T.);
#6152=EDGE_CURVE('',#4994,#4598,#2114,.T.);
#6153=EDGE_CURVE('',#4599,#4993,#2115,.T.);
#6154=EDGE_CURVE('',#4986,#4606,#2116,.T.);
#6155=EDGE_CURVE('',#4607,#4985,#2117,.T.);
#6156=EDGE_CURVE('',#4978,#4614,#2118,.T.);
#6157=EDGE_CURVE('',#4615,#4977,#2119,.T.);
#6158=EDGE_CURVE('',#4970,#4622,#2120,.T.);
#6159=EDGE_CURVE('',#4623,#4969,#2121,.T.);
#6160=EDGE_CURVE('',#4639,#4953,#2122,.T.);
#6161=EDGE_CURVE('',#4954,#4638,#2123,.T.);
#6162=EDGE_CURVE('',#4962,#4630,#2124,.T.);
#6163=EDGE_CURVE('',#4631,#4961,#2125,.T.);
#6164=EDGE_CURVE('',#4955,#4637,#2126,.T.);
#6165=EDGE_CURVE('',#4612,#4980,#2127,.T.);
#6166=EDGE_CURVE('',#4983,#4609,#2128,.T.);
#6167=EDGE_CURVE('',#4636,#4956,#2129,.T.);
#6168=EDGE_CURVE('',#4959,#4633,#2130,.T.);
#6169=EDGE_CURVE('',#4592,#5000,#2131,.T.);
#6170=EDGE_CURVE('',#4971,#4621,#2132,.T.);
#6171=EDGE_CURVE('',#4624,#4968,#2133,.T.);
#6172=EDGE_CURVE('',#4967,#4625,#2134,.T.);
#6173=EDGE_CURVE('',#4628,#4964,#2135,.T.);
#6174=EDGE_CURVE('',#4979,#4613,#2136,.T.);
#6175=EDGE_CURVE('',#4616,#4976,#2137,.T.);
#6176=EDGE_CURVE('',#4991,#4601,#2138,.T.);
#6177=EDGE_CURVE('',#4604,#4988,#2139,.T.);
#6178=EDGE_CURVE('',#4963,#4629,#2140,.T.);
#6179=EDGE_CURVE('',#4632,#4960,#2141,.T.);
#6180=EDGE_CURVE('',#4999,#4593,#2142,.T.);
#6181=EDGE_CURVE('',#4596,#4996,#2143,.T.);
#6182=EDGE_CURVE('',#4975,#4617,#2144,.T.);
#6183=EDGE_CURVE('',#4620,#4972,#2145,.T.);
#6184=EDGE_CURVE('',#4995,#4597,#2146,.T.);
#6185=EDGE_CURVE('',#4600,#4992,#2147,.T.);
#6186=EDGE_CURVE('',#4608,#4984,#2148,.T.);
#6187=EDGE_CURVE('',#4987,#4605,#2149,.T.);
#6188=EDGE_CURVE('',#4952,#4640,#2150,.T.);
#6189=EDGE_CURVE('',#4704,#4888,#2151,.T.);
#6190=EDGE_CURVE('',#4703,#4889,#2152,.T.);
#6191=EDGE_CURVE('',#4891,#4701,#2153,.T.);
#6192=EDGE_CURVE('',#4890,#4702,#2154,.T.);
#6193=EDGE_CURVE('',#4720,#4872,#2155,.T.);
#6194=EDGE_CURVE('',#4719,#4873,#2156,.T.);
#6195=EDGE_CURVE('',#4875,#4717,#2157,.T.);
#6196=EDGE_CURVE('',#4874,#4718,#2158,.T.);
#6197=EDGE_CURVE('',#4736,#4856,#2159,.T.);
#6198=EDGE_CURVE('',#4735,#4857,#2160,.T.);
#6199=EDGE_CURVE('',#4859,#4733,#2161,.T.);
#6200=EDGE_CURVE('',#4858,#4734,#2162,.T.);
#6201=EDGE_CURVE('',#4740,#4852,#2163,.T.);
#6202=EDGE_CURVE('',#4739,#4853,#2164,.T.);
#6203=EDGE_CURVE('',#4855,#4737,#2165,.T.);
#6204=EDGE_CURVE('',#4854,#4738,#2166,.T.);
#6205=EDGE_CURVE('',#4724,#4868,#2167,.T.);
#6206=EDGE_CURVE('',#4723,#4869,#2168,.T.);
#6207=EDGE_CURVE('',#4871,#4721,#2169,.T.);
#6208=EDGE_CURVE('',#4870,#4722,#2170,.T.);
#6209=EDGE_CURVE('',#4708,#4884,#2171,.T.);
#6210=EDGE_CURVE('',#4707,#4885,#2172,.T.);
#6211=EDGE_CURVE('',#4887,#4705,#2173,.T.);
#6212=EDGE_CURVE('',#4886,#4706,#2174,.T.);
#6213=EDGE_CURVE('',#4700,#4892,#2175,.T.);
#6214=EDGE_CURVE('',#4699,#4893,#2176,.T.);
#6215=EDGE_CURVE('',#4895,#4697,#2177,.T.);
#6216=EDGE_CURVE('',#4894,#4698,#2178,.T.);
#6217=EDGE_CURVE('',#4716,#4876,#2179,.T.);
#6218=EDGE_CURVE('',#4715,#4877,#2180,.T.);
#6219=EDGE_CURVE('',#4879,#4713,#2181,.T.);
#6220=EDGE_CURVE('',#4878,#4714,#2182,.T.);
#6221=EDGE_CURVE('',#4732,#4860,#2183,.T.);
#6222=EDGE_CURVE('',#4731,#4861,#2184,.T.);
#6223=EDGE_CURVE('',#4863,#4729,#2185,.T.);
#6224=EDGE_CURVE('',#4862,#4730,#2186,.T.);
#6225=EDGE_CURVE('',#4536,#4848,#2187,.T.);
#6226=EDGE_CURVE('',#4535,#4849,#2188,.T.);
#6227=EDGE_CURVE('',#4851,#4741,#2189,.T.);
#6228=EDGE_CURVE('',#4850,#4742,#2190,.T.);
#6229=EDGE_CURVE('',#4728,#4864,#2191,.T.);
#6230=EDGE_CURVE('',#4727,#4865,#2192,.T.);
#6231=EDGE_CURVE('',#4867,#4725,#2193,.T.);
#6232=EDGE_CURVE('',#4866,#4726,#2194,.T.);
#6233=EDGE_CURVE('',#4712,#4880,#2195,.T.);
#6234=EDGE_CURVE('',#4711,#4881,#2196,.T.);
#6235=EDGE_CURVE('',#4883,#4709,#2197,.T.);
#6236=EDGE_CURVE('',#4882,#4710,#2198,.T.);
#6237=EDGE_CURVE('',#4696,#4896,#2199,.T.);
#6238=EDGE_CURVE('',#4695,#4897,#2200,.T.);
#6239=EDGE_CURVE('',#4899,#4693,#2201,.T.);
#6240=EDGE_CURVE('',#4898,#4694,#2202,.T.);
#6241=EDGE_CURVE('',#4692,#4900,#2203,.T.);
#6242=EDGE_CURVE('',#4691,#4901,#2204,.T.);
#6243=EDGE_CURVE('',#4936,#4656,#2205,.T.);
#6244=EDGE_CURVE('',#4655,#4937,#2206,.T.);
#6245=EDGE_CURVE('',#4912,#4680,#2207,.T.);
#6246=EDGE_CURVE('',#4679,#4913,#2208,.T.);
#6247=EDGE_CURVE('',#4687,#4905,#2209,.T.);
#6248=EDGE_CURVE('',#4904,#4688,#2210,.T.);
#6249=EDGE_CURVE('',#4683,#4909,#2211,.T.);
#6250=EDGE_CURVE('',#4908,#4684,#2212,.T.);
#6251=EDGE_CURVE('',#4928,#4664,#2213,.T.);
#6252=EDGE_CURVE('',#4663,#4929,#2214,.T.);
#6253=EDGE_CURVE('',#4944,#4648,#2215,.T.);
#6254=EDGE_CURVE('',#4647,#4945,#2216,.T.);
#6255=EDGE_CURVE('',#4651,#4941,#2217,.T.);
#6256=EDGE_CURVE('',#4940,#4652,#2218,.T.);
#6257=EDGE_CURVE('',#4675,#4917,#2219,.T.);
#6258=EDGE_CURVE('',#4916,#4676,#2220,.T.);
#6259=EDGE_CURVE('',#4671,#4921,#2221,.T.);
#6260=EDGE_CURVE('',#4920,#4672,#2222,.T.);
#6261=EDGE_CURVE('',#4667,#4925,#2223,.T.);
#6262=EDGE_CURVE('',#4924,#4668,#2224,.T.);
#6263=EDGE_CURVE('',#4659,#4933,#2225,.T.);
#6264=EDGE_CURVE('',#4932,#4660,#2226,.T.);
#6265=EDGE_CURVE('',#4643,#4949,#2227,.T.);
#6266=EDGE_CURVE('',#4948,#4644,#2228,.T.);
#6267=EDGE_CURVE('',#4689,#4903,#2229,.T.);
#6268=EDGE_CURVE('',#4902,#4690,#2230,.T.);
#6269=EDGE_CURVE('',#4653,#4939,#2231,.T.);
#6270=EDGE_CURVE('',#4938,#4654,#2232,.T.);
#6271=EDGE_CURVE('',#4677,#4915,#2233,.T.);
#6272=EDGE_CURVE('',#4914,#4678,#2234,.T.);
#6273=EDGE_CURVE('',#4685,#4907,#2235,.T.);
#6274=EDGE_CURVE('',#4906,#4686,#2236,.T.);
#6275=EDGE_CURVE('',#4681,#4911,#2237,.T.);
#6276=EDGE_CURVE('',#4910,#4682,#2238,.T.);
#6277=EDGE_CURVE('',#4661,#4931,#2239,.T.);
#6278=EDGE_CURVE('',#4930,#4662,#2240,.T.);
#6279=EDGE_CURVE('',#4645,#4947,#2241,.T.);
#6280=EDGE_CURVE('',#4946,#4646,#2242,.T.);
#6281=EDGE_CURVE('',#4649,#4943,#2243,.T.);
#6282=EDGE_CURVE('',#4942,#4650,#2244,.T.);
#6283=EDGE_CURVE('',#4673,#4919,#2245,.T.);
#6284=EDGE_CURVE('',#4918,#4674,#2246,.T.);
#6285=EDGE_CURVE('',#4669,#4923,#2247,.T.);
#6286=EDGE_CURVE('',#4922,#4670,#2248,.T.);
#6287=EDGE_CURVE('',#4665,#4927,#2249,.T.);
#6288=EDGE_CURVE('',#4926,#4666,#2250,.T.);
#6289=EDGE_CURVE('',#4657,#4935,#2251,.T.);
#6290=EDGE_CURVE('',#4934,#4658,#2252,.T.);
#6291=EDGE_CURVE('',#4642,#4950,#2253,.T.);
#6292=EDGE_CURVE('',#4951,#4641,#2254,.T.);
#6293=EDGE_CURVE('',#5003,#5004,#4433,.T.);
#6294=EDGE_CURVE('',#5004,#5005,#2255,.T.);
#6295=EDGE_CURVE('',#5005,#5006,#4434,.T.);
#6296=EDGE_CURVE('',#5006,#5007,#2256,.T.);
#6297=EDGE_CURVE('',#5007,#5008,#4435,.T.);
#6298=EDGE_CURVE('',#5008,#5009,#4436,.T.);
#6299=EDGE_CURVE('',#5003,#5009,#2257,.F.);
#6300=EDGE_CURVE('',#5010,#5011,#4437,.T.);
#6301=EDGE_CURVE('',#5011,#5012,#2258,.T.);
#6302=EDGE_CURVE('',#5012,#5013,#4438,.T.);
#6303=EDGE_CURVE('',#5010,#5013,#2259,.F.);
#6304=EDGE_CURVE('',#5014,#5015,#4439,.T.);
#6305=EDGE_CURVE('',#5016,#5015,#2260,.F.);
#6306=EDGE_CURVE('',#5016,#5017,#4440,.T.);
#6307=EDGE_CURVE('',#5017,#5018,#4441,.T.);
#6308=EDGE_CURVE('',#5018,#5019,#2261,.T.);
#6309=EDGE_CURVE('',#5019,#5020,#4442,.T.);
#6310=EDGE_CURVE('',#5020,#5014,#2262,.T.);
#6311=EDGE_CURVE('',#5021,#5010,#2263,.T.);
#6312=EDGE_CURVE('',#5013,#5022,#2264,.T.);
#6313=EDGE_CURVE('',#5021,#5022,#2265,.T.);
#6314=EDGE_CURVE('',#5015,#5023,#2266,.T.);
#6315=EDGE_CURVE('',#5024,#5023,#2267,.T.);
#6316=EDGE_CURVE('',#5024,#5016,#2268,.T.);
#6317=EDGE_CURVE('',#5025,#5026,#4443,.T.);
#6318=EDGE_CURVE('',#5025,#5026,#2269,.T.);
#6319=EDGE_CURVE('',#5022,#5027,#4444,.T.);
#6320=EDGE_CURVE('',#5028,#5027,#2270,.F.);
#6321=EDGE_CURVE('',#5028,#5021,#4445,.T.);
#6322=EDGE_CURVE('',#5029,#5030,#4446,.T.);
#6323=EDGE_CURVE('',#5030,#5031,#2271,.F.);
#6324=EDGE_CURVE('',#5031,#5029,#4447,.F.);
#6325=EDGE_CURVE('',#5023,#5032,#4448,.T.);
#6326=EDGE_CURVE('',#5032,#5024,#4449,.F.);
#6327=EDGE_CURVE('',#5033,#5034,#4450,.F.);
#6328=EDGE_CURVE('',#5034,#5035,#2272,.T.);
#6329=EDGE_CURVE('',#5035,#5036,#4451,.T.);
#6330=EDGE_CURVE('',#5036,#5037,#4452,.T.);
#6331=EDGE_CURVE('',#5037,#5038,#33,.T.);
#6332=EDGE_CURVE('',#5039,#5038,#2273,.T.);
#6333=EDGE_CURVE('',#5039,#5040,#4453,.T.);
#6334=EDGE_CURVE('',#5040,#5025,#4454,.T.);
#6335=EDGE_CURVE('',#5026,#5041,#4455,.F.);
#6336=EDGE_CURVE('',#5041,#5042,#2274,.T.);
#6337=EDGE_CURVE('',#5042,#5028,#4456,.T.);
#6338=EDGE_CURVE('',#5027,#5043,#4457,.T.);
#6339=EDGE_CURVE('',#5043,#5033,#2275,.T.);
#6340=EDGE_CURVE('',#5034,#5035,#4458,.T.);
#6341=EDGE_CURVE('',#5030,#5003,#2276,.T.);
#6342=EDGE_CURVE('',#5009,#5031,#2277,.T.);
#6343=EDGE_CURVE('',#5044,#5045,#34,.T.);
#6344=EDGE_CURVE('',#5046,#5045,#35,.T.);
#6345=EDGE_CURVE('',#5046,#5047,#2278,.F.);
#6346=EDGE_CURVE('',#5047,#5048,#36,.T.);
#6347=EDGE_CURVE('',#5048,#5049,#2279,.T.);
#6348=EDGE_CURVE('',#5049,#5050,#37,.F.);
#6349=EDGE_CURVE('',#5051,#5050,#2280,.T.);
#6350=EDGE_CURVE('',#5051,#5052,#38,.T.);
#6351=EDGE_CURVE('',#5052,#5039,#39,.T.);
#6352=EDGE_CURVE('',#5038,#5044,#2281,.T.);
#6353=EDGE_CURVE('',#5037,#5044,#2282,.F.);
#6354=EDGE_CURVE('',#5053,#5054,#2283,.F.);
#6355=EDGE_CURVE('',#5055,#5053,#2284,.F.);
#6356=EDGE_CURVE('',#5056,#5055,#2285,.F.);
#6357=EDGE_CURVE('',#5057,#5056,#2286,.T.);
#6358=EDGE_CURVE('',#5058,#5057,#2287,.F.);
#6359=EDGE_CURVE('',#5059,#5058,#2288,.F.);
#6360=EDGE_CURVE('',#5060,#5059,#2289,.F.);
#6361=EDGE_CURVE('',#5061,#5060,#2290,.T.);
#6362=EDGE_CURVE('',#5062,#5061,#2291,.F.);
#6363=EDGE_CURVE('',#5063,#5062,#2292,.F.);
#6364=EDGE_CURVE('',#5064,#5063,#2293,.F.);
#6365=EDGE_CURVE('',#5065,#5064,#2294,.T.);
#6366=EDGE_CURVE('',#5066,#5065,#2295,.F.);
#6367=EDGE_CURVE('',#5067,#5066,#2296,.F.);
#6368=EDGE_CURVE('',#5068,#5067,#2297,.F.);
#6369=EDGE_CURVE('',#5069,#5068,#2298,.T.);
#6370=EDGE_CURVE('',#5070,#5069,#2299,.F.);
#6371=EDGE_CURVE('',#5071,#5070,#2300,.F.);
#6372=EDGE_CURVE('',#5072,#5071,#2301,.F.);
#6373=EDGE_CURVE('',#5073,#5072,#2302,.T.);
#6374=EDGE_CURVE('',#5074,#5073,#2303,.F.);
#6375=EDGE_CURVE('',#5075,#5074,#2304,.F.);
#6376=EDGE_CURVE('',#5076,#5075,#2305,.F.);
#6377=EDGE_CURVE('',#5077,#5076,#2306,.T.);
#6378=EDGE_CURVE('',#5078,#5077,#2307,.F.);
#6379=EDGE_CURVE('',#5079,#5078,#2308,.F.);
#6380=EDGE_CURVE('',#5080,#5079,#2309,.F.);
#6381=EDGE_CURVE('',#5081,#5080,#2310,.T.);
#6382=EDGE_CURVE('',#5082,#5081,#2311,.F.);
#6383=EDGE_CURVE('',#5083,#5082,#2312,.F.);
#6384=EDGE_CURVE('',#5084,#5083,#2313,.F.);
#6385=EDGE_CURVE('',#5085,#5084,#2314,.T.);
#6386=EDGE_CURVE('',#5086,#5085,#2315,.F.);
#6387=EDGE_CURVE('',#5087,#5086,#2316,.F.);
#6388=EDGE_CURVE('',#5088,#5087,#2317,.F.);
#6389=EDGE_CURVE('',#5089,#5088,#2318,.T.);
#6390=EDGE_CURVE('',#5090,#5089,#2319,.F.);
#6391=EDGE_CURVE('',#5091,#5090,#2320,.F.);
#6392=EDGE_CURVE('',#5092,#5091,#2321,.F.);
#6393=EDGE_CURVE('',#5093,#5092,#2322,.T.);
#6394=EDGE_CURVE('',#5094,#5093,#2323,.F.);
#6395=EDGE_CURVE('',#5095,#5094,#2324,.F.);
#6396=EDGE_CURVE('',#5096,#5095,#2325,.F.);
#6397=EDGE_CURVE('',#5097,#5096,#2326,.T.);
#6398=EDGE_CURVE('',#5098,#5097,#2327,.F.);
#6399=EDGE_CURVE('',#5099,#5098,#2328,.F.);
#6400=EDGE_CURVE('',#5100,#5099,#2329,.F.);
#6401=EDGE_CURVE('',#5101,#5100,#2330,.T.);
#6402=EDGE_CURVE('',#5102,#5101,#2331,.F.);
#6403=EDGE_CURVE('',#5103,#5102,#2332,.F.);
#6404=EDGE_CURVE('',#5104,#5103,#2333,.F.);
#6405=EDGE_CURVE('',#5105,#5104,#2334,.T.);
#6406=EDGE_CURVE('',#5106,#5105,#2335,.F.);
#6407=EDGE_CURVE('',#5107,#5106,#2336,.T.);
#6408=EDGE_CURVE('',#5107,#5108,#2337,.T.);
#6409=EDGE_CURVE('',#5108,#5109,#2338,.F.);
#6410=EDGE_CURVE('',#5110,#5109,#2339,.F.);
#6411=EDGE_CURVE('',#5111,#5110,#2340,.T.);
#6412=EDGE_CURVE('',#5111,#5112,#2341,.T.);
#6413=EDGE_CURVE('',#5112,#5113,#2342,.F.);
#6414=EDGE_CURVE('',#5114,#5113,#2343,.F.);
#6415=EDGE_CURVE('',#5115,#5114,#2344,.T.);
#6416=EDGE_CURVE('',#5115,#5116,#2345,.T.);
#6417=EDGE_CURVE('',#5116,#5117,#2346,.F.);
#6418=EDGE_CURVE('',#5118,#5117,#2347,.F.);
#6419=EDGE_CURVE('',#5119,#5118,#2348,.T.);
#6420=EDGE_CURVE('',#5119,#5120,#2349,.T.);
#6421=EDGE_CURVE('',#5120,#5121,#2350,.F.);
#6422=EDGE_CURVE('',#5122,#5121,#2351,.F.);
#6423=EDGE_CURVE('',#5123,#5122,#2352,.T.);
#6424=EDGE_CURVE('',#5123,#5124,#2353,.T.);
#6425=EDGE_CURVE('',#5124,#5125,#2354,.F.);
#6426=EDGE_CURVE('',#5126,#5125,#2355,.F.);
#6427=EDGE_CURVE('',#5127,#5126,#2356,.T.);
#6428=EDGE_CURVE('',#5127,#5128,#2357,.T.);
#6429=EDGE_CURVE('',#5128,#5129,#2358,.F.);
#6430=EDGE_CURVE('',#5130,#5129,#2359,.F.);
#6431=EDGE_CURVE('',#5131,#5130,#2360,.T.);
#6432=EDGE_CURVE('',#5131,#5132,#2361,.T.);
#6433=EDGE_CURVE('',#5132,#5133,#2362,.F.);
#6434=EDGE_CURVE('',#5134,#5133,#2363,.F.);
#6435=EDGE_CURVE('',#5135,#5134,#2364,.T.);
#6436=EDGE_CURVE('',#5135,#5136,#2365,.T.);
#6437=EDGE_CURVE('',#5136,#5137,#2366,.F.);
#6438=EDGE_CURVE('',#5138,#5137,#2367,.F.);
#6439=EDGE_CURVE('',#5139,#5138,#2368,.T.);
#6440=EDGE_CURVE('',#5139,#5140,#2369,.T.);
#6441=EDGE_CURVE('',#5140,#5141,#2370,.F.);
#6442=EDGE_CURVE('',#5142,#5141,#2371,.F.);
#6443=EDGE_CURVE('',#5143,#5142,#2372,.T.);
#6444=EDGE_CURVE('',#5143,#5144,#2373,.T.);
#6445=EDGE_CURVE('',#5144,#5145,#2374,.F.);
#6446=EDGE_CURVE('',#5146,#5145,#2375,.F.);
#6447=EDGE_CURVE('',#5147,#5146,#2376,.T.);
#6448=EDGE_CURVE('',#5147,#5148,#2377,.T.);
#6449=EDGE_CURVE('',#5148,#5149,#2378,.F.);
#6450=EDGE_CURVE('',#5150,#5149,#2379,.F.);
#6451=EDGE_CURVE('',#5151,#5150,#2380,.T.);
#6452=EDGE_CURVE('',#5151,#5152,#2381,.T.);
#6453=EDGE_CURVE('',#5152,#5153,#2382,.F.);
#6454=EDGE_CURVE('',#5154,#5153,#2383,.F.);
#6455=EDGE_CURVE('',#5155,#5154,#2384,.T.);
#6456=EDGE_CURVE('',#5156,#5155,#2385,.F.);
#6457=EDGE_CURVE('',#5156,#5157,#2386,.F.);
#6458=EDGE_CURVE('',#5158,#5157,#2387,.F.);
#6459=EDGE_CURVE('',#5159,#5158,#2388,.F.);
#6460=EDGE_CURVE('',#5160,#5159,#2389,.F.);
#6461=EDGE_CURVE('',#5160,#5161,#2390,.F.);
#6462=EDGE_CURVE('',#5162,#5161,#2391,.F.);
#6463=EDGE_CURVE('',#5163,#5162,#2392,.F.);
#6464=EDGE_CURVE('',#5164,#5163,#2393,.F.);
#6465=EDGE_CURVE('',#5164,#5165,#2394,.F.);
#6466=EDGE_CURVE('',#5166,#5165,#2395,.F.);
#6467=EDGE_CURVE('',#5167,#5166,#2396,.F.);
#6468=EDGE_CURVE('',#5168,#5167,#2397,.F.);
#6469=EDGE_CURVE('',#5168,#5169,#2398,.F.);
#6470=EDGE_CURVE('',#5170,#5169,#2399,.F.);
#6471=EDGE_CURVE('',#5171,#5170,#2400,.F.);
#6472=EDGE_CURVE('',#5172,#5171,#2401,.F.);
#6473=EDGE_CURVE('',#5172,#5173,#2402,.F.);
#6474=EDGE_CURVE('',#5174,#5173,#2403,.F.);
#6475=EDGE_CURVE('',#5175,#5174,#2404,.F.);
#6476=EDGE_CURVE('',#5176,#5175,#2405,.F.);
#6477=EDGE_CURVE('',#5176,#5177,#2406,.F.);
#6478=EDGE_CURVE('',#5178,#5177,#2407,.F.);
#6479=EDGE_CURVE('',#5179,#5178,#2408,.F.);
#6480=EDGE_CURVE('',#5180,#5179,#2409,.F.);
#6481=EDGE_CURVE('',#5180,#5181,#2410,.F.);
#6482=EDGE_CURVE('',#5182,#5181,#2411,.F.);
#6483=EDGE_CURVE('',#5183,#5182,#2412,.F.);
#6484=EDGE_CURVE('',#5184,#5183,#2413,.F.);
#6485=EDGE_CURVE('',#5184,#5185,#2414,.F.);
#6486=EDGE_CURVE('',#5186,#5185,#2415,.F.);
#6487=EDGE_CURVE('',#5187,#5186,#2416,.F.);
#6488=EDGE_CURVE('',#5188,#5187,#2417,.F.);
#6489=EDGE_CURVE('',#5188,#5189,#2418,.F.);
#6490=EDGE_CURVE('',#5190,#5189,#2419,.F.);
#6491=EDGE_CURVE('',#5191,#5190,#2420,.F.);
#6492=EDGE_CURVE('',#5192,#5191,#2421,.F.);
#6493=EDGE_CURVE('',#5192,#5193,#2422,.F.);
#6494=EDGE_CURVE('',#5194,#5193,#2423,.F.);
#6495=EDGE_CURVE('',#5195,#5194,#2424,.F.);
#6496=EDGE_CURVE('',#5196,#5195,#2425,.F.);
#6497=EDGE_CURVE('',#5196,#5197,#2426,.F.);
#6498=EDGE_CURVE('',#5198,#5197,#2427,.F.);
#6499=EDGE_CURVE('',#5199,#5198,#2428,.F.);
#6500=EDGE_CURVE('',#5200,#5199,#2429,.F.);
#6501=EDGE_CURVE('',#5200,#5201,#2430,.F.);
#6502=EDGE_CURVE('',#5202,#5201,#2431,.F.);
#6503=EDGE_CURVE('',#5203,#5202,#2432,.F.);
#6504=EDGE_CURVE('',#5204,#5203,#2433,.F.);
#6505=EDGE_CURVE('',#5204,#5205,#2434,.F.);
#6506=EDGE_CURVE('',#5206,#5205,#2435,.F.);
#6507=EDGE_CURVE('',#5207,#5206,#2436,.F.);
#6508=EDGE_CURVE('',#5208,#5207,#2437,.F.);
#6509=EDGE_CURVE('',#5208,#5209,#2438,.F.);
#6510=EDGE_CURVE('',#5210,#5209,#2439,.F.);
#6511=EDGE_CURVE('',#5211,#5210,#2440,.F.);
#6512=EDGE_CURVE('',#5211,#5212,#2441,.F.);
#6513=EDGE_CURVE('',#5213,#5212,#2442,.F.);
#6514=EDGE_CURVE('',#5214,#5213,#2443,.F.);
#6515=EDGE_CURVE('',#5215,#5214,#2444,.F.);
#6516=EDGE_CURVE('',#5215,#5216,#2445,.F.);
#6517=EDGE_CURVE('',#5217,#5216,#2446,.F.);
#6518=EDGE_CURVE('',#5218,#5217,#2447,.F.);
#6519=EDGE_CURVE('',#5219,#5218,#2448,.F.);
#6520=EDGE_CURVE('',#5219,#5220,#2449,.F.);
#6521=EDGE_CURVE('',#5221,#5220,#2450,.F.);
#6522=EDGE_CURVE('',#5222,#5221,#2451,.F.);
#6523=EDGE_CURVE('',#5223,#5222,#2452,.F.);
#6524=EDGE_CURVE('',#5223,#5224,#2453,.F.);
#6525=EDGE_CURVE('',#5225,#5224,#2454,.F.);
#6526=EDGE_CURVE('',#5226,#5225,#2455,.F.);
#6527=EDGE_CURVE('',#5227,#5226,#2456,.F.);
#6528=EDGE_CURVE('',#5227,#5228,#2457,.F.);
#6529=EDGE_CURVE('',#5229,#5228,#2458,.F.);
#6530=EDGE_CURVE('',#5230,#5229,#2459,.F.);
#6531=EDGE_CURVE('',#5231,#5230,#2460,.F.);
#6532=EDGE_CURVE('',#5231,#5232,#2461,.F.);
#6533=EDGE_CURVE('',#5233,#5232,#2462,.F.);
#6534=EDGE_CURVE('',#5234,#5233,#2463,.F.);
#6535=EDGE_CURVE('',#5235,#5234,#2464,.F.);
#6536=EDGE_CURVE('',#5235,#5236,#2465,.F.);
#6537=EDGE_CURVE('',#5237,#5236,#2466,.F.);
#6538=EDGE_CURVE('',#5238,#5237,#2467,.F.);
#6539=EDGE_CURVE('',#5239,#5238,#2468,.F.);
#6540=EDGE_CURVE('',#5239,#5240,#2469,.F.);
#6541=EDGE_CURVE('',#5241,#5240,#2470,.F.);
#6542=EDGE_CURVE('',#5242,#5241,#2471,.F.);
#6543=EDGE_CURVE('',#5243,#5242,#2472,.F.);
#6544=EDGE_CURVE('',#5243,#5244,#2473,.F.);
#6545=EDGE_CURVE('',#5245,#5244,#2474,.F.);
#6546=EDGE_CURVE('',#5246,#5245,#2475,.F.);
#6547=EDGE_CURVE('',#5247,#5246,#2476,.F.);
#6548=EDGE_CURVE('',#5247,#5248,#2477,.F.);
#6549=EDGE_CURVE('',#5249,#5248,#2478,.F.);
#6550=EDGE_CURVE('',#5250,#5249,#2479,.F.);
#6551=EDGE_CURVE('',#5251,#5250,#2480,.F.);
#6552=EDGE_CURVE('',#5251,#5252,#2481,.F.);
#6553=EDGE_CURVE('',#5253,#5252,#2482,.F.);
#6554=EDGE_CURVE('',#5254,#5253,#2483,.F.);
#6555=EDGE_CURVE('',#5255,#5254,#2484,.F.);
#6556=EDGE_CURVE('',#5255,#5256,#2485,.F.);
#6557=EDGE_CURVE('',#5257,#5256,#2486,.F.);
#6558=EDGE_CURVE('',#5258,#5257,#2487,.F.);
#6559=EDGE_CURVE('',#5259,#5258,#2488,.F.);
#6560=EDGE_CURVE('',#5259,#5260,#2489,.F.);
#6561=EDGE_CURVE('',#5054,#5260,#2490,.T.);
#6562=EDGE_CURVE('',#5261,#5048,#2491,.F.);
#6563=EDGE_CURVE('',#5262,#5261,#2492,.F.);
#6564=EDGE_CURVE('',#5263,#5262,#2493,.T.);
#6565=EDGE_CURVE('',#5264,#5263,#2494,.F.);
#6566=EDGE_CURVE('',#5049,#5264,#2495,.F.);
#6567=EDGE_CURVE('',#5265,#5011,#2496,.F.);
#6568=EDGE_CURVE('',#5266,#5265,#2497,.F.);
#6569=EDGE_CURVE('',#5012,#5266,#2498,.F.);
#6570=EDGE_CURVE('',#5267,#5268,#2499,.F.);
#6571=EDGE_CURVE('',#5269,#5268,#40,.F.);
#6572=EDGE_CURVE('',#5267,#5269,#2500,.T.);
#6573=EDGE_CURVE('',#5270,#5271,#4459,.T.);
#6574=EDGE_CURVE('',#5271,#5269,#2501,.T.);
#6575=EDGE_CURVE('',#5268,#5272,#4460,.T.);
#6576=EDGE_CURVE('',#5272,#5273,#4461,.T.);
#6577=EDGE_CURVE('',#5274,#5273,#2502,.T.);
#6578=EDGE_CURVE('',#5274,#5275,#4462,.F.);
#6579=EDGE_CURVE('',#5275,#5276,#2503,.T.);
#6580=EDGE_CURVE('',#5276,#5277,#4463,.T.);
#6581=EDGE_CURVE('',#5278,#5277,#2504,.F.);
#6582=EDGE_CURVE('',#5278,#5279,#4464,.T.);
#6583=EDGE_CURVE('',#5279,#5280,#2505,.T.);
#6584=EDGE_CURVE('',#5280,#5281,#4465,.F.);
#6585=EDGE_CURVE('',#5282,#5281,#2506,.T.);
#6586=EDGE_CURVE('',#5282,#5270,#4466,.T.);
#6587=EDGE_CURVE('',#5283,#5284,#4467,.F.);
#6588=EDGE_CURVE('',#5285,#5284,#2507,.T.);
#6589=EDGE_CURVE('',#5285,#5283,#4468,.T.);
#6590=EDGE_CURVE('',#5273,#5274,#4469,.T.);
#6591=EDGE_CURVE('',#5286,#5278,#4470,.T.);
#6592=EDGE_CURVE('',#5277,#5287,#4471,.T.);
#6593=EDGE_CURVE('',#5286,#5287,#2508,.T.);
#6594=EDGE_CURVE('',#5288,#5289,#4472,.F.);
#6595=EDGE_CURVE('',#5289,#5290,#4473,.T.);
#6596=EDGE_CURVE('',#5288,#5290,#2509,.T.);
#6597=EDGE_CURVE('',#5281,#5282,#4474,.T.);
#6598=EDGE_CURVE('',#5284,#5291,#2510,.T.);
#6599=EDGE_CURVE('',#5292,#5291,#2511,.F.);
#6600=EDGE_CURVE('',#5292,#5285,#2512,.T.);
#6601=EDGE_CURVE('',#5293,#5286,#2513,.T.);
#6602=EDGE_CURVE('',#5287,#5294,#2514,.T.);
#6603=EDGE_CURVE('',#5293,#5294,#2515,.F.);
#6604=EDGE_CURVE('',#5295,#5288,#2516,.T.);
#6605=EDGE_CURVE('',#5290,#5296,#2517,.T.);
#6606=EDGE_CURVE('',#5295,#5296,#2518,.F.);
#6607=EDGE_CURVE('',#5291,#5297,#4475,.T.);
#6608=EDGE_CURVE('',#5297,#5298,#4476,.T.);
#6609=EDGE_CURVE('',#5298,#5299,#2519,.T.);
#6610=EDGE_CURVE('',#5299,#5300,#4477,.T.);
#6611=EDGE_CURVE('',#5300,#5301,#2520,.T.);
#6612=EDGE_CURVE('',#5301,#5292,#4478,.T.);
#6613=EDGE_CURVE('',#5265,#5293,#4479,.T.);
#6614=EDGE_CURVE('',#5294,#5266,#4480,.T.);
#6615=EDGE_CURVE('',#5302,#5295,#4481,.T.);
#6616=EDGE_CURVE('',#5296,#5303,#4482,.T.);
#6617=EDGE_CURVE('',#5303,#5304,#2521,.T.);
#6618=EDGE_CURVE('',#5304,#5305,#4483,.T.);
#6619=EDGE_CURVE('',#5305,#5306,#2522,.T.);
#6620=EDGE_CURVE('',#5306,#5302,#4484,.T.);
#6621=EDGE_CURVE('',#5263,#5307,#2523,.F.);
#6622=EDGE_CURVE('',#5308,#5262,#2524,.F.);
#6623=EDGE_CURVE('',#5267,#5308,#41,.F.);
#6624=EDGE_CURVE('',#5307,#5271,#42,.F.);
#6625=EDGE_CURVE('',#5309,#5307,#2525,.T.);
#6626=EDGE_CURVE('',#5264,#5309,#2526,.T.);
#6627=EDGE_CURVE('',#5052,#5309,#43,.F.);
#6628=EDGE_CURVE('',#5289,#5270,#2527,.T.);
#6629=EDGE_CURVE('',#5017,#5302,#2528,.F.);
#6630=EDGE_CURVE('',#5040,#5032,#2529,.T.);
#6631=EDGE_CURVE('',#5041,#5014,#2530,.T.);
#6632=EDGE_CURVE('',#5018,#5306,#2531,.T.);
#6633=EDGE_CURVE('',#5303,#5280,#2532,.T.);
#6634=EDGE_CURVE('',#5042,#5020,#2533,.F.);
#6635=EDGE_CURVE('',#5019,#5305,#2534,.F.);
#6636=EDGE_CURVE('',#5006,#5299,#2535,.F.);
#6637=EDGE_CURVE('',#5043,#5005,#2536,.F.);
#6638=EDGE_CURVE('',#5300,#5276,#2537,.F.);
#6639=EDGE_CURVE('',#5033,#5004,#2538,.T.);
#6640=EDGE_CURVE('',#5301,#5275,#2539,.T.);
#6641=EDGE_CURVE('',#5007,#5298,#2540,.T.);
#6642=EDGE_CURVE('',#5036,#5029,#2541,.T.);
#6643=EDGE_CURVE('',#5283,#5272,#2542,.T.);
#6644=EDGE_CURVE('',#5008,#5297,#2543,.F.);
#6645=EDGE_CURVE('',#5310,#5308,#2544,.T.);
#6646=EDGE_CURVE('',#5310,#5045,#44,.F.);
#6647=EDGE_CURVE('',#5261,#5310,#2545,.F.);
#6648=EDGE_CURVE('',#5304,#5279,#2546,.T.);
#6649=EDGE_CURVE('',#5311,#5312,#2547,.T.);
#6650=EDGE_CURVE('',#5312,#5231,#2548,.T.);
#6651=EDGE_CURVE('',#5311,#5230,#2549,.F.);
#6652=EDGE_CURVE('',#5313,#5311,#2550,.T.);
#6653=EDGE_CURVE('',#5313,#5229,#2551,.F.);
#6654=EDGE_CURVE('',#5314,#5313,#2552,.T.);
#6655=EDGE_CURVE('',#5228,#5314,#2553,.T.);
#6656=EDGE_CURVE('',#5315,#5316,#2554,.T.);
#6657=EDGE_CURVE('',#5316,#5227,#2555,.T.);
#6658=EDGE_CURVE('',#5315,#5226,#2556,.F.);
#6659=EDGE_CURVE('',#5317,#5315,#2557,.T.);
#6660=EDGE_CURVE('',#5317,#5225,#2558,.F.);
#6661=EDGE_CURVE('',#5318,#5317,#2559,.T.);
#6662=EDGE_CURVE('',#5224,#5318,#2560,.T.);
#6663=EDGE_CURVE('',#5319,#5320,#2561,.T.);
#6664=EDGE_CURVE('',#5320,#5223,#2562,.T.);
#6665=EDGE_CURVE('',#5319,#5222,#2563,.F.);
#6666=EDGE_CURVE('',#5321,#5319,#2564,.T.);
#6667=EDGE_CURVE('',#5321,#5221,#2565,.F.);
#6668=EDGE_CURVE('',#5322,#5321,#2566,.T.);
#6669=EDGE_CURVE('',#5220,#5322,#2567,.T.);
#6670=EDGE_CURVE('',#5323,#5324,#2568,.T.);
#6671=EDGE_CURVE('',#5324,#5219,#2569,.T.);
#6672=EDGE_CURVE('',#5323,#5218,#2570,.F.);
#6673=EDGE_CURVE('',#5325,#5323,#2571,.T.);
#6674=EDGE_CURVE('',#5325,#5217,#2572,.F.);
#6675=EDGE_CURVE('',#5326,#5325,#2573,.T.);
#6676=EDGE_CURVE('',#5216,#5326,#2574,.T.);
#6677=EDGE_CURVE('',#5327,#5328,#2575,.T.);
#6678=EDGE_CURVE('',#5328,#5215,#2576,.T.);
#6679=EDGE_CURVE('',#5327,#5214,#2577,.F.);
#6680=EDGE_CURVE('',#5329,#5327,#2578,.T.);
#6681=EDGE_CURVE('',#5329,#5213,#2579,.F.);
#6682=EDGE_CURVE('',#5330,#5329,#2580,.T.);
#6683=EDGE_CURVE('',#5212,#5330,#2581,.T.);
#6684=EDGE_CURVE('',#5331,#5332,#2582,.T.);
#6685=EDGE_CURVE('',#5332,#5211,#2583,.T.);
#6686=EDGE_CURVE('',#5331,#5210,#2584,.F.);
#6687=EDGE_CURVE('',#5333,#5331,#2585,.T.);
#6688=EDGE_CURVE('',#5209,#5333,#2586,.T.);
#6689=EDGE_CURVE('',#5334,#5335,#2587,.T.);
#6690=EDGE_CURVE('',#5335,#5259,#2588,.T.);
#6691=EDGE_CURVE('',#5334,#5258,#2589,.F.);
#6692=EDGE_CURVE('',#5336,#5334,#2590,.T.);
#6693=EDGE_CURVE('',#5336,#5257,#2591,.F.);
#6694=EDGE_CURVE('',#5337,#5336,#2592,.T.);
#6695=EDGE_CURVE('',#5256,#5337,#2593,.T.);
#6696=EDGE_CURVE('',#5338,#5339,#2594,.T.);
#6697=EDGE_CURVE('',#5339,#5255,#2595,.T.);
#6698=EDGE_CURVE('',#5338,#5254,#2596,.F.);
#6699=EDGE_CURVE('',#5340,#5338,#2597,.T.);
#6700=EDGE_CURVE('',#5340,#5253,#2598,.F.);
#6701=EDGE_CURVE('',#5341,#5340,#2599,.T.);
#6702=EDGE_CURVE('',#5252,#5341,#2600,.T.);
#6703=EDGE_CURVE('',#5342,#5343,#2601,.T.);
#6704=EDGE_CURVE('',#5343,#5251,#2602,.T.);
#6705=EDGE_CURVE('',#5342,#5250,#2603,.F.);
#6706=EDGE_CURVE('',#5344,#5342,#2604,.T.);
#6707=EDGE_CURVE('',#5344,#5249,#2605,.F.);
#6708=EDGE_CURVE('',#5345,#5344,#2606,.T.);
#6709=EDGE_CURVE('',#5248,#5345,#2607,.T.);
#6710=EDGE_CURVE('',#5346,#5347,#2608,.T.);
#6711=EDGE_CURVE('',#5347,#5247,#2609,.T.);
#6712=EDGE_CURVE('',#5346,#5246,#2610,.F.);
#6713=EDGE_CURVE('',#5348,#5346,#2611,.T.);
#6714=EDGE_CURVE('',#5348,#5245,#2612,.F.);
#6715=EDGE_CURVE('',#5349,#5348,#2613,.T.);
#6716=EDGE_CURVE('',#5244,#5349,#2614,.T.);
#6717=EDGE_CURVE('',#5350,#5351,#2615,.T.);
#6718=EDGE_CURVE('',#5351,#5243,#2616,.T.);
#6719=EDGE_CURVE('',#5350,#5242,#2617,.F.);
#6720=EDGE_CURVE('',#5352,#5350,#2618,.T.);
#6721=EDGE_CURVE('',#5352,#5241,#2619,.F.);
#6722=EDGE_CURVE('',#5353,#5352,#2620,.T.);
#6723=EDGE_CURVE('',#5240,#5353,#2621,.T.);
#6724=EDGE_CURVE('',#5354,#5355,#2622,.T.);
#6725=EDGE_CURVE('',#5355,#5239,#2623,.T.);
#6726=EDGE_CURVE('',#5354,#5238,#2624,.F.);
#6727=EDGE_CURVE('',#5356,#5354,#2625,.T.);
#6728=EDGE_CURVE('',#5356,#5237,#2626,.F.);
#6729=EDGE_CURVE('',#5357,#5356,#2627,.T.);
#6730=EDGE_CURVE('',#5236,#5357,#2628,.T.);
#6731=EDGE_CURVE('',#5358,#5359,#2629,.T.);
#6732=EDGE_CURVE('',#5359,#5235,#2630,.T.);
#6733=EDGE_CURVE('',#5358,#5234,#2631,.F.);
#6734=EDGE_CURVE('',#5360,#5358,#2632,.T.);
#6735=EDGE_CURVE('',#5360,#5233,#2633,.F.);
#6736=EDGE_CURVE('',#5361,#5360,#2634,.T.);
#6737=EDGE_CURVE('',#5232,#5361,#2635,.T.);
#6738=EDGE_CURVE('',#5362,#5208,#2636,.F.);
#6739=EDGE_CURVE('',#5362,#5333,#2637,.F.);
#6740=EDGE_CURVE('',#5363,#5335,#2638,.F.);
#6741=EDGE_CURVE('',#5337,#5339,#2639,.F.);
#6742=EDGE_CURVE('',#5341,#5343,#2640,.F.);
#6743=EDGE_CURVE('',#5345,#5347,#2641,.F.);
#6744=EDGE_CURVE('',#5349,#5351,#2642,.F.);
#6745=EDGE_CURVE('',#5353,#5355,#2643,.F.);
#6746=EDGE_CURVE('',#5357,#5359,#2644,.F.);
#6747=EDGE_CURVE('',#5361,#5312,#2645,.F.);
#6748=EDGE_CURVE('',#5314,#5316,#2646,.F.);
#6749=EDGE_CURVE('',#5318,#5320,#2647,.F.);
#6750=EDGE_CURVE('',#5322,#5324,#2648,.F.);
#6751=EDGE_CURVE('',#5326,#5328,#2649,.F.);
#6752=EDGE_CURVE('',#5330,#5332,#2650,.F.);
#6753=EDGE_CURVE('',#5364,#5362,#2651,.F.);
#6754=EDGE_CURVE('',#5365,#5364,#2652,.F.);
#6755=EDGE_CURVE('',#5366,#5365,#2653,.F.);
#6756=EDGE_CURVE('',#5367,#5366,#2654,.T.);
#6757=EDGE_CURVE('',#5368,#5367,#2655,.F.);
#6758=EDGE_CURVE('',#5369,#5368,#2656,.F.);
#6759=EDGE_CURVE('',#5370,#5369,#2657,.F.);
#6760=EDGE_CURVE('',#5371,#5370,#2658,.T.);
#6761=EDGE_CURVE('',#5372,#5371,#2659,.F.);
#6762=EDGE_CURVE('',#5373,#5372,#2660,.F.);
#6763=EDGE_CURVE('',#5374,#5373,#2661,.F.);
#6764=EDGE_CURVE('',#5375,#5374,#2662,.T.);
#6765=EDGE_CURVE('',#5376,#5375,#2663,.F.);
#6766=EDGE_CURVE('',#5377,#5376,#2664,.F.);
#6767=EDGE_CURVE('',#5378,#5377,#2665,.F.);
#6768=EDGE_CURVE('',#5379,#5378,#2666,.T.);
#6769=EDGE_CURVE('',#5380,#5379,#2667,.F.);
#6770=EDGE_CURVE('',#5381,#5380,#2668,.F.);
#6771=EDGE_CURVE('',#5382,#5381,#2669,.F.);
#6772=EDGE_CURVE('',#5383,#5382,#2670,.T.);
#6773=EDGE_CURVE('',#5384,#5383,#2671,.F.);
#6774=EDGE_CURVE('',#5385,#5384,#2672,.F.);
#6775=EDGE_CURVE('',#5386,#5385,#2673,.F.);
#6776=EDGE_CURVE('',#5387,#5386,#2674,.T.);
#6777=EDGE_CURVE('',#5388,#5387,#2675,.F.);
#6778=EDGE_CURVE('',#5389,#5388,#2676,.F.);
#6779=EDGE_CURVE('',#5390,#5389,#2677,.F.);
#6780=EDGE_CURVE('',#5391,#5390,#2678,.T.);
#6781=EDGE_CURVE('',#5392,#5391,#2679,.F.);
#6782=EDGE_CURVE('',#5393,#5392,#2680,.F.);
#6783=EDGE_CURVE('',#5394,#5393,#2681,.F.);
#6784=EDGE_CURVE('',#5395,#5394,#2682,.T.);
#6785=EDGE_CURVE('',#5396,#5395,#2683,.F.);
#6786=EDGE_CURVE('',#5397,#5396,#2684,.F.);
#6787=EDGE_CURVE('',#5398,#5397,#2685,.F.);
#6788=EDGE_CURVE('',#5399,#5398,#2686,.T.);
#6789=EDGE_CURVE('',#5400,#5399,#2687,.F.);
#6790=EDGE_CURVE('',#5401,#5400,#2688,.F.);
#6791=EDGE_CURVE('',#5402,#5401,#2689,.F.);
#6792=EDGE_CURVE('',#5403,#5402,#2690,.T.);
#6793=EDGE_CURVE('',#5404,#5403,#2691,.F.);
#6794=EDGE_CURVE('',#5405,#5404,#2692,.F.);
#6795=EDGE_CURVE('',#5406,#5405,#2693,.F.);
#6796=EDGE_CURVE('',#5407,#5406,#2694,.T.);
#6797=EDGE_CURVE('',#5408,#5407,#2695,.F.);
#6798=EDGE_CURVE('',#5409,#5408,#2696,.F.);
#6799=EDGE_CURVE('',#5410,#5409,#2697,.F.);
#6800=EDGE_CURVE('',#5411,#5410,#2698,.T.);
#6801=EDGE_CURVE('',#5412,#5411,#2699,.F.);
#6802=EDGE_CURVE('',#5413,#5412,#2700,.F.);
#6803=EDGE_CURVE('',#5414,#5413,#2701,.F.);
#6804=EDGE_CURVE('',#5415,#5414,#2702,.T.);
#6805=EDGE_CURVE('',#5416,#5415,#2703,.F.);
#6806=EDGE_CURVE('',#5416,#5417,#2704,.F.);
#6807=EDGE_CURVE('',#5418,#5417,#2705,.F.);
#6808=EDGE_CURVE('',#5419,#5418,#2706,.T.);
#6809=EDGE_CURVE('',#5419,#5420,#2707,.T.);
#6810=EDGE_CURVE('',#5420,#5421,#2708,.F.);
#6811=EDGE_CURVE('',#5422,#5421,#2709,.F.);
#6812=EDGE_CURVE('',#5423,#5422,#2710,.T.);
#6813=EDGE_CURVE('',#5423,#5424,#2711,.T.);
#6814=EDGE_CURVE('',#5424,#5425,#2712,.F.);
#6815=EDGE_CURVE('',#5426,#5425,#2713,.F.);
#6816=EDGE_CURVE('',#5427,#5426,#2714,.T.);
#6817=EDGE_CURVE('',#5427,#5428,#2715,.T.);
#6818=EDGE_CURVE('',#5428,#5429,#2716,.F.);
#6819=EDGE_CURVE('',#5430,#5429,#2717,.F.);
#6820=EDGE_CURVE('',#5431,#5430,#2718,.T.);
#6821=EDGE_CURVE('',#5431,#5432,#2719,.T.);
#6822=EDGE_CURVE('',#5432,#5433,#2720,.F.);
#6823=EDGE_CURVE('',#5434,#5433,#2721,.F.);
#6824=EDGE_CURVE('',#5435,#5434,#2722,.T.);
#6825=EDGE_CURVE('',#5435,#5436,#2723,.T.);
#6826=EDGE_CURVE('',#5436,#5437,#2724,.F.);
#6827=EDGE_CURVE('',#5438,#5437,#2725,.F.);
#6828=EDGE_CURVE('',#5439,#5438,#2726,.T.);
#6829=EDGE_CURVE('',#5439,#5440,#2727,.T.);
#6830=EDGE_CURVE('',#5440,#5441,#2728,.F.);
#6831=EDGE_CURVE('',#5442,#5441,#2729,.F.);
#6832=EDGE_CURVE('',#5443,#5442,#2730,.T.);
#6833=EDGE_CURVE('',#5443,#5444,#2731,.T.);
#6834=EDGE_CURVE('',#5444,#5445,#2732,.F.);
#6835=EDGE_CURVE('',#5446,#5445,#2733,.F.);
#6836=EDGE_CURVE('',#5447,#5446,#2734,.T.);
#6837=EDGE_CURVE('',#5447,#5448,#2735,.T.);
#6838=EDGE_CURVE('',#5448,#5449,#2736,.F.);
#6839=EDGE_CURVE('',#5450,#5449,#2737,.F.);
#6840=EDGE_CURVE('',#5451,#5450,#2738,.T.);
#6841=EDGE_CURVE('',#5451,#5452,#2739,.T.);
#6842=EDGE_CURVE('',#5452,#5453,#2740,.F.);
#6843=EDGE_CURVE('',#5454,#5453,#2741,.F.);
#6844=EDGE_CURVE('',#5455,#5454,#2742,.T.);
#6845=EDGE_CURVE('',#5455,#5456,#2743,.T.);
#6846=EDGE_CURVE('',#5456,#5457,#2744,.F.);
#6847=EDGE_CURVE('',#5458,#5457,#2745,.F.);
#6848=EDGE_CURVE('',#5459,#5458,#2746,.T.);
#6849=EDGE_CURVE('',#5459,#5460,#2747,.T.);
#6850=EDGE_CURVE('',#5460,#5461,#2748,.F.);
#6851=EDGE_CURVE('',#5462,#5461,#2749,.F.);
#6852=EDGE_CURVE('',#5463,#5462,#2750,.T.);
#6853=EDGE_CURVE('',#5463,#5464,#2751,.T.);
#6854=EDGE_CURVE('',#5464,#5465,#2752,.F.);
#6855=EDGE_CURVE('',#5466,#5465,#2753,.F.);
#6856=EDGE_CURVE('',#5466,#5467,#2754,.F.);
#6857=EDGE_CURVE('',#5468,#5467,#2755,.F.);
#6858=EDGE_CURVE('',#5469,#5468,#2756,.F.);
#6859=EDGE_CURVE('',#5470,#5469,#2757,.F.);
#6860=EDGE_CURVE('',#5470,#5471,#2758,.F.);
#6861=EDGE_CURVE('',#5472,#5471,#2759,.F.);
#6862=EDGE_CURVE('',#5473,#5472,#2760,.F.);
#6863=EDGE_CURVE('',#5474,#5473,#2761,.F.);
#6864=EDGE_CURVE('',#5474,#5475,#2762,.F.);
#6865=EDGE_CURVE('',#5476,#5475,#2763,.F.);
#6866=EDGE_CURVE('',#5477,#5476,#2764,.F.);
#6867=EDGE_CURVE('',#5478,#5477,#2765,.F.);
#6868=EDGE_CURVE('',#5478,#5479,#2766,.F.);
#6869=EDGE_CURVE('',#5480,#5479,#2767,.F.);
#6870=EDGE_CURVE('',#5481,#5480,#2768,.F.);
#6871=EDGE_CURVE('',#5482,#5481,#2769,.F.);
#6872=EDGE_CURVE('',#5482,#5483,#2770,.F.);
#6873=EDGE_CURVE('',#5484,#5483,#2771,.F.);
#6874=EDGE_CURVE('',#5485,#5484,#2772,.F.);
#6875=EDGE_CURVE('',#5486,#5485,#2773,.F.);
#6876=EDGE_CURVE('',#5486,#5487,#2774,.F.);
#6877=EDGE_CURVE('',#5488,#5487,#2775,.F.);
#6878=EDGE_CURVE('',#5489,#5488,#2776,.F.);
#6879=EDGE_CURVE('',#5490,#5489,#2777,.F.);
#6880=EDGE_CURVE('',#5490,#5491,#2778,.F.);
#6881=EDGE_CURVE('',#5492,#5491,#2779,.F.);
#6882=EDGE_CURVE('',#5493,#5492,#2780,.F.);
#6883=EDGE_CURVE('',#5494,#5493,#2781,.F.);
#6884=EDGE_CURVE('',#5494,#5495,#2782,.F.);
#6885=EDGE_CURVE('',#5496,#5495,#2783,.F.);
#6886=EDGE_CURVE('',#5497,#5496,#2784,.F.);
#6887=EDGE_CURVE('',#5498,#5497,#2785,.F.);
#6888=EDGE_CURVE('',#5498,#5499,#2786,.F.);
#6889=EDGE_CURVE('',#5500,#5499,#2787,.F.);
#6890=EDGE_CURVE('',#5501,#5500,#2788,.F.);
#6891=EDGE_CURVE('',#5502,#5501,#2789,.F.);
#6892=EDGE_CURVE('',#5502,#5503,#2790,.F.);
#6893=EDGE_CURVE('',#5504,#5503,#2791,.F.);
#6894=EDGE_CURVE('',#5505,#5504,#2792,.F.);
#6895=EDGE_CURVE('',#5506,#5505,#2793,.F.);
#6896=EDGE_CURVE('',#5506,#5507,#2794,.F.);
#6897=EDGE_CURVE('',#5508,#5507,#2795,.F.);
#6898=EDGE_CURVE('',#5509,#5508,#2796,.F.);
#6899=EDGE_CURVE('',#5510,#5509,#2797,.F.);
#6900=EDGE_CURVE('',#5510,#5511,#2798,.F.);
#6901=EDGE_CURVE('',#5512,#5511,#2799,.F.);
#6902=EDGE_CURVE('',#5513,#5512,#2800,.F.);
#6903=EDGE_CURVE('',#5514,#5513,#2801,.F.);
#6904=EDGE_CURVE('',#5514,#5515,#2802,.F.);
#6905=EDGE_CURVE('',#5516,#5515,#2803,.F.);
#6906=EDGE_CURVE('',#5517,#5516,#2804,.F.);
#6907=EDGE_CURVE('',#5518,#5517,#2805,.F.);
#6908=EDGE_CURVE('',#5518,#5363,#2806,.F.);
#6909=EDGE_CURVE('',#5260,#5363,#2807,.T.);
#6910=EDGE_CURVE('',#5408,#5163,#2808,.T.);
#6911=EDGE_CURVE('',#5162,#5409,#2809,.T.);
#6912=EDGE_CURVE('',#5170,#5401,#2810,.T.);
#6913=EDGE_CURVE('',#5400,#5171,#2811,.T.);
#6914=EDGE_CURVE('',#5178,#5393,#2812,.T.);
#6915=EDGE_CURVE('',#5392,#5179,#2813,.T.);
#6916=EDGE_CURVE('',#5384,#5187,#2814,.T.);
#6917=EDGE_CURVE('',#5186,#5385,#2815,.T.);
#6918=EDGE_CURVE('',#5194,#5377,#2816,.T.);
#6919=EDGE_CURVE('',#5376,#5195,#2817,.T.);
#6920=EDGE_CURVE('',#5202,#5369,#2818,.T.);
#6921=EDGE_CURVE('',#5368,#5203,#2819,.T.);
#6922=EDGE_CURVE('',#5364,#5207,#2820,.T.);
#6923=EDGE_CURVE('',#5206,#5365,#2821,.T.);
#6924=EDGE_CURVE('',#5198,#5373,#2822,.T.);
#6925=EDGE_CURVE('',#5372,#5199,#2823,.T.);
#6926=EDGE_CURVE('',#5380,#5191,#2824,.T.);
#6927=EDGE_CURVE('',#5190,#5381,#2825,.T.);
#6928=EDGE_CURVE('',#5182,#5389,#2826,.T.);
#6929=EDGE_CURVE('',#5388,#5183,#2827,.T.);
#6930=EDGE_CURVE('',#5174,#5397,#2828,.T.);
#6931=EDGE_CURVE('',#5396,#5175,#2829,.T.);
#6932=EDGE_CURVE('',#5412,#5159,#2830,.T.);
#6933=EDGE_CURVE('',#5158,#5413,#2831,.F.);
#6934=EDGE_CURVE('',#5166,#5405,#2832,.T.);
#6935=EDGE_CURVE('',#5404,#5167,#2833,.T.);
#6936=EDGE_CURVE('',#5411,#5160,#2834,.T.);
#6937=EDGE_CURVE('',#5185,#5386,#2835,.T.);
#6938=EDGE_CURVE('',#5383,#5188,#2836,.T.);
#6939=EDGE_CURVE('',#5161,#5410,#2837,.T.);
#6940=EDGE_CURVE('',#5407,#5164,#2838,.T.);
#6941=EDGE_CURVE('',#5205,#5366,#2839,.T.);
#6942=EDGE_CURVE('',#5395,#5176,#2840,.T.);
#6943=EDGE_CURVE('',#5173,#5398,#2841,.T.);
#6944=EDGE_CURVE('',#5399,#5172,#2842,.T.);
#6945=EDGE_CURVE('',#5169,#5402,#2843,.T.);
#6946=EDGE_CURVE('',#5387,#5184,#2844,.T.);
#6947=EDGE_CURVE('',#5181,#5390,#2845,.T.);
#6948=EDGE_CURVE('',#5375,#5196,#2846,.T.);
#6949=EDGE_CURVE('',#5193,#5378,#2847,.T.);
#6950=EDGE_CURVE('',#5403,#5168,#2848,.T.);
#6951=EDGE_CURVE('',#5165,#5406,#2849,.T.);
#6952=EDGE_CURVE('',#5367,#5204,#2850,.T.);
#6953=EDGE_CURVE('',#5201,#5370,#2851,.T.);
#6954=EDGE_CURVE('',#5391,#5180,#2852,.T.);
#6955=EDGE_CURVE('',#5177,#5394,#2853,.T.);
#6956=EDGE_CURVE('',#5371,#5200,#2854,.T.);
#6957=EDGE_CURVE('',#5197,#5374,#2855,.T.);
#6958=EDGE_CURVE('',#5189,#5382,#2856,.T.);
#6959=EDGE_CURVE('',#5379,#5192,#2857,.T.);
#6960=EDGE_CURVE('',#5414,#5157,#2858,.T.);
#6961=EDGE_CURVE('',#5093,#5478,#2859,.T.);
#6962=EDGE_CURVE('',#5094,#5477,#2860,.F.);
#6963=EDGE_CURVE('',#5475,#5096,#2861,.T.);
#6964=EDGE_CURVE('',#5476,#5095,#2862,.F.);
#6965=EDGE_CURVE('',#5077,#5494,#2863,.T.);
#6966=EDGE_CURVE('',#5078,#5493,#2864,.F.);
#6967=EDGE_CURVE('',#5491,#5080,#2865,.T.);
#6968=EDGE_CURVE('',#5492,#5079,#2866,.F.);
#6969=EDGE_CURVE('',#5061,#5510,#2867,.T.);
#6970=EDGE_CURVE('',#5062,#5509,#2868,.F.);
#6971=EDGE_CURVE('',#5507,#5064,#2869,.T.);
#6972=EDGE_CURVE('',#5508,#5063,#2870,.F.);
#6973=EDGE_CURVE('',#5057,#5514,#2871,.T.);
#6974=EDGE_CURVE('',#5058,#5513,#2872,.F.);
#6975=EDGE_CURVE('',#5511,#5060,#2873,.T.);
#6976=EDGE_CURVE('',#5512,#5059,#2874,.F.);
#6977=EDGE_CURVE('',#5073,#5498,#2875,.T.);
#6978=EDGE_CURVE('',#5074,#5497,#2876,.F.);
#6979=EDGE_CURVE('',#5495,#5076,#2877,.T.);
#6980=EDGE_CURVE('',#5496,#5075,#2878,.F.);
#6981=EDGE_CURVE('',#5089,#5482,#2879,.T.);
#6982=EDGE_CURVE('',#5090,#5481,#2880,.F.);
#6983=EDGE_CURVE('',#5479,#5092,#2881,.T.);
#6984=EDGE_CURVE('',#5480,#5091,#2882,.F.);
#6985=EDGE_CURVE('',#5097,#5474,#2883,.T.);
#6986=EDGE_CURVE('',#5098,#5473,#2884,.F.);
#6987=EDGE_CURVE('',#5471,#5100,#2885,.T.);
#6988=EDGE_CURVE('',#5472,#5099,#2886,.F.);
#6989=EDGE_CURVE('',#5081,#5490,#2887,.T.);
#6990=EDGE_CURVE('',#5082,#5489,#2888,.F.);
#6991=EDGE_CURVE('',#5487,#5084,#2889,.T.);
#6992=EDGE_CURVE('',#5488,#5083,#2890,.F.);
#6993=EDGE_CURVE('',#5065,#5506,#2891,.T.);
#6994=EDGE_CURVE('',#5066,#5505,#2892,.F.);
#6995=EDGE_CURVE('',#5503,#5068,#2893,.T.);
#6996=EDGE_CURVE('',#5504,#5067,#2894,.F.);
#6997=EDGE_CURVE('',#5054,#5518,#2895,.T.);
#6998=EDGE_CURVE('',#5053,#5517,#2896,.F.);
#6999=EDGE_CURVE('',#5515,#5056,#2897,.T.);
#7000=EDGE_CURVE('',#5516,#5055,#2898,.F.);
#7001=EDGE_CURVE('',#5069,#5502,#2899,.T.);
#7002=EDGE_CURVE('',#5070,#5501,#2900,.F.);
#7003=EDGE_CURVE('',#5499,#5072,#2901,.T.);
#7004=EDGE_CURVE('',#5500,#5071,#2902,.F.);
#7005=EDGE_CURVE('',#5085,#5486,#2903,.T.);
#7006=EDGE_CURVE('',#5086,#5485,#2904,.F.);
#7007=EDGE_CURVE('',#5483,#5088,#2905,.T.);
#7008=EDGE_CURVE('',#5484,#5087,#2906,.F.);
#7009=EDGE_CURVE('',#5101,#5470,#2907,.T.);
#7010=EDGE_CURVE('',#5102,#5469,#2908,.F.);
#7011=EDGE_CURVE('',#5467,#5104,#2909,.T.);
#7012=EDGE_CURVE('',#5468,#5103,#2910,.F.);
#7013=EDGE_CURVE('',#5105,#5466,#2911,.F.);
#7014=EDGE_CURVE('',#5106,#5465,#2912,.T.);
#7015=EDGE_CURVE('',#5430,#5141,#2913,.T.);
#7016=EDGE_CURVE('',#5142,#5429,#2914,.T.);
#7017=EDGE_CURVE('',#5454,#5117,#2915,.T.);
#7018=EDGE_CURVE('',#5118,#5453,#2916,.T.);
#7019=EDGE_CURVE('',#5110,#5461,#2917,.T.);
#7020=EDGE_CURVE('',#5462,#5109,#2918,.T.);
#7021=EDGE_CURVE('',#5114,#5457,#2919,.T.);
#7022=EDGE_CURVE('',#5458,#5113,#2920,.T.);
#7023=EDGE_CURVE('',#5438,#5133,#2921,.T.);
#7024=EDGE_CURVE('',#5134,#5437,#2922,.T.);
#7025=EDGE_CURVE('',#5422,#5149,#2923,.T.);
#7026=EDGE_CURVE('',#5150,#5421,#2924,.T.);
#7027=EDGE_CURVE('',#5146,#5425,#2925,.T.);
#7028=EDGE_CURVE('',#5426,#5145,#2926,.T.);
#7029=EDGE_CURVE('',#5122,#5449,#2927,.T.);
#7030=EDGE_CURVE('',#5450,#5121,#2928,.T.);
#7031=EDGE_CURVE('',#5126,#5445,#2929,.T.);
#7032=EDGE_CURVE('',#5446,#5125,#2930,.T.);
#7033=EDGE_CURVE('',#5130,#5441,#2931,.T.);
#7034=EDGE_CURVE('',#5442,#5129,#2932,.T.);
#7035=EDGE_CURVE('',#5138,#5433,#2933,.T.);
#7036=EDGE_CURVE('',#5434,#5137,#2934,.T.);
#7037=EDGE_CURVE('',#5154,#5417,#2935,.T.);
#7038=EDGE_CURVE('',#5418,#5153,#2936,.T.);
#7039=EDGE_CURVE('',#5108,#5463,#2937,.T.);
#7040=EDGE_CURVE('',#5464,#5107,#2938,.T.);
#7041=EDGE_CURVE('',#5144,#5427,#2939,.T.);
#7042=EDGE_CURVE('',#5428,#5143,#2940,.T.);
#7043=EDGE_CURVE('',#5120,#5451,#2941,.T.);
#7044=EDGE_CURVE('',#5452,#5119,#2942,.T.);
#7045=EDGE_CURVE('',#5112,#5459,#2943,.T.);
#7046=EDGE_CURVE('',#5460,#5111,#2944,.T.);
#7047=EDGE_CURVE('',#5116,#5455,#2945,.T.);
#7048=EDGE_CURVE('',#5456,#5115,#2946,.T.);
#7049=EDGE_CURVE('',#5136,#5435,#2947,.T.);
#7050=EDGE_CURVE('',#5436,#5135,#2948,.T.);
#7051=EDGE_CURVE('',#5152,#5419,#2949,.T.);
#7052=EDGE_CURVE('',#5420,#5151,#2950,.T.);
#7053=EDGE_CURVE('',#5148,#5423,#2951,.T.);
#7054=EDGE_CURVE('',#5424,#5147,#2952,.T.);
#7055=EDGE_CURVE('',#5124,#5447,#2953,.T.);
#7056=EDGE_CURVE('',#5448,#5123,#2954,.T.);
#7057=EDGE_CURVE('',#5128,#5443,#2955,.T.);
#7058=EDGE_CURVE('',#5444,#5127,#2956,.T.);
#7059=EDGE_CURVE('',#5132,#5439,#2957,.T.);
#7060=EDGE_CURVE('',#5440,#5131,#2958,.T.);
#7061=EDGE_CURVE('',#5140,#5431,#2959,.T.);
#7062=EDGE_CURVE('',#5432,#5139,#2960,.T.);
#7063=EDGE_CURVE('',#5155,#5416,#2961,.F.);
#7064=EDGE_CURVE('',#5415,#5156,#2962,.F.);
#7065=ORIENTED_EDGE('',*,*,#5519,.F.);
#7066=ORIENTED_EDGE('',*,*,#5520,.T.);
#7067=ORIENTED_EDGE('',*,*,#5521,.F.);
#7068=ORIENTED_EDGE('',*,*,#5522,.F.);
#7069=ORIENTED_EDGE('',*,*,#5523,.F.);
#7070=ORIENTED_EDGE('',*,*,#5524,.F.);
#7071=ORIENTED_EDGE('',*,*,#5525,.F.);
#7072=ORIENTED_EDGE('',*,*,#5526,.F.);
#7073=ORIENTED_EDGE('',*,*,#5527,.T.);
#7074=ORIENTED_EDGE('',*,*,#5528,.F.);
#7075=ORIENTED_EDGE('',*,*,#5529,.F.);
#7076=ORIENTED_EDGE('',*,*,#5530,.F.);
#7077=ORIENTED_EDGE('',*,*,#5531,.F.);
#7078=ORIENTED_EDGE('',*,*,#5532,.F.);
#7079=ORIENTED_EDGE('',*,*,#5533,.F.);
#7080=ORIENTED_EDGE('',*,*,#5534,.F.);
#7081=ORIENTED_EDGE('',*,*,#5535,.F.);
#7082=ORIENTED_EDGE('',*,*,#5536,.T.);
#7083=ORIENTED_EDGE('',*,*,#5537,.F.);
#7084=ORIENTED_EDGE('',*,*,#5538,.T.);
#7085=ORIENTED_EDGE('',*,*,#5539,.F.);
#7086=ORIENTED_EDGE('',*,*,#5527,.F.);
#7087=ORIENTED_EDGE('',*,*,#5540,.F.);
#7088=ORIENTED_EDGE('',*,*,#5536,.F.);
#7089=ORIENTED_EDGE('',*,*,#5541,.F.);
#7090=ORIENTED_EDGE('',*,*,#5542,.T.);
#7091=ORIENTED_EDGE('',*,*,#5543,.F.);
#7092=ORIENTED_EDGE('',*,*,#5544,.T.);
#7093=ORIENTED_EDGE('',*,*,#5545,.F.);
#7094=ORIENTED_EDGE('',*,*,#5538,.F.);
#7095=ORIENTED_EDGE('',*,*,#5546,.F.);
#7096=ORIENTED_EDGE('',*,*,#5547,.T.);
#7097=ORIENTED_EDGE('',*,*,#5548,.F.);
#7098=ORIENTED_EDGE('',*,*,#5549,.F.);
#7099=ORIENTED_EDGE('',*,*,#5550,.F.);
#7100=ORIENTED_EDGE('',*,*,#5551,.F.);
#7101=ORIENTED_EDGE('',*,*,#5542,.F.);
#7102=ORIENTED_EDGE('',*,*,#5552,.F.);
#7103=ORIENTED_EDGE('',*,*,#5553,.F.);
#7104=ORIENTED_EDGE('',*,*,#5554,.F.);
#7105=ORIENTED_EDGE('',*,*,#5555,.F.);
#7106=ORIENTED_EDGE('',*,*,#5547,.F.);
#7107=ORIENTED_EDGE('',*,*,#5556,.F.);
#7108=ORIENTED_EDGE('',*,*,#5557,.F.);
#7109=ORIENTED_EDGE('',*,*,#5558,.F.);
#7110=ORIENTED_EDGE('',*,*,#5544,.F.);
#7111=ORIENTED_EDGE('',*,*,#5559,.F.);
#7112=ORIENTED_EDGE('',*,*,#5560,.F.);
#7113=ORIENTED_EDGE('',*,*,#5561,.T.);
#7114=ORIENTED_EDGE('',*,*,#5562,.F.);
#7115=ORIENTED_EDGE('',*,*,#5563,.F.);
#7116=ORIENTED_EDGE('',*,*,#5564,.F.);
#7117=ORIENTED_EDGE('',*,*,#5565,.F.);
#7118=ORIENTED_EDGE('',*,*,#5566,.F.);
#7119=ORIENTED_EDGE('',*,*,#5565,.T.);
#7120=ORIENTED_EDGE('',*,*,#5567,.F.);
#7121=ORIENTED_EDGE('',*,*,#5550,.T.);
#7122=ORIENTED_EDGE('',*,*,#5568,.F.);
#7123=ORIENTED_EDGE('',*,*,#5520,.F.);
#7124=ORIENTED_EDGE('',*,*,#5569,.F.);
#7125=ORIENTED_EDGE('',*,*,#5570,.F.);
#7126=ORIENTED_EDGE('',*,*,#5561,.F.);
#7127=ORIENTED_EDGE('',*,*,#5571,.F.);
#7128=ORIENTED_EDGE('',*,*,#5572,.F.);
#7129=ORIENTED_EDGE('',*,*,#5573,.F.);
#7130=ORIENTED_EDGE('',*,*,#5574,.F.);
#7131=ORIENTED_EDGE('',*,*,#5575,.F.);
#7132=ORIENTED_EDGE('',*,*,#5576,.F.);
#7133=ORIENTED_EDGE('',*,*,#5577,.F.);
#7134=ORIENTED_EDGE('',*,*,#5578,.F.);
#7135=ORIENTED_EDGE('',*,*,#5579,.F.);
#7136=ORIENTED_EDGE('',*,*,#5562,.T.);
#7137=ORIENTED_EDGE('',*,*,#5570,.T.);
#7138=ORIENTED_EDGE('',*,*,#5580,.T.);
#7139=ORIENTED_EDGE('',*,*,#5581,.T.);
#7140=ORIENTED_EDGE('',*,*,#5582,.F.);
#7141=ORIENTED_EDGE('',*,*,#5583,.T.);
#7142=ORIENTED_EDGE('',*,*,#5584,.T.);
#7143=ORIENTED_EDGE('',*,*,#5585,.T.);
#7144=ORIENTED_EDGE('',*,*,#5586,.F.);
#7145=ORIENTED_EDGE('',*,*,#5587,.T.);
#7146=ORIENTED_EDGE('',*,*,#5588,.T.);
#7147=ORIENTED_EDGE('',*,*,#5589,.T.);
#7148=ORIENTED_EDGE('',*,*,#5590,.F.);
#7149=ORIENTED_EDGE('',*,*,#5591,.T.);
#7150=ORIENTED_EDGE('',*,*,#5592,.T.);
#7151=ORIENTED_EDGE('',*,*,#5593,.T.);
#7152=ORIENTED_EDGE('',*,*,#5594,.F.);
#7153=ORIENTED_EDGE('',*,*,#5595,.T.);
#7154=ORIENTED_EDGE('',*,*,#5596,.T.);
#7155=ORIENTED_EDGE('',*,*,#5597,.T.);
#7156=ORIENTED_EDGE('',*,*,#5598,.F.);
#7157=ORIENTED_EDGE('',*,*,#5599,.T.);
#7158=ORIENTED_EDGE('',*,*,#5600,.T.);
#7159=ORIENTED_EDGE('',*,*,#5601,.T.);
#7160=ORIENTED_EDGE('',*,*,#5602,.F.);
#7161=ORIENTED_EDGE('',*,*,#5603,.T.);
#7162=ORIENTED_EDGE('',*,*,#5604,.T.);
#7163=ORIENTED_EDGE('',*,*,#5605,.T.);
#7164=ORIENTED_EDGE('',*,*,#5606,.F.);
#7165=ORIENTED_EDGE('',*,*,#5607,.T.);
#7166=ORIENTED_EDGE('',*,*,#5608,.T.);
#7167=ORIENTED_EDGE('',*,*,#5609,.T.);
#7168=ORIENTED_EDGE('',*,*,#5610,.F.);
#7169=ORIENTED_EDGE('',*,*,#5611,.T.);
#7170=ORIENTED_EDGE('',*,*,#5612,.T.);
#7171=ORIENTED_EDGE('',*,*,#5613,.T.);
#7172=ORIENTED_EDGE('',*,*,#5614,.F.);
#7173=ORIENTED_EDGE('',*,*,#5615,.T.);
#7174=ORIENTED_EDGE('',*,*,#5616,.T.);
#7175=ORIENTED_EDGE('',*,*,#5617,.T.);
#7176=ORIENTED_EDGE('',*,*,#5618,.F.);
#7177=ORIENTED_EDGE('',*,*,#5619,.T.);
#7178=ORIENTED_EDGE('',*,*,#5620,.T.);
#7179=ORIENTED_EDGE('',*,*,#5621,.T.);
#7180=ORIENTED_EDGE('',*,*,#5622,.F.);
#7181=ORIENTED_EDGE('',*,*,#5623,.T.);
#7182=ORIENTED_EDGE('',*,*,#5624,.T.);
#7183=ORIENTED_EDGE('',*,*,#5625,.T.);
#7184=ORIENTED_EDGE('',*,*,#5626,.F.);
#7185=ORIENTED_EDGE('',*,*,#5627,.T.);
#7186=ORIENTED_EDGE('',*,*,#5628,.T.);
#7187=ORIENTED_EDGE('',*,*,#5629,.T.);
#7188=ORIENTED_EDGE('',*,*,#5630,.F.);
#7189=ORIENTED_EDGE('',*,*,#5631,.T.);
#7190=ORIENTED_EDGE('',*,*,#5632,.T.);
#7191=ORIENTED_EDGE('',*,*,#5633,.F.);
#7192=ORIENTED_EDGE('',*,*,#5634,.T.);
#7193=ORIENTED_EDGE('',*,*,#5635,.T.);
#7194=ORIENTED_EDGE('',*,*,#5636,.T.);
#7195=ORIENTED_EDGE('',*,*,#5637,.F.);
#7196=ORIENTED_EDGE('',*,*,#5638,.T.);
#7197=ORIENTED_EDGE('',*,*,#5639,.T.);
#7198=ORIENTED_EDGE('',*,*,#5640,.T.);
#7199=ORIENTED_EDGE('',*,*,#5641,.F.);
#7200=ORIENTED_EDGE('',*,*,#5642,.T.);
#7201=ORIENTED_EDGE('',*,*,#5643,.T.);
#7202=ORIENTED_EDGE('',*,*,#5644,.T.);
#7203=ORIENTED_EDGE('',*,*,#5645,.F.);
#7204=ORIENTED_EDGE('',*,*,#5646,.T.);
#7205=ORIENTED_EDGE('',*,*,#5647,.T.);
#7206=ORIENTED_EDGE('',*,*,#5648,.T.);
#7207=ORIENTED_EDGE('',*,*,#5649,.F.);
#7208=ORIENTED_EDGE('',*,*,#5650,.T.);
#7209=ORIENTED_EDGE('',*,*,#5651,.T.);
#7210=ORIENTED_EDGE('',*,*,#5652,.T.);
#7211=ORIENTED_EDGE('',*,*,#5653,.F.);
#7212=ORIENTED_EDGE('',*,*,#5654,.T.);
#7213=ORIENTED_EDGE('',*,*,#5655,.T.);
#7214=ORIENTED_EDGE('',*,*,#5656,.T.);
#7215=ORIENTED_EDGE('',*,*,#5657,.F.);
#7216=ORIENTED_EDGE('',*,*,#5658,.T.);
#7217=ORIENTED_EDGE('',*,*,#5659,.T.);
#7218=ORIENTED_EDGE('',*,*,#5660,.T.);
#7219=ORIENTED_EDGE('',*,*,#5661,.F.);
#7220=ORIENTED_EDGE('',*,*,#5662,.T.);
#7221=ORIENTED_EDGE('',*,*,#5663,.T.);
#7222=ORIENTED_EDGE('',*,*,#5664,.T.);
#7223=ORIENTED_EDGE('',*,*,#5665,.F.);
#7224=ORIENTED_EDGE('',*,*,#5666,.T.);
#7225=ORIENTED_EDGE('',*,*,#5667,.T.);
#7226=ORIENTED_EDGE('',*,*,#5668,.T.);
#7227=ORIENTED_EDGE('',*,*,#5669,.F.);
#7228=ORIENTED_EDGE('',*,*,#5670,.T.);
#7229=ORIENTED_EDGE('',*,*,#5671,.T.);
#7230=ORIENTED_EDGE('',*,*,#5672,.T.);
#7231=ORIENTED_EDGE('',*,*,#5673,.F.);
#7232=ORIENTED_EDGE('',*,*,#5674,.T.);
#7233=ORIENTED_EDGE('',*,*,#5675,.T.);
#7234=ORIENTED_EDGE('',*,*,#5676,.T.);
#7235=ORIENTED_EDGE('',*,*,#5677,.F.);
#7236=ORIENTED_EDGE('',*,*,#5678,.T.);
#7237=ORIENTED_EDGE('',*,*,#5679,.T.);
#7238=ORIENTED_EDGE('',*,*,#5680,.T.);
#7239=ORIENTED_EDGE('',*,*,#5681,.F.);
#7240=ORIENTED_EDGE('',*,*,#5682,.T.);
#7241=ORIENTED_EDGE('',*,*,#5683,.T.);
#7242=ORIENTED_EDGE('',*,*,#5684,.T.);
#7243=ORIENTED_EDGE('',*,*,#5685,.F.);
#7244=ORIENTED_EDGE('',*,*,#5686,.T.);
#7245=ORIENTED_EDGE('',*,*,#5687,.T.);
#7246=ORIENTED_EDGE('',*,*,#5688,.T.);
#7247=ORIENTED_EDGE('',*,*,#5689,.F.);
#7248=ORIENTED_EDGE('',*,*,#5690,.F.);
#7249=ORIENTED_EDGE('',*,*,#5691,.T.);
#7250=ORIENTED_EDGE('',*,*,#5692,.T.);
#7251=ORIENTED_EDGE('',*,*,#5693,.F.);
#7252=ORIENTED_EDGE('',*,*,#5694,.F.);
#7253=ORIENTED_EDGE('',*,*,#5695,.T.);
#7254=ORIENTED_EDGE('',*,*,#5696,.T.);
#7255=ORIENTED_EDGE('',*,*,#5697,.F.);
#7256=ORIENTED_EDGE('',*,*,#5698,.F.);
#7257=ORIENTED_EDGE('',*,*,#5699,.T.);
#7258=ORIENTED_EDGE('',*,*,#5700,.T.);
#7259=ORIENTED_EDGE('',*,*,#5701,.F.);
#7260=ORIENTED_EDGE('',*,*,#5702,.F.);
#7261=ORIENTED_EDGE('',*,*,#5703,.T.);
#7262=ORIENTED_EDGE('',*,*,#5704,.T.);
#7263=ORIENTED_EDGE('',*,*,#5705,.F.);
#7264=ORIENTED_EDGE('',*,*,#5706,.F.);
#7265=ORIENTED_EDGE('',*,*,#5707,.T.);
#7266=ORIENTED_EDGE('',*,*,#5708,.T.);
#7267=ORIENTED_EDGE('',*,*,#5709,.F.);
#7268=ORIENTED_EDGE('',*,*,#5710,.F.);
#7269=ORIENTED_EDGE('',*,*,#5711,.T.);
#7270=ORIENTED_EDGE('',*,*,#5712,.T.);
#7271=ORIENTED_EDGE('',*,*,#5713,.F.);
#7272=ORIENTED_EDGE('',*,*,#5714,.F.);
#7273=ORIENTED_EDGE('',*,*,#5715,.T.);
#7274=ORIENTED_EDGE('',*,*,#5716,.T.);
#7275=ORIENTED_EDGE('',*,*,#5717,.F.);
#7276=ORIENTED_EDGE('',*,*,#5718,.F.);
#7277=ORIENTED_EDGE('',*,*,#5719,.T.);
#7278=ORIENTED_EDGE('',*,*,#5720,.T.);
#7279=ORIENTED_EDGE('',*,*,#5721,.F.);
#7280=ORIENTED_EDGE('',*,*,#5722,.F.);
#7281=ORIENTED_EDGE('',*,*,#5723,.T.);
#7282=ORIENTED_EDGE('',*,*,#5724,.T.);
#7283=ORIENTED_EDGE('',*,*,#5725,.F.);
#7284=ORIENTED_EDGE('',*,*,#5726,.F.);
#7285=ORIENTED_EDGE('',*,*,#5727,.T.);
#7286=ORIENTED_EDGE('',*,*,#5728,.T.);
#7287=ORIENTED_EDGE('',*,*,#5729,.F.);
#7288=ORIENTED_EDGE('',*,*,#5730,.F.);
#7289=ORIENTED_EDGE('',*,*,#5731,.T.);
#7290=ORIENTED_EDGE('',*,*,#5732,.T.);
#7291=ORIENTED_EDGE('',*,*,#5733,.F.);
#7292=ORIENTED_EDGE('',*,*,#5734,.F.);
#7293=ORIENTED_EDGE('',*,*,#5735,.T.);
#7294=ORIENTED_EDGE('',*,*,#5736,.T.);
#7295=ORIENTED_EDGE('',*,*,#5737,.T.);
#7296=ORIENTED_EDGE('',*,*,#5738,.T.);
#7297=ORIENTED_EDGE('',*,*,#5739,.T.);
#7298=ORIENTED_EDGE('',*,*,#5740,.T.);
#7299=ORIENTED_EDGE('',*,*,#5741,.T.);
#7300=ORIENTED_EDGE('',*,*,#5742,.T.);
#7301=ORIENTED_EDGE('',*,*,#5743,.T.);
#7302=ORIENTED_EDGE('',*,*,#5744,.T.);
#7303=ORIENTED_EDGE('',*,*,#5745,.T.);
#7304=ORIENTED_EDGE('',*,*,#5746,.T.);
#7305=ORIENTED_EDGE('',*,*,#5747,.T.);
#7306=ORIENTED_EDGE('',*,*,#5748,.T.);
#7307=ORIENTED_EDGE('',*,*,#5749,.T.);
#7308=ORIENTED_EDGE('',*,*,#5750,.T.);
#7309=ORIENTED_EDGE('',*,*,#5751,.T.);
#7310=ORIENTED_EDGE('',*,*,#5752,.T.);
#7311=ORIENTED_EDGE('',*,*,#5753,.T.);
#7312=ORIENTED_EDGE('',*,*,#5754,.T.);
#7313=ORIENTED_EDGE('',*,*,#5755,.T.);
#7314=ORIENTED_EDGE('',*,*,#5756,.T.);
#7315=ORIENTED_EDGE('',*,*,#5757,.T.);
#7316=ORIENTED_EDGE('',*,*,#5758,.T.);
#7317=ORIENTED_EDGE('',*,*,#5759,.T.);
#7318=ORIENTED_EDGE('',*,*,#5760,.T.);
#7319=ORIENTED_EDGE('',*,*,#5761,.T.);
#7320=ORIENTED_EDGE('',*,*,#5762,.T.);
#7321=ORIENTED_EDGE('',*,*,#5763,.T.);
#7322=ORIENTED_EDGE('',*,*,#5764,.T.);
#7323=ORIENTED_EDGE('',*,*,#5765,.T.);
#7324=ORIENTED_EDGE('',*,*,#5766,.T.);
#7325=ORIENTED_EDGE('',*,*,#5767,.T.);
#7326=ORIENTED_EDGE('',*,*,#5768,.T.);
#7327=ORIENTED_EDGE('',*,*,#5769,.T.);
#7328=ORIENTED_EDGE('',*,*,#5770,.T.);
#7329=ORIENTED_EDGE('',*,*,#5771,.T.);
#7330=ORIENTED_EDGE('',*,*,#5772,.T.);
#7331=ORIENTED_EDGE('',*,*,#5773,.T.);
#7332=ORIENTED_EDGE('',*,*,#5774,.T.);
#7333=ORIENTED_EDGE('',*,*,#5775,.T.);
#7334=ORIENTED_EDGE('',*,*,#5776,.T.);
#7335=ORIENTED_EDGE('',*,*,#5777,.T.);
#7336=ORIENTED_EDGE('',*,*,#5778,.T.);
#7337=ORIENTED_EDGE('',*,*,#5779,.T.);
#7338=ORIENTED_EDGE('',*,*,#5780,.T.);
#7339=ORIENTED_EDGE('',*,*,#5781,.T.);
#7340=ORIENTED_EDGE('',*,*,#5782,.T.);
#7341=ORIENTED_EDGE('',*,*,#5783,.T.);
#7342=ORIENTED_EDGE('',*,*,#5784,.T.);
#7343=ORIENTED_EDGE('',*,*,#5785,.T.);
#7344=ORIENTED_EDGE('',*,*,#5786,.T.);
#7345=ORIENTED_EDGE('',*,*,#5787,.T.);
#7346=ORIENTED_EDGE('',*,*,#5575,.T.);
#7347=ORIENTED_EDGE('',*,*,#5788,.T.);
#7348=ORIENTED_EDGE('',*,*,#5789,.T.);
#7349=ORIENTED_EDGE('',*,*,#5790,.T.);
#7350=ORIENTED_EDGE('',*,*,#5791,.T.);
#7351=ORIENTED_EDGE('',*,*,#5792,.T.);
#7352=ORIENTED_EDGE('',*,*,#5793,.T.);
#7353=ORIENTED_EDGE('',*,*,#5794,.T.);
#7354=ORIENTED_EDGE('',*,*,#5529,.T.);
#7355=ORIENTED_EDGE('',*,*,#5795,.T.);
#7356=ORIENTED_EDGE('',*,*,#5796,.T.);
#7357=ORIENTED_EDGE('',*,*,#5797,.T.);
#7358=ORIENTED_EDGE('',*,*,#5798,.F.);
#7359=ORIENTED_EDGE('',*,*,#5799,.T.);
#7360=ORIENTED_EDGE('',*,*,#5800,.T.);
#7361=ORIENTED_EDGE('',*,*,#5801,.F.);
#7362=ORIENTED_EDGE('',*,*,#5802,.F.);
#7363=ORIENTED_EDGE('',*,*,#5803,.T.);
#7364=ORIENTED_EDGE('',*,*,#5804,.F.);
#7365=ORIENTED_EDGE('',*,*,#5805,.F.);
#7366=ORIENTED_EDGE('',*,*,#5806,.F.);
#7367=ORIENTED_EDGE('',*,*,#5807,.T.);
#7368=ORIENTED_EDGE('',*,*,#5808,.F.);
#7369=ORIENTED_EDGE('',*,*,#5809,.F.);
#7370=ORIENTED_EDGE('',*,*,#5810,.F.);
#7371=ORIENTED_EDGE('',*,*,#5811,.T.);
#7372=ORIENTED_EDGE('',*,*,#5812,.F.);
#7373=ORIENTED_EDGE('',*,*,#5813,.F.);
#7374=ORIENTED_EDGE('',*,*,#5800,.F.);
#7375=ORIENTED_EDGE('',*,*,#5814,.F.);
#7376=ORIENTED_EDGE('',*,*,#5815,.F.);
#7377=ORIENTED_EDGE('',*,*,#5816,.F.);
#7378=ORIENTED_EDGE('',*,*,#5817,.T.);
#7379=ORIENTED_EDGE('',*,*,#5818,.F.);
#7380=ORIENTED_EDGE('',*,*,#5811,.F.);
#7381=ORIENTED_EDGE('',*,*,#5819,.F.);
#7382=ORIENTED_EDGE('',*,*,#5820,.T.);
#7383=ORIENTED_EDGE('',*,*,#5821,.F.);
#7384=ORIENTED_EDGE('',*,*,#5807,.F.);
#7385=ORIENTED_EDGE('',*,*,#5822,.F.);
#7386=ORIENTED_EDGE('',*,*,#5823,.T.);
#7387=ORIENTED_EDGE('',*,*,#5824,.F.);
#7388=ORIENTED_EDGE('',*,*,#5825,.F.);
#7389=ORIENTED_EDGE('',*,*,#5803,.F.);
#7390=ORIENTED_EDGE('',*,*,#5826,.F.);
#7391=ORIENTED_EDGE('',*,*,#5817,.F.);
#7392=ORIENTED_EDGE('',*,*,#5827,.F.);
#7393=ORIENTED_EDGE('',*,*,#5828,.T.);
#7394=ORIENTED_EDGE('',*,*,#5829,.F.);
#7395=ORIENTED_EDGE('',*,*,#5830,.T.);
#7396=ORIENTED_EDGE('',*,*,#5831,.F.);
#7397=ORIENTED_EDGE('',*,*,#5820,.F.);
#7398=ORIENTED_EDGE('',*,*,#5832,.F.);
#7399=ORIENTED_EDGE('',*,*,#5833,.T.);
#7400=ORIENTED_EDGE('',*,*,#5834,.F.);
#7401=ORIENTED_EDGE('',*,*,#5823,.F.);
#7402=ORIENTED_EDGE('',*,*,#5835,.F.);
#7403=ORIENTED_EDGE('',*,*,#5828,.F.);
#7404=ORIENTED_EDGE('',*,*,#5836,.F.);
#7405=ORIENTED_EDGE('',*,*,#5837,.F.);
#7406=ORIENTED_EDGE('',*,*,#5838,.F.);
#7407=ORIENTED_EDGE('',*,*,#5839,.F.);
#7408=ORIENTED_EDGE('',*,*,#5840,.F.);
#7409=ORIENTED_EDGE('',*,*,#5841,.F.);
#7410=ORIENTED_EDGE('',*,*,#5796,.F.);
#7411=ORIENTED_EDGE('',*,*,#5842,.F.);
#7412=ORIENTED_EDGE('',*,*,#5830,.F.);
#7413=ORIENTED_EDGE('',*,*,#5843,.F.);
#7414=ORIENTED_EDGE('',*,*,#5844,.F.);
#7415=ORIENTED_EDGE('',*,*,#5845,.F.);
#7416=ORIENTED_EDGE('',*,*,#5846,.F.);
#7417=ORIENTED_EDGE('',*,*,#5847,.F.);
#7418=ORIENTED_EDGE('',*,*,#5848,.F.);
#7419=ORIENTED_EDGE('',*,*,#5833,.F.);
#7420=ORIENTED_EDGE('',*,*,#5849,.T.);
#7421=ORIENTED_EDGE('',*,*,#5850,.T.);
#7422=ORIENTED_EDGE('',*,*,#5814,.T.);
#7423=ORIENTED_EDGE('',*,*,#5799,.F.);
#7424=ORIENTED_EDGE('',*,*,#5851,.T.);
#7425=ORIENTED_EDGE('',*,*,#5852,.T.);
#7426=ORIENTED_EDGE('',*,*,#5792,.F.);
#7427=ORIENTED_EDGE('',*,*,#5791,.F.);
#7428=ORIENTED_EDGE('',*,*,#5789,.F.);
#7429=ORIENTED_EDGE('',*,*,#5853,.T.);
#7430=ORIENTED_EDGE('',*,*,#5854,.T.);
#7431=ORIENTED_EDGE('',*,*,#5849,.F.);
#7432=ORIENTED_EDGE('',*,*,#5790,.F.);
#7433=ORIENTED_EDGE('',*,*,#5571,.T.);
#7434=ORIENTED_EDGE('',*,*,#5560,.T.);
#7435=ORIENTED_EDGE('',*,*,#5855,.T.);
#7436=ORIENTED_EDGE('',*,*,#5552,.T.);
#7437=ORIENTED_EDGE('',*,*,#5541,.T.);
#7438=ORIENTED_EDGE('',*,*,#5535,.T.);
#7439=ORIENTED_EDGE('',*,*,#5856,.T.);
#7440=ORIENTED_EDGE('',*,*,#5843,.T.);
#7441=ORIENTED_EDGE('',*,*,#5832,.T.);
#7442=ORIENTED_EDGE('',*,*,#5822,.T.);
#7443=ORIENTED_EDGE('',*,*,#5857,.T.);
#7444=ORIENTED_EDGE('',*,*,#5801,.T.);
#7445=ORIENTED_EDGE('',*,*,#5850,.F.);
#7446=ORIENTED_EDGE('',*,*,#5854,.F.);
#7447=ORIENTED_EDGE('',*,*,#5858,.F.);
#7448=ORIENTED_EDGE('',*,*,#5551,.T.);
#7449=ORIENTED_EDGE('',*,*,#5855,.F.);
#7450=ORIENTED_EDGE('',*,*,#5559,.T.);
#7451=ORIENTED_EDGE('',*,*,#5543,.T.);
#7452=ORIENTED_EDGE('',*,*,#5558,.T.);
#7453=ORIENTED_EDGE('',*,*,#5859,.T.);
#7454=ORIENTED_EDGE('',*,*,#5530,.T.);
#7455=ORIENTED_EDGE('',*,*,#5540,.T.);
#7456=ORIENTED_EDGE('',*,*,#5844,.T.);
#7457=ORIENTED_EDGE('',*,*,#5856,.F.);
#7458=ORIENTED_EDGE('',*,*,#5534,.T.);
#7459=ORIENTED_EDGE('',*,*,#5860,.T.);
#7460=ORIENTED_EDGE('',*,*,#5804,.T.);
#7461=ORIENTED_EDGE('',*,*,#5825,.T.);
#7462=ORIENTED_EDGE('',*,*,#5802,.T.);
#7463=ORIENTED_EDGE('',*,*,#5857,.F.);
#7464=ORIENTED_EDGE('',*,*,#5824,.T.);
#7465=ORIENTED_EDGE('',*,*,#5834,.T.);
#7466=ORIENTED_EDGE('',*,*,#5848,.T.);
#7467=ORIENTED_EDGE('',*,*,#5861,.T.);
#7468=ORIENTED_EDGE('',*,*,#5531,.T.);
#7469=ORIENTED_EDGE('',*,*,#5859,.F.);
#7470=ORIENTED_EDGE('',*,*,#5557,.T.);
#7471=ORIENTED_EDGE('',*,*,#5862,.T.);
#7472=ORIENTED_EDGE('',*,*,#5845,.T.);
#7473=ORIENTED_EDGE('',*,*,#5860,.F.);
#7474=ORIENTED_EDGE('',*,*,#5533,.T.);
#7475=ORIENTED_EDGE('',*,*,#5863,.T.);
#7476=ORIENTED_EDGE('',*,*,#5838,.T.);
#7477=ORIENTED_EDGE('',*,*,#5864,.T.);
#7478=ORIENTED_EDGE('',*,*,#5808,.T.);
#7479=ORIENTED_EDGE('',*,*,#5821,.T.);
#7480=ORIENTED_EDGE('',*,*,#5831,.T.);
#7481=ORIENTED_EDGE('',*,*,#5842,.T.);
#7482=ORIENTED_EDGE('',*,*,#5795,.F.);
#7483=ORIENTED_EDGE('',*,*,#5528,.T.);
#7484=ORIENTED_EDGE('',*,*,#5539,.T.);
#7485=ORIENTED_EDGE('',*,*,#5545,.T.);
#7486=ORIENTED_EDGE('',*,*,#5555,.T.);
#7487=ORIENTED_EDGE('',*,*,#5865,.T.);
#7488=ORIENTED_EDGE('',*,*,#5524,.T.);
#7489=ORIENTED_EDGE('',*,*,#5866,.T.);
#7490=ORIENTED_EDGE('',*,*,#5525,.T.);
#7491=ORIENTED_EDGE('',*,*,#5865,.F.);
#7492=ORIENTED_EDGE('',*,*,#5554,.T.);
#7493=ORIENTED_EDGE('',*,*,#5867,.T.);
#7494=ORIENTED_EDGE('',*,*,#5837,.T.);
#7495=ORIENTED_EDGE('',*,*,#5868,.T.);
#7496=ORIENTED_EDGE('',*,*,#5809,.T.);
#7497=ORIENTED_EDGE('',*,*,#5864,.F.);
#7498=ORIENTED_EDGE('',*,*,#5839,.T.);
#7499=ORIENTED_EDGE('',*,*,#5866,.F.);
#7500=ORIENTED_EDGE('',*,*,#5523,.T.);
#7501=ORIENTED_EDGE('',*,*,#5869,.T.);
#7502=ORIENTED_EDGE('',*,*,#5519,.T.);
#7503=ORIENTED_EDGE('',*,*,#5867,.F.);
#7504=ORIENTED_EDGE('',*,*,#5553,.T.);
#7505=ORIENTED_EDGE('',*,*,#5566,.T.);
#7506=ORIENTED_EDGE('',*,*,#5564,.T.);
#7507=ORIENTED_EDGE('',*,*,#5870,.T.);
#7508=ORIENTED_EDGE('',*,*,#5548,.T.);
#7509=ORIENTED_EDGE('',*,*,#5567,.T.);
#7510=ORIENTED_EDGE('',*,*,#5816,.T.);
#7511=ORIENTED_EDGE('',*,*,#5871,.T.);
#7512=ORIENTED_EDGE('',*,*,#5812,.T.);
#7513=ORIENTED_EDGE('',*,*,#5818,.T.);
#7514=ORIENTED_EDGE('',*,*,#5810,.T.);
#7515=ORIENTED_EDGE('',*,*,#5868,.F.);
#7516=ORIENTED_EDGE('',*,*,#5836,.T.);
#7517=ORIENTED_EDGE('',*,*,#5827,.T.);
#7518=ORIENTED_EDGE('',*,*,#5840,.T.);
#7519=ORIENTED_EDGE('',*,*,#5869,.F.);
#7520=ORIENTED_EDGE('',*,*,#5522,.T.);
#7521=ORIENTED_EDGE('',*,*,#5872,.T.);
#7522=ORIENTED_EDGE('',*,*,#5873,.F.);
#7523=ORIENTED_EDGE('',*,*,#5874,.T.);
#7524=ORIENTED_EDGE('',*,*,#5851,.F.);
#7525=ORIENTED_EDGE('',*,*,#5798,.T.);
#7526=ORIENTED_EDGE('',*,*,#5813,.T.);
#7527=ORIENTED_EDGE('',*,*,#5871,.F.);
#7528=ORIENTED_EDGE('',*,*,#5815,.T.);
#7529=ORIENTED_EDGE('',*,*,#5826,.T.);
#7530=ORIENTED_EDGE('',*,*,#5835,.T.);
#7531=ORIENTED_EDGE('',*,*,#5872,.F.);
#7532=ORIENTED_EDGE('',*,*,#5521,.T.);
#7533=ORIENTED_EDGE('',*,*,#5568,.T.);
#7534=ORIENTED_EDGE('',*,*,#5549,.T.);
#7535=ORIENTED_EDGE('',*,*,#5870,.F.);
#7536=ORIENTED_EDGE('',*,*,#5563,.T.);
#7537=ORIENTED_EDGE('',*,*,#5579,.T.);
#7538=ORIENTED_EDGE('',*,*,#5569,.T.);
#7539=ORIENTED_EDGE('',*,*,#5875,.F.);
#7540=ORIENTED_EDGE('',*,*,#5793,.F.);
#7541=ORIENTED_EDGE('',*,*,#5852,.F.);
#7542=ORIENTED_EDGE('',*,*,#5874,.F.);
#7543=ORIENTED_EDGE('',*,*,#5875,.T.);
#7544=ORIENTED_EDGE('',*,*,#5873,.T.);
#7545=ORIENTED_EDGE('',*,*,#5578,.T.);
#7546=ORIENTED_EDGE('',*,*,#5577,.T.);
#7547=ORIENTED_EDGE('',*,*,#5576,.T.);
#7548=ORIENTED_EDGE('',*,*,#5794,.F.);
#7549=ORIENTED_EDGE('',*,*,#5806,.T.);
#7550=ORIENTED_EDGE('',*,*,#5876,.F.);
#7551=ORIENTED_EDGE('',*,*,#5846,.T.);
#7552=ORIENTED_EDGE('',*,*,#5863,.F.);
#7553=ORIENTED_EDGE('',*,*,#5532,.T.);
#7554=ORIENTED_EDGE('',*,*,#5862,.F.);
#7555=ORIENTED_EDGE('',*,*,#5556,.T.);
#7556=ORIENTED_EDGE('',*,*,#5546,.T.);
#7557=ORIENTED_EDGE('',*,*,#5537,.T.);
#7558=ORIENTED_EDGE('',*,*,#5526,.T.);
#7559=ORIENTED_EDGE('',*,*,#5797,.F.);
#7560=ORIENTED_EDGE('',*,*,#5841,.T.);
#7561=ORIENTED_EDGE('',*,*,#5829,.T.);
#7562=ORIENTED_EDGE('',*,*,#5819,.T.);
#7563=ORIENTED_EDGE('',*,*,#5805,.T.);
#7564=ORIENTED_EDGE('',*,*,#5861,.F.);
#7565=ORIENTED_EDGE('',*,*,#5847,.T.);
#7566=ORIENTED_EDGE('',*,*,#5876,.T.);
#7567=ORIENTED_EDGE('',*,*,#5858,.T.);
#7568=ORIENTED_EDGE('',*,*,#5853,.F.);
#7569=ORIENTED_EDGE('',*,*,#5788,.F.);
#7570=ORIENTED_EDGE('',*,*,#5574,.T.);
#7571=ORIENTED_EDGE('',*,*,#5573,.T.);
#7572=ORIENTED_EDGE('',*,*,#5572,.T.);
#7573=ORIENTED_EDGE('',*,*,#5877,.F.);
#7574=ORIENTED_EDGE('',*,*,#5878,.T.);
#7575=ORIENTED_EDGE('',*,*,#5611,.F.);
#7576=ORIENTED_EDGE('',*,*,#5879,.F.);
#7577=ORIENTED_EDGE('',*,*,#5880,.F.);
#7578=ORIENTED_EDGE('',*,*,#5881,.T.);
#7579=ORIENTED_EDGE('',*,*,#5612,.F.);
#7580=ORIENTED_EDGE('',*,*,#5878,.F.);
#7581=ORIENTED_EDGE('',*,*,#5882,.F.);
#7582=ORIENTED_EDGE('',*,*,#5883,.F.);
#7583=ORIENTED_EDGE('',*,*,#5613,.F.);
#7584=ORIENTED_EDGE('',*,*,#5881,.F.);
#7585=ORIENTED_EDGE('',*,*,#5884,.F.);
#7586=ORIENTED_EDGE('',*,*,#5885,.T.);
#7587=ORIENTED_EDGE('',*,*,#5615,.F.);
#7588=ORIENTED_EDGE('',*,*,#5886,.F.);
#7589=ORIENTED_EDGE('',*,*,#5887,.F.);
#7590=ORIENTED_EDGE('',*,*,#5888,.T.);
#7591=ORIENTED_EDGE('',*,*,#5616,.F.);
#7592=ORIENTED_EDGE('',*,*,#5885,.F.);
#7593=ORIENTED_EDGE('',*,*,#5889,.F.);
#7594=ORIENTED_EDGE('',*,*,#5890,.F.);
#7595=ORIENTED_EDGE('',*,*,#5617,.F.);
#7596=ORIENTED_EDGE('',*,*,#5888,.F.);
#7597=ORIENTED_EDGE('',*,*,#5891,.F.);
#7598=ORIENTED_EDGE('',*,*,#5892,.T.);
#7599=ORIENTED_EDGE('',*,*,#5619,.F.);
#7600=ORIENTED_EDGE('',*,*,#5893,.F.);
#7601=ORIENTED_EDGE('',*,*,#5894,.F.);
#7602=ORIENTED_EDGE('',*,*,#5895,.T.);
#7603=ORIENTED_EDGE('',*,*,#5620,.F.);
#7604=ORIENTED_EDGE('',*,*,#5892,.F.);
#7605=ORIENTED_EDGE('',*,*,#5896,.F.);
#7606=ORIENTED_EDGE('',*,*,#5897,.F.);
#7607=ORIENTED_EDGE('',*,*,#5621,.F.);
#7608=ORIENTED_EDGE('',*,*,#5895,.F.);
#7609=ORIENTED_EDGE('',*,*,#5898,.F.);
#7610=ORIENTED_EDGE('',*,*,#5899,.T.);
#7611=ORIENTED_EDGE('',*,*,#5623,.F.);
#7612=ORIENTED_EDGE('',*,*,#5900,.F.);
#7613=ORIENTED_EDGE('',*,*,#5901,.F.);
#7614=ORIENTED_EDGE('',*,*,#5902,.T.);
#7615=ORIENTED_EDGE('',*,*,#5624,.F.);
#7616=ORIENTED_EDGE('',*,*,#5899,.F.);
#7617=ORIENTED_EDGE('',*,*,#5903,.F.);
#7618=ORIENTED_EDGE('',*,*,#5904,.F.);
#7619=ORIENTED_EDGE('',*,*,#5625,.F.);
#7620=ORIENTED_EDGE('',*,*,#5902,.F.);
#7621=ORIENTED_EDGE('',*,*,#5905,.F.);
#7622=ORIENTED_EDGE('',*,*,#5906,.T.);
#7623=ORIENTED_EDGE('',*,*,#5627,.F.);
#7624=ORIENTED_EDGE('',*,*,#5907,.F.);
#7625=ORIENTED_EDGE('',*,*,#5908,.F.);
#7626=ORIENTED_EDGE('',*,*,#5909,.T.);
#7627=ORIENTED_EDGE('',*,*,#5628,.F.);
#7628=ORIENTED_EDGE('',*,*,#5906,.F.);
#7629=ORIENTED_EDGE('',*,*,#5910,.F.);
#7630=ORIENTED_EDGE('',*,*,#5911,.F.);
#7631=ORIENTED_EDGE('',*,*,#5629,.F.);
#7632=ORIENTED_EDGE('',*,*,#5909,.F.);
#7633=ORIENTED_EDGE('',*,*,#5912,.F.);
#7634=ORIENTED_EDGE('',*,*,#5913,.T.);
#7635=ORIENTED_EDGE('',*,*,#5631,.F.);
#7636=ORIENTED_EDGE('',*,*,#5914,.F.);
#7637=ORIENTED_EDGE('',*,*,#5915,.F.);
#7638=ORIENTED_EDGE('',*,*,#5916,.F.);
#7639=ORIENTED_EDGE('',*,*,#5632,.F.);
#7640=ORIENTED_EDGE('',*,*,#5913,.F.);
#7641=ORIENTED_EDGE('',*,*,#5917,.F.);
#7642=ORIENTED_EDGE('',*,*,#5918,.T.);
#7643=ORIENTED_EDGE('',*,*,#5583,.F.);
#7644=ORIENTED_EDGE('',*,*,#5919,.F.);
#7645=ORIENTED_EDGE('',*,*,#5920,.F.);
#7646=ORIENTED_EDGE('',*,*,#5921,.T.);
#7647=ORIENTED_EDGE('',*,*,#5584,.F.);
#7648=ORIENTED_EDGE('',*,*,#5918,.F.);
#7649=ORIENTED_EDGE('',*,*,#5922,.F.);
#7650=ORIENTED_EDGE('',*,*,#5923,.F.);
#7651=ORIENTED_EDGE('',*,*,#5585,.F.);
#7652=ORIENTED_EDGE('',*,*,#5921,.F.);
#7653=ORIENTED_EDGE('',*,*,#5924,.F.);
#7654=ORIENTED_EDGE('',*,*,#5925,.T.);
#7655=ORIENTED_EDGE('',*,*,#5587,.F.);
#7656=ORIENTED_EDGE('',*,*,#5926,.F.);
#7657=ORIENTED_EDGE('',*,*,#5927,.F.);
#7658=ORIENTED_EDGE('',*,*,#5928,.T.);
#7659=ORIENTED_EDGE('',*,*,#5588,.F.);
#7660=ORIENTED_EDGE('',*,*,#5925,.F.);
#7661=ORIENTED_EDGE('',*,*,#5929,.F.);
#7662=ORIENTED_EDGE('',*,*,#5930,.F.);
#7663=ORIENTED_EDGE('',*,*,#5589,.F.);
#7664=ORIENTED_EDGE('',*,*,#5928,.F.);
#7665=ORIENTED_EDGE('',*,*,#5931,.F.);
#7666=ORIENTED_EDGE('',*,*,#5932,.T.);
#7667=ORIENTED_EDGE('',*,*,#5591,.F.);
#7668=ORIENTED_EDGE('',*,*,#5933,.F.);
#7669=ORIENTED_EDGE('',*,*,#5934,.F.);
#7670=ORIENTED_EDGE('',*,*,#5935,.T.);
#7671=ORIENTED_EDGE('',*,*,#5592,.F.);
#7672=ORIENTED_EDGE('',*,*,#5932,.F.);
#7673=ORIENTED_EDGE('',*,*,#5936,.F.);
#7674=ORIENTED_EDGE('',*,*,#5937,.F.);
#7675=ORIENTED_EDGE('',*,*,#5593,.F.);
#7676=ORIENTED_EDGE('',*,*,#5935,.F.);
#7677=ORIENTED_EDGE('',*,*,#5938,.F.);
#7678=ORIENTED_EDGE('',*,*,#5939,.T.);
#7679=ORIENTED_EDGE('',*,*,#5595,.F.);
#7680=ORIENTED_EDGE('',*,*,#5940,.F.);
#7681=ORIENTED_EDGE('',*,*,#5941,.F.);
#7682=ORIENTED_EDGE('',*,*,#5942,.T.);
#7683=ORIENTED_EDGE('',*,*,#5596,.F.);
#7684=ORIENTED_EDGE('',*,*,#5939,.F.);
#7685=ORIENTED_EDGE('',*,*,#5943,.F.);
#7686=ORIENTED_EDGE('',*,*,#5944,.F.);
#7687=ORIENTED_EDGE('',*,*,#5597,.F.);
#7688=ORIENTED_EDGE('',*,*,#5942,.F.);
#7689=ORIENTED_EDGE('',*,*,#5945,.F.);
#7690=ORIENTED_EDGE('',*,*,#5946,.T.);
#7691=ORIENTED_EDGE('',*,*,#5599,.F.);
#7692=ORIENTED_EDGE('',*,*,#5947,.F.);
#7693=ORIENTED_EDGE('',*,*,#5948,.F.);
#7694=ORIENTED_EDGE('',*,*,#5949,.T.);
#7695=ORIENTED_EDGE('',*,*,#5600,.F.);
#7696=ORIENTED_EDGE('',*,*,#5946,.F.);
#7697=ORIENTED_EDGE('',*,*,#5950,.F.);
#7698=ORIENTED_EDGE('',*,*,#5951,.F.);
#7699=ORIENTED_EDGE('',*,*,#5601,.F.);
#7700=ORIENTED_EDGE('',*,*,#5949,.F.);
#7701=ORIENTED_EDGE('',*,*,#5952,.F.);
#7702=ORIENTED_EDGE('',*,*,#5953,.T.);
#7703=ORIENTED_EDGE('',*,*,#5603,.F.);
#7704=ORIENTED_EDGE('',*,*,#5954,.F.);
#7705=ORIENTED_EDGE('',*,*,#5955,.F.);
#7706=ORIENTED_EDGE('',*,*,#5956,.T.);
#7707=ORIENTED_EDGE('',*,*,#5604,.F.);
#7708=ORIENTED_EDGE('',*,*,#5953,.F.);
#7709=ORIENTED_EDGE('',*,*,#5957,.F.);
#7710=ORIENTED_EDGE('',*,*,#5958,.F.);
#7711=ORIENTED_EDGE('',*,*,#5605,.F.);
#7712=ORIENTED_EDGE('',*,*,#5956,.F.);
#7713=ORIENTED_EDGE('',*,*,#5959,.F.);
#7714=ORIENTED_EDGE('',*,*,#5960,.T.);
#7715=ORIENTED_EDGE('',*,*,#5607,.F.);
#7716=ORIENTED_EDGE('',*,*,#5961,.F.);
#7717=ORIENTED_EDGE('',*,*,#5962,.F.);
#7718=ORIENTED_EDGE('',*,*,#5963,.T.);
#7719=ORIENTED_EDGE('',*,*,#5608,.F.);
#7720=ORIENTED_EDGE('',*,*,#5960,.F.);
#7721=ORIENTED_EDGE('',*,*,#5964,.F.);
#7722=ORIENTED_EDGE('',*,*,#5965,.F.);
#7723=ORIENTED_EDGE('',*,*,#5609,.F.);
#7724=ORIENTED_EDGE('',*,*,#5963,.F.);
#7725=ORIENTED_EDGE('',*,*,#5916,.T.);
#7726=ORIENTED_EDGE('',*,*,#5966,.F.);
#7727=ORIENTED_EDGE('',*,*,#5967,.T.);
#7728=ORIENTED_EDGE('',*,*,#5633,.T.);
#7729=ORIENTED_EDGE('',*,*,#5968,.F.);
#7730=ORIENTED_EDGE('',*,*,#5969,.F.);
#7731=ORIENTED_EDGE('',*,*,#5970,.T.);
#7732=ORIENTED_EDGE('',*,*,#5971,.T.);
#7733=ORIENTED_EDGE('',*,*,#5972,.T.);
#7734=ORIENTED_EDGE('',*,*,#5973,.F.);
#7735=ORIENTED_EDGE('',*,*,#5974,.T.);
#7736=ORIENTED_EDGE('',*,*,#5975,.T.);
#7737=ORIENTED_EDGE('',*,*,#5976,.T.);
#7738=ORIENTED_EDGE('',*,*,#5977,.F.);
#7739=ORIENTED_EDGE('',*,*,#5978,.T.);
#7740=ORIENTED_EDGE('',*,*,#5979,.T.);
#7741=ORIENTED_EDGE('',*,*,#5980,.T.);
#7742=ORIENTED_EDGE('',*,*,#5981,.F.);
#7743=ORIENTED_EDGE('',*,*,#5982,.T.);
#7744=ORIENTED_EDGE('',*,*,#5983,.T.);
#7745=ORIENTED_EDGE('',*,*,#5984,.T.);
#7746=ORIENTED_EDGE('',*,*,#5985,.F.);
#7747=ORIENTED_EDGE('',*,*,#5986,.T.);
#7748=ORIENTED_EDGE('',*,*,#5987,.T.);
#7749=ORIENTED_EDGE('',*,*,#5988,.T.);
#7750=ORIENTED_EDGE('',*,*,#5989,.F.);
#7751=ORIENTED_EDGE('',*,*,#5990,.T.);
#7752=ORIENTED_EDGE('',*,*,#5991,.T.);
#7753=ORIENTED_EDGE('',*,*,#5992,.T.);
#7754=ORIENTED_EDGE('',*,*,#5993,.F.);
#7755=ORIENTED_EDGE('',*,*,#5994,.T.);
#7756=ORIENTED_EDGE('',*,*,#5995,.T.);
#7757=ORIENTED_EDGE('',*,*,#5996,.T.);
#7758=ORIENTED_EDGE('',*,*,#5997,.F.);
#7759=ORIENTED_EDGE('',*,*,#5998,.T.);
#7760=ORIENTED_EDGE('',*,*,#5999,.T.);
#7761=ORIENTED_EDGE('',*,*,#6000,.T.);
#7762=ORIENTED_EDGE('',*,*,#6001,.F.);
#7763=ORIENTED_EDGE('',*,*,#6002,.T.);
#7764=ORIENTED_EDGE('',*,*,#6003,.T.);
#7765=ORIENTED_EDGE('',*,*,#6004,.T.);
#7766=ORIENTED_EDGE('',*,*,#6005,.F.);
#7767=ORIENTED_EDGE('',*,*,#6006,.T.);
#7768=ORIENTED_EDGE('',*,*,#6007,.T.);
#7769=ORIENTED_EDGE('',*,*,#6008,.T.);
#7770=ORIENTED_EDGE('',*,*,#6009,.F.);
#7771=ORIENTED_EDGE('',*,*,#6010,.T.);
#7772=ORIENTED_EDGE('',*,*,#6011,.T.);
#7773=ORIENTED_EDGE('',*,*,#6012,.T.);
#7774=ORIENTED_EDGE('',*,*,#6013,.F.);
#7775=ORIENTED_EDGE('',*,*,#6014,.T.);
#7776=ORIENTED_EDGE('',*,*,#6015,.T.);
#7777=ORIENTED_EDGE('',*,*,#6016,.T.);
#7778=ORIENTED_EDGE('',*,*,#6017,.F.);
#7779=ORIENTED_EDGE('',*,*,#6018,.T.);
#7780=ORIENTED_EDGE('',*,*,#6019,.T.);
#7781=ORIENTED_EDGE('',*,*,#6020,.T.);
#7782=ORIENTED_EDGE('',*,*,#6021,.F.);
#7783=ORIENTED_EDGE('',*,*,#6022,.T.);
#7784=ORIENTED_EDGE('',*,*,#6023,.F.);
#7785=ORIENTED_EDGE('',*,*,#6024,.F.);
#7786=ORIENTED_EDGE('',*,*,#6025,.T.);
#7787=ORIENTED_EDGE('',*,*,#6026,.T.);
#7788=ORIENTED_EDGE('',*,*,#6027,.F.);
#7789=ORIENTED_EDGE('',*,*,#6028,.F.);
#7790=ORIENTED_EDGE('',*,*,#6029,.T.);
#7791=ORIENTED_EDGE('',*,*,#6030,.T.);
#7792=ORIENTED_EDGE('',*,*,#6031,.F.);
#7793=ORIENTED_EDGE('',*,*,#6032,.F.);
#7794=ORIENTED_EDGE('',*,*,#6033,.T.);
#7795=ORIENTED_EDGE('',*,*,#6034,.T.);
#7796=ORIENTED_EDGE('',*,*,#6035,.F.);
#7797=ORIENTED_EDGE('',*,*,#6036,.F.);
#7798=ORIENTED_EDGE('',*,*,#6037,.T.);
#7799=ORIENTED_EDGE('',*,*,#6038,.T.);
#7800=ORIENTED_EDGE('',*,*,#6039,.F.);
#7801=ORIENTED_EDGE('',*,*,#6040,.F.);
#7802=ORIENTED_EDGE('',*,*,#6041,.T.);
#7803=ORIENTED_EDGE('',*,*,#6042,.T.);
#7804=ORIENTED_EDGE('',*,*,#6043,.F.);
#7805=ORIENTED_EDGE('',*,*,#6044,.F.);
#7806=ORIENTED_EDGE('',*,*,#6045,.T.);
#7807=ORIENTED_EDGE('',*,*,#6046,.T.);
#7808=ORIENTED_EDGE('',*,*,#6047,.F.);
#7809=ORIENTED_EDGE('',*,*,#6048,.F.);
#7810=ORIENTED_EDGE('',*,*,#6049,.T.);
#7811=ORIENTED_EDGE('',*,*,#6050,.T.);
#7812=ORIENTED_EDGE('',*,*,#6051,.F.);
#7813=ORIENTED_EDGE('',*,*,#6052,.F.);
#7814=ORIENTED_EDGE('',*,*,#6053,.T.);
#7815=ORIENTED_EDGE('',*,*,#6054,.T.);
#7816=ORIENTED_EDGE('',*,*,#6055,.F.);
#7817=ORIENTED_EDGE('',*,*,#6056,.F.);
#7818=ORIENTED_EDGE('',*,*,#6057,.T.);
#7819=ORIENTED_EDGE('',*,*,#6058,.T.);
#7820=ORIENTED_EDGE('',*,*,#6059,.F.);
#7821=ORIENTED_EDGE('',*,*,#6060,.F.);
#7822=ORIENTED_EDGE('',*,*,#6061,.T.);
#7823=ORIENTED_EDGE('',*,*,#6062,.T.);
#7824=ORIENTED_EDGE('',*,*,#6063,.F.);
#7825=ORIENTED_EDGE('',*,*,#6064,.F.);
#7826=ORIENTED_EDGE('',*,*,#6065,.T.);
#7827=ORIENTED_EDGE('',*,*,#6066,.T.);
#7828=ORIENTED_EDGE('',*,*,#6067,.F.);
#7829=ORIENTED_EDGE('',*,*,#6068,.F.);
#7830=ORIENTED_EDGE('',*,*,#6069,.T.);
#7831=ORIENTED_EDGE('',*,*,#6070,.T.);
#7832=ORIENTED_EDGE('',*,*,#6071,.F.);
#7833=ORIENTED_EDGE('',*,*,#6072,.T.);
#7834=ORIENTED_EDGE('',*,*,#6073,.T.);
#7835=ORIENTED_EDGE('',*,*,#6074,.T.);
#7836=ORIENTED_EDGE('',*,*,#6075,.T.);
#7837=ORIENTED_EDGE('',*,*,#6076,.T.);
#7838=ORIENTED_EDGE('',*,*,#6077,.T.);
#7839=ORIENTED_EDGE('',*,*,#6078,.T.);
#7840=ORIENTED_EDGE('',*,*,#6079,.T.);
#7841=ORIENTED_EDGE('',*,*,#6080,.T.);
#7842=ORIENTED_EDGE('',*,*,#6081,.T.);
#7843=ORIENTED_EDGE('',*,*,#6082,.T.);
#7844=ORIENTED_EDGE('',*,*,#6083,.T.);
#7845=ORIENTED_EDGE('',*,*,#6084,.T.);
#7846=ORIENTED_EDGE('',*,*,#6085,.T.);
#7847=ORIENTED_EDGE('',*,*,#6086,.T.);
#7848=ORIENTED_EDGE('',*,*,#6087,.T.);
#7849=ORIENTED_EDGE('',*,*,#6088,.T.);
#7850=ORIENTED_EDGE('',*,*,#6089,.T.);
#7851=ORIENTED_EDGE('',*,*,#6090,.T.);
#7852=ORIENTED_EDGE('',*,*,#6091,.T.);
#7853=ORIENTED_EDGE('',*,*,#6092,.T.);
#7854=ORIENTED_EDGE('',*,*,#6093,.T.);
#7855=ORIENTED_EDGE('',*,*,#6094,.T.);
#7856=ORIENTED_EDGE('',*,*,#6095,.T.);
#7857=ORIENTED_EDGE('',*,*,#6096,.T.);
#7858=ORIENTED_EDGE('',*,*,#6097,.T.);
#7859=ORIENTED_EDGE('',*,*,#6098,.T.);
#7860=ORIENTED_EDGE('',*,*,#6099,.T.);
#7861=ORIENTED_EDGE('',*,*,#6100,.T.);
#7862=ORIENTED_EDGE('',*,*,#6101,.T.);
#7863=ORIENTED_EDGE('',*,*,#6102,.T.);
#7864=ORIENTED_EDGE('',*,*,#6103,.T.);
#7865=ORIENTED_EDGE('',*,*,#6104,.T.);
#7866=ORIENTED_EDGE('',*,*,#6105,.T.);
#7867=ORIENTED_EDGE('',*,*,#6106,.T.);
#7868=ORIENTED_EDGE('',*,*,#6107,.T.);
#7869=ORIENTED_EDGE('',*,*,#6108,.T.);
#7870=ORIENTED_EDGE('',*,*,#6109,.T.);
#7871=ORIENTED_EDGE('',*,*,#6110,.T.);
#7872=ORIENTED_EDGE('',*,*,#6111,.T.);
#7873=ORIENTED_EDGE('',*,*,#6112,.T.);
#7874=ORIENTED_EDGE('',*,*,#6113,.T.);
#7875=ORIENTED_EDGE('',*,*,#6114,.T.);
#7876=ORIENTED_EDGE('',*,*,#6115,.T.);
#7877=ORIENTED_EDGE('',*,*,#6116,.T.);
#7878=ORIENTED_EDGE('',*,*,#6117,.T.);
#7879=ORIENTED_EDGE('',*,*,#6118,.T.);
#7880=ORIENTED_EDGE('',*,*,#6119,.T.);
#7881=ORIENTED_EDGE('',*,*,#6120,.T.);
#7882=ORIENTED_EDGE('',*,*,#6121,.T.);
#7883=ORIENTED_EDGE('',*,*,#6122,.T.);
#7884=ORIENTED_EDGE('',*,*,#6123,.T.);
#7885=ORIENTED_EDGE('',*,*,#6124,.T.);
#7886=ORIENTED_EDGE('',*,*,#5966,.T.);
#7887=ORIENTED_EDGE('',*,*,#5915,.T.);
#7888=ORIENTED_EDGE('',*,*,#5912,.T.);
#7889=ORIENTED_EDGE('',*,*,#6125,.F.);
#7890=ORIENTED_EDGE('',*,*,#5910,.T.);
#7891=ORIENTED_EDGE('',*,*,#5908,.T.);
#7892=ORIENTED_EDGE('',*,*,#5905,.T.);
#7893=ORIENTED_EDGE('',*,*,#6126,.F.);
#7894=ORIENTED_EDGE('',*,*,#5903,.T.);
#7895=ORIENTED_EDGE('',*,*,#5901,.T.);
#7896=ORIENTED_EDGE('',*,*,#5898,.T.);
#7897=ORIENTED_EDGE('',*,*,#6127,.F.);
#7898=ORIENTED_EDGE('',*,*,#5896,.T.);
#7899=ORIENTED_EDGE('',*,*,#5894,.T.);
#7900=ORIENTED_EDGE('',*,*,#5891,.T.);
#7901=ORIENTED_EDGE('',*,*,#6128,.F.);
#7902=ORIENTED_EDGE('',*,*,#5889,.T.);
#7903=ORIENTED_EDGE('',*,*,#5887,.T.);
#7904=ORIENTED_EDGE('',*,*,#5884,.T.);
#7905=ORIENTED_EDGE('',*,*,#6129,.F.);
#7906=ORIENTED_EDGE('',*,*,#5882,.T.);
#7907=ORIENTED_EDGE('',*,*,#5880,.T.);
#7908=ORIENTED_EDGE('',*,*,#5877,.T.);
#7909=ORIENTED_EDGE('',*,*,#6130,.F.);
#7910=ORIENTED_EDGE('',*,*,#5964,.T.);
#7911=ORIENTED_EDGE('',*,*,#5962,.T.);
#7912=ORIENTED_EDGE('',*,*,#5959,.T.);
#7913=ORIENTED_EDGE('',*,*,#6131,.F.);
#7914=ORIENTED_EDGE('',*,*,#5957,.T.);
#7915=ORIENTED_EDGE('',*,*,#5955,.T.);
#7916=ORIENTED_EDGE('',*,*,#5952,.T.);
#7917=ORIENTED_EDGE('',*,*,#6132,.F.);
#7918=ORIENTED_EDGE('',*,*,#5950,.T.);
#7919=ORIENTED_EDGE('',*,*,#5948,.T.);
#7920=ORIENTED_EDGE('',*,*,#5945,.T.);
#7921=ORIENTED_EDGE('',*,*,#6133,.F.);
#7922=ORIENTED_EDGE('',*,*,#5943,.T.);
#7923=ORIENTED_EDGE('',*,*,#5941,.T.);
#7924=ORIENTED_EDGE('',*,*,#5938,.T.);
#7925=ORIENTED_EDGE('',*,*,#6134,.F.);
#7926=ORIENTED_EDGE('',*,*,#5936,.T.);
#7927=ORIENTED_EDGE('',*,*,#5934,.T.);
#7928=ORIENTED_EDGE('',*,*,#5931,.T.);
#7929=ORIENTED_EDGE('',*,*,#6135,.F.);
#7930=ORIENTED_EDGE('',*,*,#5929,.T.);
#7931=ORIENTED_EDGE('',*,*,#5927,.T.);
#7932=ORIENTED_EDGE('',*,*,#5924,.T.);
#7933=ORIENTED_EDGE('',*,*,#6136,.F.);
#7934=ORIENTED_EDGE('',*,*,#5922,.T.);
#7935=ORIENTED_EDGE('',*,*,#5920,.T.);
#7936=ORIENTED_EDGE('',*,*,#5917,.T.);
#7937=ORIENTED_EDGE('',*,*,#5582,.T.);
#7938=ORIENTED_EDGE('',*,*,#6137,.T.);
#7939=ORIENTED_EDGE('',*,*,#5968,.T.);
#7940=ORIENTED_EDGE('',*,*,#5919,.T.);
#7941=ORIENTED_EDGE('',*,*,#5926,.T.);
#7942=ORIENTED_EDGE('',*,*,#5586,.T.);
#7943=ORIENTED_EDGE('',*,*,#5923,.T.);
#7944=ORIENTED_EDGE('',*,*,#6136,.T.);
#7945=ORIENTED_EDGE('',*,*,#5933,.T.);
#7946=ORIENTED_EDGE('',*,*,#5590,.T.);
#7947=ORIENTED_EDGE('',*,*,#5930,.T.);
#7948=ORIENTED_EDGE('',*,*,#6135,.T.);
#7949=ORIENTED_EDGE('',*,*,#5940,.T.);
#7950=ORIENTED_EDGE('',*,*,#5594,.T.);
#7951=ORIENTED_EDGE('',*,*,#5937,.T.);
#7952=ORIENTED_EDGE('',*,*,#6134,.T.);
#7953=ORIENTED_EDGE('',*,*,#5947,.T.);
#7954=ORIENTED_EDGE('',*,*,#5598,.T.);
#7955=ORIENTED_EDGE('',*,*,#5944,.T.);
#7956=ORIENTED_EDGE('',*,*,#6133,.T.);
#7957=ORIENTED_EDGE('',*,*,#5954,.T.);
#7958=ORIENTED_EDGE('',*,*,#5602,.T.);
#7959=ORIENTED_EDGE('',*,*,#5951,.T.);
#7960=ORIENTED_EDGE('',*,*,#6132,.T.);
#7961=ORIENTED_EDGE('',*,*,#5961,.T.);
#7962=ORIENTED_EDGE('',*,*,#5606,.T.);
#7963=ORIENTED_EDGE('',*,*,#5958,.T.);
#7964=ORIENTED_EDGE('',*,*,#6131,.T.);
#7965=ORIENTED_EDGE('',*,*,#5879,.T.);
#7966=ORIENTED_EDGE('',*,*,#5610,.T.);
#7967=ORIENTED_EDGE('',*,*,#5965,.T.);
#7968=ORIENTED_EDGE('',*,*,#6130,.T.);
#7969=ORIENTED_EDGE('',*,*,#5886,.T.);
#7970=ORIENTED_EDGE('',*,*,#5614,.T.);
#7971=ORIENTED_EDGE('',*,*,#5883,.T.);
#7972=ORIENTED_EDGE('',*,*,#6129,.T.);
#7973=ORIENTED_EDGE('',*,*,#5893,.T.);
#7974=ORIENTED_EDGE('',*,*,#5618,.T.);
#7975=ORIENTED_EDGE('',*,*,#5890,.T.);
#7976=ORIENTED_EDGE('',*,*,#6128,.T.);
#7977=ORIENTED_EDGE('',*,*,#5900,.T.);
#7978=ORIENTED_EDGE('',*,*,#5622,.T.);
#7979=ORIENTED_EDGE('',*,*,#5897,.T.);
#7980=ORIENTED_EDGE('',*,*,#6127,.T.);
#7981=ORIENTED_EDGE('',*,*,#5907,.T.);
#7982=ORIENTED_EDGE('',*,*,#5626,.T.);
#7983=ORIENTED_EDGE('',*,*,#5904,.T.);
#7984=ORIENTED_EDGE('',*,*,#6126,.T.);
#7985=ORIENTED_EDGE('',*,*,#6138,.F.);
#7986=ORIENTED_EDGE('',*,*,#6079,.F.);
#7987=ORIENTED_EDGE('',*,*,#6139,.F.);
#7988=ORIENTED_EDGE('',*,*,#5679,.F.);
#7989=ORIENTED_EDGE('',*,*,#5671,.F.);
#7990=ORIENTED_EDGE('',*,*,#6140,.F.);
#7991=ORIENTED_EDGE('',*,*,#6087,.F.);
#7992=ORIENTED_EDGE('',*,*,#6141,.F.);
#7993=ORIENTED_EDGE('',*,*,#5663,.F.);
#7994=ORIENTED_EDGE('',*,*,#6142,.F.);
#7995=ORIENTED_EDGE('',*,*,#6095,.F.);
#7996=ORIENTED_EDGE('',*,*,#6143,.F.);
#7997=ORIENTED_EDGE('',*,*,#6144,.F.);
#7998=ORIENTED_EDGE('',*,*,#6103,.F.);
#7999=ORIENTED_EDGE('',*,*,#6145,.F.);
#8000=ORIENTED_EDGE('',*,*,#5655,.F.);
#8001=ORIENTED_EDGE('',*,*,#5647,.F.);
#8002=ORIENTED_EDGE('',*,*,#6146,.F.);
#8003=ORIENTED_EDGE('',*,*,#6111,.F.);
#8004=ORIENTED_EDGE('',*,*,#6147,.F.);
#8005=ORIENTED_EDGE('',*,*,#5639,.F.);
#8006=ORIENTED_EDGE('',*,*,#6148,.F.);
#8007=ORIENTED_EDGE('',*,*,#6119,.F.);
#8008=ORIENTED_EDGE('',*,*,#6149,.F.);
#8009=ORIENTED_EDGE('',*,*,#6150,.F.);
#8010=ORIENTED_EDGE('',*,*,#6123,.F.);
#8011=ORIENTED_EDGE('',*,*,#6151,.F.);
#8012=ORIENTED_EDGE('',*,*,#5635,.F.);
#8013=ORIENTED_EDGE('',*,*,#5643,.F.);
#8014=ORIENTED_EDGE('',*,*,#6152,.F.);
#8015=ORIENTED_EDGE('',*,*,#6115,.F.);
#8016=ORIENTED_EDGE('',*,*,#6153,.F.);
#8017=ORIENTED_EDGE('',*,*,#6154,.F.);
#8018=ORIENTED_EDGE('',*,*,#6107,.F.);
#8019=ORIENTED_EDGE('',*,*,#6155,.F.);
#8020=ORIENTED_EDGE('',*,*,#5651,.F.);
#8021=ORIENTED_EDGE('',*,*,#5659,.F.);
#8022=ORIENTED_EDGE('',*,*,#6156,.F.);
#8023=ORIENTED_EDGE('',*,*,#6099,.F.);
#8024=ORIENTED_EDGE('',*,*,#6157,.F.);
#8025=ORIENTED_EDGE('',*,*,#5667,.F.);
#8026=ORIENTED_EDGE('',*,*,#6158,.F.);
#8027=ORIENTED_EDGE('',*,*,#6091,.F.);
#8028=ORIENTED_EDGE('',*,*,#6159,.F.);
#8029=ORIENTED_EDGE('',*,*,#6075,.F.);
#8030=ORIENTED_EDGE('',*,*,#6160,.F.);
#8031=ORIENTED_EDGE('',*,*,#5683,.F.);
#8032=ORIENTED_EDGE('',*,*,#6161,.F.);
#8033=ORIENTED_EDGE('',*,*,#5675,.F.);
#8034=ORIENTED_EDGE('',*,*,#6162,.F.);
#8035=ORIENTED_EDGE('',*,*,#6083,.F.);
#8036=ORIENTED_EDGE('',*,*,#6163,.F.);
#8037=ORIENTED_EDGE('',*,*,#6164,.F.);
#8038=ORIENTED_EDGE('',*,*,#6076,.F.);
#8039=ORIENTED_EDGE('',*,*,#6161,.T.);
#8040=ORIENTED_EDGE('',*,*,#5682,.F.);
#8041=ORIENTED_EDGE('',*,*,#6165,.F.);
#8042=ORIENTED_EDGE('',*,*,#5656,.F.);
#8043=ORIENTED_EDGE('',*,*,#6145,.T.);
#8044=ORIENTED_EDGE('',*,*,#6102,.F.);
#8045=ORIENTED_EDGE('',*,*,#6166,.F.);
#8046=ORIENTED_EDGE('',*,*,#6104,.F.);
#8047=ORIENTED_EDGE('',*,*,#6144,.T.);
#8048=ORIENTED_EDGE('',*,*,#5654,.F.);
#8049=ORIENTED_EDGE('',*,*,#6167,.F.);
#8050=ORIENTED_EDGE('',*,*,#5680,.F.);
#8051=ORIENTED_EDGE('',*,*,#6139,.T.);
#8052=ORIENTED_EDGE('',*,*,#6078,.F.);
#8053=ORIENTED_EDGE('',*,*,#6168,.F.);
#8054=ORIENTED_EDGE('',*,*,#6080,.F.);
#8055=ORIENTED_EDGE('',*,*,#6138,.T.);
#8056=ORIENTED_EDGE('',*,*,#5678,.F.);
#8057=ORIENTED_EDGE('',*,*,#6169,.F.);
#8058=ORIENTED_EDGE('',*,*,#5636,.F.);
#8059=ORIENTED_EDGE('',*,*,#6151,.T.);
#8060=ORIENTED_EDGE('',*,*,#6122,.F.);
#8061=ORIENTED_EDGE('',*,*,#5967,.F.);
#8062=ORIENTED_EDGE('',*,*,#6124,.F.);
#8063=ORIENTED_EDGE('',*,*,#6150,.T.);
#8064=ORIENTED_EDGE('',*,*,#5634,.F.);
#8065=ORIENTED_EDGE('',*,*,#6170,.F.);
#8066=ORIENTED_EDGE('',*,*,#6092,.F.);
#8067=ORIENTED_EDGE('',*,*,#6158,.T.);
#8068=ORIENTED_EDGE('',*,*,#5666,.F.);
#8069=ORIENTED_EDGE('',*,*,#6171,.F.);
#8070=ORIENTED_EDGE('',*,*,#5668,.F.);
#8071=ORIENTED_EDGE('',*,*,#6159,.T.);
#8072=ORIENTED_EDGE('',*,*,#6090,.F.);
#8073=ORIENTED_EDGE('',*,*,#6172,.F.);
#8074=ORIENTED_EDGE('',*,*,#6088,.F.);
#8075=ORIENTED_EDGE('',*,*,#6140,.T.);
#8076=ORIENTED_EDGE('',*,*,#5670,.F.);
#8077=ORIENTED_EDGE('',*,*,#6173,.F.);
#8078=ORIENTED_EDGE('',*,*,#5672,.F.);
#8079=ORIENTED_EDGE('',*,*,#6141,.T.);
#8080=ORIENTED_EDGE('',*,*,#6086,.F.);
#8081=ORIENTED_EDGE('',*,*,#6174,.F.);
#8082=ORIENTED_EDGE('',*,*,#6100,.F.);
#8083=ORIENTED_EDGE('',*,*,#6156,.T.);
#8084=ORIENTED_EDGE('',*,*,#5658,.F.);
#8085=ORIENTED_EDGE('',*,*,#6175,.F.);
#8086=ORIENTED_EDGE('',*,*,#5660,.F.);
#8087=ORIENTED_EDGE('',*,*,#6157,.T.);
#8088=ORIENTED_EDGE('',*,*,#6098,.F.);
#8089=ORIENTED_EDGE('',*,*,#6176,.F.);
#8090=ORIENTED_EDGE('',*,*,#6112,.F.);
#8091=ORIENTED_EDGE('',*,*,#6146,.T.);
#8092=ORIENTED_EDGE('',*,*,#5646,.F.);
#8093=ORIENTED_EDGE('',*,*,#6177,.F.);
#8094=ORIENTED_EDGE('',*,*,#5648,.F.);
#8095=ORIENTED_EDGE('',*,*,#6147,.T.);
#8096=ORIENTED_EDGE('',*,*,#6110,.F.);
#8097=ORIENTED_EDGE('',*,*,#6178,.F.);
#8098=ORIENTED_EDGE('',*,*,#6084,.F.);
#8099=ORIENTED_EDGE('',*,*,#6162,.T.);
#8100=ORIENTED_EDGE('',*,*,#5674,.F.);
#8101=ORIENTED_EDGE('',*,*,#6179,.F.);
#8102=ORIENTED_EDGE('',*,*,#5676,.F.);
#8103=ORIENTED_EDGE('',*,*,#6163,.T.);
#8104=ORIENTED_EDGE('',*,*,#6082,.F.);
#8105=ORIENTED_EDGE('',*,*,#6180,.F.);
#8106=ORIENTED_EDGE('',*,*,#6120,.F.);
#8107=ORIENTED_EDGE('',*,*,#6148,.T.);
#8108=ORIENTED_EDGE('',*,*,#5638,.F.);
#8109=ORIENTED_EDGE('',*,*,#6181,.F.);
#8110=ORIENTED_EDGE('',*,*,#5640,.F.);
#8111=ORIENTED_EDGE('',*,*,#6149,.T.);
#8112=ORIENTED_EDGE('',*,*,#6118,.F.);
#8113=ORIENTED_EDGE('',*,*,#6182,.F.);
#8114=ORIENTED_EDGE('',*,*,#6096,.F.);
#8115=ORIENTED_EDGE('',*,*,#6142,.T.);
#8116=ORIENTED_EDGE('',*,*,#5662,.F.);
#8117=ORIENTED_EDGE('',*,*,#6183,.F.);
#8118=ORIENTED_EDGE('',*,*,#5664,.F.);
#8119=ORIENTED_EDGE('',*,*,#6143,.T.);
#8120=ORIENTED_EDGE('',*,*,#6094,.F.);
#8121=ORIENTED_EDGE('',*,*,#6184,.F.);
#8122=ORIENTED_EDGE('',*,*,#6116,.F.);
#8123=ORIENTED_EDGE('',*,*,#6152,.T.);
#8124=ORIENTED_EDGE('',*,*,#5642,.F.);
#8125=ORIENTED_EDGE('',*,*,#6185,.F.);
#8126=ORIENTED_EDGE('',*,*,#5644,.F.);
#8127=ORIENTED_EDGE('',*,*,#6153,.T.);
#8128=ORIENTED_EDGE('',*,*,#6114,.F.);
#8129=ORIENTED_EDGE('',*,*,#6186,.F.);
#8130=ORIENTED_EDGE('',*,*,#5652,.F.);
#8131=ORIENTED_EDGE('',*,*,#6155,.T.);
#8132=ORIENTED_EDGE('',*,*,#6106,.F.);
#8133=ORIENTED_EDGE('',*,*,#6187,.F.);
#8134=ORIENTED_EDGE('',*,*,#6108,.F.);
#8135=ORIENTED_EDGE('',*,*,#6154,.T.);
#8136=ORIENTED_EDGE('',*,*,#5650,.F.);
#8137=ORIENTED_EDGE('',*,*,#6160,.T.);
#8138=ORIENTED_EDGE('',*,*,#6074,.F.);
#8139=ORIENTED_EDGE('',*,*,#6188,.T.);
#8140=ORIENTED_EDGE('',*,*,#5684,.F.);
#8141=ORIENTED_EDGE('',*,*,#6181,.T.);
#8142=ORIENTED_EDGE('',*,*,#6117,.F.);
#8143=ORIENTED_EDGE('',*,*,#6184,.T.);
#8144=ORIENTED_EDGE('',*,*,#5641,.T.);
#8145=ORIENTED_EDGE('',*,*,#6168,.T.);
#8146=ORIENTED_EDGE('',*,*,#5677,.T.);
#8147=ORIENTED_EDGE('',*,*,#6179,.T.);
#8148=ORIENTED_EDGE('',*,*,#6081,.F.);
#8149=ORIENTED_EDGE('',*,*,#6176,.T.);
#8150=ORIENTED_EDGE('',*,*,#5645,.T.);
#8151=ORIENTED_EDGE('',*,*,#6185,.T.);
#8152=ORIENTED_EDGE('',*,*,#6113,.F.);
#8153=ORIENTED_EDGE('',*,*,#6177,.T.);
#8154=ORIENTED_EDGE('',*,*,#6109,.F.);
#8155=ORIENTED_EDGE('',*,*,#6187,.T.);
#8156=ORIENTED_EDGE('',*,*,#5649,.T.);
#8157=ORIENTED_EDGE('',*,*,#6166,.T.);
#8158=ORIENTED_EDGE('',*,*,#5653,.T.);
#8159=ORIENTED_EDGE('',*,*,#6186,.T.);
#8160=ORIENTED_EDGE('',*,*,#6105,.F.);
#8161=ORIENTED_EDGE('',*,*,#6175,.T.);
#8162=ORIENTED_EDGE('',*,*,#6097,.F.);
#8163=ORIENTED_EDGE('',*,*,#6182,.T.);
#8164=ORIENTED_EDGE('',*,*,#5661,.T.);
#8165=ORIENTED_EDGE('',*,*,#6173,.T.);
#8166=ORIENTED_EDGE('',*,*,#6085,.F.);
#8167=ORIENTED_EDGE('',*,*,#6178,.T.);
#8168=ORIENTED_EDGE('',*,*,#5673,.T.);
#8169=ORIENTED_EDGE('',*,*,#6170,.T.);
#8170=ORIENTED_EDGE('',*,*,#5665,.T.);
#8171=ORIENTED_EDGE('',*,*,#6183,.T.);
#8172=ORIENTED_EDGE('',*,*,#6093,.F.);
#8173=ORIENTED_EDGE('',*,*,#6171,.T.);
#8174=ORIENTED_EDGE('',*,*,#6089,.F.);
#8175=ORIENTED_EDGE('',*,*,#6172,.T.);
#8176=ORIENTED_EDGE('',*,*,#5669,.T.);
#8177=ORIENTED_EDGE('',*,*,#6169,.T.);
#8178=ORIENTED_EDGE('',*,*,#6121,.F.);
#8179=ORIENTED_EDGE('',*,*,#6180,.T.);
#8180=ORIENTED_EDGE('',*,*,#5637,.T.);
#8181=ORIENTED_EDGE('',*,*,#6164,.T.);
#8182=ORIENTED_EDGE('',*,*,#5681,.T.);
#8183=ORIENTED_EDGE('',*,*,#6167,.T.);
#8184=ORIENTED_EDGE('',*,*,#6077,.F.);
#8185=ORIENTED_EDGE('',*,*,#6165,.T.);
#8186=ORIENTED_EDGE('',*,*,#6101,.F.);
#8187=ORIENTED_EDGE('',*,*,#6174,.T.);
#8188=ORIENTED_EDGE('',*,*,#5657,.T.);
#8189=ORIENTED_EDGE('',*,*,#6189,.F.);
#8190=ORIENTED_EDGE('',*,*,#5748,.F.);
#8191=ORIENTED_EDGE('',*,*,#6190,.T.);
#8192=ORIENTED_EDGE('',*,*,#6010,.F.);
#8193=ORIENTED_EDGE('',*,*,#6191,.F.);
#8194=ORIENTED_EDGE('',*,*,#6012,.F.);
#8195=ORIENTED_EDGE('',*,*,#6192,.T.);
#8196=ORIENTED_EDGE('',*,*,#5746,.F.);
#8197=ORIENTED_EDGE('',*,*,#6192,.F.);
#8198=ORIENTED_EDGE('',*,*,#6011,.F.);
#8199=ORIENTED_EDGE('',*,*,#6190,.F.);
#8200=ORIENTED_EDGE('',*,*,#5747,.F.);
#8201=ORIENTED_EDGE('',*,*,#6193,.F.);
#8202=ORIENTED_EDGE('',*,*,#5764,.F.);
#8203=ORIENTED_EDGE('',*,*,#6194,.T.);
#8204=ORIENTED_EDGE('',*,*,#5994,.F.);
#8205=ORIENTED_EDGE('',*,*,#6195,.F.);
#8206=ORIENTED_EDGE('',*,*,#5996,.F.);
#8207=ORIENTED_EDGE('',*,*,#6196,.T.);
#8208=ORIENTED_EDGE('',*,*,#5762,.F.);
#8209=ORIENTED_EDGE('',*,*,#6196,.F.);
#8210=ORIENTED_EDGE('',*,*,#5995,.F.);
#8211=ORIENTED_EDGE('',*,*,#6194,.F.);
#8212=ORIENTED_EDGE('',*,*,#5763,.F.);
#8213=ORIENTED_EDGE('',*,*,#6197,.F.);
#8214=ORIENTED_EDGE('',*,*,#5780,.F.);
#8215=ORIENTED_EDGE('',*,*,#6198,.T.);
#8216=ORIENTED_EDGE('',*,*,#5978,.F.);
#8217=ORIENTED_EDGE('',*,*,#6199,.F.);
#8218=ORIENTED_EDGE('',*,*,#5980,.F.);
#8219=ORIENTED_EDGE('',*,*,#6200,.T.);
#8220=ORIENTED_EDGE('',*,*,#5778,.F.);
#8221=ORIENTED_EDGE('',*,*,#6200,.F.);
#8222=ORIENTED_EDGE('',*,*,#5979,.F.);
#8223=ORIENTED_EDGE('',*,*,#6198,.F.);
#8224=ORIENTED_EDGE('',*,*,#5779,.F.);
#8225=ORIENTED_EDGE('',*,*,#6201,.F.);
#8226=ORIENTED_EDGE('',*,*,#5784,.F.);
#8227=ORIENTED_EDGE('',*,*,#6202,.T.);
#8228=ORIENTED_EDGE('',*,*,#5974,.F.);
#8229=ORIENTED_EDGE('',*,*,#6203,.F.);
#8230=ORIENTED_EDGE('',*,*,#5976,.F.);
#8231=ORIENTED_EDGE('',*,*,#6204,.T.);
#8232=ORIENTED_EDGE('',*,*,#5782,.F.);
#8233=ORIENTED_EDGE('',*,*,#6204,.F.);
#8234=ORIENTED_EDGE('',*,*,#5975,.F.);
#8235=ORIENTED_EDGE('',*,*,#6202,.F.);
#8236=ORIENTED_EDGE('',*,*,#5783,.F.);
#8237=ORIENTED_EDGE('',*,*,#6205,.F.);
#8238=ORIENTED_EDGE('',*,*,#5768,.F.);
#8239=ORIENTED_EDGE('',*,*,#6206,.T.);
#8240=ORIENTED_EDGE('',*,*,#5990,.F.);
#8241=ORIENTED_EDGE('',*,*,#6207,.F.);
#8242=ORIENTED_EDGE('',*,*,#5992,.F.);
#8243=ORIENTED_EDGE('',*,*,#6208,.T.);
#8244=ORIENTED_EDGE('',*,*,#5766,.F.);
#8245=ORIENTED_EDGE('',*,*,#6208,.F.);
#8246=ORIENTED_EDGE('',*,*,#5991,.F.);
#8247=ORIENTED_EDGE('',*,*,#6206,.F.);
#8248=ORIENTED_EDGE('',*,*,#5767,.F.);
#8249=ORIENTED_EDGE('',*,*,#6209,.F.);
#8250=ORIENTED_EDGE('',*,*,#5752,.F.);
#8251=ORIENTED_EDGE('',*,*,#6210,.T.);
#8252=ORIENTED_EDGE('',*,*,#6006,.F.);
#8253=ORIENTED_EDGE('',*,*,#6211,.F.);
#8254=ORIENTED_EDGE('',*,*,#6008,.F.);
#8255=ORIENTED_EDGE('',*,*,#6212,.T.);
#8256=ORIENTED_EDGE('',*,*,#5750,.F.);
#8257=ORIENTED_EDGE('',*,*,#6007,.F.);
#8258=ORIENTED_EDGE('',*,*,#6210,.F.);
#8259=ORIENTED_EDGE('',*,*,#5751,.F.);
#8260=ORIENTED_EDGE('',*,*,#6212,.F.);
#8261=ORIENTED_EDGE('',*,*,#6213,.F.);
#8262=ORIENTED_EDGE('',*,*,#5744,.F.);
#8263=ORIENTED_EDGE('',*,*,#6214,.T.);
#8264=ORIENTED_EDGE('',*,*,#6014,.F.);
#8265=ORIENTED_EDGE('',*,*,#6215,.F.);
#8266=ORIENTED_EDGE('',*,*,#6016,.F.);
#8267=ORIENTED_EDGE('',*,*,#6216,.T.);
#8268=ORIENTED_EDGE('',*,*,#5742,.F.);
#8269=ORIENTED_EDGE('',*,*,#6015,.F.);
#8270=ORIENTED_EDGE('',*,*,#6214,.F.);
#8271=ORIENTED_EDGE('',*,*,#5743,.F.);
#8272=ORIENTED_EDGE('',*,*,#6216,.F.);
#8273=ORIENTED_EDGE('',*,*,#6217,.F.);
#8274=ORIENTED_EDGE('',*,*,#5760,.F.);
#8275=ORIENTED_EDGE('',*,*,#6218,.T.);
#8276=ORIENTED_EDGE('',*,*,#5998,.F.);
#8277=ORIENTED_EDGE('',*,*,#6219,.F.);
#8278=ORIENTED_EDGE('',*,*,#6000,.F.);
#8279=ORIENTED_EDGE('',*,*,#6220,.T.);
#8280=ORIENTED_EDGE('',*,*,#5758,.F.);
#8281=ORIENTED_EDGE('',*,*,#5999,.F.);
#8282=ORIENTED_EDGE('',*,*,#6218,.F.);
#8283=ORIENTED_EDGE('',*,*,#5759,.F.);
#8284=ORIENTED_EDGE('',*,*,#6220,.F.);
#8285=ORIENTED_EDGE('',*,*,#6221,.F.);
#8286=ORIENTED_EDGE('',*,*,#5776,.F.);
#8287=ORIENTED_EDGE('',*,*,#6222,.T.);
#8288=ORIENTED_EDGE('',*,*,#5982,.F.);
#8289=ORIENTED_EDGE('',*,*,#6223,.F.);
#8290=ORIENTED_EDGE('',*,*,#5984,.F.);
#8291=ORIENTED_EDGE('',*,*,#6224,.T.);
#8292=ORIENTED_EDGE('',*,*,#5774,.F.);
#8293=ORIENTED_EDGE('',*,*,#6224,.F.);
#8294=ORIENTED_EDGE('',*,*,#5983,.F.);
#8295=ORIENTED_EDGE('',*,*,#6222,.F.);
#8296=ORIENTED_EDGE('',*,*,#5775,.F.);
#8297=ORIENTED_EDGE('',*,*,#6225,.F.);
#8298=ORIENTED_EDGE('',*,*,#5580,.F.);
#8299=ORIENTED_EDGE('',*,*,#6226,.T.);
#8300=ORIENTED_EDGE('',*,*,#5970,.F.);
#8301=ORIENTED_EDGE('',*,*,#6227,.F.);
#8302=ORIENTED_EDGE('',*,*,#5972,.F.);
#8303=ORIENTED_EDGE('',*,*,#6228,.T.);
#8304=ORIENTED_EDGE('',*,*,#5786,.F.);
#8305=ORIENTED_EDGE('',*,*,#6228,.F.);
#8306=ORIENTED_EDGE('',*,*,#5971,.F.);
#8307=ORIENTED_EDGE('',*,*,#6226,.F.);
#8308=ORIENTED_EDGE('',*,*,#5787,.F.);
#8309=ORIENTED_EDGE('',*,*,#6229,.F.);
#8310=ORIENTED_EDGE('',*,*,#5772,.F.);
#8311=ORIENTED_EDGE('',*,*,#6230,.T.);
#8312=ORIENTED_EDGE('',*,*,#5986,.F.);
#8313=ORIENTED_EDGE('',*,*,#6231,.F.);
#8314=ORIENTED_EDGE('',*,*,#5988,.F.);
#8315=ORIENTED_EDGE('',*,*,#6232,.T.);
#8316=ORIENTED_EDGE('',*,*,#5770,.F.);
#8317=ORIENTED_EDGE('',*,*,#6232,.F.);
#8318=ORIENTED_EDGE('',*,*,#5987,.F.);
#8319=ORIENTED_EDGE('',*,*,#6230,.F.);
#8320=ORIENTED_EDGE('',*,*,#5771,.F.);
#8321=ORIENTED_EDGE('',*,*,#6233,.F.);
#8322=ORIENTED_EDGE('',*,*,#5756,.F.);
#8323=ORIENTED_EDGE('',*,*,#6234,.T.);
#8324=ORIENTED_EDGE('',*,*,#6002,.F.);
#8325=ORIENTED_EDGE('',*,*,#6235,.F.);
#8326=ORIENTED_EDGE('',*,*,#6004,.F.);
#8327=ORIENTED_EDGE('',*,*,#6236,.T.);
#8328=ORIENTED_EDGE('',*,*,#5754,.F.);
#8329=ORIENTED_EDGE('',*,*,#6236,.F.);
#8330=ORIENTED_EDGE('',*,*,#6003,.F.);
#8331=ORIENTED_EDGE('',*,*,#6234,.F.);
#8332=ORIENTED_EDGE('',*,*,#5755,.F.);
#8333=ORIENTED_EDGE('',*,*,#6237,.F.);
#8334=ORIENTED_EDGE('',*,*,#5740,.F.);
#8335=ORIENTED_EDGE('',*,*,#6238,.T.);
#8336=ORIENTED_EDGE('',*,*,#6018,.F.);
#8337=ORIENTED_EDGE('',*,*,#6239,.F.);
#8338=ORIENTED_EDGE('',*,*,#6020,.F.);
#8339=ORIENTED_EDGE('',*,*,#6240,.T.);
#8340=ORIENTED_EDGE('',*,*,#5738,.F.);
#8341=ORIENTED_EDGE('',*,*,#6240,.F.);
#8342=ORIENTED_EDGE('',*,*,#6019,.F.);
#8343=ORIENTED_EDGE('',*,*,#6238,.F.);
#8344=ORIENTED_EDGE('',*,*,#5739,.F.);
#8345=ORIENTED_EDGE('',*,*,#6239,.T.);
#8346=ORIENTED_EDGE('',*,*,#5737,.F.);
#8347=ORIENTED_EDGE('',*,*,#6241,.T.);
#8348=ORIENTED_EDGE('',*,*,#6021,.T.);
#8349=ORIENTED_EDGE('',*,*,#6223,.T.);
#8350=ORIENTED_EDGE('',*,*,#5773,.F.);
#8351=ORIENTED_EDGE('',*,*,#6229,.T.);
#8352=ORIENTED_EDGE('',*,*,#5985,.T.);
#8353=ORIENTED_EDGE('',*,*,#6225,.T.);
#8354=ORIENTED_EDGE('',*,*,#5969,.T.);
#8355=ORIENTED_EDGE('',*,*,#6137,.F.);
#8356=ORIENTED_EDGE('',*,*,#5581,.F.);
#8357=ORIENTED_EDGE('',*,*,#6199,.T.);
#8358=ORIENTED_EDGE('',*,*,#5777,.F.);
#8359=ORIENTED_EDGE('',*,*,#6221,.T.);
#8360=ORIENTED_EDGE('',*,*,#5981,.T.);
#8361=ORIENTED_EDGE('',*,*,#6195,.T.);
#8362=ORIENTED_EDGE('',*,*,#5761,.F.);
#8363=ORIENTED_EDGE('',*,*,#6217,.T.);
#8364=ORIENTED_EDGE('',*,*,#5997,.T.);
#8365=ORIENTED_EDGE('',*,*,#6219,.T.);
#8366=ORIENTED_EDGE('',*,*,#5757,.F.);
#8367=ORIENTED_EDGE('',*,*,#6233,.T.);
#8368=ORIENTED_EDGE('',*,*,#6001,.T.);
#8369=ORIENTED_EDGE('',*,*,#6215,.T.);
#8370=ORIENTED_EDGE('',*,*,#5741,.F.);
#8371=ORIENTED_EDGE('',*,*,#6237,.T.);
#8372=ORIENTED_EDGE('',*,*,#6017,.T.);
#8373=ORIENTED_EDGE('',*,*,#6209,.T.);
#8374=ORIENTED_EDGE('',*,*,#6005,.T.);
#8375=ORIENTED_EDGE('',*,*,#6235,.T.);
#8376=ORIENTED_EDGE('',*,*,#5753,.F.);
#8377=ORIENTED_EDGE('',*,*,#6191,.T.);
#8378=ORIENTED_EDGE('',*,*,#5745,.F.);
#8379=ORIENTED_EDGE('',*,*,#6213,.T.);
#8380=ORIENTED_EDGE('',*,*,#6013,.T.);
#8381=ORIENTED_EDGE('',*,*,#6205,.T.);
#8382=ORIENTED_EDGE('',*,*,#5989,.T.);
#8383=ORIENTED_EDGE('',*,*,#6231,.T.);
#8384=ORIENTED_EDGE('',*,*,#5769,.F.);
#8385=ORIENTED_EDGE('',*,*,#6201,.T.);
#8386=ORIENTED_EDGE('',*,*,#5973,.T.);
#8387=ORIENTED_EDGE('',*,*,#6227,.T.);
#8388=ORIENTED_EDGE('',*,*,#5785,.F.);
#8389=ORIENTED_EDGE('',*,*,#6197,.T.);
#8390=ORIENTED_EDGE('',*,*,#5977,.T.);
#8391=ORIENTED_EDGE('',*,*,#6203,.T.);
#8392=ORIENTED_EDGE('',*,*,#5781,.F.);
#8393=ORIENTED_EDGE('',*,*,#6193,.T.);
#8394=ORIENTED_EDGE('',*,*,#5993,.T.);
#8395=ORIENTED_EDGE('',*,*,#6207,.T.);
#8396=ORIENTED_EDGE('',*,*,#5765,.F.);
#8397=ORIENTED_EDGE('',*,*,#6189,.T.);
#8398=ORIENTED_EDGE('',*,*,#6009,.T.);
#8399=ORIENTED_EDGE('',*,*,#6211,.T.);
#8400=ORIENTED_EDGE('',*,*,#5749,.F.);
#8401=ORIENTED_EDGE('',*,*,#6242,.T.);
#8402=ORIENTED_EDGE('',*,*,#6022,.F.);
#8403=ORIENTED_EDGE('',*,*,#6241,.F.);
#8404=ORIENTED_EDGE('',*,*,#5736,.F.);
#8405=ORIENTED_EDGE('',*,*,#6243,.T.);
#8406=ORIENTED_EDGE('',*,*,#5700,.F.);
#8407=ORIENTED_EDGE('',*,*,#6244,.T.);
#8408=ORIENTED_EDGE('',*,*,#6058,.F.);
#8409=ORIENTED_EDGE('',*,*,#6245,.T.);
#8410=ORIENTED_EDGE('',*,*,#5724,.F.);
#8411=ORIENTED_EDGE('',*,*,#6246,.T.);
#8412=ORIENTED_EDGE('',*,*,#6034,.F.);
#8413=ORIENTED_EDGE('',*,*,#6247,.T.);
#8414=ORIENTED_EDGE('',*,*,#6026,.F.);
#8415=ORIENTED_EDGE('',*,*,#6248,.T.);
#8416=ORIENTED_EDGE('',*,*,#5732,.F.);
#8417=ORIENTED_EDGE('',*,*,#6249,.T.);
#8418=ORIENTED_EDGE('',*,*,#6030,.F.);
#8419=ORIENTED_EDGE('',*,*,#6250,.T.);
#8420=ORIENTED_EDGE('',*,*,#5728,.F.);
#8421=ORIENTED_EDGE('',*,*,#6251,.T.);
#8422=ORIENTED_EDGE('',*,*,#5708,.F.);
#8423=ORIENTED_EDGE('',*,*,#6252,.T.);
#8424=ORIENTED_EDGE('',*,*,#6050,.F.);
#8425=ORIENTED_EDGE('',*,*,#6253,.T.);
#8426=ORIENTED_EDGE('',*,*,#5692,.F.);
#8427=ORIENTED_EDGE('',*,*,#6254,.T.);
#8428=ORIENTED_EDGE('',*,*,#6066,.F.);
#8429=ORIENTED_EDGE('',*,*,#6255,.T.);
#8430=ORIENTED_EDGE('',*,*,#6062,.F.);
#8431=ORIENTED_EDGE('',*,*,#6256,.T.);
#8432=ORIENTED_EDGE('',*,*,#5696,.F.);
#8433=ORIENTED_EDGE('',*,*,#6257,.T.);
#8434=ORIENTED_EDGE('',*,*,#6038,.F.);
#8435=ORIENTED_EDGE('',*,*,#6258,.T.);
#8436=ORIENTED_EDGE('',*,*,#5720,.F.);
#8437=ORIENTED_EDGE('',*,*,#6259,.T.);
#8438=ORIENTED_EDGE('',*,*,#6042,.F.);
#8439=ORIENTED_EDGE('',*,*,#6260,.T.);
#8440=ORIENTED_EDGE('',*,*,#5716,.F.);
#8441=ORIENTED_EDGE('',*,*,#6261,.T.);
#8442=ORIENTED_EDGE('',*,*,#6046,.F.);
#8443=ORIENTED_EDGE('',*,*,#6262,.T.);
#8444=ORIENTED_EDGE('',*,*,#5712,.F.);
#8445=ORIENTED_EDGE('',*,*,#6263,.T.);
#8446=ORIENTED_EDGE('',*,*,#6054,.F.);
#8447=ORIENTED_EDGE('',*,*,#6264,.T.);
#8448=ORIENTED_EDGE('',*,*,#5704,.F.);
#8449=ORIENTED_EDGE('',*,*,#6265,.T.);
#8450=ORIENTED_EDGE('',*,*,#6070,.F.);
#8451=ORIENTED_EDGE('',*,*,#6266,.T.);
#8452=ORIENTED_EDGE('',*,*,#5688,.F.);
#8453=ORIENTED_EDGE('',*,*,#5914,.T.);
#8454=ORIENTED_EDGE('',*,*,#5630,.T.);
#8455=ORIENTED_EDGE('',*,*,#5911,.T.);
#8456=ORIENTED_EDGE('',*,*,#6125,.T.);
#8457=ORIENTED_EDGE('',*,*,#6267,.F.);
#8458=ORIENTED_EDGE('',*,*,#5733,.T.);
#8459=ORIENTED_EDGE('',*,*,#6248,.F.);
#8460=ORIENTED_EDGE('',*,*,#6025,.F.);
#8461=ORIENTED_EDGE('',*,*,#6268,.F.);
#8462=ORIENTED_EDGE('',*,*,#6023,.T.);
#8463=ORIENTED_EDGE('',*,*,#6242,.F.);
#8464=ORIENTED_EDGE('',*,*,#5735,.F.);
#8465=ORIENTED_EDGE('',*,*,#5734,.T.);
#8466=ORIENTED_EDGE('',*,*,#6267,.T.);
#8467=ORIENTED_EDGE('',*,*,#6024,.T.);
#8468=ORIENTED_EDGE('',*,*,#6268,.T.);
#8469=ORIENTED_EDGE('',*,*,#6269,.F.);
#8470=ORIENTED_EDGE('',*,*,#5697,.T.);
#8471=ORIENTED_EDGE('',*,*,#6256,.F.);
#8472=ORIENTED_EDGE('',*,*,#6061,.F.);
#8473=ORIENTED_EDGE('',*,*,#6270,.F.);
#8474=ORIENTED_EDGE('',*,*,#6059,.T.);
#8475=ORIENTED_EDGE('',*,*,#6244,.F.);
#8476=ORIENTED_EDGE('',*,*,#5699,.F.);
#8477=ORIENTED_EDGE('',*,*,#5698,.T.);
#8478=ORIENTED_EDGE('',*,*,#6269,.T.);
#8479=ORIENTED_EDGE('',*,*,#6060,.T.);
#8480=ORIENTED_EDGE('',*,*,#6270,.T.);
#8481=ORIENTED_EDGE('',*,*,#6271,.F.);
#8482=ORIENTED_EDGE('',*,*,#5721,.T.);
#8483=ORIENTED_EDGE('',*,*,#6258,.F.);
#8484=ORIENTED_EDGE('',*,*,#6037,.F.);
#8485=ORIENTED_EDGE('',*,*,#6272,.F.);
#8486=ORIENTED_EDGE('',*,*,#6035,.T.);
#8487=ORIENTED_EDGE('',*,*,#6246,.F.);
#8488=ORIENTED_EDGE('',*,*,#5723,.F.);
#8489=ORIENTED_EDGE('',*,*,#5722,.T.);
#8490=ORIENTED_EDGE('',*,*,#6271,.T.);
#8491=ORIENTED_EDGE('',*,*,#6036,.T.);
#8492=ORIENTED_EDGE('',*,*,#6272,.T.);
#8493=ORIENTED_EDGE('',*,*,#6273,.F.);
#8494=ORIENTED_EDGE('',*,*,#5729,.T.);
#8495=ORIENTED_EDGE('',*,*,#6250,.F.);
#8496=ORIENTED_EDGE('',*,*,#6029,.F.);
#8497=ORIENTED_EDGE('',*,*,#6274,.F.);
#8498=ORIENTED_EDGE('',*,*,#6027,.T.);
#8499=ORIENTED_EDGE('',*,*,#6247,.F.);
#8500=ORIENTED_EDGE('',*,*,#5731,.F.);
#8501=ORIENTED_EDGE('',*,*,#5730,.T.);
#8502=ORIENTED_EDGE('',*,*,#6273,.T.);
#8503=ORIENTED_EDGE('',*,*,#6028,.T.);
#8504=ORIENTED_EDGE('',*,*,#6274,.T.);
#8505=ORIENTED_EDGE('',*,*,#6275,.F.);
#8506=ORIENTED_EDGE('',*,*,#5725,.T.);
#8507=ORIENTED_EDGE('',*,*,#6245,.F.);
#8508=ORIENTED_EDGE('',*,*,#6033,.F.);
#8509=ORIENTED_EDGE('',*,*,#6276,.F.);
#8510=ORIENTED_EDGE('',*,*,#6031,.T.);
#8511=ORIENTED_EDGE('',*,*,#6249,.F.);
#8512=ORIENTED_EDGE('',*,*,#5727,.F.);
#8513=ORIENTED_EDGE('',*,*,#5726,.T.);
#8514=ORIENTED_EDGE('',*,*,#6275,.T.);
#8515=ORIENTED_EDGE('',*,*,#6032,.T.);
#8516=ORIENTED_EDGE('',*,*,#6276,.T.);
#8517=ORIENTED_EDGE('',*,*,#6277,.F.);
#8518=ORIENTED_EDGE('',*,*,#5705,.T.);
#8519=ORIENTED_EDGE('',*,*,#6264,.F.);
#8520=ORIENTED_EDGE('',*,*,#6053,.F.);
#8521=ORIENTED_EDGE('',*,*,#6278,.F.);
#8522=ORIENTED_EDGE('',*,*,#6051,.T.);
#8523=ORIENTED_EDGE('',*,*,#6252,.F.);
#8524=ORIENTED_EDGE('',*,*,#5707,.F.);
#8525=ORIENTED_EDGE('',*,*,#5706,.T.);
#8526=ORIENTED_EDGE('',*,*,#6277,.T.);
#8527=ORIENTED_EDGE('',*,*,#6052,.T.);
#8528=ORIENTED_EDGE('',*,*,#6278,.T.);
#8529=ORIENTED_EDGE('',*,*,#6279,.F.);
#8530=ORIENTED_EDGE('',*,*,#5689,.T.);
#8531=ORIENTED_EDGE('',*,*,#6266,.F.);
#8532=ORIENTED_EDGE('',*,*,#6069,.F.);
#8533=ORIENTED_EDGE('',*,*,#6280,.F.);
#8534=ORIENTED_EDGE('',*,*,#6067,.T.);
#8535=ORIENTED_EDGE('',*,*,#6254,.F.);
#8536=ORIENTED_EDGE('',*,*,#5691,.F.);
#8537=ORIENTED_EDGE('',*,*,#5690,.T.);
#8538=ORIENTED_EDGE('',*,*,#6279,.T.);
#8539=ORIENTED_EDGE('',*,*,#6068,.T.);
#8540=ORIENTED_EDGE('',*,*,#6280,.T.);
#8541=ORIENTED_EDGE('',*,*,#6281,.F.);
#8542=ORIENTED_EDGE('',*,*,#5693,.T.);
#8543=ORIENTED_EDGE('',*,*,#6253,.F.);
#8544=ORIENTED_EDGE('',*,*,#6065,.F.);
#8545=ORIENTED_EDGE('',*,*,#6282,.F.);
#8546=ORIENTED_EDGE('',*,*,#6063,.T.);
#8547=ORIENTED_EDGE('',*,*,#6255,.F.);
#8548=ORIENTED_EDGE('',*,*,#5695,.F.);
#8549=ORIENTED_EDGE('',*,*,#5694,.T.);
#8550=ORIENTED_EDGE('',*,*,#6281,.T.);
#8551=ORIENTED_EDGE('',*,*,#6064,.T.);
#8552=ORIENTED_EDGE('',*,*,#6282,.T.);
#8553=ORIENTED_EDGE('',*,*,#6283,.F.);
#8554=ORIENTED_EDGE('',*,*,#5717,.T.);
#8555=ORIENTED_EDGE('',*,*,#6260,.F.);
#8556=ORIENTED_EDGE('',*,*,#6041,.F.);
#8557=ORIENTED_EDGE('',*,*,#6284,.F.);
#8558=ORIENTED_EDGE('',*,*,#6039,.T.);
#8559=ORIENTED_EDGE('',*,*,#6257,.F.);
#8560=ORIENTED_EDGE('',*,*,#5719,.F.);
#8561=ORIENTED_EDGE('',*,*,#5718,.T.);
#8562=ORIENTED_EDGE('',*,*,#6283,.T.);
#8563=ORIENTED_EDGE('',*,*,#6040,.T.);
#8564=ORIENTED_EDGE('',*,*,#6284,.T.);
#8565=ORIENTED_EDGE('',*,*,#6285,.F.);
#8566=ORIENTED_EDGE('',*,*,#5713,.T.);
#8567=ORIENTED_EDGE('',*,*,#6262,.F.);
#8568=ORIENTED_EDGE('',*,*,#6045,.F.);
#8569=ORIENTED_EDGE('',*,*,#6286,.F.);
#8570=ORIENTED_EDGE('',*,*,#6043,.T.);
#8571=ORIENTED_EDGE('',*,*,#6259,.F.);
#8572=ORIENTED_EDGE('',*,*,#5715,.F.);
#8573=ORIENTED_EDGE('',*,*,#5714,.T.);
#8574=ORIENTED_EDGE('',*,*,#6285,.T.);
#8575=ORIENTED_EDGE('',*,*,#6044,.T.);
#8576=ORIENTED_EDGE('',*,*,#6286,.T.);
#8577=ORIENTED_EDGE('',*,*,#6287,.F.);
#8578=ORIENTED_EDGE('',*,*,#5709,.T.);
#8579=ORIENTED_EDGE('',*,*,#6251,.F.);
#8580=ORIENTED_EDGE('',*,*,#6049,.F.);
#8581=ORIENTED_EDGE('',*,*,#6288,.F.);
#8582=ORIENTED_EDGE('',*,*,#6047,.T.);
#8583=ORIENTED_EDGE('',*,*,#6261,.F.);
#8584=ORIENTED_EDGE('',*,*,#5711,.F.);
#8585=ORIENTED_EDGE('',*,*,#5710,.T.);
#8586=ORIENTED_EDGE('',*,*,#6287,.T.);
#8587=ORIENTED_EDGE('',*,*,#6048,.T.);
#8588=ORIENTED_EDGE('',*,*,#6288,.T.);
#8589=ORIENTED_EDGE('',*,*,#6289,.F.);
#8590=ORIENTED_EDGE('',*,*,#5701,.T.);
#8591=ORIENTED_EDGE('',*,*,#6243,.F.);
#8592=ORIENTED_EDGE('',*,*,#6057,.F.);
#8593=ORIENTED_EDGE('',*,*,#6290,.F.);
#8594=ORIENTED_EDGE('',*,*,#6055,.T.);
#8595=ORIENTED_EDGE('',*,*,#6263,.F.);
#8596=ORIENTED_EDGE('',*,*,#5703,.F.);
#8597=ORIENTED_EDGE('',*,*,#5702,.T.);
#8598=ORIENTED_EDGE('',*,*,#6289,.T.);
#8599=ORIENTED_EDGE('',*,*,#6056,.T.);
#8600=ORIENTED_EDGE('',*,*,#6290,.T.);
#8601=ORIENTED_EDGE('',*,*,#6291,.T.);
#8602=ORIENTED_EDGE('',*,*,#6071,.T.);
#8603=ORIENTED_EDGE('',*,*,#6265,.F.);
#8604=ORIENTED_EDGE('',*,*,#5687,.F.);
#8605=ORIENTED_EDGE('',*,*,#6292,.T.);
#8606=ORIENTED_EDGE('',*,*,#5685,.T.);
#8607=ORIENTED_EDGE('',*,*,#6188,.F.);
#8608=ORIENTED_EDGE('',*,*,#6073,.F.);
#8609=ORIENTED_EDGE('',*,*,#6072,.F.);
#8610=ORIENTED_EDGE('',*,*,#6291,.F.);
#8611=ORIENTED_EDGE('',*,*,#5686,.F.);
#8612=ORIENTED_EDGE('',*,*,#6292,.F.);
#8613=ORIENTED_EDGE('',*,*,#6293,.T.);
#8614=ORIENTED_EDGE('',*,*,#6294,.T.);
#8615=ORIENTED_EDGE('',*,*,#6295,.T.);
#8616=ORIENTED_EDGE('',*,*,#6296,.T.);
#8617=ORIENTED_EDGE('',*,*,#6297,.T.);
#8618=ORIENTED_EDGE('',*,*,#6298,.T.);
#8619=ORIENTED_EDGE('',*,*,#6299,.F.);
#8620=ORIENTED_EDGE('',*,*,#6300,.T.);
#8621=ORIENTED_EDGE('',*,*,#6301,.T.);
#8622=ORIENTED_EDGE('',*,*,#6302,.T.);
#8623=ORIENTED_EDGE('',*,*,#6303,.F.);
#8624=ORIENTED_EDGE('',*,*,#6304,.T.);
#8625=ORIENTED_EDGE('',*,*,#6305,.F.);
#8626=ORIENTED_EDGE('',*,*,#6306,.T.);
#8627=ORIENTED_EDGE('',*,*,#6307,.T.);
#8628=ORIENTED_EDGE('',*,*,#6308,.T.);
#8629=ORIENTED_EDGE('',*,*,#6309,.T.);
#8630=ORIENTED_EDGE('',*,*,#6310,.T.);
#8631=ORIENTED_EDGE('',*,*,#6311,.T.);
#8632=ORIENTED_EDGE('',*,*,#6303,.T.);
#8633=ORIENTED_EDGE('',*,*,#6312,.T.);
#8634=ORIENTED_EDGE('',*,*,#6313,.F.);
#8635=ORIENTED_EDGE('',*,*,#6314,.T.);
#8636=ORIENTED_EDGE('',*,*,#6315,.F.);
#8637=ORIENTED_EDGE('',*,*,#6316,.T.);
#8638=ORIENTED_EDGE('',*,*,#6305,.T.);
#8639=ORIENTED_EDGE('',*,*,#6317,.T.);
#8640=ORIENTED_EDGE('',*,*,#6318,.F.);
#8641=ORIENTED_EDGE('',*,*,#6319,.T.);
#8642=ORIENTED_EDGE('',*,*,#6320,.F.);
#8643=ORIENTED_EDGE('',*,*,#6321,.T.);
#8644=ORIENTED_EDGE('',*,*,#6313,.T.);
#8645=ORIENTED_EDGE('',*,*,#6322,.T.);
#8646=ORIENTED_EDGE('',*,*,#6323,.T.);
#8647=ORIENTED_EDGE('',*,*,#6324,.T.);
#8648=ORIENTED_EDGE('',*,*,#6325,.T.);
#8649=ORIENTED_EDGE('',*,*,#6326,.T.);
#8650=ORIENTED_EDGE('',*,*,#6315,.T.);
#8651=ORIENTED_EDGE('',*,*,#6327,.T.);
#8652=ORIENTED_EDGE('',*,*,#6328,.T.);
#8653=ORIENTED_EDGE('',*,*,#6329,.T.);
#8654=ORIENTED_EDGE('',*,*,#6330,.T.);
#8655=ORIENTED_EDGE('',*,*,#6331,.T.);
#8656=ORIENTED_EDGE('',*,*,#6332,.F.);
#8657=ORIENTED_EDGE('',*,*,#6333,.T.);
#8658=ORIENTED_EDGE('',*,*,#6334,.T.);
#8659=ORIENTED_EDGE('',*,*,#6318,.T.);
#8660=ORIENTED_EDGE('',*,*,#6335,.T.);
#8661=ORIENTED_EDGE('',*,*,#6336,.T.);
#8662=ORIENTED_EDGE('',*,*,#6337,.T.);
#8663=ORIENTED_EDGE('',*,*,#6320,.T.);
#8664=ORIENTED_EDGE('',*,*,#6338,.T.);
#8665=ORIENTED_EDGE('',*,*,#6339,.T.);
#8666=ORIENTED_EDGE('',*,*,#6340,.T.);
#8667=ORIENTED_EDGE('',*,*,#6328,.F.);
#8668=ORIENTED_EDGE('',*,*,#6341,.T.);
#8669=ORIENTED_EDGE('',*,*,#6299,.T.);
#8670=ORIENTED_EDGE('',*,*,#6342,.T.);
#8671=ORIENTED_EDGE('',*,*,#6323,.F.);
#8672=ORIENTED_EDGE('',*,*,#6343,.T.);
#8673=ORIENTED_EDGE('',*,*,#6344,.F.);
#8674=ORIENTED_EDGE('',*,*,#6345,.T.);
#8675=ORIENTED_EDGE('',*,*,#6346,.T.);
#8676=ORIENTED_EDGE('',*,*,#6347,.T.);
#8677=ORIENTED_EDGE('',*,*,#6348,.T.);
#8678=ORIENTED_EDGE('',*,*,#6349,.F.);
#8679=ORIENTED_EDGE('',*,*,#6350,.T.);
#8680=ORIENTED_EDGE('',*,*,#6351,.T.);
#8681=ORIENTED_EDGE('',*,*,#6332,.T.);
#8682=ORIENTED_EDGE('',*,*,#6352,.T.);
#8683=ORIENTED_EDGE('',*,*,#6353,.T.);
#8684=ORIENTED_EDGE('',*,*,#6352,.F.);
#8685=ORIENTED_EDGE('',*,*,#6331,.F.);
#8686=ORIENTED_EDGE('',*,*,#6354,.F.);
#8687=ORIENTED_EDGE('',*,*,#6355,.F.);
#8688=ORIENTED_EDGE('',*,*,#6356,.F.);
#8689=ORIENTED_EDGE('',*,*,#6357,.F.);
#8690=ORIENTED_EDGE('',*,*,#6358,.F.);
#8691=ORIENTED_EDGE('',*,*,#6359,.F.);
#8692=ORIENTED_EDGE('',*,*,#6360,.F.);
#8693=ORIENTED_EDGE('',*,*,#6361,.F.);
#8694=ORIENTED_EDGE('',*,*,#6362,.F.);
#8695=ORIENTED_EDGE('',*,*,#6363,.F.);
#8696=ORIENTED_EDGE('',*,*,#6364,.F.);
#8697=ORIENTED_EDGE('',*,*,#6365,.F.);
#8698=ORIENTED_EDGE('',*,*,#6366,.F.);
#8699=ORIENTED_EDGE('',*,*,#6367,.F.);
#8700=ORIENTED_EDGE('',*,*,#6368,.F.);
#8701=ORIENTED_EDGE('',*,*,#6369,.F.);
#8702=ORIENTED_EDGE('',*,*,#6370,.F.);
#8703=ORIENTED_EDGE('',*,*,#6371,.F.);
#8704=ORIENTED_EDGE('',*,*,#6372,.F.);
#8705=ORIENTED_EDGE('',*,*,#6373,.F.);
#8706=ORIENTED_EDGE('',*,*,#6374,.F.);
#8707=ORIENTED_EDGE('',*,*,#6375,.F.);
#8708=ORIENTED_EDGE('',*,*,#6376,.F.);
#8709=ORIENTED_EDGE('',*,*,#6377,.F.);
#8710=ORIENTED_EDGE('',*,*,#6378,.F.);
#8711=ORIENTED_EDGE('',*,*,#6379,.F.);
#8712=ORIENTED_EDGE('',*,*,#6380,.F.);
#8713=ORIENTED_EDGE('',*,*,#6381,.F.);
#8714=ORIENTED_EDGE('',*,*,#6382,.F.);
#8715=ORIENTED_EDGE('',*,*,#6383,.F.);
#8716=ORIENTED_EDGE('',*,*,#6384,.F.);
#8717=ORIENTED_EDGE('',*,*,#6385,.F.);
#8718=ORIENTED_EDGE('',*,*,#6386,.F.);
#8719=ORIENTED_EDGE('',*,*,#6387,.F.);
#8720=ORIENTED_EDGE('',*,*,#6388,.F.);
#8721=ORIENTED_EDGE('',*,*,#6389,.F.);
#8722=ORIENTED_EDGE('',*,*,#6390,.F.);
#8723=ORIENTED_EDGE('',*,*,#6391,.F.);
#8724=ORIENTED_EDGE('',*,*,#6392,.F.);
#8725=ORIENTED_EDGE('',*,*,#6393,.F.);
#8726=ORIENTED_EDGE('',*,*,#6394,.F.);
#8727=ORIENTED_EDGE('',*,*,#6395,.F.);
#8728=ORIENTED_EDGE('',*,*,#6396,.F.);
#8729=ORIENTED_EDGE('',*,*,#6397,.F.);
#8730=ORIENTED_EDGE('',*,*,#6398,.F.);
#8731=ORIENTED_EDGE('',*,*,#6399,.F.);
#8732=ORIENTED_EDGE('',*,*,#6400,.F.);
#8733=ORIENTED_EDGE('',*,*,#6401,.F.);
#8734=ORIENTED_EDGE('',*,*,#6402,.F.);
#8735=ORIENTED_EDGE('',*,*,#6403,.F.);
#8736=ORIENTED_EDGE('',*,*,#6404,.F.);
#8737=ORIENTED_EDGE('',*,*,#6405,.F.);
#8738=ORIENTED_EDGE('',*,*,#6406,.F.);
#8739=ORIENTED_EDGE('',*,*,#6407,.F.);
#8740=ORIENTED_EDGE('',*,*,#6408,.T.);
#8741=ORIENTED_EDGE('',*,*,#6409,.T.);
#8742=ORIENTED_EDGE('',*,*,#6410,.F.);
#8743=ORIENTED_EDGE('',*,*,#6411,.F.);
#8744=ORIENTED_EDGE('',*,*,#6412,.T.);
#8745=ORIENTED_EDGE('',*,*,#6413,.T.);
#8746=ORIENTED_EDGE('',*,*,#6414,.F.);
#8747=ORIENTED_EDGE('',*,*,#6415,.F.);
#8748=ORIENTED_EDGE('',*,*,#6416,.T.);
#8749=ORIENTED_EDGE('',*,*,#6417,.T.);
#8750=ORIENTED_EDGE('',*,*,#6418,.F.);
#8751=ORIENTED_EDGE('',*,*,#6419,.F.);
#8752=ORIENTED_EDGE('',*,*,#6420,.T.);
#8753=ORIENTED_EDGE('',*,*,#6421,.T.);
#8754=ORIENTED_EDGE('',*,*,#6422,.F.);
#8755=ORIENTED_EDGE('',*,*,#6423,.F.);
#8756=ORIENTED_EDGE('',*,*,#6424,.T.);
#8757=ORIENTED_EDGE('',*,*,#6425,.T.);
#8758=ORIENTED_EDGE('',*,*,#6426,.F.);
#8759=ORIENTED_EDGE('',*,*,#6427,.F.);
#8760=ORIENTED_EDGE('',*,*,#6428,.T.);
#8761=ORIENTED_EDGE('',*,*,#6429,.T.);
#8762=ORIENTED_EDGE('',*,*,#6430,.F.);
#8763=ORIENTED_EDGE('',*,*,#6431,.F.);
#8764=ORIENTED_EDGE('',*,*,#6432,.T.);
#8765=ORIENTED_EDGE('',*,*,#6433,.T.);
#8766=ORIENTED_EDGE('',*,*,#6434,.F.);
#8767=ORIENTED_EDGE('',*,*,#6435,.F.);
#8768=ORIENTED_EDGE('',*,*,#6436,.T.);
#8769=ORIENTED_EDGE('',*,*,#6437,.T.);
#8770=ORIENTED_EDGE('',*,*,#6438,.F.);
#8771=ORIENTED_EDGE('',*,*,#6439,.F.);
#8772=ORIENTED_EDGE('',*,*,#6440,.T.);
#8773=ORIENTED_EDGE('',*,*,#6441,.T.);
#8774=ORIENTED_EDGE('',*,*,#6442,.F.);
#8775=ORIENTED_EDGE('',*,*,#6443,.F.);
#8776=ORIENTED_EDGE('',*,*,#6444,.T.);
#8777=ORIENTED_EDGE('',*,*,#6445,.T.);
#8778=ORIENTED_EDGE('',*,*,#6446,.F.);
#8779=ORIENTED_EDGE('',*,*,#6447,.F.);
#8780=ORIENTED_EDGE('',*,*,#6448,.T.);
#8781=ORIENTED_EDGE('',*,*,#6449,.T.);
#8782=ORIENTED_EDGE('',*,*,#6450,.F.);
#8783=ORIENTED_EDGE('',*,*,#6451,.F.);
#8784=ORIENTED_EDGE('',*,*,#6452,.T.);
#8785=ORIENTED_EDGE('',*,*,#6453,.T.);
#8786=ORIENTED_EDGE('',*,*,#6454,.F.);
#8787=ORIENTED_EDGE('',*,*,#6455,.F.);
#8788=ORIENTED_EDGE('',*,*,#6456,.F.);
#8789=ORIENTED_EDGE('',*,*,#6457,.T.);
#8790=ORIENTED_EDGE('',*,*,#6458,.F.);
#8791=ORIENTED_EDGE('',*,*,#6459,.F.);
#8792=ORIENTED_EDGE('',*,*,#6460,.F.);
#8793=ORIENTED_EDGE('',*,*,#6461,.T.);
#8794=ORIENTED_EDGE('',*,*,#6462,.F.);
#8795=ORIENTED_EDGE('',*,*,#6463,.F.);
#8796=ORIENTED_EDGE('',*,*,#6464,.F.);
#8797=ORIENTED_EDGE('',*,*,#6465,.T.);
#8798=ORIENTED_EDGE('',*,*,#6466,.F.);
#8799=ORIENTED_EDGE('',*,*,#6467,.F.);
#8800=ORIENTED_EDGE('',*,*,#6468,.F.);
#8801=ORIENTED_EDGE('',*,*,#6469,.T.);
#8802=ORIENTED_EDGE('',*,*,#6470,.F.);
#8803=ORIENTED_EDGE('',*,*,#6471,.F.);
#8804=ORIENTED_EDGE('',*,*,#6472,.F.);
#8805=ORIENTED_EDGE('',*,*,#6473,.T.);
#8806=ORIENTED_EDGE('',*,*,#6474,.F.);
#8807=ORIENTED_EDGE('',*,*,#6475,.F.);
#8808=ORIENTED_EDGE('',*,*,#6476,.F.);
#8809=ORIENTED_EDGE('',*,*,#6477,.T.);
#8810=ORIENTED_EDGE('',*,*,#6478,.F.);
#8811=ORIENTED_EDGE('',*,*,#6479,.F.);
#8812=ORIENTED_EDGE('',*,*,#6480,.F.);
#8813=ORIENTED_EDGE('',*,*,#6481,.T.);
#8814=ORIENTED_EDGE('',*,*,#6482,.F.);
#8815=ORIENTED_EDGE('',*,*,#6483,.F.);
#8816=ORIENTED_EDGE('',*,*,#6484,.F.);
#8817=ORIENTED_EDGE('',*,*,#6485,.T.);
#8818=ORIENTED_EDGE('',*,*,#6486,.F.);
#8819=ORIENTED_EDGE('',*,*,#6487,.F.);
#8820=ORIENTED_EDGE('',*,*,#6488,.F.);
#8821=ORIENTED_EDGE('',*,*,#6489,.T.);
#8822=ORIENTED_EDGE('',*,*,#6490,.F.);
#8823=ORIENTED_EDGE('',*,*,#6491,.F.);
#8824=ORIENTED_EDGE('',*,*,#6492,.F.);
#8825=ORIENTED_EDGE('',*,*,#6493,.T.);
#8826=ORIENTED_EDGE('',*,*,#6494,.F.);
#8827=ORIENTED_EDGE('',*,*,#6495,.F.);
#8828=ORIENTED_EDGE('',*,*,#6496,.F.);
#8829=ORIENTED_EDGE('',*,*,#6497,.T.);
#8830=ORIENTED_EDGE('',*,*,#6498,.F.);
#8831=ORIENTED_EDGE('',*,*,#6499,.F.);
#8832=ORIENTED_EDGE('',*,*,#6500,.F.);
#8833=ORIENTED_EDGE('',*,*,#6501,.T.);
#8834=ORIENTED_EDGE('',*,*,#6502,.F.);
#8835=ORIENTED_EDGE('',*,*,#6503,.F.);
#8836=ORIENTED_EDGE('',*,*,#6504,.F.);
#8837=ORIENTED_EDGE('',*,*,#6505,.T.);
#8838=ORIENTED_EDGE('',*,*,#6506,.F.);
#8839=ORIENTED_EDGE('',*,*,#6507,.F.);
#8840=ORIENTED_EDGE('',*,*,#6508,.F.);
#8841=ORIENTED_EDGE('',*,*,#6509,.T.);
#8842=ORIENTED_EDGE('',*,*,#6510,.F.);
#8843=ORIENTED_EDGE('',*,*,#6511,.F.);
#8844=ORIENTED_EDGE('',*,*,#6512,.T.);
#8845=ORIENTED_EDGE('',*,*,#6513,.F.);
#8846=ORIENTED_EDGE('',*,*,#6514,.F.);
#8847=ORIENTED_EDGE('',*,*,#6515,.F.);
#8848=ORIENTED_EDGE('',*,*,#6516,.T.);
#8849=ORIENTED_EDGE('',*,*,#6517,.F.);
#8850=ORIENTED_EDGE('',*,*,#6518,.F.);
#8851=ORIENTED_EDGE('',*,*,#6519,.F.);
#8852=ORIENTED_EDGE('',*,*,#6520,.T.);
#8853=ORIENTED_EDGE('',*,*,#6521,.F.);
#8854=ORIENTED_EDGE('',*,*,#6522,.F.);
#8855=ORIENTED_EDGE('',*,*,#6523,.F.);
#8856=ORIENTED_EDGE('',*,*,#6524,.T.);
#8857=ORIENTED_EDGE('',*,*,#6525,.F.);
#8858=ORIENTED_EDGE('',*,*,#6526,.F.);
#8859=ORIENTED_EDGE('',*,*,#6527,.F.);
#8860=ORIENTED_EDGE('',*,*,#6528,.T.);
#8861=ORIENTED_EDGE('',*,*,#6529,.F.);
#8862=ORIENTED_EDGE('',*,*,#6530,.F.);
#8863=ORIENTED_EDGE('',*,*,#6531,.F.);
#8864=ORIENTED_EDGE('',*,*,#6532,.T.);
#8865=ORIENTED_EDGE('',*,*,#6533,.F.);
#8866=ORIENTED_EDGE('',*,*,#6534,.F.);
#8867=ORIENTED_EDGE('',*,*,#6535,.F.);
#8868=ORIENTED_EDGE('',*,*,#6536,.T.);
#8869=ORIENTED_EDGE('',*,*,#6537,.F.);
#8870=ORIENTED_EDGE('',*,*,#6538,.F.);
#8871=ORIENTED_EDGE('',*,*,#6539,.F.);
#8872=ORIENTED_EDGE('',*,*,#6540,.T.);
#8873=ORIENTED_EDGE('',*,*,#6541,.F.);
#8874=ORIENTED_EDGE('',*,*,#6542,.F.);
#8875=ORIENTED_EDGE('',*,*,#6543,.F.);
#8876=ORIENTED_EDGE('',*,*,#6544,.T.);
#8877=ORIENTED_EDGE('',*,*,#6545,.F.);
#8878=ORIENTED_EDGE('',*,*,#6546,.F.);
#8879=ORIENTED_EDGE('',*,*,#6547,.F.);
#8880=ORIENTED_EDGE('',*,*,#6548,.T.);
#8881=ORIENTED_EDGE('',*,*,#6549,.F.);
#8882=ORIENTED_EDGE('',*,*,#6550,.F.);
#8883=ORIENTED_EDGE('',*,*,#6551,.F.);
#8884=ORIENTED_EDGE('',*,*,#6552,.T.);
#8885=ORIENTED_EDGE('',*,*,#6553,.F.);
#8886=ORIENTED_EDGE('',*,*,#6554,.F.);
#8887=ORIENTED_EDGE('',*,*,#6555,.F.);
#8888=ORIENTED_EDGE('',*,*,#6556,.T.);
#8889=ORIENTED_EDGE('',*,*,#6557,.F.);
#8890=ORIENTED_EDGE('',*,*,#6558,.F.);
#8891=ORIENTED_EDGE('',*,*,#6559,.F.);
#8892=ORIENTED_EDGE('',*,*,#6560,.T.);
#8893=ORIENTED_EDGE('',*,*,#6561,.F.);
#8894=ORIENTED_EDGE('',*,*,#6562,.F.);
#8895=ORIENTED_EDGE('',*,*,#6563,.F.);
#8896=ORIENTED_EDGE('',*,*,#6564,.F.);
#8897=ORIENTED_EDGE('',*,*,#6565,.F.);
#8898=ORIENTED_EDGE('',*,*,#6566,.F.);
#8899=ORIENTED_EDGE('',*,*,#6347,.F.);
#8900=ORIENTED_EDGE('',*,*,#6301,.F.);
#8901=ORIENTED_EDGE('',*,*,#6567,.F.);
#8902=ORIENTED_EDGE('',*,*,#6568,.F.);
#8903=ORIENTED_EDGE('',*,*,#6569,.F.);
#8904=ORIENTED_EDGE('',*,*,#6570,.T.);
#8905=ORIENTED_EDGE('',*,*,#6571,.F.);
#8906=ORIENTED_EDGE('',*,*,#6572,.F.);
#8907=ORIENTED_EDGE('',*,*,#6573,.T.);
#8908=ORIENTED_EDGE('',*,*,#6574,.T.);
#8909=ORIENTED_EDGE('',*,*,#6571,.T.);
#8910=ORIENTED_EDGE('',*,*,#6575,.T.);
#8911=ORIENTED_EDGE('',*,*,#6576,.T.);
#8912=ORIENTED_EDGE('',*,*,#6577,.F.);
#8913=ORIENTED_EDGE('',*,*,#6578,.T.);
#8914=ORIENTED_EDGE('',*,*,#6579,.T.);
#8915=ORIENTED_EDGE('',*,*,#6580,.T.);
#8916=ORIENTED_EDGE('',*,*,#6581,.F.);
#8917=ORIENTED_EDGE('',*,*,#6582,.T.);
#8918=ORIENTED_EDGE('',*,*,#6583,.T.);
#8919=ORIENTED_EDGE('',*,*,#6584,.T.);
#8920=ORIENTED_EDGE('',*,*,#6585,.F.);
#8921=ORIENTED_EDGE('',*,*,#6586,.T.);
#8922=ORIENTED_EDGE('',*,*,#6587,.T.);
#8923=ORIENTED_EDGE('',*,*,#6588,.F.);
#8924=ORIENTED_EDGE('',*,*,#6589,.T.);
#8925=ORIENTED_EDGE('',*,*,#6590,.T.);
#8926=ORIENTED_EDGE('',*,*,#6577,.T.);
#8927=ORIENTED_EDGE('',*,*,#6591,.T.);
#8928=ORIENTED_EDGE('',*,*,#6581,.T.);
#8929=ORIENTED_EDGE('',*,*,#6592,.T.);
#8930=ORIENTED_EDGE('',*,*,#6593,.F.);
#8931=ORIENTED_EDGE('',*,*,#6594,.T.);
#8932=ORIENTED_EDGE('',*,*,#6595,.T.);
#8933=ORIENTED_EDGE('',*,*,#6596,.F.);
#8934=ORIENTED_EDGE('',*,*,#6597,.T.);
#8935=ORIENTED_EDGE('',*,*,#6585,.T.);
#8936=ORIENTED_EDGE('',*,*,#6598,.T.);
#8937=ORIENTED_EDGE('',*,*,#6599,.F.);
#8938=ORIENTED_EDGE('',*,*,#6600,.T.);
#8939=ORIENTED_EDGE('',*,*,#6588,.T.);
#8940=ORIENTED_EDGE('',*,*,#6601,.T.);
#8941=ORIENTED_EDGE('',*,*,#6593,.T.);
#8942=ORIENTED_EDGE('',*,*,#6602,.T.);
#8943=ORIENTED_EDGE('',*,*,#6603,.F.);
#8944=ORIENTED_EDGE('',*,*,#6604,.T.);
#8945=ORIENTED_EDGE('',*,*,#6596,.T.);
#8946=ORIENTED_EDGE('',*,*,#6605,.T.);
#8947=ORIENTED_EDGE('',*,*,#6606,.F.);
#8948=ORIENTED_EDGE('',*,*,#6607,.T.);
#8949=ORIENTED_EDGE('',*,*,#6608,.T.);
#8950=ORIENTED_EDGE('',*,*,#6609,.T.);
#8951=ORIENTED_EDGE('',*,*,#6610,.T.);
#8952=ORIENTED_EDGE('',*,*,#6611,.T.);
#8953=ORIENTED_EDGE('',*,*,#6612,.T.);
#8954=ORIENTED_EDGE('',*,*,#6599,.T.);
#8955=ORIENTED_EDGE('',*,*,#6613,.T.);
#8956=ORIENTED_EDGE('',*,*,#6603,.T.);
#8957=ORIENTED_EDGE('',*,*,#6614,.T.);
#8958=ORIENTED_EDGE('',*,*,#6568,.T.);
#8959=ORIENTED_EDGE('',*,*,#6615,.T.);
#8960=ORIENTED_EDGE('',*,*,#6606,.T.);
#8961=ORIENTED_EDGE('',*,*,#6616,.T.);
#8962=ORIENTED_EDGE('',*,*,#6617,.T.);
#8963=ORIENTED_EDGE('',*,*,#6618,.T.);
#8964=ORIENTED_EDGE('',*,*,#6619,.T.);
#8965=ORIENTED_EDGE('',*,*,#6620,.T.);
#8966=ORIENTED_EDGE('',*,*,#6621,.F.);
#8967=ORIENTED_EDGE('',*,*,#6564,.T.);
#8968=ORIENTED_EDGE('',*,*,#6622,.F.);
#8969=ORIENTED_EDGE('',*,*,#6623,.F.);
#8970=ORIENTED_EDGE('',*,*,#6572,.T.);
#8971=ORIENTED_EDGE('',*,*,#6574,.F.);
#8972=ORIENTED_EDGE('',*,*,#6624,.F.);
#8973=ORIENTED_EDGE('',*,*,#6565,.T.);
#8974=ORIENTED_EDGE('',*,*,#6621,.T.);
#8975=ORIENTED_EDGE('',*,*,#6625,.F.);
#8976=ORIENTED_EDGE('',*,*,#6626,.F.);
#8977=ORIENTED_EDGE('',*,*,#6627,.T.);
#8978=ORIENTED_EDGE('',*,*,#6625,.T.);
#8979=ORIENTED_EDGE('',*,*,#6624,.T.);
#8980=ORIENTED_EDGE('',*,*,#6573,.F.);
#8981=ORIENTED_EDGE('',*,*,#6628,.F.);
#8982=ORIENTED_EDGE('',*,*,#6594,.F.);
#8983=ORIENTED_EDGE('',*,*,#6604,.F.);
#8984=ORIENTED_EDGE('',*,*,#6615,.F.);
#8985=ORIENTED_EDGE('',*,*,#6629,.F.);
#8986=ORIENTED_EDGE('',*,*,#6306,.F.);
#8987=ORIENTED_EDGE('',*,*,#6316,.F.);
#8988=ORIENTED_EDGE('',*,*,#6326,.F.);
#8989=ORIENTED_EDGE('',*,*,#6630,.F.);
#8990=ORIENTED_EDGE('',*,*,#6333,.F.);
#8991=ORIENTED_EDGE('',*,*,#6351,.F.);
#8992=ORIENTED_EDGE('',*,*,#6325,.F.);
#8993=ORIENTED_EDGE('',*,*,#6314,.F.);
#8994=ORIENTED_EDGE('',*,*,#6304,.F.);
#8995=ORIENTED_EDGE('',*,*,#6631,.F.);
#8996=ORIENTED_EDGE('',*,*,#6335,.F.);
#8997=ORIENTED_EDGE('',*,*,#6317,.F.);
#8998=ORIENTED_EDGE('',*,*,#6334,.F.);
#8999=ORIENTED_EDGE('',*,*,#6630,.T.);
#9000=ORIENTED_EDGE('',*,*,#6620,.F.);
#9001=ORIENTED_EDGE('',*,*,#6632,.F.);
#9002=ORIENTED_EDGE('',*,*,#6307,.F.);
#9003=ORIENTED_EDGE('',*,*,#6629,.T.);
#9004=ORIENTED_EDGE('',*,*,#6584,.F.);
#9005=ORIENTED_EDGE('',*,*,#6633,.F.);
#9006=ORIENTED_EDGE('',*,*,#6616,.F.);
#9007=ORIENTED_EDGE('',*,*,#6605,.F.);
#9008=ORIENTED_EDGE('',*,*,#6595,.F.);
#9009=ORIENTED_EDGE('',*,*,#6628,.T.);
#9010=ORIENTED_EDGE('',*,*,#6586,.F.);
#9011=ORIENTED_EDGE('',*,*,#6597,.F.);
#9012=ORIENTED_EDGE('',*,*,#6310,.F.);
#9013=ORIENTED_EDGE('',*,*,#6634,.F.);
#9014=ORIENTED_EDGE('',*,*,#6336,.F.);
#9015=ORIENTED_EDGE('',*,*,#6631,.T.);
#9016=ORIENTED_EDGE('',*,*,#6619,.F.);
#9017=ORIENTED_EDGE('',*,*,#6635,.F.);
#9018=ORIENTED_EDGE('',*,*,#6308,.F.);
#9019=ORIENTED_EDGE('',*,*,#6632,.T.);
#9020=ORIENTED_EDGE('',*,*,#6610,.F.);
#9021=ORIENTED_EDGE('',*,*,#6636,.F.);
#9022=ORIENTED_EDGE('',*,*,#6295,.F.);
#9023=ORIENTED_EDGE('',*,*,#6637,.F.);
#9024=ORIENTED_EDGE('',*,*,#6338,.F.);
#9025=ORIENTED_EDGE('',*,*,#6319,.F.);
#9026=ORIENTED_EDGE('',*,*,#6312,.F.);
#9027=ORIENTED_EDGE('',*,*,#6302,.F.);
#9028=ORIENTED_EDGE('',*,*,#6569,.T.);
#9029=ORIENTED_EDGE('',*,*,#6614,.F.);
#9030=ORIENTED_EDGE('',*,*,#6602,.F.);
#9031=ORIENTED_EDGE('',*,*,#6592,.F.);
#9032=ORIENTED_EDGE('',*,*,#6580,.F.);
#9033=ORIENTED_EDGE('',*,*,#6638,.F.);
#9034=ORIENTED_EDGE('',*,*,#6294,.F.);
#9035=ORIENTED_EDGE('',*,*,#6639,.F.);
#9036=ORIENTED_EDGE('',*,*,#6339,.F.);
#9037=ORIENTED_EDGE('',*,*,#6637,.T.);
#9038=ORIENTED_EDGE('',*,*,#6611,.F.);
#9039=ORIENTED_EDGE('',*,*,#6638,.T.);
#9040=ORIENTED_EDGE('',*,*,#6579,.F.);
#9041=ORIENTED_EDGE('',*,*,#6640,.F.);
#9042=ORIENTED_EDGE('',*,*,#6609,.F.);
#9043=ORIENTED_EDGE('',*,*,#6641,.F.);
#9044=ORIENTED_EDGE('',*,*,#6296,.F.);
#9045=ORIENTED_EDGE('',*,*,#6636,.T.);
#9046=ORIENTED_EDGE('',*,*,#6293,.F.);
#9047=ORIENTED_EDGE('',*,*,#6341,.F.);
#9048=ORIENTED_EDGE('',*,*,#6322,.F.);
#9049=ORIENTED_EDGE('',*,*,#6642,.F.);
#9050=ORIENTED_EDGE('',*,*,#6329,.F.);
#9051=ORIENTED_EDGE('',*,*,#6340,.F.);
#9052=ORIENTED_EDGE('',*,*,#6327,.F.);
#9053=ORIENTED_EDGE('',*,*,#6639,.T.);
#9054=ORIENTED_EDGE('',*,*,#6589,.F.);
#9055=ORIENTED_EDGE('',*,*,#6600,.F.);
#9056=ORIENTED_EDGE('',*,*,#6612,.F.);
#9057=ORIENTED_EDGE('',*,*,#6640,.T.);
#9058=ORIENTED_EDGE('',*,*,#6578,.F.);
#9059=ORIENTED_EDGE('',*,*,#6590,.F.);
#9060=ORIENTED_EDGE('',*,*,#6576,.F.);
#9061=ORIENTED_EDGE('',*,*,#6643,.F.);
#9062=ORIENTED_EDGE('',*,*,#6608,.F.);
#9063=ORIENTED_EDGE('',*,*,#6644,.F.);
#9064=ORIENTED_EDGE('',*,*,#6297,.F.);
#9065=ORIENTED_EDGE('',*,*,#6641,.T.);
#9066=ORIENTED_EDGE('',*,*,#6343,.F.);
#9067=ORIENTED_EDGE('',*,*,#6353,.F.);
#9068=ORIENTED_EDGE('',*,*,#6330,.F.);
#9069=ORIENTED_EDGE('',*,*,#6642,.T.);
#9070=ORIENTED_EDGE('',*,*,#6324,.F.);
#9071=ORIENTED_EDGE('',*,*,#6342,.F.);
#9072=ORIENTED_EDGE('',*,*,#6298,.F.);
#9073=ORIENTED_EDGE('',*,*,#6644,.T.);
#9074=ORIENTED_EDGE('',*,*,#6607,.F.);
#9075=ORIENTED_EDGE('',*,*,#6598,.F.);
#9076=ORIENTED_EDGE('',*,*,#6587,.F.);
#9077=ORIENTED_EDGE('',*,*,#6643,.T.);
#9078=ORIENTED_EDGE('',*,*,#6575,.F.);
#9079=ORIENTED_EDGE('',*,*,#6570,.F.);
#9080=ORIENTED_EDGE('',*,*,#6623,.T.);
#9081=ORIENTED_EDGE('',*,*,#6645,.F.);
#9082=ORIENTED_EDGE('',*,*,#6646,.T.);
#9083=ORIENTED_EDGE('',*,*,#6647,.T.);
#9084=ORIENTED_EDGE('',*,*,#6645,.T.);
#9085=ORIENTED_EDGE('',*,*,#6622,.T.);
#9086=ORIENTED_EDGE('',*,*,#6563,.T.);
#9087=ORIENTED_EDGE('',*,*,#6647,.F.);
#9088=ORIENTED_EDGE('',*,*,#6562,.T.);
#9089=ORIENTED_EDGE('',*,*,#6346,.F.);
#9090=ORIENTED_EDGE('',*,*,#6345,.F.);
#9091=ORIENTED_EDGE('',*,*,#6344,.T.);
#9092=ORIENTED_EDGE('',*,*,#6646,.F.);
#9093=ORIENTED_EDGE('',*,*,#6582,.F.);
#9094=ORIENTED_EDGE('',*,*,#6591,.F.);
#9095=ORIENTED_EDGE('',*,*,#6601,.F.);
#9096=ORIENTED_EDGE('',*,*,#6613,.F.);
#9097=ORIENTED_EDGE('',*,*,#6567,.T.);
#9098=ORIENTED_EDGE('',*,*,#6300,.F.);
#9099=ORIENTED_EDGE('',*,*,#6311,.F.);
#9100=ORIENTED_EDGE('',*,*,#6321,.F.);
#9101=ORIENTED_EDGE('',*,*,#6337,.F.);
#9102=ORIENTED_EDGE('',*,*,#6634,.T.);
#9103=ORIENTED_EDGE('',*,*,#6309,.F.);
#9104=ORIENTED_EDGE('',*,*,#6635,.T.);
#9105=ORIENTED_EDGE('',*,*,#6618,.F.);
#9106=ORIENTED_EDGE('',*,*,#6648,.T.);
#9107=ORIENTED_EDGE('',*,*,#6583,.F.);
#9108=ORIENTED_EDGE('',*,*,#6648,.F.);
#9109=ORIENTED_EDGE('',*,*,#6617,.F.);
#9110=ORIENTED_EDGE('',*,*,#6633,.T.);
#9111=ORIENTED_EDGE('',*,*,#6627,.F.);
#9112=ORIENTED_EDGE('',*,*,#6350,.F.);
#9113=ORIENTED_EDGE('',*,*,#6349,.T.);
#9114=ORIENTED_EDGE('',*,*,#6348,.F.);
#9115=ORIENTED_EDGE('',*,*,#6566,.T.);
#9116=ORIENTED_EDGE('',*,*,#6626,.T.);
#9117=ORIENTED_EDGE('',*,*,#6649,.T.);
#9118=ORIENTED_EDGE('',*,*,#6650,.T.);
#9119=ORIENTED_EDGE('',*,*,#6531,.T.);
#9120=ORIENTED_EDGE('',*,*,#6651,.F.);
#9121=ORIENTED_EDGE('',*,*,#6652,.T.);
#9122=ORIENTED_EDGE('',*,*,#6651,.T.);
#9123=ORIENTED_EDGE('',*,*,#6530,.T.);
#9124=ORIENTED_EDGE('',*,*,#6653,.F.);
#9125=ORIENTED_EDGE('',*,*,#6654,.T.);
#9126=ORIENTED_EDGE('',*,*,#6653,.T.);
#9127=ORIENTED_EDGE('',*,*,#6529,.T.);
#9128=ORIENTED_EDGE('',*,*,#6655,.T.);
#9129=ORIENTED_EDGE('',*,*,#6656,.T.);
#9130=ORIENTED_EDGE('',*,*,#6657,.T.);
#9131=ORIENTED_EDGE('',*,*,#6527,.T.);
#9132=ORIENTED_EDGE('',*,*,#6658,.F.);
#9133=ORIENTED_EDGE('',*,*,#6659,.T.);
#9134=ORIENTED_EDGE('',*,*,#6658,.T.);
#9135=ORIENTED_EDGE('',*,*,#6526,.T.);
#9136=ORIENTED_EDGE('',*,*,#6660,.F.);
#9137=ORIENTED_EDGE('',*,*,#6661,.T.);
#9138=ORIENTED_EDGE('',*,*,#6660,.T.);
#9139=ORIENTED_EDGE('',*,*,#6525,.T.);
#9140=ORIENTED_EDGE('',*,*,#6662,.T.);
#9141=ORIENTED_EDGE('',*,*,#6663,.T.);
#9142=ORIENTED_EDGE('',*,*,#6664,.T.);
#9143=ORIENTED_EDGE('',*,*,#6523,.T.);
#9144=ORIENTED_EDGE('',*,*,#6665,.F.);
#9145=ORIENTED_EDGE('',*,*,#6666,.T.);
#9146=ORIENTED_EDGE('',*,*,#6665,.T.);
#9147=ORIENTED_EDGE('',*,*,#6522,.T.);
#9148=ORIENTED_EDGE('',*,*,#6667,.F.);
#9149=ORIENTED_EDGE('',*,*,#6668,.T.);
#9150=ORIENTED_EDGE('',*,*,#6667,.T.);
#9151=ORIENTED_EDGE('',*,*,#6521,.T.);
#9152=ORIENTED_EDGE('',*,*,#6669,.T.);
#9153=ORIENTED_EDGE('',*,*,#6670,.T.);
#9154=ORIENTED_EDGE('',*,*,#6671,.T.);
#9155=ORIENTED_EDGE('',*,*,#6519,.T.);
#9156=ORIENTED_EDGE('',*,*,#6672,.F.);
#9157=ORIENTED_EDGE('',*,*,#6673,.T.);
#9158=ORIENTED_EDGE('',*,*,#6672,.T.);
#9159=ORIENTED_EDGE('',*,*,#6518,.T.);
#9160=ORIENTED_EDGE('',*,*,#6674,.F.);
#9161=ORIENTED_EDGE('',*,*,#6675,.T.);
#9162=ORIENTED_EDGE('',*,*,#6674,.T.);
#9163=ORIENTED_EDGE('',*,*,#6517,.T.);
#9164=ORIENTED_EDGE('',*,*,#6676,.T.);
#9165=ORIENTED_EDGE('',*,*,#6677,.T.);
#9166=ORIENTED_EDGE('',*,*,#6678,.T.);
#9167=ORIENTED_EDGE('',*,*,#6515,.T.);
#9168=ORIENTED_EDGE('',*,*,#6679,.F.);
#9169=ORIENTED_EDGE('',*,*,#6680,.T.);
#9170=ORIENTED_EDGE('',*,*,#6679,.T.);
#9171=ORIENTED_EDGE('',*,*,#6514,.T.);
#9172=ORIENTED_EDGE('',*,*,#6681,.F.);
#9173=ORIENTED_EDGE('',*,*,#6682,.T.);
#9174=ORIENTED_EDGE('',*,*,#6681,.T.);
#9175=ORIENTED_EDGE('',*,*,#6513,.T.);
#9176=ORIENTED_EDGE('',*,*,#6683,.T.);
#9177=ORIENTED_EDGE('',*,*,#6684,.T.);
#9178=ORIENTED_EDGE('',*,*,#6685,.T.);
#9179=ORIENTED_EDGE('',*,*,#6511,.T.);
#9180=ORIENTED_EDGE('',*,*,#6686,.F.);
#9181=ORIENTED_EDGE('',*,*,#6687,.T.);
#9182=ORIENTED_EDGE('',*,*,#6686,.T.);
#9183=ORIENTED_EDGE('',*,*,#6510,.T.);
#9184=ORIENTED_EDGE('',*,*,#6688,.T.);
#9185=ORIENTED_EDGE('',*,*,#6689,.T.);
#9186=ORIENTED_EDGE('',*,*,#6690,.T.);
#9187=ORIENTED_EDGE('',*,*,#6559,.T.);
#9188=ORIENTED_EDGE('',*,*,#6691,.F.);
#9189=ORIENTED_EDGE('',*,*,#6692,.T.);
#9190=ORIENTED_EDGE('',*,*,#6691,.T.);
#9191=ORIENTED_EDGE('',*,*,#6558,.T.);
#9192=ORIENTED_EDGE('',*,*,#6693,.F.);
#9193=ORIENTED_EDGE('',*,*,#6694,.T.);
#9194=ORIENTED_EDGE('',*,*,#6693,.T.);
#9195=ORIENTED_EDGE('',*,*,#6557,.T.);
#9196=ORIENTED_EDGE('',*,*,#6695,.T.);
#9197=ORIENTED_EDGE('',*,*,#6696,.T.);
#9198=ORIENTED_EDGE('',*,*,#6697,.T.);
#9199=ORIENTED_EDGE('',*,*,#6555,.T.);
#9200=ORIENTED_EDGE('',*,*,#6698,.F.);
#9201=ORIENTED_EDGE('',*,*,#6699,.T.);
#9202=ORIENTED_EDGE('',*,*,#6698,.T.);
#9203=ORIENTED_EDGE('',*,*,#6554,.T.);
#9204=ORIENTED_EDGE('',*,*,#6700,.F.);
#9205=ORIENTED_EDGE('',*,*,#6701,.T.);
#9206=ORIENTED_EDGE('',*,*,#6700,.T.);
#9207=ORIENTED_EDGE('',*,*,#6553,.T.);
#9208=ORIENTED_EDGE('',*,*,#6702,.T.);
#9209=ORIENTED_EDGE('',*,*,#6703,.T.);
#9210=ORIENTED_EDGE('',*,*,#6704,.T.);
#9211=ORIENTED_EDGE('',*,*,#6551,.T.);
#9212=ORIENTED_EDGE('',*,*,#6705,.F.);
#9213=ORIENTED_EDGE('',*,*,#6706,.T.);
#9214=ORIENTED_EDGE('',*,*,#6705,.T.);
#9215=ORIENTED_EDGE('',*,*,#6550,.T.);
#9216=ORIENTED_EDGE('',*,*,#6707,.F.);
#9217=ORIENTED_EDGE('',*,*,#6708,.T.);
#9218=ORIENTED_EDGE('',*,*,#6707,.T.);
#9219=ORIENTED_EDGE('',*,*,#6549,.T.);
#9220=ORIENTED_EDGE('',*,*,#6709,.T.);
#9221=ORIENTED_EDGE('',*,*,#6710,.T.);
#9222=ORIENTED_EDGE('',*,*,#6711,.T.);
#9223=ORIENTED_EDGE('',*,*,#6547,.T.);
#9224=ORIENTED_EDGE('',*,*,#6712,.F.);
#9225=ORIENTED_EDGE('',*,*,#6713,.T.);
#9226=ORIENTED_EDGE('',*,*,#6712,.T.);
#9227=ORIENTED_EDGE('',*,*,#6546,.T.);
#9228=ORIENTED_EDGE('',*,*,#6714,.F.);
#9229=ORIENTED_EDGE('',*,*,#6715,.T.);
#9230=ORIENTED_EDGE('',*,*,#6714,.T.);
#9231=ORIENTED_EDGE('',*,*,#6545,.T.);
#9232=ORIENTED_EDGE('',*,*,#6716,.T.);
#9233=ORIENTED_EDGE('',*,*,#6717,.T.);
#9234=ORIENTED_EDGE('',*,*,#6718,.T.);
#9235=ORIENTED_EDGE('',*,*,#6543,.T.);
#9236=ORIENTED_EDGE('',*,*,#6719,.F.);
#9237=ORIENTED_EDGE('',*,*,#6720,.T.);
#9238=ORIENTED_EDGE('',*,*,#6719,.T.);
#9239=ORIENTED_EDGE('',*,*,#6542,.T.);
#9240=ORIENTED_EDGE('',*,*,#6721,.F.);
#9241=ORIENTED_EDGE('',*,*,#6722,.T.);
#9242=ORIENTED_EDGE('',*,*,#6721,.T.);
#9243=ORIENTED_EDGE('',*,*,#6541,.T.);
#9244=ORIENTED_EDGE('',*,*,#6723,.T.);
#9245=ORIENTED_EDGE('',*,*,#6724,.T.);
#9246=ORIENTED_EDGE('',*,*,#6725,.T.);
#9247=ORIENTED_EDGE('',*,*,#6539,.T.);
#9248=ORIENTED_EDGE('',*,*,#6726,.F.);
#9249=ORIENTED_EDGE('',*,*,#6727,.T.);
#9250=ORIENTED_EDGE('',*,*,#6726,.T.);
#9251=ORIENTED_EDGE('',*,*,#6538,.T.);
#9252=ORIENTED_EDGE('',*,*,#6728,.F.);
#9253=ORIENTED_EDGE('',*,*,#6729,.T.);
#9254=ORIENTED_EDGE('',*,*,#6728,.T.);
#9255=ORIENTED_EDGE('',*,*,#6537,.T.);
#9256=ORIENTED_EDGE('',*,*,#6730,.T.);
#9257=ORIENTED_EDGE('',*,*,#6731,.T.);
#9258=ORIENTED_EDGE('',*,*,#6732,.T.);
#9259=ORIENTED_EDGE('',*,*,#6535,.T.);
#9260=ORIENTED_EDGE('',*,*,#6733,.F.);
#9261=ORIENTED_EDGE('',*,*,#6734,.T.);
#9262=ORIENTED_EDGE('',*,*,#6733,.T.);
#9263=ORIENTED_EDGE('',*,*,#6534,.T.);
#9264=ORIENTED_EDGE('',*,*,#6735,.F.);
#9265=ORIENTED_EDGE('',*,*,#6736,.T.);
#9266=ORIENTED_EDGE('',*,*,#6735,.T.);
#9267=ORIENTED_EDGE('',*,*,#6533,.T.);
#9268=ORIENTED_EDGE('',*,*,#6737,.T.);
#9269=ORIENTED_EDGE('',*,*,#6688,.F.);
#9270=ORIENTED_EDGE('',*,*,#6509,.F.);
#9271=ORIENTED_EDGE('',*,*,#6738,.F.);
#9272=ORIENTED_EDGE('',*,*,#6739,.T.);
#9273=ORIENTED_EDGE('',*,*,#6740,.T.);
#9274=ORIENTED_EDGE('',*,*,#6689,.F.);
#9275=ORIENTED_EDGE('',*,*,#6692,.F.);
#9276=ORIENTED_EDGE('',*,*,#6694,.F.);
#9277=ORIENTED_EDGE('',*,*,#6741,.T.);
#9278=ORIENTED_EDGE('',*,*,#6696,.F.);
#9279=ORIENTED_EDGE('',*,*,#6699,.F.);
#9280=ORIENTED_EDGE('',*,*,#6701,.F.);
#9281=ORIENTED_EDGE('',*,*,#6742,.T.);
#9282=ORIENTED_EDGE('',*,*,#6703,.F.);
#9283=ORIENTED_EDGE('',*,*,#6706,.F.);
#9284=ORIENTED_EDGE('',*,*,#6708,.F.);
#9285=ORIENTED_EDGE('',*,*,#6743,.T.);
#9286=ORIENTED_EDGE('',*,*,#6710,.F.);
#9287=ORIENTED_EDGE('',*,*,#6713,.F.);
#9288=ORIENTED_EDGE('',*,*,#6715,.F.);
#9289=ORIENTED_EDGE('',*,*,#6744,.T.);
#9290=ORIENTED_EDGE('',*,*,#6717,.F.);
#9291=ORIENTED_EDGE('',*,*,#6720,.F.);
#9292=ORIENTED_EDGE('',*,*,#6722,.F.);
#9293=ORIENTED_EDGE('',*,*,#6745,.T.);
#9294=ORIENTED_EDGE('',*,*,#6724,.F.);
#9295=ORIENTED_EDGE('',*,*,#6727,.F.);
#9296=ORIENTED_EDGE('',*,*,#6729,.F.);
#9297=ORIENTED_EDGE('',*,*,#6746,.T.);
#9298=ORIENTED_EDGE('',*,*,#6731,.F.);
#9299=ORIENTED_EDGE('',*,*,#6734,.F.);
#9300=ORIENTED_EDGE('',*,*,#6736,.F.);
#9301=ORIENTED_EDGE('',*,*,#6747,.T.);
#9302=ORIENTED_EDGE('',*,*,#6649,.F.);
#9303=ORIENTED_EDGE('',*,*,#6652,.F.);
#9304=ORIENTED_EDGE('',*,*,#6654,.F.);
#9305=ORIENTED_EDGE('',*,*,#6748,.T.);
#9306=ORIENTED_EDGE('',*,*,#6656,.F.);
#9307=ORIENTED_EDGE('',*,*,#6659,.F.);
#9308=ORIENTED_EDGE('',*,*,#6661,.F.);
#9309=ORIENTED_EDGE('',*,*,#6749,.T.);
#9310=ORIENTED_EDGE('',*,*,#6663,.F.);
#9311=ORIENTED_EDGE('',*,*,#6666,.F.);
#9312=ORIENTED_EDGE('',*,*,#6668,.F.);
#9313=ORIENTED_EDGE('',*,*,#6750,.T.);
#9314=ORIENTED_EDGE('',*,*,#6670,.F.);
#9315=ORIENTED_EDGE('',*,*,#6673,.F.);
#9316=ORIENTED_EDGE('',*,*,#6675,.F.);
#9317=ORIENTED_EDGE('',*,*,#6751,.T.);
#9318=ORIENTED_EDGE('',*,*,#6677,.F.);
#9319=ORIENTED_EDGE('',*,*,#6680,.F.);
#9320=ORIENTED_EDGE('',*,*,#6682,.F.);
#9321=ORIENTED_EDGE('',*,*,#6752,.T.);
#9322=ORIENTED_EDGE('',*,*,#6684,.F.);
#9323=ORIENTED_EDGE('',*,*,#6687,.F.);
#9324=ORIENTED_EDGE('',*,*,#6739,.F.);
#9325=ORIENTED_EDGE('',*,*,#6753,.F.);
#9326=ORIENTED_EDGE('',*,*,#6754,.F.);
#9327=ORIENTED_EDGE('',*,*,#6755,.F.);
#9328=ORIENTED_EDGE('',*,*,#6756,.F.);
#9329=ORIENTED_EDGE('',*,*,#6757,.F.);
#9330=ORIENTED_EDGE('',*,*,#6758,.F.);
#9331=ORIENTED_EDGE('',*,*,#6759,.F.);
#9332=ORIENTED_EDGE('',*,*,#6760,.F.);
#9333=ORIENTED_EDGE('',*,*,#6761,.F.);
#9334=ORIENTED_EDGE('',*,*,#6762,.F.);
#9335=ORIENTED_EDGE('',*,*,#6763,.F.);
#9336=ORIENTED_EDGE('',*,*,#6764,.F.);
#9337=ORIENTED_EDGE('',*,*,#6765,.F.);
#9338=ORIENTED_EDGE('',*,*,#6766,.F.);
#9339=ORIENTED_EDGE('',*,*,#6767,.F.);
#9340=ORIENTED_EDGE('',*,*,#6768,.F.);
#9341=ORIENTED_EDGE('',*,*,#6769,.F.);
#9342=ORIENTED_EDGE('',*,*,#6770,.F.);
#9343=ORIENTED_EDGE('',*,*,#6771,.F.);
#9344=ORIENTED_EDGE('',*,*,#6772,.F.);
#9345=ORIENTED_EDGE('',*,*,#6773,.F.);
#9346=ORIENTED_EDGE('',*,*,#6774,.F.);
#9347=ORIENTED_EDGE('',*,*,#6775,.F.);
#9348=ORIENTED_EDGE('',*,*,#6776,.F.);
#9349=ORIENTED_EDGE('',*,*,#6777,.F.);
#9350=ORIENTED_EDGE('',*,*,#6778,.F.);
#9351=ORIENTED_EDGE('',*,*,#6779,.F.);
#9352=ORIENTED_EDGE('',*,*,#6780,.F.);
#9353=ORIENTED_EDGE('',*,*,#6781,.F.);
#9354=ORIENTED_EDGE('',*,*,#6782,.F.);
#9355=ORIENTED_EDGE('',*,*,#6783,.F.);
#9356=ORIENTED_EDGE('',*,*,#6784,.F.);
#9357=ORIENTED_EDGE('',*,*,#6785,.F.);
#9358=ORIENTED_EDGE('',*,*,#6786,.F.);
#9359=ORIENTED_EDGE('',*,*,#6787,.F.);
#9360=ORIENTED_EDGE('',*,*,#6788,.F.);
#9361=ORIENTED_EDGE('',*,*,#6789,.F.);
#9362=ORIENTED_EDGE('',*,*,#6790,.F.);
#9363=ORIENTED_EDGE('',*,*,#6791,.F.);
#9364=ORIENTED_EDGE('',*,*,#6792,.F.);
#9365=ORIENTED_EDGE('',*,*,#6793,.F.);
#9366=ORIENTED_EDGE('',*,*,#6794,.F.);
#9367=ORIENTED_EDGE('',*,*,#6795,.F.);
#9368=ORIENTED_EDGE('',*,*,#6796,.F.);
#9369=ORIENTED_EDGE('',*,*,#6797,.F.);
#9370=ORIENTED_EDGE('',*,*,#6798,.F.);
#9371=ORIENTED_EDGE('',*,*,#6799,.F.);
#9372=ORIENTED_EDGE('',*,*,#6800,.F.);
#9373=ORIENTED_EDGE('',*,*,#6801,.F.);
#9374=ORIENTED_EDGE('',*,*,#6802,.F.);
#9375=ORIENTED_EDGE('',*,*,#6803,.F.);
#9376=ORIENTED_EDGE('',*,*,#6804,.F.);
#9377=ORIENTED_EDGE('',*,*,#6805,.F.);
#9378=ORIENTED_EDGE('',*,*,#6806,.T.);
#9379=ORIENTED_EDGE('',*,*,#6807,.F.);
#9380=ORIENTED_EDGE('',*,*,#6808,.F.);
#9381=ORIENTED_EDGE('',*,*,#6809,.T.);
#9382=ORIENTED_EDGE('',*,*,#6810,.T.);
#9383=ORIENTED_EDGE('',*,*,#6811,.F.);
#9384=ORIENTED_EDGE('',*,*,#6812,.F.);
#9385=ORIENTED_EDGE('',*,*,#6813,.T.);
#9386=ORIENTED_EDGE('',*,*,#6814,.T.);
#9387=ORIENTED_EDGE('',*,*,#6815,.F.);
#9388=ORIENTED_EDGE('',*,*,#6816,.F.);
#9389=ORIENTED_EDGE('',*,*,#6817,.T.);
#9390=ORIENTED_EDGE('',*,*,#6818,.T.);
#9391=ORIENTED_EDGE('',*,*,#6819,.F.);
#9392=ORIENTED_EDGE('',*,*,#6820,.F.);
#9393=ORIENTED_EDGE('',*,*,#6821,.T.);
#9394=ORIENTED_EDGE('',*,*,#6822,.T.);
#9395=ORIENTED_EDGE('',*,*,#6823,.F.);
#9396=ORIENTED_EDGE('',*,*,#6824,.F.);
#9397=ORIENTED_EDGE('',*,*,#6825,.T.);
#9398=ORIENTED_EDGE('',*,*,#6826,.T.);
#9399=ORIENTED_EDGE('',*,*,#6827,.F.);
#9400=ORIENTED_EDGE('',*,*,#6828,.F.);
#9401=ORIENTED_EDGE('',*,*,#6829,.T.);
#9402=ORIENTED_EDGE('',*,*,#6830,.T.);
#9403=ORIENTED_EDGE('',*,*,#6831,.F.);
#9404=ORIENTED_EDGE('',*,*,#6832,.F.);
#9405=ORIENTED_EDGE('',*,*,#6833,.T.);
#9406=ORIENTED_EDGE('',*,*,#6834,.T.);
#9407=ORIENTED_EDGE('',*,*,#6835,.F.);
#9408=ORIENTED_EDGE('',*,*,#6836,.F.);
#9409=ORIENTED_EDGE('',*,*,#6837,.T.);
#9410=ORIENTED_EDGE('',*,*,#6838,.T.);
#9411=ORIENTED_EDGE('',*,*,#6839,.F.);
#9412=ORIENTED_EDGE('',*,*,#6840,.F.);
#9413=ORIENTED_EDGE('',*,*,#6841,.T.);
#9414=ORIENTED_EDGE('',*,*,#6842,.T.);
#9415=ORIENTED_EDGE('',*,*,#6843,.F.);
#9416=ORIENTED_EDGE('',*,*,#6844,.F.);
#9417=ORIENTED_EDGE('',*,*,#6845,.T.);
#9418=ORIENTED_EDGE('',*,*,#6846,.T.);
#9419=ORIENTED_EDGE('',*,*,#6847,.F.);
#9420=ORIENTED_EDGE('',*,*,#6848,.F.);
#9421=ORIENTED_EDGE('',*,*,#6849,.T.);
#9422=ORIENTED_EDGE('',*,*,#6850,.T.);
#9423=ORIENTED_EDGE('',*,*,#6851,.F.);
#9424=ORIENTED_EDGE('',*,*,#6852,.F.);
#9425=ORIENTED_EDGE('',*,*,#6853,.T.);
#9426=ORIENTED_EDGE('',*,*,#6854,.T.);
#9427=ORIENTED_EDGE('',*,*,#6855,.F.);
#9428=ORIENTED_EDGE('',*,*,#6856,.T.);
#9429=ORIENTED_EDGE('',*,*,#6857,.F.);
#9430=ORIENTED_EDGE('',*,*,#6858,.F.);
#9431=ORIENTED_EDGE('',*,*,#6859,.F.);
#9432=ORIENTED_EDGE('',*,*,#6860,.T.);
#9433=ORIENTED_EDGE('',*,*,#6861,.F.);
#9434=ORIENTED_EDGE('',*,*,#6862,.F.);
#9435=ORIENTED_EDGE('',*,*,#6863,.F.);
#9436=ORIENTED_EDGE('',*,*,#6864,.T.);
#9437=ORIENTED_EDGE('',*,*,#6865,.F.);
#9438=ORIENTED_EDGE('',*,*,#6866,.F.);
#9439=ORIENTED_EDGE('',*,*,#6867,.F.);
#9440=ORIENTED_EDGE('',*,*,#6868,.T.);
#9441=ORIENTED_EDGE('',*,*,#6869,.F.);
#9442=ORIENTED_EDGE('',*,*,#6870,.F.);
#9443=ORIENTED_EDGE('',*,*,#6871,.F.);
#9444=ORIENTED_EDGE('',*,*,#6872,.T.);
#9445=ORIENTED_EDGE('',*,*,#6873,.F.);
#9446=ORIENTED_EDGE('',*,*,#6874,.F.);
#9447=ORIENTED_EDGE('',*,*,#6875,.F.);
#9448=ORIENTED_EDGE('',*,*,#6876,.T.);
#9449=ORIENTED_EDGE('',*,*,#6877,.F.);
#9450=ORIENTED_EDGE('',*,*,#6878,.F.);
#9451=ORIENTED_EDGE('',*,*,#6879,.F.);
#9452=ORIENTED_EDGE('',*,*,#6880,.T.);
#9453=ORIENTED_EDGE('',*,*,#6881,.F.);
#9454=ORIENTED_EDGE('',*,*,#6882,.F.);
#9455=ORIENTED_EDGE('',*,*,#6883,.F.);
#9456=ORIENTED_EDGE('',*,*,#6884,.T.);
#9457=ORIENTED_EDGE('',*,*,#6885,.F.);
#9458=ORIENTED_EDGE('',*,*,#6886,.F.);
#9459=ORIENTED_EDGE('',*,*,#6887,.F.);
#9460=ORIENTED_EDGE('',*,*,#6888,.T.);
#9461=ORIENTED_EDGE('',*,*,#6889,.F.);
#9462=ORIENTED_EDGE('',*,*,#6890,.F.);
#9463=ORIENTED_EDGE('',*,*,#6891,.F.);
#9464=ORIENTED_EDGE('',*,*,#6892,.T.);
#9465=ORIENTED_EDGE('',*,*,#6893,.F.);
#9466=ORIENTED_EDGE('',*,*,#6894,.F.);
#9467=ORIENTED_EDGE('',*,*,#6895,.F.);
#9468=ORIENTED_EDGE('',*,*,#6896,.T.);
#9469=ORIENTED_EDGE('',*,*,#6897,.F.);
#9470=ORIENTED_EDGE('',*,*,#6898,.F.);
#9471=ORIENTED_EDGE('',*,*,#6899,.F.);
#9472=ORIENTED_EDGE('',*,*,#6900,.T.);
#9473=ORIENTED_EDGE('',*,*,#6901,.F.);
#9474=ORIENTED_EDGE('',*,*,#6902,.F.);
#9475=ORIENTED_EDGE('',*,*,#6903,.F.);
#9476=ORIENTED_EDGE('',*,*,#6904,.T.);
#9477=ORIENTED_EDGE('',*,*,#6905,.F.);
#9478=ORIENTED_EDGE('',*,*,#6906,.F.);
#9479=ORIENTED_EDGE('',*,*,#6907,.F.);
#9480=ORIENTED_EDGE('',*,*,#6908,.T.);
#9481=ORIENTED_EDGE('',*,*,#6560,.F.);
#9482=ORIENTED_EDGE('',*,*,#6690,.F.);
#9483=ORIENTED_EDGE('',*,*,#6740,.F.);
#9484=ORIENTED_EDGE('',*,*,#6909,.F.);
#9485=ORIENTED_EDGE('',*,*,#6697,.F.);
#9486=ORIENTED_EDGE('',*,*,#6741,.F.);
#9487=ORIENTED_EDGE('',*,*,#6695,.F.);
#9488=ORIENTED_EDGE('',*,*,#6556,.F.);
#9489=ORIENTED_EDGE('',*,*,#6704,.F.);
#9490=ORIENTED_EDGE('',*,*,#6742,.F.);
#9491=ORIENTED_EDGE('',*,*,#6702,.F.);
#9492=ORIENTED_EDGE('',*,*,#6552,.F.);
#9493=ORIENTED_EDGE('',*,*,#6711,.F.);
#9494=ORIENTED_EDGE('',*,*,#6743,.F.);
#9495=ORIENTED_EDGE('',*,*,#6709,.F.);
#9496=ORIENTED_EDGE('',*,*,#6548,.F.);
#9497=ORIENTED_EDGE('',*,*,#6718,.F.);
#9498=ORIENTED_EDGE('',*,*,#6744,.F.);
#9499=ORIENTED_EDGE('',*,*,#6716,.F.);
#9500=ORIENTED_EDGE('',*,*,#6544,.F.);
#9501=ORIENTED_EDGE('',*,*,#6725,.F.);
#9502=ORIENTED_EDGE('',*,*,#6745,.F.);
#9503=ORIENTED_EDGE('',*,*,#6723,.F.);
#9504=ORIENTED_EDGE('',*,*,#6540,.F.);
#9505=ORIENTED_EDGE('',*,*,#6732,.F.);
#9506=ORIENTED_EDGE('',*,*,#6746,.F.);
#9507=ORIENTED_EDGE('',*,*,#6730,.F.);
#9508=ORIENTED_EDGE('',*,*,#6536,.F.);
#9509=ORIENTED_EDGE('',*,*,#6650,.F.);
#9510=ORIENTED_EDGE('',*,*,#6747,.F.);
#9511=ORIENTED_EDGE('',*,*,#6737,.F.);
#9512=ORIENTED_EDGE('',*,*,#6532,.F.);
#9513=ORIENTED_EDGE('',*,*,#6657,.F.);
#9514=ORIENTED_EDGE('',*,*,#6748,.F.);
#9515=ORIENTED_EDGE('',*,*,#6655,.F.);
#9516=ORIENTED_EDGE('',*,*,#6528,.F.);
#9517=ORIENTED_EDGE('',*,*,#6664,.F.);
#9518=ORIENTED_EDGE('',*,*,#6749,.F.);
#9519=ORIENTED_EDGE('',*,*,#6662,.F.);
#9520=ORIENTED_EDGE('',*,*,#6524,.F.);
#9521=ORIENTED_EDGE('',*,*,#6671,.F.);
#9522=ORIENTED_EDGE('',*,*,#6750,.F.);
#9523=ORIENTED_EDGE('',*,*,#6669,.F.);
#9524=ORIENTED_EDGE('',*,*,#6520,.F.);
#9525=ORIENTED_EDGE('',*,*,#6678,.F.);
#9526=ORIENTED_EDGE('',*,*,#6751,.F.);
#9527=ORIENTED_EDGE('',*,*,#6676,.F.);
#9528=ORIENTED_EDGE('',*,*,#6516,.F.);
#9529=ORIENTED_EDGE('',*,*,#6910,.T.);
#9530=ORIENTED_EDGE('',*,*,#6463,.T.);
#9531=ORIENTED_EDGE('',*,*,#6911,.T.);
#9532=ORIENTED_EDGE('',*,*,#6798,.T.);
#9533=ORIENTED_EDGE('',*,*,#6471,.T.);
#9534=ORIENTED_EDGE('',*,*,#6912,.T.);
#9535=ORIENTED_EDGE('',*,*,#6790,.T.);
#9536=ORIENTED_EDGE('',*,*,#6913,.T.);
#9537=ORIENTED_EDGE('',*,*,#6479,.T.);
#9538=ORIENTED_EDGE('',*,*,#6914,.T.);
#9539=ORIENTED_EDGE('',*,*,#6782,.T.);
#9540=ORIENTED_EDGE('',*,*,#6915,.T.);
#9541=ORIENTED_EDGE('',*,*,#6916,.T.);
#9542=ORIENTED_EDGE('',*,*,#6487,.T.);
#9543=ORIENTED_EDGE('',*,*,#6917,.T.);
#9544=ORIENTED_EDGE('',*,*,#6774,.T.);
#9545=ORIENTED_EDGE('',*,*,#6495,.T.);
#9546=ORIENTED_EDGE('',*,*,#6918,.T.);
#9547=ORIENTED_EDGE('',*,*,#6766,.T.);
#9548=ORIENTED_EDGE('',*,*,#6919,.T.);
#9549=ORIENTED_EDGE('',*,*,#6503,.T.);
#9550=ORIENTED_EDGE('',*,*,#6920,.T.);
#9551=ORIENTED_EDGE('',*,*,#6758,.T.);
#9552=ORIENTED_EDGE('',*,*,#6921,.T.);
#9553=ORIENTED_EDGE('',*,*,#6922,.T.);
#9554=ORIENTED_EDGE('',*,*,#6507,.T.);
#9555=ORIENTED_EDGE('',*,*,#6923,.T.);
#9556=ORIENTED_EDGE('',*,*,#6754,.T.);
#9557=ORIENTED_EDGE('',*,*,#6499,.T.);
#9558=ORIENTED_EDGE('',*,*,#6924,.T.);
#9559=ORIENTED_EDGE('',*,*,#6762,.T.);
#9560=ORIENTED_EDGE('',*,*,#6925,.T.);
#9561=ORIENTED_EDGE('',*,*,#6926,.T.);
#9562=ORIENTED_EDGE('',*,*,#6491,.T.);
#9563=ORIENTED_EDGE('',*,*,#6927,.T.);
#9564=ORIENTED_EDGE('',*,*,#6770,.T.);
#9565=ORIENTED_EDGE('',*,*,#6483,.T.);
#9566=ORIENTED_EDGE('',*,*,#6928,.T.);
#9567=ORIENTED_EDGE('',*,*,#6778,.T.);
#9568=ORIENTED_EDGE('',*,*,#6929,.T.);
#9569=ORIENTED_EDGE('',*,*,#6475,.T.);
#9570=ORIENTED_EDGE('',*,*,#6930,.T.);
#9571=ORIENTED_EDGE('',*,*,#6786,.T.);
#9572=ORIENTED_EDGE('',*,*,#6931,.T.);
#9573=ORIENTED_EDGE('',*,*,#6802,.T.);
#9574=ORIENTED_EDGE('',*,*,#6932,.T.);
#9575=ORIENTED_EDGE('',*,*,#6459,.T.);
#9576=ORIENTED_EDGE('',*,*,#6933,.T.);
#9577=ORIENTED_EDGE('',*,*,#6467,.T.);
#9578=ORIENTED_EDGE('',*,*,#6934,.T.);
#9579=ORIENTED_EDGE('',*,*,#6794,.T.);
#9580=ORIENTED_EDGE('',*,*,#6935,.T.);
#9581=ORIENTED_EDGE('',*,*,#6936,.T.);
#9582=ORIENTED_EDGE('',*,*,#6460,.T.);
#9583=ORIENTED_EDGE('',*,*,#6932,.F.);
#9584=ORIENTED_EDGE('',*,*,#6801,.T.);
#9585=ORIENTED_EDGE('',*,*,#6937,.T.);
#9586=ORIENTED_EDGE('',*,*,#6775,.T.);
#9587=ORIENTED_EDGE('',*,*,#6917,.F.);
#9588=ORIENTED_EDGE('',*,*,#6486,.T.);
#9589=ORIENTED_EDGE('',*,*,#6938,.T.);
#9590=ORIENTED_EDGE('',*,*,#6488,.T.);
#9591=ORIENTED_EDGE('',*,*,#6916,.F.);
#9592=ORIENTED_EDGE('',*,*,#6773,.T.);
#9593=ORIENTED_EDGE('',*,*,#6939,.T.);
#9594=ORIENTED_EDGE('',*,*,#6799,.T.);
#9595=ORIENTED_EDGE('',*,*,#6911,.F.);
#9596=ORIENTED_EDGE('',*,*,#6462,.T.);
#9597=ORIENTED_EDGE('',*,*,#6940,.T.);
#9598=ORIENTED_EDGE('',*,*,#6464,.T.);
#9599=ORIENTED_EDGE('',*,*,#6910,.F.);
#9600=ORIENTED_EDGE('',*,*,#6797,.T.);
#9601=ORIENTED_EDGE('',*,*,#6941,.T.);
#9602=ORIENTED_EDGE('',*,*,#6755,.T.);
#9603=ORIENTED_EDGE('',*,*,#6923,.F.);
#9604=ORIENTED_EDGE('',*,*,#6506,.T.);
#9605=ORIENTED_EDGE('',*,*,#6738,.T.);
#9606=ORIENTED_EDGE('',*,*,#6508,.T.);
#9607=ORIENTED_EDGE('',*,*,#6922,.F.);
#9608=ORIENTED_EDGE('',*,*,#6753,.T.);
#9609=ORIENTED_EDGE('',*,*,#6942,.T.);
#9610=ORIENTED_EDGE('',*,*,#6476,.T.);
#9611=ORIENTED_EDGE('',*,*,#6931,.F.);
#9612=ORIENTED_EDGE('',*,*,#6785,.T.);
#9613=ORIENTED_EDGE('',*,*,#6943,.T.);
#9614=ORIENTED_EDGE('',*,*,#6787,.T.);
#9615=ORIENTED_EDGE('',*,*,#6930,.F.);
#9616=ORIENTED_EDGE('',*,*,#6474,.T.);
#9617=ORIENTED_EDGE('',*,*,#6944,.T.);
#9618=ORIENTED_EDGE('',*,*,#6472,.T.);
#9619=ORIENTED_EDGE('',*,*,#6913,.F.);
#9620=ORIENTED_EDGE('',*,*,#6789,.T.);
#9621=ORIENTED_EDGE('',*,*,#6945,.T.);
#9622=ORIENTED_EDGE('',*,*,#6791,.T.);
#9623=ORIENTED_EDGE('',*,*,#6912,.F.);
#9624=ORIENTED_EDGE('',*,*,#6470,.T.);
#9625=ORIENTED_EDGE('',*,*,#6946,.T.);
#9626=ORIENTED_EDGE('',*,*,#6484,.T.);
#9627=ORIENTED_EDGE('',*,*,#6929,.F.);
#9628=ORIENTED_EDGE('',*,*,#6777,.T.);
#9629=ORIENTED_EDGE('',*,*,#6947,.T.);
#9630=ORIENTED_EDGE('',*,*,#6779,.T.);
#9631=ORIENTED_EDGE('',*,*,#6928,.F.);
#9632=ORIENTED_EDGE('',*,*,#6482,.T.);
#9633=ORIENTED_EDGE('',*,*,#6948,.T.);
#9634=ORIENTED_EDGE('',*,*,#6496,.T.);
#9635=ORIENTED_EDGE('',*,*,#6919,.F.);
#9636=ORIENTED_EDGE('',*,*,#6765,.T.);
#9637=ORIENTED_EDGE('',*,*,#6949,.T.);
#9638=ORIENTED_EDGE('',*,*,#6767,.T.);
#9639=ORIENTED_EDGE('',*,*,#6918,.F.);
#9640=ORIENTED_EDGE('',*,*,#6494,.T.);
#9641=ORIENTED_EDGE('',*,*,#6950,.T.);
#9642=ORIENTED_EDGE('',*,*,#6468,.T.);
#9643=ORIENTED_EDGE('',*,*,#6935,.F.);
#9644=ORIENTED_EDGE('',*,*,#6793,.T.);
#9645=ORIENTED_EDGE('',*,*,#6951,.T.);
#9646=ORIENTED_EDGE('',*,*,#6795,.T.);
#9647=ORIENTED_EDGE('',*,*,#6934,.F.);
#9648=ORIENTED_EDGE('',*,*,#6466,.T.);
#9649=ORIENTED_EDGE('',*,*,#6952,.T.);
#9650=ORIENTED_EDGE('',*,*,#6504,.T.);
#9651=ORIENTED_EDGE('',*,*,#6921,.F.);
#9652=ORIENTED_EDGE('',*,*,#6757,.T.);
#9653=ORIENTED_EDGE('',*,*,#6953,.T.);
#9654=ORIENTED_EDGE('',*,*,#6759,.T.);
#9655=ORIENTED_EDGE('',*,*,#6920,.F.);
#9656=ORIENTED_EDGE('',*,*,#6502,.T.);
#9657=ORIENTED_EDGE('',*,*,#6954,.T.);
#9658=ORIENTED_EDGE('',*,*,#6480,.T.);
#9659=ORIENTED_EDGE('',*,*,#6915,.F.);
#9660=ORIENTED_EDGE('',*,*,#6781,.T.);
#9661=ORIENTED_EDGE('',*,*,#6955,.T.);
#9662=ORIENTED_EDGE('',*,*,#6783,.T.);
#9663=ORIENTED_EDGE('',*,*,#6914,.F.);
#9664=ORIENTED_EDGE('',*,*,#6478,.T.);
#9665=ORIENTED_EDGE('',*,*,#6956,.T.);
#9666=ORIENTED_EDGE('',*,*,#6500,.T.);
#9667=ORIENTED_EDGE('',*,*,#6925,.F.);
#9668=ORIENTED_EDGE('',*,*,#6761,.T.);
#9669=ORIENTED_EDGE('',*,*,#6957,.T.);
#9670=ORIENTED_EDGE('',*,*,#6763,.T.);
#9671=ORIENTED_EDGE('',*,*,#6924,.F.);
#9672=ORIENTED_EDGE('',*,*,#6498,.T.);
#9673=ORIENTED_EDGE('',*,*,#6958,.T.);
#9674=ORIENTED_EDGE('',*,*,#6771,.T.);
#9675=ORIENTED_EDGE('',*,*,#6927,.F.);
#9676=ORIENTED_EDGE('',*,*,#6490,.T.);
#9677=ORIENTED_EDGE('',*,*,#6959,.T.);
#9678=ORIENTED_EDGE('',*,*,#6492,.T.);
#9679=ORIENTED_EDGE('',*,*,#6926,.F.);
#9680=ORIENTED_EDGE('',*,*,#6769,.T.);
#9681=ORIENTED_EDGE('',*,*,#6933,.F.);
#9682=ORIENTED_EDGE('',*,*,#6458,.T.);
#9683=ORIENTED_EDGE('',*,*,#6960,.F.);
#9684=ORIENTED_EDGE('',*,*,#6803,.T.);
#9685=ORIENTED_EDGE('',*,*,#6953,.F.);
#9686=ORIENTED_EDGE('',*,*,#6501,.F.);
#9687=ORIENTED_EDGE('',*,*,#6956,.F.);
#9688=ORIENTED_EDGE('',*,*,#6760,.T.);
#9689=ORIENTED_EDGE('',*,*,#6940,.F.);
#9690=ORIENTED_EDGE('',*,*,#6796,.T.);
#9691=ORIENTED_EDGE('',*,*,#6951,.F.);
#9692=ORIENTED_EDGE('',*,*,#6465,.F.);
#9693=ORIENTED_EDGE('',*,*,#6948,.F.);
#9694=ORIENTED_EDGE('',*,*,#6764,.T.);
#9695=ORIENTED_EDGE('',*,*,#6957,.F.);
#9696=ORIENTED_EDGE('',*,*,#6497,.F.);
#9697=ORIENTED_EDGE('',*,*,#6949,.F.);
#9698=ORIENTED_EDGE('',*,*,#6493,.F.);
#9699=ORIENTED_EDGE('',*,*,#6959,.F.);
#9700=ORIENTED_EDGE('',*,*,#6768,.T.);
#9701=ORIENTED_EDGE('',*,*,#6938,.F.);
#9702=ORIENTED_EDGE('',*,*,#6772,.T.);
#9703=ORIENTED_EDGE('',*,*,#6958,.F.);
#9704=ORIENTED_EDGE('',*,*,#6489,.F.);
#9705=ORIENTED_EDGE('',*,*,#6947,.F.);
#9706=ORIENTED_EDGE('',*,*,#6481,.F.);
#9707=ORIENTED_EDGE('',*,*,#6954,.F.);
#9708=ORIENTED_EDGE('',*,*,#6780,.T.);
#9709=ORIENTED_EDGE('',*,*,#6945,.F.);
#9710=ORIENTED_EDGE('',*,*,#6469,.F.);
#9711=ORIENTED_EDGE('',*,*,#6950,.F.);
#9712=ORIENTED_EDGE('',*,*,#6792,.T.);
#9713=ORIENTED_EDGE('',*,*,#6942,.F.);
#9714=ORIENTED_EDGE('',*,*,#6784,.T.);
#9715=ORIENTED_EDGE('',*,*,#6955,.F.);
#9716=ORIENTED_EDGE('',*,*,#6477,.F.);
#9717=ORIENTED_EDGE('',*,*,#6943,.F.);
#9718=ORIENTED_EDGE('',*,*,#6473,.F.);
#9719=ORIENTED_EDGE('',*,*,#6944,.F.);
#9720=ORIENTED_EDGE('',*,*,#6788,.T.);
#9721=ORIENTED_EDGE('',*,*,#6941,.F.);
#9722=ORIENTED_EDGE('',*,*,#6505,.F.);
#9723=ORIENTED_EDGE('',*,*,#6952,.F.);
#9724=ORIENTED_EDGE('',*,*,#6756,.T.);
#9725=ORIENTED_EDGE('',*,*,#6936,.F.);
#9726=ORIENTED_EDGE('',*,*,#6800,.T.);
#9727=ORIENTED_EDGE('',*,*,#6939,.F.);
#9728=ORIENTED_EDGE('',*,*,#6461,.F.);
#9729=ORIENTED_EDGE('',*,*,#6937,.F.);
#9730=ORIENTED_EDGE('',*,*,#6485,.F.);
#9731=ORIENTED_EDGE('',*,*,#6946,.F.);
#9732=ORIENTED_EDGE('',*,*,#6776,.T.);
#9733=ORIENTED_EDGE('',*,*,#6961,.T.);
#9734=ORIENTED_EDGE('',*,*,#6867,.T.);
#9735=ORIENTED_EDGE('',*,*,#6962,.F.);
#9736=ORIENTED_EDGE('',*,*,#6394,.T.);
#9737=ORIENTED_EDGE('',*,*,#6963,.T.);
#9738=ORIENTED_EDGE('',*,*,#6396,.T.);
#9739=ORIENTED_EDGE('',*,*,#6964,.F.);
#9740=ORIENTED_EDGE('',*,*,#6865,.T.);
#9741=ORIENTED_EDGE('',*,*,#6964,.T.);
#9742=ORIENTED_EDGE('',*,*,#6395,.T.);
#9743=ORIENTED_EDGE('',*,*,#6962,.T.);
#9744=ORIENTED_EDGE('',*,*,#6866,.T.);
#9745=ORIENTED_EDGE('',*,*,#6965,.T.);
#9746=ORIENTED_EDGE('',*,*,#6883,.T.);
#9747=ORIENTED_EDGE('',*,*,#6966,.F.);
#9748=ORIENTED_EDGE('',*,*,#6378,.T.);
#9749=ORIENTED_EDGE('',*,*,#6967,.T.);
#9750=ORIENTED_EDGE('',*,*,#6380,.T.);
#9751=ORIENTED_EDGE('',*,*,#6968,.F.);
#9752=ORIENTED_EDGE('',*,*,#6881,.T.);
#9753=ORIENTED_EDGE('',*,*,#6968,.T.);
#9754=ORIENTED_EDGE('',*,*,#6379,.T.);
#9755=ORIENTED_EDGE('',*,*,#6966,.T.);
#9756=ORIENTED_EDGE('',*,*,#6882,.T.);
#9757=ORIENTED_EDGE('',*,*,#6969,.T.);
#9758=ORIENTED_EDGE('',*,*,#6899,.T.);
#9759=ORIENTED_EDGE('',*,*,#6970,.F.);
#9760=ORIENTED_EDGE('',*,*,#6362,.T.);
#9761=ORIENTED_EDGE('',*,*,#6971,.T.);
#9762=ORIENTED_EDGE('',*,*,#6364,.T.);
#9763=ORIENTED_EDGE('',*,*,#6972,.F.);
#9764=ORIENTED_EDGE('',*,*,#6897,.T.);
#9765=ORIENTED_EDGE('',*,*,#6972,.T.);
#9766=ORIENTED_EDGE('',*,*,#6363,.T.);
#9767=ORIENTED_EDGE('',*,*,#6970,.T.);
#9768=ORIENTED_EDGE('',*,*,#6898,.T.);
#9769=ORIENTED_EDGE('',*,*,#6973,.T.);
#9770=ORIENTED_EDGE('',*,*,#6903,.T.);
#9771=ORIENTED_EDGE('',*,*,#6974,.F.);
#9772=ORIENTED_EDGE('',*,*,#6358,.T.);
#9773=ORIENTED_EDGE('',*,*,#6975,.T.);
#9774=ORIENTED_EDGE('',*,*,#6360,.T.);
#9775=ORIENTED_EDGE('',*,*,#6976,.F.);
#9776=ORIENTED_EDGE('',*,*,#6901,.T.);
#9777=ORIENTED_EDGE('',*,*,#6976,.T.);
#9778=ORIENTED_EDGE('',*,*,#6359,.T.);
#9779=ORIENTED_EDGE('',*,*,#6974,.T.);
#9780=ORIENTED_EDGE('',*,*,#6902,.T.);
#9781=ORIENTED_EDGE('',*,*,#6977,.T.);
#9782=ORIENTED_EDGE('',*,*,#6887,.T.);
#9783=ORIENTED_EDGE('',*,*,#6978,.F.);
#9784=ORIENTED_EDGE('',*,*,#6374,.T.);
#9785=ORIENTED_EDGE('',*,*,#6979,.T.);
#9786=ORIENTED_EDGE('',*,*,#6376,.T.);
#9787=ORIENTED_EDGE('',*,*,#6980,.F.);
#9788=ORIENTED_EDGE('',*,*,#6885,.T.);
#9789=ORIENTED_EDGE('',*,*,#6980,.T.);
#9790=ORIENTED_EDGE('',*,*,#6375,.T.);
#9791=ORIENTED_EDGE('',*,*,#6978,.T.);
#9792=ORIENTED_EDGE('',*,*,#6886,.T.);
#9793=ORIENTED_EDGE('',*,*,#6981,.T.);
#9794=ORIENTED_EDGE('',*,*,#6871,.T.);
#9795=ORIENTED_EDGE('',*,*,#6982,.F.);
#9796=ORIENTED_EDGE('',*,*,#6390,.T.);
#9797=ORIENTED_EDGE('',*,*,#6983,.T.);
#9798=ORIENTED_EDGE('',*,*,#6392,.T.);
#9799=ORIENTED_EDGE('',*,*,#6984,.F.);
#9800=ORIENTED_EDGE('',*,*,#6869,.T.);
#9801=ORIENTED_EDGE('',*,*,#6870,.T.);
#9802=ORIENTED_EDGE('',*,*,#6984,.T.);
#9803=ORIENTED_EDGE('',*,*,#6391,.T.);
#9804=ORIENTED_EDGE('',*,*,#6982,.T.);
#9805=ORIENTED_EDGE('',*,*,#6985,.T.);
#9806=ORIENTED_EDGE('',*,*,#6863,.T.);
#9807=ORIENTED_EDGE('',*,*,#6986,.F.);
#9808=ORIENTED_EDGE('',*,*,#6398,.T.);
#9809=ORIENTED_EDGE('',*,*,#6987,.T.);
#9810=ORIENTED_EDGE('',*,*,#6400,.T.);
#9811=ORIENTED_EDGE('',*,*,#6988,.F.);
#9812=ORIENTED_EDGE('',*,*,#6861,.T.);
#9813=ORIENTED_EDGE('',*,*,#6862,.T.);
#9814=ORIENTED_EDGE('',*,*,#6988,.T.);
#9815=ORIENTED_EDGE('',*,*,#6399,.T.);
#9816=ORIENTED_EDGE('',*,*,#6986,.T.);
#9817=ORIENTED_EDGE('',*,*,#6989,.T.);
#9818=ORIENTED_EDGE('',*,*,#6879,.T.);
#9819=ORIENTED_EDGE('',*,*,#6990,.F.);
#9820=ORIENTED_EDGE('',*,*,#6382,.T.);
#9821=ORIENTED_EDGE('',*,*,#6991,.T.);
#9822=ORIENTED_EDGE('',*,*,#6384,.T.);
#9823=ORIENTED_EDGE('',*,*,#6992,.F.);
#9824=ORIENTED_EDGE('',*,*,#6877,.T.);
#9825=ORIENTED_EDGE('',*,*,#6878,.T.);
#9826=ORIENTED_EDGE('',*,*,#6992,.T.);
#9827=ORIENTED_EDGE('',*,*,#6383,.T.);
#9828=ORIENTED_EDGE('',*,*,#6990,.T.);
#9829=ORIENTED_EDGE('',*,*,#6993,.T.);
#9830=ORIENTED_EDGE('',*,*,#6895,.T.);
#9831=ORIENTED_EDGE('',*,*,#6994,.F.);
#9832=ORIENTED_EDGE('',*,*,#6366,.T.);
#9833=ORIENTED_EDGE('',*,*,#6995,.T.);
#9834=ORIENTED_EDGE('',*,*,#6368,.T.);
#9835=ORIENTED_EDGE('',*,*,#6996,.F.);
#9836=ORIENTED_EDGE('',*,*,#6893,.T.);
#9837=ORIENTED_EDGE('',*,*,#6996,.T.);
#9838=ORIENTED_EDGE('',*,*,#6367,.T.);
#9839=ORIENTED_EDGE('',*,*,#6994,.T.);
#9840=ORIENTED_EDGE('',*,*,#6894,.T.);
#9841=ORIENTED_EDGE('',*,*,#6997,.T.);
#9842=ORIENTED_EDGE('',*,*,#6907,.T.);
#9843=ORIENTED_EDGE('',*,*,#6998,.F.);
#9844=ORIENTED_EDGE('',*,*,#6354,.T.);
#9845=ORIENTED_EDGE('',*,*,#6999,.T.);
#9846=ORIENTED_EDGE('',*,*,#6356,.T.);
#9847=ORIENTED_EDGE('',*,*,#7000,.F.);
#9848=ORIENTED_EDGE('',*,*,#6905,.T.);
#9849=ORIENTED_EDGE('',*,*,#7000,.T.);
#9850=ORIENTED_EDGE('',*,*,#6355,.T.);
#9851=ORIENTED_EDGE('',*,*,#6998,.T.);
#9852=ORIENTED_EDGE('',*,*,#6906,.T.);
#9853=ORIENTED_EDGE('',*,*,#7001,.T.);
#9854=ORIENTED_EDGE('',*,*,#6891,.T.);
#9855=ORIENTED_EDGE('',*,*,#7002,.F.);
#9856=ORIENTED_EDGE('',*,*,#6370,.T.);
#9857=ORIENTED_EDGE('',*,*,#7003,.T.);
#9858=ORIENTED_EDGE('',*,*,#6372,.T.);
#9859=ORIENTED_EDGE('',*,*,#7004,.F.);
#9860=ORIENTED_EDGE('',*,*,#6889,.T.);
#9861=ORIENTED_EDGE('',*,*,#7004,.T.);
#9862=ORIENTED_EDGE('',*,*,#6371,.T.);
#9863=ORIENTED_EDGE('',*,*,#7002,.T.);
#9864=ORIENTED_EDGE('',*,*,#6890,.T.);
#9865=ORIENTED_EDGE('',*,*,#7005,.T.);
#9866=ORIENTED_EDGE('',*,*,#6875,.T.);
#9867=ORIENTED_EDGE('',*,*,#7006,.F.);
#9868=ORIENTED_EDGE('',*,*,#6386,.T.);
#9869=ORIENTED_EDGE('',*,*,#7007,.T.);
#9870=ORIENTED_EDGE('',*,*,#6388,.T.);
#9871=ORIENTED_EDGE('',*,*,#7008,.F.);
#9872=ORIENTED_EDGE('',*,*,#6873,.T.);
#9873=ORIENTED_EDGE('',*,*,#7008,.T.);
#9874=ORIENTED_EDGE('',*,*,#6387,.T.);
#9875=ORIENTED_EDGE('',*,*,#7006,.T.);
#9876=ORIENTED_EDGE('',*,*,#6874,.T.);
#9877=ORIENTED_EDGE('',*,*,#7009,.T.);
#9878=ORIENTED_EDGE('',*,*,#6859,.T.);
#9879=ORIENTED_EDGE('',*,*,#7010,.F.);
#9880=ORIENTED_EDGE('',*,*,#6402,.T.);
#9881=ORIENTED_EDGE('',*,*,#7011,.T.);
#9882=ORIENTED_EDGE('',*,*,#6404,.T.);
#9883=ORIENTED_EDGE('',*,*,#7012,.F.);
#9884=ORIENTED_EDGE('',*,*,#6857,.T.);
#9885=ORIENTED_EDGE('',*,*,#7012,.T.);
#9886=ORIENTED_EDGE('',*,*,#6403,.T.);
#9887=ORIENTED_EDGE('',*,*,#7010,.T.);
#9888=ORIENTED_EDGE('',*,*,#6858,.T.);
#9889=ORIENTED_EDGE('',*,*,#7011,.F.);
#9890=ORIENTED_EDGE('',*,*,#6856,.F.);
#9891=ORIENTED_EDGE('',*,*,#7013,.F.);
#9892=ORIENTED_EDGE('',*,*,#6405,.T.);
#9893=ORIENTED_EDGE('',*,*,#6995,.F.);
#9894=ORIENTED_EDGE('',*,*,#6892,.F.);
#9895=ORIENTED_EDGE('',*,*,#7001,.F.);
#9896=ORIENTED_EDGE('',*,*,#6369,.T.);
#9897=ORIENTED_EDGE('',*,*,#6997,.F.);
#9898=ORIENTED_EDGE('',*,*,#6561,.T.);
#9899=ORIENTED_EDGE('',*,*,#6909,.T.);
#9900=ORIENTED_EDGE('',*,*,#6908,.F.);
#9901=ORIENTED_EDGE('',*,*,#6971,.F.);
#9902=ORIENTED_EDGE('',*,*,#6896,.F.);
#9903=ORIENTED_EDGE('',*,*,#6993,.F.);
#9904=ORIENTED_EDGE('',*,*,#6365,.T.);
#9905=ORIENTED_EDGE('',*,*,#6967,.F.);
#9906=ORIENTED_EDGE('',*,*,#6880,.F.);
#9907=ORIENTED_EDGE('',*,*,#6989,.F.);
#9908=ORIENTED_EDGE('',*,*,#6381,.T.);
#9909=ORIENTED_EDGE('',*,*,#6991,.F.);
#9910=ORIENTED_EDGE('',*,*,#6876,.F.);
#9911=ORIENTED_EDGE('',*,*,#7005,.F.);
#9912=ORIENTED_EDGE('',*,*,#6385,.T.);
#9913=ORIENTED_EDGE('',*,*,#6987,.F.);
#9914=ORIENTED_EDGE('',*,*,#6860,.F.);
#9915=ORIENTED_EDGE('',*,*,#7009,.F.);
#9916=ORIENTED_EDGE('',*,*,#6401,.T.);
#9917=ORIENTED_EDGE('',*,*,#6981,.F.);
#9918=ORIENTED_EDGE('',*,*,#6389,.T.);
#9919=ORIENTED_EDGE('',*,*,#7007,.F.);
#9920=ORIENTED_EDGE('',*,*,#6872,.F.);
#9921=ORIENTED_EDGE('',*,*,#6963,.F.);
#9922=ORIENTED_EDGE('',*,*,#6864,.F.);
#9923=ORIENTED_EDGE('',*,*,#6985,.F.);
#9924=ORIENTED_EDGE('',*,*,#6397,.T.);
#9925=ORIENTED_EDGE('',*,*,#6977,.F.);
#9926=ORIENTED_EDGE('',*,*,#6373,.T.);
#9927=ORIENTED_EDGE('',*,*,#7003,.F.);
#9928=ORIENTED_EDGE('',*,*,#6888,.F.);
#9929=ORIENTED_EDGE('',*,*,#6973,.F.);
#9930=ORIENTED_EDGE('',*,*,#6357,.T.);
#9931=ORIENTED_EDGE('',*,*,#6999,.F.);
#9932=ORIENTED_EDGE('',*,*,#6904,.F.);
#9933=ORIENTED_EDGE('',*,*,#6969,.F.);
#9934=ORIENTED_EDGE('',*,*,#6361,.T.);
#9935=ORIENTED_EDGE('',*,*,#6975,.F.);
#9936=ORIENTED_EDGE('',*,*,#6900,.F.);
#9937=ORIENTED_EDGE('',*,*,#6965,.F.);
#9938=ORIENTED_EDGE('',*,*,#6377,.T.);
#9939=ORIENTED_EDGE('',*,*,#6979,.F.);
#9940=ORIENTED_EDGE('',*,*,#6884,.F.);
#9941=ORIENTED_EDGE('',*,*,#6961,.F.);
#9942=ORIENTED_EDGE('',*,*,#6393,.T.);
#9943=ORIENTED_EDGE('',*,*,#6983,.F.);
#9944=ORIENTED_EDGE('',*,*,#6868,.F.);
#9945=ORIENTED_EDGE('',*,*,#7014,.F.);
#9946=ORIENTED_EDGE('',*,*,#6406,.T.);
#9947=ORIENTED_EDGE('',*,*,#7013,.T.);
#9948=ORIENTED_EDGE('',*,*,#6855,.T.);
#9949=ORIENTED_EDGE('',*,*,#7015,.F.);
#9950=ORIENTED_EDGE('',*,*,#6819,.T.);
#9951=ORIENTED_EDGE('',*,*,#7016,.F.);
#9952=ORIENTED_EDGE('',*,*,#6442,.T.);
#9953=ORIENTED_EDGE('',*,*,#7017,.F.);
#9954=ORIENTED_EDGE('',*,*,#6843,.T.);
#9955=ORIENTED_EDGE('',*,*,#7018,.F.);
#9956=ORIENTED_EDGE('',*,*,#6418,.T.);
#9957=ORIENTED_EDGE('',*,*,#7019,.F.);
#9958=ORIENTED_EDGE('',*,*,#6410,.T.);
#9959=ORIENTED_EDGE('',*,*,#7020,.F.);
#9960=ORIENTED_EDGE('',*,*,#6851,.T.);
#9961=ORIENTED_EDGE('',*,*,#7021,.F.);
#9962=ORIENTED_EDGE('',*,*,#6414,.T.);
#9963=ORIENTED_EDGE('',*,*,#7022,.F.);
#9964=ORIENTED_EDGE('',*,*,#6847,.T.);
#9965=ORIENTED_EDGE('',*,*,#7023,.F.);
#9966=ORIENTED_EDGE('',*,*,#6827,.T.);
#9967=ORIENTED_EDGE('',*,*,#7024,.F.);
#9968=ORIENTED_EDGE('',*,*,#6434,.T.);
#9969=ORIENTED_EDGE('',*,*,#7025,.F.);
#9970=ORIENTED_EDGE('',*,*,#6811,.T.);
#9971=ORIENTED_EDGE('',*,*,#7026,.F.);
#9972=ORIENTED_EDGE('',*,*,#6450,.T.);
#9973=ORIENTED_EDGE('',*,*,#7027,.F.);
#9974=ORIENTED_EDGE('',*,*,#6446,.T.);
#9975=ORIENTED_EDGE('',*,*,#7028,.F.);
#9976=ORIENTED_EDGE('',*,*,#6815,.T.);
#9977=ORIENTED_EDGE('',*,*,#7029,.F.);
#9978=ORIENTED_EDGE('',*,*,#6422,.T.);
#9979=ORIENTED_EDGE('',*,*,#7030,.F.);
#9980=ORIENTED_EDGE('',*,*,#6839,.T.);
#9981=ORIENTED_EDGE('',*,*,#7031,.F.);
#9982=ORIENTED_EDGE('',*,*,#6426,.T.);
#9983=ORIENTED_EDGE('',*,*,#7032,.F.);
#9984=ORIENTED_EDGE('',*,*,#6835,.T.);
#9985=ORIENTED_EDGE('',*,*,#7033,.F.);
#9986=ORIENTED_EDGE('',*,*,#6430,.T.);
#9987=ORIENTED_EDGE('',*,*,#7034,.F.);
#9988=ORIENTED_EDGE('',*,*,#6831,.T.);
#9989=ORIENTED_EDGE('',*,*,#7035,.F.);
#9990=ORIENTED_EDGE('',*,*,#6438,.T.);
#9991=ORIENTED_EDGE('',*,*,#7036,.F.);
#9992=ORIENTED_EDGE('',*,*,#6823,.T.);
#9993=ORIENTED_EDGE('',*,*,#7037,.F.);
#9994=ORIENTED_EDGE('',*,*,#6454,.T.);
#9995=ORIENTED_EDGE('',*,*,#7038,.F.);
#9996=ORIENTED_EDGE('',*,*,#6807,.T.);
#9997=ORIENTED_EDGE('',*,*,#6685,.F.);
#9998=ORIENTED_EDGE('',*,*,#6752,.F.);
#9999=ORIENTED_EDGE('',*,*,#6683,.F.);
#10000=ORIENTED_EDGE('',*,*,#6512,.F.);
#10001=ORIENTED_EDGE('',*,*,#7039,.T.);
#10002=ORIENTED_EDGE('',*,*,#6852,.T.);
#10003=ORIENTED_EDGE('',*,*,#7020,.T.);
#10004=ORIENTED_EDGE('',*,*,#6409,.F.);
#10005=ORIENTED_EDGE('',*,*,#7040,.T.);
#10006=ORIENTED_EDGE('',*,*,#6407,.T.);
#10007=ORIENTED_EDGE('',*,*,#7014,.T.);
#10008=ORIENTED_EDGE('',*,*,#6854,.F.);
#10009=ORIENTED_EDGE('',*,*,#6408,.F.);
#10010=ORIENTED_EDGE('',*,*,#7040,.F.);
#10011=ORIENTED_EDGE('',*,*,#6853,.F.);
#10012=ORIENTED_EDGE('',*,*,#7039,.F.);
#10013=ORIENTED_EDGE('',*,*,#7041,.T.);
#10014=ORIENTED_EDGE('',*,*,#6816,.T.);
#10015=ORIENTED_EDGE('',*,*,#7028,.T.);
#10016=ORIENTED_EDGE('',*,*,#6445,.F.);
#10017=ORIENTED_EDGE('',*,*,#7042,.T.);
#10018=ORIENTED_EDGE('',*,*,#6443,.T.);
#10019=ORIENTED_EDGE('',*,*,#7016,.T.);
#10020=ORIENTED_EDGE('',*,*,#6818,.F.);
#10021=ORIENTED_EDGE('',*,*,#6444,.F.);
#10022=ORIENTED_EDGE('',*,*,#7042,.F.);
#10023=ORIENTED_EDGE('',*,*,#6817,.F.);
#10024=ORIENTED_EDGE('',*,*,#7041,.F.);
#10025=ORIENTED_EDGE('',*,*,#7043,.T.);
#10026=ORIENTED_EDGE('',*,*,#6840,.T.);
#10027=ORIENTED_EDGE('',*,*,#7030,.T.);
#10028=ORIENTED_EDGE('',*,*,#6421,.F.);
#10029=ORIENTED_EDGE('',*,*,#7044,.T.);
#10030=ORIENTED_EDGE('',*,*,#6419,.T.);
#10031=ORIENTED_EDGE('',*,*,#7018,.T.);
#10032=ORIENTED_EDGE('',*,*,#6842,.F.);
#10033=ORIENTED_EDGE('',*,*,#6420,.F.);
#10034=ORIENTED_EDGE('',*,*,#7044,.F.);
#10035=ORIENTED_EDGE('',*,*,#6841,.F.);
#10036=ORIENTED_EDGE('',*,*,#7043,.F.);
#10037=ORIENTED_EDGE('',*,*,#7045,.T.);
#10038=ORIENTED_EDGE('',*,*,#6848,.T.);
#10039=ORIENTED_EDGE('',*,*,#7022,.T.);
#10040=ORIENTED_EDGE('',*,*,#6413,.F.);
#10041=ORIENTED_EDGE('',*,*,#7046,.T.);
#10042=ORIENTED_EDGE('',*,*,#6411,.T.);
#10043=ORIENTED_EDGE('',*,*,#7019,.T.);
#10044=ORIENTED_EDGE('',*,*,#6850,.F.);
#10045=ORIENTED_EDGE('',*,*,#6412,.F.);
#10046=ORIENTED_EDGE('',*,*,#7046,.F.);
#10047=ORIENTED_EDGE('',*,*,#6849,.F.);
#10048=ORIENTED_EDGE('',*,*,#7045,.F.);
#10049=ORIENTED_EDGE('',*,*,#7047,.T.);
#10050=ORIENTED_EDGE('',*,*,#6844,.T.);
#10051=ORIENTED_EDGE('',*,*,#7017,.T.);
#10052=ORIENTED_EDGE('',*,*,#6417,.F.);
#10053=ORIENTED_EDGE('',*,*,#7048,.T.);
#10054=ORIENTED_EDGE('',*,*,#6415,.T.);
#10055=ORIENTED_EDGE('',*,*,#7021,.T.);
#10056=ORIENTED_EDGE('',*,*,#6846,.F.);
#10057=ORIENTED_EDGE('',*,*,#6416,.F.);
#10058=ORIENTED_EDGE('',*,*,#7048,.F.);
#10059=ORIENTED_EDGE('',*,*,#6845,.F.);
#10060=ORIENTED_EDGE('',*,*,#7047,.F.);
#10061=ORIENTED_EDGE('',*,*,#7049,.T.);
#10062=ORIENTED_EDGE('',*,*,#6824,.T.);
#10063=ORIENTED_EDGE('',*,*,#7036,.T.);
#10064=ORIENTED_EDGE('',*,*,#6437,.F.);
#10065=ORIENTED_EDGE('',*,*,#7050,.T.);
#10066=ORIENTED_EDGE('',*,*,#6435,.T.);
#10067=ORIENTED_EDGE('',*,*,#7024,.T.);
#10068=ORIENTED_EDGE('',*,*,#6826,.F.);
#10069=ORIENTED_EDGE('',*,*,#6436,.F.);
#10070=ORIENTED_EDGE('',*,*,#7050,.F.);
#10071=ORIENTED_EDGE('',*,*,#6825,.F.);
#10072=ORIENTED_EDGE('',*,*,#7049,.F.);
#10073=ORIENTED_EDGE('',*,*,#7051,.T.);
#10074=ORIENTED_EDGE('',*,*,#6808,.T.);
#10075=ORIENTED_EDGE('',*,*,#7038,.T.);
#10076=ORIENTED_EDGE('',*,*,#6453,.F.);
#10077=ORIENTED_EDGE('',*,*,#7052,.T.);
#10078=ORIENTED_EDGE('',*,*,#6451,.T.);
#10079=ORIENTED_EDGE('',*,*,#7026,.T.);
#10080=ORIENTED_EDGE('',*,*,#6810,.F.);
#10081=ORIENTED_EDGE('',*,*,#6452,.F.);
#10082=ORIENTED_EDGE('',*,*,#7052,.F.);
#10083=ORIENTED_EDGE('',*,*,#6809,.F.);
#10084=ORIENTED_EDGE('',*,*,#7051,.F.);
#10085=ORIENTED_EDGE('',*,*,#7053,.T.);
#10086=ORIENTED_EDGE('',*,*,#6812,.T.);
#10087=ORIENTED_EDGE('',*,*,#7025,.T.);
#10088=ORIENTED_EDGE('',*,*,#6449,.F.);
#10089=ORIENTED_EDGE('',*,*,#7054,.T.);
#10090=ORIENTED_EDGE('',*,*,#6447,.T.);
#10091=ORIENTED_EDGE('',*,*,#7027,.T.);
#10092=ORIENTED_EDGE('',*,*,#6814,.F.);
#10093=ORIENTED_EDGE('',*,*,#6448,.F.);
#10094=ORIENTED_EDGE('',*,*,#7054,.F.);
#10095=ORIENTED_EDGE('',*,*,#6813,.F.);
#10096=ORIENTED_EDGE('',*,*,#7053,.F.);
#10097=ORIENTED_EDGE('',*,*,#7055,.T.);
#10098=ORIENTED_EDGE('',*,*,#6836,.T.);
#10099=ORIENTED_EDGE('',*,*,#7032,.T.);
#10100=ORIENTED_EDGE('',*,*,#6425,.F.);
#10101=ORIENTED_EDGE('',*,*,#7056,.T.);
#10102=ORIENTED_EDGE('',*,*,#6423,.T.);
#10103=ORIENTED_EDGE('',*,*,#7029,.T.);
#10104=ORIENTED_EDGE('',*,*,#6838,.F.);
#10105=ORIENTED_EDGE('',*,*,#6424,.F.);
#10106=ORIENTED_EDGE('',*,*,#7056,.F.);
#10107=ORIENTED_EDGE('',*,*,#6837,.F.);
#10108=ORIENTED_EDGE('',*,*,#7055,.F.);
#10109=ORIENTED_EDGE('',*,*,#7057,.T.);
#10110=ORIENTED_EDGE('',*,*,#6832,.T.);
#10111=ORIENTED_EDGE('',*,*,#7034,.T.);
#10112=ORIENTED_EDGE('',*,*,#6429,.F.);
#10113=ORIENTED_EDGE('',*,*,#7058,.T.);
#10114=ORIENTED_EDGE('',*,*,#6427,.T.);
#10115=ORIENTED_EDGE('',*,*,#7031,.T.);
#10116=ORIENTED_EDGE('',*,*,#6834,.F.);
#10117=ORIENTED_EDGE('',*,*,#6428,.F.);
#10118=ORIENTED_EDGE('',*,*,#7058,.F.);
#10119=ORIENTED_EDGE('',*,*,#6833,.F.);
#10120=ORIENTED_EDGE('',*,*,#7057,.F.);
#10121=ORIENTED_EDGE('',*,*,#7059,.T.);
#10122=ORIENTED_EDGE('',*,*,#6828,.T.);
#10123=ORIENTED_EDGE('',*,*,#7023,.T.);
#10124=ORIENTED_EDGE('',*,*,#6433,.F.);
#10125=ORIENTED_EDGE('',*,*,#7060,.T.);
#10126=ORIENTED_EDGE('',*,*,#6431,.T.);
#10127=ORIENTED_EDGE('',*,*,#7033,.T.);
#10128=ORIENTED_EDGE('',*,*,#6830,.F.);
#10129=ORIENTED_EDGE('',*,*,#6432,.F.);
#10130=ORIENTED_EDGE('',*,*,#7060,.F.);
#10131=ORIENTED_EDGE('',*,*,#6829,.F.);
#10132=ORIENTED_EDGE('',*,*,#7059,.F.);
#10133=ORIENTED_EDGE('',*,*,#7061,.T.);
#10134=ORIENTED_EDGE('',*,*,#6820,.T.);
#10135=ORIENTED_EDGE('',*,*,#7015,.T.);
#10136=ORIENTED_EDGE('',*,*,#6441,.F.);
#10137=ORIENTED_EDGE('',*,*,#7062,.T.);
#10138=ORIENTED_EDGE('',*,*,#6439,.T.);
#10139=ORIENTED_EDGE('',*,*,#7035,.T.);
#10140=ORIENTED_EDGE('',*,*,#6822,.F.);
#10141=ORIENTED_EDGE('',*,*,#6440,.F.);
#10142=ORIENTED_EDGE('',*,*,#7062,.F.);
#10143=ORIENTED_EDGE('',*,*,#6821,.F.);
#10144=ORIENTED_EDGE('',*,*,#7061,.F.);
#10145=ORIENTED_EDGE('',*,*,#7063,.F.);
#10146=ORIENTED_EDGE('',*,*,#6455,.T.);
#10147=ORIENTED_EDGE('',*,*,#7037,.T.);
#10148=ORIENTED_EDGE('',*,*,#6806,.F.);
#10149=ORIENTED_EDGE('',*,*,#7064,.F.);
#10150=ORIENTED_EDGE('',*,*,#6804,.T.);
#10151=ORIENTED_EDGE('',*,*,#6960,.T.);
#10152=ORIENTED_EDGE('',*,*,#6457,.F.);
#10153=ORIENTED_EDGE('',*,*,#6805,.T.);
#10154=ORIENTED_EDGE('',*,*,#7064,.T.);
#10155=ORIENTED_EDGE('',*,*,#6456,.T.);
#10156=ORIENTED_EDGE('',*,*,#7063,.T.);
#10157=CYLINDRICAL_SURFACE('',#10747,0.205444527541365);
#10158=CYLINDRICAL_SURFACE('',#10748,0.205444527541365);
#10159=CYLINDRICAL_SURFACE('',#10749,0.205444527541365);
#10160=CYLINDRICAL_SURFACE('',#10752,0.121230630971128);
#10161=CYLINDRICAL_SURFACE('',#10753,0.121230630971128);
#10162=CYLINDRICAL_SURFACE('',#10754,0.121230630971128);
#10163=CYLINDRICAL_SURFACE('',#10755,0.121230630971128);
#10164=CYLINDRICAL_SURFACE('',#10756,0.5);
#10165=CYLINDRICAL_SURFACE('',#10758,0.121230630971128);
#10166=CYLINDRICAL_SURFACE('',#10772,0.5);
#10167=CYLINDRICAL_SURFACE('',#10773,0.121230630971128);
#10168=CYLINDRICAL_SURFACE('',#10774,0.121230630971128);
#10169=CYLINDRICAL_SURFACE('',#10775,0.121230630971128);
#10170=CYLINDRICAL_SURFACE('',#10776,0.121230630971128);
#10171=CYLINDRICAL_SURFACE('',#10777,0.121230630971128);
#10172=CYLINDRICAL_SURFACE('',#10781,0.205444527541365);
#10173=CYLINDRICAL_SURFACE('',#10782,0.205444527541365);
#10174=CYLINDRICAL_SURFACE('',#10783,0.205444527541365);
#10175=CYLINDRICAL_SURFACE('',#10788,0.5);
#10176=CYLINDRICAL_SURFACE('',#10790,0.121230630971128);
#10177=CYLINDRICAL_SURFACE('',#10791,0.121230630971128);
#10178=CYLINDRICAL_SURFACE('',#10792,0.121230630971128);
#10179=CYLINDRICAL_SURFACE('',#10795,0.205444527541365);
#10180=CYLINDRICAL_SURFACE('',#10799,0.121230630971128);
#10181=CYLINDRICAL_SURFACE('',#10800,0.121230630971128);
#10182=CYLINDRICAL_SURFACE('',#10801,0.121230630971128);
#10183=CYLINDRICAL_SURFACE('',#10802,0.5);
#10184=CYLINDRICAL_SURFACE('',#10806,0.205444527541365);
#10185=CYLINDRICAL_SURFACE('',#11018,0.105444527541365);
#10186=CYLINDRICAL_SURFACE('',#11019,0.105444527541365);
#10187=CYLINDRICAL_SURFACE('',#11020,0.105444527541365);
#10188=CYLINDRICAL_SURFACE('',#11023,0.221230630971128);
#10189=CYLINDRICAL_SURFACE('',#11024,0.221230630971128);
#10190=CYLINDRICAL_SURFACE('',#11025,0.221230630971128);
#10191=CYLINDRICAL_SURFACE('',#11026,0.221230630971128);
#10192=CYLINDRICAL_SURFACE('',#11027,0.4);
#10193=CYLINDRICAL_SURFACE('',#11029,0.221230630971128);
#10194=CYLINDRICAL_SURFACE('',#11043,0.4);
#10195=CYLINDRICAL_SURFACE('',#11044,0.221230630971128);
#10196=CYLINDRICAL_SURFACE('',#11045,0.221230630971128);
#10197=CYLINDRICAL_SURFACE('',#11046,0.221230630971128);
#10198=CYLINDRICAL_SURFACE('',#11047,0.221230630971128);
#10199=CYLINDRICAL_SURFACE('',#11048,0.221230630971128);
#10200=CYLINDRICAL_SURFACE('',#11052,0.105444527541365);
#10201=CYLINDRICAL_SURFACE('',#11053,0.105444527541365);
#10202=CYLINDRICAL_SURFACE('',#11054,0.105444527541365);
#10203=CYLINDRICAL_SURFACE('',#11059,0.4);
#10204=CYLINDRICAL_SURFACE('',#11061,0.221230630971128);
#10205=CYLINDRICAL_SURFACE('',#11062,0.221230630971128);
#10206=CYLINDRICAL_SURFACE('',#11063,0.221230630971128);
#10207=CYLINDRICAL_SURFACE('',#11066,0.105444527541365);
#10208=CYLINDRICAL_SURFACE('',#11070,0.221230630971128);
#10209=CYLINDRICAL_SURFACE('',#11071,0.221230630971128);
#10210=CYLINDRICAL_SURFACE('',#11072,0.221230630971128);
#10211=CYLINDRICAL_SURFACE('',#11073,0.4);
#10212=CYLINDRICAL_SURFACE('',#11077,0.105444527541365);
#10213=ADVANCED_FACE('',(#507),#10157,.T.);
#10214=ADVANCED_FACE('',(#508),#10158,.T.);
#10215=ADVANCED_FACE('',(#509),#10159,.T.);
#10216=ADVANCED_FACE('',(#510),#45,.T.);
#10217=ADVANCED_FACE('',(#511),#46,.T.);
#10218=ADVANCED_FACE('',(#512),#10160,.F.);
#10219=ADVANCED_FACE('',(#513),#10161,.F.);
#10220=ADVANCED_FACE('',(#514),#10162,.F.);
#10221=ADVANCED_FACE('',(#515),#10163,.F.);
#10222=ADVANCED_FACE('',(#516),#10164,.T.);
#10223=ADVANCED_FACE('',(#517),#10165,.F.);
#10224=ADVANCED_FACE('',(#518),#47,.T.);
#10225=ADVANCED_FACE('',(#519),#48,.T.);
#10226=ADVANCED_FACE('',(#520),#49,.F.);
#10227=ADVANCED_FACE('',(#521,#14),#50,.T.);
#10228=ADVANCED_FACE('',(#522),#51,.T.);
#10229=ADVANCED_FACE('',(#523),#52,.F.);
#10230=ADVANCED_FACE('',(#524),#10166,.T.);
#10231=ADVANCED_FACE('',(#525),#10167,.F.);
#10232=ADVANCED_FACE('',(#526),#10168,.F.);
#10233=ADVANCED_FACE('',(#527),#10169,.F.);
#10234=ADVANCED_FACE('',(#528),#10170,.F.);
#10235=ADVANCED_FACE('',(#529),#10171,.F.);
#10236=ADVANCED_FACE('',(#530),#53,.T.);
#10237=ADVANCED_FACE('',(#531),#54,.T.);
#10238=ADVANCED_FACE('',(#532),#55,.T.);
#10239=ADVANCED_FACE('',(#533),#10172,.T.);
#10240=ADVANCED_FACE('',(#534),#10173,.T.);
#10241=ADVANCED_FACE('',(#535),#10174,.T.);
#10242=ADVANCED_FACE('',(#536),#56,.F.);
#10243=ADVANCED_FACE('',(#537),#57,.T.);
#10244=ADVANCED_FACE('',(#538),#10175,.T.);
#10245=ADVANCED_FACE('',(#539),#10176,.F.);
#10246=ADVANCED_FACE('',(#540),#10177,.F.);
#10247=ADVANCED_FACE('',(#541),#10178,.F.);
#10248=ADVANCED_FACE('',(#542),#58,.T.);
#10249=ADVANCED_FACE('',(#543),#59,.T.);
#10250=ADVANCED_FACE('',(#544),#10179,.T.);
#10251=ADVANCED_FACE('',(#545),#60,.T.);
#10252=ADVANCED_FACE('',(#546),#61,.T.);
#10253=ADVANCED_FACE('',(#547),#62,.T.);
#10254=ADVANCED_FACE('',(#548),#10180,.F.);
#10255=ADVANCED_FACE('',(#549),#10181,.F.);
#10256=ADVANCED_FACE('',(#550),#10182,.F.);
#10257=ADVANCED_FACE('',(#551),#10183,.T.);
#10258=ADVANCED_FACE('',(#552),#63,.T.);
#10259=ADVANCED_FACE('',(#553),#64,.T.);
#10260=ADVANCED_FACE('',(#554),#10184,.T.);
#10261=ADVANCED_FACE('',(#555),#65,.T.);
#10262=ADVANCED_FACE('',(#556),#66,.T.);
#10263=ADVANCED_FACE('',(#557),#67,.F.);
#10264=ADVANCED_FACE('',(#558),#68,.F.);
#10265=ADVANCED_FACE('',(#559),#69,.F.);
#10266=ADVANCED_FACE('',(#560),#70,.F.);
#10267=ADVANCED_FACE('',(#561),#71,.F.);
#10268=ADVANCED_FACE('',(#562),#72,.F.);
#10269=ADVANCED_FACE('',(#563),#73,.F.);
#10270=ADVANCED_FACE('',(#564),#74,.F.);
#10271=ADVANCED_FACE('',(#565),#75,.F.);
#10272=ADVANCED_FACE('',(#566),#76,.F.);
#10273=ADVANCED_FACE('',(#567),#77,.F.);
#10274=ADVANCED_FACE('',(#568),#78,.F.);
#10275=ADVANCED_FACE('',(#569),#79,.F.);
#10276=ADVANCED_FACE('',(#570),#80,.F.);
#10277=ADVANCED_FACE('',(#571),#81,.F.);
#10278=ADVANCED_FACE('',(#572),#82,.F.);
#10279=ADVANCED_FACE('',(#573),#83,.F.);
#10280=ADVANCED_FACE('',(#574),#84,.F.);
#10281=ADVANCED_FACE('',(#575),#85,.F.);
#10282=ADVANCED_FACE('',(#576),#86,.F.);
#10283=ADVANCED_FACE('',(#577),#87,.F.);
#10284=ADVANCED_FACE('',(#578),#88,.F.);
#10285=ADVANCED_FACE('',(#579),#89,.F.);
#10286=ADVANCED_FACE('',(#580),#90,.F.);
#10287=ADVANCED_FACE('',(#581),#91,.F.);
#10288=ADVANCED_FACE('',(#582),#92,.F.);
#10289=ADVANCED_FACE('',(#583),#93,.F.);
#10290=ADVANCED_FACE('',(#584),#94,.F.);
#10291=ADVANCED_FACE('',(#585),#95,.F.);
#10292=ADVANCED_FACE('',(#586),#96,.F.);
#10293=ADVANCED_FACE('',(#587),#97,.F.);
#10294=ADVANCED_FACE('',(#588),#98,.F.);
#10295=ADVANCED_FACE('',(#589),#99,.F.);
#10296=ADVANCED_FACE('',(#590),#100,.F.);
#10297=ADVANCED_FACE('',(#591),#101,.F.);
#10298=ADVANCED_FACE('',(#592),#102,.F.);
#10299=ADVANCED_FACE('',(#593),#103,.F.);
#10300=ADVANCED_FACE('',(#594),#104,.F.);
#10301=ADVANCED_FACE('',(#595),#105,.T.);
#10302=ADVANCED_FACE('',(#596),#106,.T.);
#10303=ADVANCED_FACE('',(#597),#107,.T.);
#10304=ADVANCED_FACE('',(#598),#108,.T.);
#10305=ADVANCED_FACE('',(#599),#109,.T.);
#10306=ADVANCED_FACE('',(#600),#110,.T.);
#10307=ADVANCED_FACE('',(#601),#111,.T.);
#10308=ADVANCED_FACE('',(#602),#112,.T.);
#10309=ADVANCED_FACE('',(#603),#113,.T.);
#10310=ADVANCED_FACE('',(#604),#114,.T.);
#10311=ADVANCED_FACE('',(#605),#115,.T.);
#10312=ADVANCED_FACE('',(#606),#116,.T.);
#10313=ADVANCED_FACE('',(#607),#117,.T.);
#10314=ADVANCED_FACE('',(#608),#118,.T.);
#10315=ADVANCED_FACE('',(#609),#119,.F.);
#10316=ADVANCED_FACE('',(#610),#120,.F.);
#10317=ADVANCED_FACE('',(#611),#121,.F.);
#10318=ADVANCED_FACE('',(#612),#122,.F.);
#10319=ADVANCED_FACE('',(#613),#123,.F.);
#10320=ADVANCED_FACE('',(#614),#124,.F.);
#10321=ADVANCED_FACE('',(#615),#125,.F.);
#10322=ADVANCED_FACE('',(#616),#126,.F.);
#10323=ADVANCED_FACE('',(#617),#127,.F.);
#10324=ADVANCED_FACE('',(#618),#128,.F.);
#10325=ADVANCED_FACE('',(#619),#129,.F.);
#10326=ADVANCED_FACE('',(#620),#130,.F.);
#10327=ADVANCED_FACE('',(#621),#131,.F.);
#10328=ADVANCED_FACE('',(#622),#132,.F.);
#10329=ADVANCED_FACE('',(#623),#133,.F.);
#10330=ADVANCED_FACE('',(#624),#134,.F.);
#10331=ADVANCED_FACE('',(#625),#135,.F.);
#10332=ADVANCED_FACE('',(#626),#136,.F.);
#10333=ADVANCED_FACE('',(#627),#137,.F.);
#10334=ADVANCED_FACE('',(#628),#138,.F.);
#10335=ADVANCED_FACE('',(#629),#139,.F.);
#10336=ADVANCED_FACE('',(#630),#140,.F.);
#10337=ADVANCED_FACE('',(#631),#141,.F.);
#10338=ADVANCED_FACE('',(#632),#142,.F.);
#10339=ADVANCED_FACE('',(#633),#143,.F.);
#10340=ADVANCED_FACE('',(#634),#144,.F.);
#10341=ADVANCED_FACE('',(#635),#145,.F.);
#10342=ADVANCED_FACE('',(#636),#146,.F.);
#10343=ADVANCED_FACE('',(#637),#147,.F.);
#10344=ADVANCED_FACE('',(#638),#148,.F.);
#10345=ADVANCED_FACE('',(#639),#149,.F.);
#10346=ADVANCED_FACE('',(#640),#150,.F.);
#10347=ADVANCED_FACE('',(#641),#151,.F.);
#10348=ADVANCED_FACE('',(#642),#152,.F.);
#10349=ADVANCED_FACE('',(#643),#153,.F.);
#10350=ADVANCED_FACE('',(#644),#154,.F.);
#10351=ADVANCED_FACE('',(#645),#155,.F.);
#10352=ADVANCED_FACE('',(#646),#156,.F.);
#10353=ADVANCED_FACE('',(#647),#157,.F.);
#10354=ADVANCED_FACE('',(#648),#158,.T.);
#10355=ADVANCED_FACE('',(#649),#159,.T.);
#10356=ADVANCED_FACE('',(#650),#160,.T.);
#10357=ADVANCED_FACE('',(#651),#161,.T.);
#10358=ADVANCED_FACE('',(#652),#162,.T.);
#10359=ADVANCED_FACE('',(#653),#163,.T.);
#10360=ADVANCED_FACE('',(#654),#164,.T.);
#10361=ADVANCED_FACE('',(#655),#165,.T.);
#10362=ADVANCED_FACE('',(#656),#166,.T.);
#10363=ADVANCED_FACE('',(#657),#167,.T.);
#10364=ADVANCED_FACE('',(#658),#168,.T.);
#10365=ADVANCED_FACE('',(#659),#169,.T.);
#10366=ADVANCED_FACE('',(#660),#170,.F.);
#10367=ADVANCED_FACE('',(#661),#171,.F.);
#10368=ADVANCED_FACE('',(#662),#172,.F.);
#10369=ADVANCED_FACE('',(#663),#173,.F.);
#10370=ADVANCED_FACE('',(#664),#174,.F.);
#10371=ADVANCED_FACE('',(#665),#175,.F.);
#10372=ADVANCED_FACE('',(#666),#176,.F.);
#10373=ADVANCED_FACE('',(#667),#177,.F.);
#10374=ADVANCED_FACE('',(#668),#178,.F.);
#10375=ADVANCED_FACE('',(#669),#179,.F.);
#10376=ADVANCED_FACE('',(#670),#180,.F.);
#10377=ADVANCED_FACE('',(#671),#181,.F.);
#10378=ADVANCED_FACE('',(#672),#182,.F.);
#10379=ADVANCED_FACE('',(#673),#183,.F.);
#10380=ADVANCED_FACE('',(#674),#184,.F.);
#10381=ADVANCED_FACE('',(#675),#185,.F.);
#10382=ADVANCED_FACE('',(#676),#186,.F.);
#10383=ADVANCED_FACE('',(#677),#187,.F.);
#10384=ADVANCED_FACE('',(#678),#188,.F.);
#10385=ADVANCED_FACE('',(#679),#189,.F.);
#10386=ADVANCED_FACE('',(#680),#190,.F.);
#10387=ADVANCED_FACE('',(#681),#191,.F.);
#10388=ADVANCED_FACE('',(#682),#192,.F.);
#10389=ADVANCED_FACE('',(#683),#193,.F.);
#10390=ADVANCED_FACE('',(#684),#194,.F.);
#10391=ADVANCED_FACE('',(#685),#195,.F.);
#10392=ADVANCED_FACE('',(#686),#196,.F.);
#10393=ADVANCED_FACE('',(#687),#197,.F.);
#10394=ADVANCED_FACE('',(#688),#198,.F.);
#10395=ADVANCED_FACE('',(#689),#199,.F.);
#10396=ADVANCED_FACE('',(#690),#200,.F.);
#10397=ADVANCED_FACE('',(#691),#201,.F.);
#10398=ADVANCED_FACE('',(#692),#202,.F.);
#10399=ADVANCED_FACE('',(#693),#203,.F.);
#10400=ADVANCED_FACE('',(#694),#204,.F.);
#10401=ADVANCED_FACE('',(#695),#205,.F.);
#10402=ADVANCED_FACE('',(#696),#206,.F.);
#10403=ADVANCED_FACE('',(#697),#207,.F.);
#10404=ADVANCED_FACE('',(#698),#208,.F.);
#10405=ADVANCED_FACE('',(#699),#209,.T.);
#10406=ADVANCED_FACE('',(#700),#210,.T.);
#10407=ADVANCED_FACE('',(#701),#211,.T.);
#10408=ADVANCED_FACE('',(#702),#212,.T.);
#10409=ADVANCED_FACE('',(#703),#213,.T.);
#10410=ADVANCED_FACE('',(#704),#214,.T.);
#10411=ADVANCED_FACE('',(#705),#215,.T.);
#10412=ADVANCED_FACE('',(#706),#216,.T.);
#10413=ADVANCED_FACE('',(#707),#217,.T.);
#10414=ADVANCED_FACE('',(#708),#218,.T.);
#10415=ADVANCED_FACE('',(#709),#219,.T.);
#10416=ADVANCED_FACE('',(#710),#220,.T.);
#10417=ADVANCED_FACE('',(#711),#221,.T.);
#10418=ADVANCED_FACE('',(#712),#222,.T.);
#10419=ADVANCED_FACE('',(#713),#223,.F.);
#10420=ADVANCED_FACE('',(#714),#224,.F.);
#10421=ADVANCED_FACE('',(#715),#225,.F.);
#10422=ADVANCED_FACE('',(#716),#226,.F.);
#10423=ADVANCED_FACE('',(#717),#227,.F.);
#10424=ADVANCED_FACE('',(#718),#228,.F.);
#10425=ADVANCED_FACE('',(#719),#229,.F.);
#10426=ADVANCED_FACE('',(#720),#230,.F.);
#10427=ADVANCED_FACE('',(#721),#231,.F.);
#10428=ADVANCED_FACE('',(#722),#232,.F.);
#10429=ADVANCED_FACE('',(#723),#233,.F.);
#10430=ADVANCED_FACE('',(#724),#234,.F.);
#10431=ADVANCED_FACE('',(#725),#235,.F.);
#10432=ADVANCED_FACE('',(#726),#236,.T.);
#10433=ADVANCED_FACE('',(#727),#237,.T.);
#10434=ADVANCED_FACE('',(#728),#238,.T.);
#10435=ADVANCED_FACE('',(#729),#239,.F.);
#10436=ADVANCED_FACE('',(#730),#240,.T.);
#10437=ADVANCED_FACE('',(#731),#241,.T.);
#10438=ADVANCED_FACE('',(#732),#242,.F.);
#10439=ADVANCED_FACE('',(#733),#243,.T.);
#10440=ADVANCED_FACE('',(#734),#244,.T.);
#10441=ADVANCED_FACE('',(#735),#245,.F.);
#10442=ADVANCED_FACE('',(#736),#246,.T.);
#10443=ADVANCED_FACE('',(#737),#247,.T.);
#10444=ADVANCED_FACE('',(#738),#248,.F.);
#10445=ADVANCED_FACE('',(#739),#249,.T.);
#10446=ADVANCED_FACE('',(#740),#250,.T.);
#10447=ADVANCED_FACE('',(#741),#251,.F.);
#10448=ADVANCED_FACE('',(#742),#252,.T.);
#10449=ADVANCED_FACE('',(#743),#253,.T.);
#10450=ADVANCED_FACE('',(#744),#254,.F.);
#10451=ADVANCED_FACE('',(#745),#255,.T.);
#10452=ADVANCED_FACE('',(#746),#256,.T.);
#10453=ADVANCED_FACE('',(#747),#257,.F.);
#10454=ADVANCED_FACE('',(#748),#258,.T.);
#10455=ADVANCED_FACE('',(#749),#259,.T.);
#10456=ADVANCED_FACE('',(#750),#260,.F.);
#10457=ADVANCED_FACE('',(#751),#261,.T.);
#10458=ADVANCED_FACE('',(#752),#262,.T.);
#10459=ADVANCED_FACE('',(#753),#263,.F.);
#10460=ADVANCED_FACE('',(#754),#264,.T.);
#10461=ADVANCED_FACE('',(#755),#265,.T.);
#10462=ADVANCED_FACE('',(#756),#266,.F.);
#10463=ADVANCED_FACE('',(#757),#267,.T.);
#10464=ADVANCED_FACE('',(#758),#268,.T.);
#10465=ADVANCED_FACE('',(#759),#269,.F.);
#10466=ADVANCED_FACE('',(#760),#270,.T.);
#10467=ADVANCED_FACE('',(#761),#271,.T.);
#10468=ADVANCED_FACE('',(#762),#272,.F.);
#10469=ADVANCED_FACE('',(#763),#273,.T.);
#10470=ADVANCED_FACE('',(#764),#274,.T.);
#10471=ADVANCED_FACE('',(#765),#275,.F.);
#10472=ADVANCED_FACE('',(#766),#10185,.F.);
#10473=ADVANCED_FACE('',(#767),#10186,.F.);
#10474=ADVANCED_FACE('',(#768),#10187,.F.);
#10475=ADVANCED_FACE('',(#769),#276,.F.);
#10476=ADVANCED_FACE('',(#770),#277,.F.);
#10477=ADVANCED_FACE('',(#771),#10188,.T.);
#10478=ADVANCED_FACE('',(#772),#10189,.T.);
#10479=ADVANCED_FACE('',(#773),#10190,.T.);
#10480=ADVANCED_FACE('',(#774),#10191,.T.);
#10481=ADVANCED_FACE('',(#775),#10192,.F.);
#10482=ADVANCED_FACE('',(#776),#10193,.T.);
#10483=ADVANCED_FACE('',(#777),#278,.F.);
#10484=ADVANCED_FACE('',(#778),#279,.F.);
#10485=ADVANCED_FACE('',(#779),#280,.T.);
#10486=ADVANCED_FACE('',(#780,#15),#281,.F.);
#10487=ADVANCED_FACE('',(#781),#282,.F.);
#10488=ADVANCED_FACE('',(#782),#283,.T.);
#10489=ADVANCED_FACE('',(#783),#10194,.F.);
#10490=ADVANCED_FACE('',(#784),#10195,.T.);
#10491=ADVANCED_FACE('',(#785),#10196,.T.);
#10492=ADVANCED_FACE('',(#786),#10197,.T.);
#10493=ADVANCED_FACE('',(#787),#10198,.T.);
#10494=ADVANCED_FACE('',(#788),#10199,.T.);
#10495=ADVANCED_FACE('',(#789),#284,.F.);
#10496=ADVANCED_FACE('',(#790),#285,.F.);
#10497=ADVANCED_FACE('',(#791),#286,.F.);
#10498=ADVANCED_FACE('',(#792),#10200,.F.);
#10499=ADVANCED_FACE('',(#793),#10201,.F.);
#10500=ADVANCED_FACE('',(#794),#10202,.F.);
#10501=ADVANCED_FACE('',(#795),#287,.T.);
#10502=ADVANCED_FACE('',(#796),#288,.F.);
#10503=ADVANCED_FACE('',(#797),#10203,.F.);
#10504=ADVANCED_FACE('',(#798),#10204,.T.);
#10505=ADVANCED_FACE('',(#799),#10205,.T.);
#10506=ADVANCED_FACE('',(#800),#10206,.T.);
#10507=ADVANCED_FACE('',(#801),#289,.F.);
#10508=ADVANCED_FACE('',(#802),#290,.F.);
#10509=ADVANCED_FACE('',(#803),#10207,.F.);
#10510=ADVANCED_FACE('',(#804),#291,.F.);
#10511=ADVANCED_FACE('',(#805),#292,.F.);
#10512=ADVANCED_FACE('',(#806),#293,.F.);
#10513=ADVANCED_FACE('',(#807),#10208,.T.);
#10514=ADVANCED_FACE('',(#808),#10209,.T.);
#10515=ADVANCED_FACE('',(#809),#10210,.T.);
#10516=ADVANCED_FACE('',(#810),#10211,.F.);
#10517=ADVANCED_FACE('',(#811),#294,.F.);
#10518=ADVANCED_FACE('',(#812),#295,.F.);
#10519=ADVANCED_FACE('',(#813),#10212,.F.);
#10520=ADVANCED_FACE('',(#814),#296,.F.);
#10521=ADVANCED_FACE('',(#815),#297,.F.);
#10522=ADVANCED_FACE('',(#816),#298,.T.);
#10523=ADVANCED_FACE('',(#817),#299,.T.);
#10524=ADVANCED_FACE('',(#818),#300,.T.);
#10525=ADVANCED_FACE('',(#819),#301,.T.);
#10526=ADVANCED_FACE('',(#820),#302,.T.);
#10527=ADVANCED_FACE('',(#821),#303,.T.);
#10528=ADVANCED_FACE('',(#822),#304,.T.);
#10529=ADVANCED_FACE('',(#823),#305,.T.);
#10530=ADVANCED_FACE('',(#824),#306,.T.);
#10531=ADVANCED_FACE('',(#825),#307,.T.);
#10532=ADVANCED_FACE('',(#826),#308,.T.);
#10533=ADVANCED_FACE('',(#827),#309,.T.);
#10534=ADVANCED_FACE('',(#828),#310,.T.);
#10535=ADVANCED_FACE('',(#829),#311,.T.);
#10536=ADVANCED_FACE('',(#830),#312,.T.);
#10537=ADVANCED_FACE('',(#831),#313,.T.);
#10538=ADVANCED_FACE('',(#832),#314,.T.);
#10539=ADVANCED_FACE('',(#833),#315,.T.);
#10540=ADVANCED_FACE('',(#834),#316,.T.);
#10541=ADVANCED_FACE('',(#835),#317,.T.);
#10542=ADVANCED_FACE('',(#836),#318,.T.);
#10543=ADVANCED_FACE('',(#837),#319,.T.);
#10544=ADVANCED_FACE('',(#838),#320,.T.);
#10545=ADVANCED_FACE('',(#839),#321,.T.);
#10546=ADVANCED_FACE('',(#840),#322,.T.);
#10547=ADVANCED_FACE('',(#841),#323,.T.);
#10548=ADVANCED_FACE('',(#842),#324,.T.);
#10549=ADVANCED_FACE('',(#843),#325,.T.);
#10550=ADVANCED_FACE('',(#844),#326,.T.);
#10551=ADVANCED_FACE('',(#845),#327,.T.);
#10552=ADVANCED_FACE('',(#846),#328,.T.);
#10553=ADVANCED_FACE('',(#847),#329,.T.);
#10554=ADVANCED_FACE('',(#848),#330,.T.);
#10555=ADVANCED_FACE('',(#849),#331,.T.);
#10556=ADVANCED_FACE('',(#850),#332,.T.);
#10557=ADVANCED_FACE('',(#851),#333,.T.);
#10558=ADVANCED_FACE('',(#852),#334,.T.);
#10559=ADVANCED_FACE('',(#853),#335,.T.);
#10560=ADVANCED_FACE('',(#854),#336,.F.);
#10561=ADVANCED_FACE('',(#855),#337,.F.);
#10562=ADVANCED_FACE('',(#856),#338,.F.);
#10563=ADVANCED_FACE('',(#857),#339,.F.);
#10564=ADVANCED_FACE('',(#858),#340,.F.);
#10565=ADVANCED_FACE('',(#859),#341,.F.);
#10566=ADVANCED_FACE('',(#860),#342,.F.);
#10567=ADVANCED_FACE('',(#861),#343,.F.);
#10568=ADVANCED_FACE('',(#862),#344,.F.);
#10569=ADVANCED_FACE('',(#863),#345,.F.);
#10570=ADVANCED_FACE('',(#864),#346,.F.);
#10571=ADVANCED_FACE('',(#865),#347,.F.);
#10572=ADVANCED_FACE('',(#866),#348,.F.);
#10573=ADVANCED_FACE('',(#867),#349,.F.);
#10574=ADVANCED_FACE('',(#868),#350,.T.);
#10575=ADVANCED_FACE('',(#869),#351,.T.);
#10576=ADVANCED_FACE('',(#870),#352,.T.);
#10577=ADVANCED_FACE('',(#871),#353,.T.);
#10578=ADVANCED_FACE('',(#872),#354,.T.);
#10579=ADVANCED_FACE('',(#873),#355,.T.);
#10580=ADVANCED_FACE('',(#874),#356,.T.);
#10581=ADVANCED_FACE('',(#875),#357,.T.);
#10582=ADVANCED_FACE('',(#876),#358,.T.);
#10583=ADVANCED_FACE('',(#877),#359,.T.);
#10584=ADVANCED_FACE('',(#878),#360,.T.);
#10585=ADVANCED_FACE('',(#879),#361,.T.);
#10586=ADVANCED_FACE('',(#880),#362,.T.);
#10587=ADVANCED_FACE('',(#881),#363,.T.);
#10588=ADVANCED_FACE('',(#882),#364,.T.);
#10589=ADVANCED_FACE('',(#883),#365,.T.);
#10590=ADVANCED_FACE('',(#884),#366,.T.);
#10591=ADVANCED_FACE('',(#885),#367,.T.);
#10592=ADVANCED_FACE('',(#886),#368,.T.);
#10593=ADVANCED_FACE('',(#887),#369,.T.);
#10594=ADVANCED_FACE('',(#888),#370,.T.);
#10595=ADVANCED_FACE('',(#889),#371,.T.);
#10596=ADVANCED_FACE('',(#890),#372,.T.);
#10597=ADVANCED_FACE('',(#891),#373,.T.);
#10598=ADVANCED_FACE('',(#892),#374,.T.);
#10599=ADVANCED_FACE('',(#893),#375,.T.);
#10600=ADVANCED_FACE('',(#894),#376,.T.);
#10601=ADVANCED_FACE('',(#895),#377,.T.);
#10602=ADVANCED_FACE('',(#896),#378,.T.);
#10603=ADVANCED_FACE('',(#897),#379,.T.);
#10604=ADVANCED_FACE('',(#898),#380,.T.);
#10605=ADVANCED_FACE('',(#899),#381,.T.);
#10606=ADVANCED_FACE('',(#900),#382,.T.);
#10607=ADVANCED_FACE('',(#901),#383,.T.);
#10608=ADVANCED_FACE('',(#902),#384,.T.);
#10609=ADVANCED_FACE('',(#903),#385,.T.);
#10610=ADVANCED_FACE('',(#904),#386,.T.);
#10611=ADVANCED_FACE('',(#905),#387,.T.);
#10612=ADVANCED_FACE('',(#906),#388,.T.);
#10613=ADVANCED_FACE('',(#907),#389,.F.);
#10614=ADVANCED_FACE('',(#908),#390,.F.);
#10615=ADVANCED_FACE('',(#909),#391,.F.);
#10616=ADVANCED_FACE('',(#910),#392,.F.);
#10617=ADVANCED_FACE('',(#911),#393,.F.);
#10618=ADVANCED_FACE('',(#912),#394,.F.);
#10619=ADVANCED_FACE('',(#913),#395,.F.);
#10620=ADVANCED_FACE('',(#914),#396,.F.);
#10621=ADVANCED_FACE('',(#915),#397,.F.);
#10622=ADVANCED_FACE('',(#916),#398,.F.);
#10623=ADVANCED_FACE('',(#917),#399,.F.);
#10624=ADVANCED_FACE('',(#918),#400,.F.);
#10625=ADVANCED_FACE('',(#919),#401,.T.);
#10626=ADVANCED_FACE('',(#920),#402,.T.);
#10627=ADVANCED_FACE('',(#921),#403,.T.);
#10628=ADVANCED_FACE('',(#922),#404,.T.);
#10629=ADVANCED_FACE('',(#923),#405,.T.);
#10630=ADVANCED_FACE('',(#924),#406,.T.);
#10631=ADVANCED_FACE('',(#925),#407,.T.);
#10632=ADVANCED_FACE('',(#926),#408,.T.);
#10633=ADVANCED_FACE('',(#927),#409,.T.);
#10634=ADVANCED_FACE('',(#928),#410,.T.);
#10635=ADVANCED_FACE('',(#929),#411,.T.);
#10636=ADVANCED_FACE('',(#930),#412,.T.);
#10637=ADVANCED_FACE('',(#931),#413,.T.);
#10638=ADVANCED_FACE('',(#932),#414,.T.);
#10639=ADVANCED_FACE('',(#933),#415,.T.);
#10640=ADVANCED_FACE('',(#934),#416,.T.);
#10641=ADVANCED_FACE('',(#935),#417,.T.);
#10642=ADVANCED_FACE('',(#936),#418,.T.);
#10643=ADVANCED_FACE('',(#937),#419,.T.);
#10644=ADVANCED_FACE('',(#938),#420,.T.);
#10645=ADVANCED_FACE('',(#939),#421,.T.);
#10646=ADVANCED_FACE('',(#940),#422,.T.);
#10647=ADVANCED_FACE('',(#941),#423,.T.);
#10648=ADVANCED_FACE('',(#942),#424,.T.);
#10649=ADVANCED_FACE('',(#943),#425,.T.);
#10650=ADVANCED_FACE('',(#944),#426,.T.);
#10651=ADVANCED_FACE('',(#945),#427,.T.);
#10652=ADVANCED_FACE('',(#946),#428,.T.);
#10653=ADVANCED_FACE('',(#947),#429,.T.);
#10654=ADVANCED_FACE('',(#948),#430,.T.);
#10655=ADVANCED_FACE('',(#949),#431,.T.);
#10656=ADVANCED_FACE('',(#950),#432,.T.);
#10657=ADVANCED_FACE('',(#951),#433,.T.);
#10658=ADVANCED_FACE('',(#952),#434,.T.);
#10659=ADVANCED_FACE('',(#953),#435,.T.);
#10660=ADVANCED_FACE('',(#954),#436,.T.);
#10661=ADVANCED_FACE('',(#955),#437,.T.);
#10662=ADVANCED_FACE('',(#956),#438,.T.);
#10663=ADVANCED_FACE('',(#957),#439,.T.);
#10664=ADVANCED_FACE('',(#958),#440,.F.);
#10665=ADVANCED_FACE('',(#959),#441,.F.);
#10666=ADVANCED_FACE('',(#960),#442,.F.);
#10667=ADVANCED_FACE('',(#961),#443,.F.);
#10668=ADVANCED_FACE('',(#962),#444,.F.);
#10669=ADVANCED_FACE('',(#963),#445,.F.);
#10670=ADVANCED_FACE('',(#964),#446,.F.);
#10671=ADVANCED_FACE('',(#965),#447,.F.);
#10672=ADVANCED_FACE('',(#966),#448,.F.);
#10673=ADVANCED_FACE('',(#967),#449,.F.);
#10674=ADVANCED_FACE('',(#968),#450,.F.);
#10675=ADVANCED_FACE('',(#969),#451,.F.);
#10676=ADVANCED_FACE('',(#970),#452,.F.);
#10677=ADVANCED_FACE('',(#971),#453,.F.);
#10678=ADVANCED_FACE('',(#972),#454,.T.);
#10679=ADVANCED_FACE('',(#973),#455,.T.);
#10680=ADVANCED_FACE('',(#974),#456,.T.);
#10681=ADVANCED_FACE('',(#975),#457,.T.);
#10682=ADVANCED_FACE('',(#976),#458,.T.);
#10683=ADVANCED_FACE('',(#977),#459,.T.);
#10684=ADVANCED_FACE('',(#978),#460,.T.);
#10685=ADVANCED_FACE('',(#979),#461,.T.);
#10686=ADVANCED_FACE('',(#980),#462,.T.);
#10687=ADVANCED_FACE('',(#981),#463,.T.);
#10688=ADVANCED_FACE('',(#982),#464,.T.);
#10689=ADVANCED_FACE('',(#983),#465,.T.);
#10690=ADVANCED_FACE('',(#984),#466,.T.);
#10691=ADVANCED_FACE('',(#985),#467,.F.);
#10692=ADVANCED_FACE('',(#986),#468,.F.);
#10693=ADVANCED_FACE('',(#987),#469,.F.);
#10694=ADVANCED_FACE('',(#988),#470,.T.);
#10695=ADVANCED_FACE('',(#989),#471,.F.);
#10696=ADVANCED_FACE('',(#990),#472,.F.);
#10697=ADVANCED_FACE('',(#991),#473,.T.);
#10698=ADVANCED_FACE('',(#992),#474,.F.);
#10699=ADVANCED_FACE('',(#993),#475,.F.);
#10700=ADVANCED_FACE('',(#994),#476,.T.);
#10701=ADVANCED_FACE('',(#995),#477,.F.);
#10702=ADVANCED_FACE('',(#996),#478,.F.);
#10703=ADVANCED_FACE('',(#997),#479,.T.);
#10704=ADVANCED_FACE('',(#998),#480,.F.);
#10705=ADVANCED_FACE('',(#999),#481,.F.);
#10706=ADVANCED_FACE('',(#1000),#482,.T.);
#10707=ADVANCED_FACE('',(#1001),#483,.F.);
#10708=ADVANCED_FACE('',(#1002),#484,.F.);
#10709=ADVANCED_FACE('',(#1003),#485,.T.);
#10710=ADVANCED_FACE('',(#1004),#486,.F.);
#10711=ADVANCED_FACE('',(#1005),#487,.F.);
#10712=ADVANCED_FACE('',(#1006),#488,.T.);
#10713=ADVANCED_FACE('',(#1007),#489,.F.);
#10714=ADVANCED_FACE('',(#1008),#490,.F.);
#10715=ADVANCED_FACE('',(#1009),#491,.T.);
#10716=ADVANCED_FACE('',(#1010),#492,.F.);
#10717=ADVANCED_FACE('',(#1011),#493,.F.);
#10718=ADVANCED_FACE('',(#1012),#494,.T.);
#10719=ADVANCED_FACE('',(#1013),#495,.F.);
#10720=ADVANCED_FACE('',(#1014),#496,.F.);
#10721=ADVANCED_FACE('',(#1015),#497,.T.);
#10722=ADVANCED_FACE('',(#1016),#498,.F.);
#10723=ADVANCED_FACE('',(#1017),#499,.F.);
#10724=ADVANCED_FACE('',(#1018),#500,.T.);
#10725=ADVANCED_FACE('',(#1019),#501,.F.);
#10726=ADVANCED_FACE('',(#1020),#502,.F.);
#10727=ADVANCED_FACE('',(#1021),#503,.T.);
#10728=ADVANCED_FACE('',(#1022),#504,.F.);
#10729=ADVANCED_FACE('',(#1023),#505,.F.);
#10730=ADVANCED_FACE('',(#1024),#506,.T.);
#10731=CLOSED_SHELL('',(#10213,#10214,#10215,#10216,#10217,#10218,#10219,
#10220,#10221,#10222,#10223,#10224,#10225,#10226,#10227,#10228,#10229,#10230,
#10231,#10232,#10233,#10234,#10235,#10236,#10237,#10238,#10239,#10240,#10241,
#10242,#10243,#10244,#10245,#10246,#10247,#10248,#10249,#10250,#10251,#10252,
#10253,#10254,#10255,#10256,#10257,#10258,#10259,#10260,#10261,#10262,#10263,
#10264,#10265,#10266,#10267,#10268,#10269,#10270,#10271,#10272,#10273,#10274,
#10275,#10276,#10277,#10278,#10279,#10280,#10281,#10282,#10283,#10284,#10285,
#10286,#10287,#10288,#10289,#10290,#10291,#10292,#10293,#10294,#10295,#10296,
#10297,#10298,#10299,#10300,#10301,#10302,#10303,#10304,#10305,#10306,#10307,
#10308,#10309,#10310,#10311,#10312,#10313,#10314,#10315,#10316,#10317,#10318,
#10319,#10320,#10321,#10322,#10323,#10324,#10325,#10326,#10327,#10328,#10329,
#10330,#10331,#10332,#10333,#10334,#10335,#10336,#10337,#10338,#10339,#10340,
#10341,#10342,#10343,#10344,#10345,#10346,#10347,#10348,#10349,#10350,#10351,
#10352,#10353,#10354,#10355,#10356,#10357,#10358,#10359,#10360,#10361,#10362,
#10363,#10364,#10365,#10366,#10367,#10368,#10369,#10370,#10371,#10372,#10373,
#10374,#10375,#10376,#10377,#10378,#10379,#10380,#10381,#10382,#10383,#10384,
#10385,#10386,#10387,#10388,#10389,#10390,#10391,#10392,#10393,#10394,#10395,
#10396,#10397,#10398,#10399,#10400,#10401,#10402,#10403,#10404,#10405,#10406,
#10407,#10408,#10409,#10410,#10411,#10412,#10413,#10414,#10415,#10416,#10417,
#10418,#10419,#10420,#10421,#10422,#10423,#10424,#10425,#10426,#10427,#10428,
#10429,#10430,#10431,#10432,#10433,#10434,#10435,#10436,#10437,#10438,#10439,
#10440,#10441,#10442,#10443,#10444,#10445,#10446,#10447,#10448,#10449,#10450,
#10451,#10452,#10453,#10454,#10455,#10456,#10457,#10458,#10459,#10460,#10461,
#10462,#10463,#10464,#10465,#10466,#10467,#10468,#10469,#10470,#10471));
#10732=CLOSED_SHELL('',(#10472,#10473,#10474,#10475,#10476,#10477,#10478,
#10479,#10480,#10481,#10482,#10483,#10484,#10485,#10486,#10487,#10488,#10489,
#10490,#10491,#10492,#10493,#10494,#10495,#10496,#10497,#10498,#10499,#10500,
#10501,#10502,#10503,#10504,#10505,#10506,#10507,#10508,#10509,#10510,#10511,
#10512,#10513,#10514,#10515,#10516,#10517,#10518,#10519,#10520,#10521,#10522,
#10523,#10524,#10525,#10526,#10527,#10528,#10529,#10530,#10531,#10532,#10533,
#10534,#10535,#10536,#10537,#10538,#10539,#10540,#10541,#10542,#10543,#10544,
#10545,#10546,#10547,#10548,#10549,#10550,#10551,#10552,#10553,#10554,#10555,
#10556,#10557,#10558,#10559,#10560,#10561,#10562,#10563,#10564,#10565,#10566,
#10567,#10568,#10569,#10570,#10571,#10572,#10573,#10574,#10575,#10576,#10577,
#10578,#10579,#10580,#10581,#10582,#10583,#10584,#10585,#10586,#10587,#10588,
#10589,#10590,#10591,#10592,#10593,#10594,#10595,#10596,#10597,#10598,#10599,
#10600,#10601,#10602,#10603,#10604,#10605,#10606,#10607,#10608,#10609,#10610,
#10611,#10612,#10613,#10614,#10615,#10616,#10617,#10618,#10619,#10620,#10621,
#10622,#10623,#10624,#10625,#10626,#10627,#10628,#10629,#10630,#10631,#10632,
#10633,#10634,#10635,#10636,#10637,#10638,#10639,#10640,#10641,#10642,#10643,
#10644,#10645,#10646,#10647,#10648,#10649,#10650,#10651,#10652,#10653,#10654,
#10655,#10656,#10657,#10658,#10659,#10660,#10661,#10662,#10663,#10664,#10665,
#10666,#10667,#10668,#10669,#10670,#10671,#10672,#10673,#10674,#10675,#10676,
#10677,#10678,#10679,#10680,#10681,#10682,#10683,#10684,#10685,#10686,#10687,
#10688,#10689,#10690,#10691,#10692,#10693,#10694,#10695,#10696,#10697,#10698,
#10699,#10700,#10701,#10702,#10703,#10704,#10705,#10706,#10707,#10708,#10709,
#10710,#10711,#10712,#10713,#10714,#10715,#10716,#10717,#10718,#10719,#10720,
#10721,#10722,#10723,#10724,#10725,#10726,#10727,#10728,#10729,#10730));
#10733=BREP_WITH_VOIDS('Body56',#10731,(#13));
#10734=DERIVED_UNIT_ELEMENT(#10736,1.);
#10735=DERIVED_UNIT_ELEMENT(#18965,-3.);
#10736=(
MASS_UNIT()
NAMED_UNIT(*)
SI_UNIT(.KILO.,.GRAM.)
);
#10737=DERIVED_UNIT((#10734,#10735));
#10738=MEASURE_REPRESENTATION_ITEM('density measure',
POSITIVE_RATIO_MEASURE(7850.),#10737);
#10739=PROPERTY_DEFINITION_REPRESENTATION(#10744,#10741);
#10740=PROPERTY_DEFINITION_REPRESENTATION(#10745,#10742);
#10741=REPRESENTATION('material name',(#10743),#18962);
#10742=REPRESENTATION('density',(#10738),#18962);
#10743=DESCRIPTIVE_REPRESENTATION_ITEM('Steel','Steel');
#10744=PROPERTY_DEFINITION('material property','material name',#18972);
#10745=PROPERTY_DEFINITION('material property','density of part',#18972);
#10746=AXIS2_PLACEMENT_3D('',#13793,#11289,#11290);
#10747=AXIS2_PLACEMENT_3D('',#13794,#11291,#11292);
#10748=AXIS2_PLACEMENT_3D('',#13869,#11296,#11297);
#10749=AXIS2_PLACEMENT_3D('',#13964,#11300,#11301);
#10750=AXIS2_PLACEMENT_3D('',#14039,#11305,#11306);
#10751=AXIS2_PLACEMENT_3D('',#14045,#11310,#11311);
#10752=AXIS2_PLACEMENT_3D('',#14051,#11315,#11316);
#10753=AXIS2_PLACEMENT_3D('',#14105,#11318,#11319);
#10754=AXIS2_PLACEMENT_3D('',#14149,#11321,#11322);
#10755=AXIS2_PLACEMENT_3D('',#14209,#11324,#11325);
#10756=AXIS2_PLACEMENT_3D('',#14266,#11326,#11327);
#10757=AXIS2_PLACEMENT_3D('',#14331,#11331,#11332);
#10758=AXIS2_PLACEMENT_3D('',#14351,#11334,#11335);
#10759=AXIS2_PLACEMENT_3D('',#14402,#11336,#11337);
#10760=AXIS2_PLACEMENT_3D('',#14405,#11340,#11341);
#10761=AXIS2_PLACEMENT_3D('',#14408,#11342,#11343);
#10762=AXIS2_PLACEMENT_3D('',#14411,#11345,#11346);
#10763=AXIS2_PLACEMENT_3D('',#14413,#11347,#11348);
#10764=AXIS2_PLACEMENT_3D('',#14417,#11350,#11351);
#10765=AXIS2_PLACEMENT_3D('',#14421,#11353,#11354);
#10766=AXIS2_PLACEMENT_3D('',#14424,#11356,#11357);
#10767=AXIS2_PLACEMENT_3D('',#14425,#11358,#11359);
#10768=AXIS2_PLACEMENT_3D('',#14427,#11361,#11362);
#10769=AXIS2_PLACEMENT_3D('',#14857,#11578,#11579);
#10770=AXIS2_PLACEMENT_3D('',#14863,#11583,#11584);
#10771=AXIS2_PLACEMENT_3D('',#14869,#11587,#11588);
#10772=AXIS2_PLACEMENT_3D('',#14870,#11589,#11590);
#10773=AXIS2_PLACEMENT_3D('',#14958,#11597,#11598);
#10774=AXIS2_PLACEMENT_3D('',#15017,#11600,#11601);
#10775=AXIS2_PLACEMENT_3D('',#15069,#11602,#11603);
#10776=AXIS2_PLACEMENT_3D('',#15113,#11605,#11606);
#10777=AXIS2_PLACEMENT_3D('',#15172,#11608,#11609);
#10778=AXIS2_PLACEMENT_3D('',#15224,#11610,#11611);
#10779=AXIS2_PLACEMENT_3D('',#15230,#11615,#11616);
#10780=AXIS2_PLACEMENT_3D('',#15236,#11620,#11621);
#10781=AXIS2_PLACEMENT_3D('',#15242,#11625,#11626);
#10782=AXIS2_PLACEMENT_3D('',#15315,#11629,#11630);
#10783=AXIS2_PLACEMENT_3D('',#15404,#11631,#11632);
#10784=AXIS2_PLACEMENT_3D('',#15477,#11635,#11636);
#10785=AXIS2_PLACEMENT_3D('',#15480,#11638,#11639);
#10786=AXIS2_PLACEMENT_3D('',#15482,#11640,#11641);
#10787=AXIS2_PLACEMENT_3D('',#15484,#11643,#11644);
#10788=AXIS2_PLACEMENT_3D('',#15488,#11647,#11648);
#10789=AXIS2_PLACEMENT_3D('',#15492,#11652,#11653);
#10790=AXIS2_PLACEMENT_3D('',#15493,#11654,#11655);
#10791=AXIS2_PLACEMENT_3D('',#15495,#11657,#11658);
#10792=AXIS2_PLACEMENT_3D('',#15497,#11660,#11661);
#10793=AXIS2_PLACEMENT_3D('',#15499,#11663,#11664);
#10794=AXIS2_PLACEMENT_3D('',#15501,#11666,#11667);
#10795=AXIS2_PLACEMENT_3D('',#15503,#11669,#11670);
#10796=AXIS2_PLACEMENT_3D('',#15507,#11674,#11675);
#10797=AXIS2_PLACEMENT_3D('',#15509,#11677,#11678);
#10798=AXIS2_PLACEMENT_3D('',#15511,#11680,#11681);
#10799=AXIS2_PLACEMENT_3D('',#15513,#11683,#11684);
#10800=AXIS2_PLACEMENT_3D('',#15515,#11686,#11687);
#10801=AXIS2_PLACEMENT_3D('',#15517,#11689,#11690);
#10802=AXIS2_PLACEMENT_3D('',#15519,#11692,#11693);
#10803=AXIS2_PLACEMENT_3D('',#15521,#11694,#11695);
#10804=AXIS2_PLACEMENT_3D('',#15523,#11697,#11698);
#10805=AXIS2_PLACEMENT_3D('',#15525,#11700,#11701);
#10806=AXIS2_PLACEMENT_3D('',#15526,#11702,#11703);
#10807=AXIS2_PLACEMENT_3D('',#15528,#11705,#11706);
#10808=AXIS2_PLACEMENT_3D('',#15529,#11707,#11708);
#10809=AXIS2_PLACEMENT_3D('',#15530,#11709,#11710);
#10810=AXIS2_PLACEMENT_3D('',#15536,#11714,#11715);
#10811=AXIS2_PLACEMENT_3D('',#15540,#11718,#11719);
#10812=AXIS2_PLACEMENT_3D('',#15544,#11722,#11723);
#10813=AXIS2_PLACEMENT_3D('',#15550,#11727,#11728);
#10814=AXIS2_PLACEMENT_3D('',#15554,#11731,#11732);
#10815=AXIS2_PLACEMENT_3D('',#15558,#11735,#11736);
#10816=AXIS2_PLACEMENT_3D('',#15564,#11740,#11741);
#10817=AXIS2_PLACEMENT_3D('',#15568,#11744,#11745);
#10818=AXIS2_PLACEMENT_3D('',#15572,#11748,#11749);
#10819=AXIS2_PLACEMENT_3D('',#15578,#11753,#11754);
#10820=AXIS2_PLACEMENT_3D('',#15582,#11757,#11758);
#10821=AXIS2_PLACEMENT_3D('',#15586,#11761,#11762);
#10822=AXIS2_PLACEMENT_3D('',#15592,#11766,#11767);
#10823=AXIS2_PLACEMENT_3D('',#15596,#11770,#11771);
#10824=AXIS2_PLACEMENT_3D('',#15600,#11774,#11775);
#10825=AXIS2_PLACEMENT_3D('',#15606,#11779,#11780);
#10826=AXIS2_PLACEMENT_3D('',#15610,#11783,#11784);
#10827=AXIS2_PLACEMENT_3D('',#15616,#11788,#11789);
#10828=AXIS2_PLACEMENT_3D('',#15620,#11792,#11793);
#10829=AXIS2_PLACEMENT_3D('',#15624,#11796,#11797);
#10830=AXIS2_PLACEMENT_3D('',#15630,#11801,#11802);
#10831=AXIS2_PLACEMENT_3D('',#15634,#11805,#11806);
#10832=AXIS2_PLACEMENT_3D('',#15638,#11809,#11810);
#10833=AXIS2_PLACEMENT_3D('',#15644,#11814,#11815);
#10834=AXIS2_PLACEMENT_3D('',#15648,#11818,#11819);
#10835=AXIS2_PLACEMENT_3D('',#15652,#11822,#11823);
#10836=AXIS2_PLACEMENT_3D('',#15658,#11827,#11828);
#10837=AXIS2_PLACEMENT_3D('',#15662,#11831,#11832);
#10838=AXIS2_PLACEMENT_3D('',#15666,#11835,#11836);
#10839=AXIS2_PLACEMENT_3D('',#15672,#11840,#11841);
#10840=AXIS2_PLACEMENT_3D('',#15676,#11844,#11845);
#10841=AXIS2_PLACEMENT_3D('',#15680,#11848,#11849);
#10842=AXIS2_PLACEMENT_3D('',#15686,#11853,#11854);
#10843=AXIS2_PLACEMENT_3D('',#15690,#11857,#11858);
#10844=AXIS2_PLACEMENT_3D('',#15694,#11861,#11862);
#10845=AXIS2_PLACEMENT_3D('',#15700,#11866,#11867);
#10846=AXIS2_PLACEMENT_3D('',#15704,#11870,#11871);
#10847=AXIS2_PLACEMENT_3D('',#15708,#11874,#11875);
#10848=AXIS2_PLACEMENT_3D('',#15712,#11878,#11879);
#10849=AXIS2_PLACEMENT_3D('',#16038,#12049,#12050);
#10850=AXIS2_PLACEMENT_3D('',#16040,#12052,#12053);
#10851=AXIS2_PLACEMENT_3D('',#16041,#12054,#12055);
#10852=AXIS2_PLACEMENT_3D('',#16042,#12056,#12057);
#10853=AXIS2_PLACEMENT_3D('',#16043,#12058,#12059);
#10854=AXIS2_PLACEMENT_3D('',#16044,#12060,#12061);
#10855=AXIS2_PLACEMENT_3D('',#16045,#12062,#12063);
#10856=AXIS2_PLACEMENT_3D('',#16046,#12064,#12065);
#10857=AXIS2_PLACEMENT_3D('',#16047,#12066,#12067);
#10858=AXIS2_PLACEMENT_3D('',#16048,#12068,#12069);
#10859=AXIS2_PLACEMENT_3D('',#16049,#12070,#12071);
#10860=AXIS2_PLACEMENT_3D('',#16050,#12072,#12073);
#10861=AXIS2_PLACEMENT_3D('',#16051,#12074,#12075);
#10862=AXIS2_PLACEMENT_3D('',#16054,#12078,#12079);
#10863=AXIS2_PLACEMENT_3D('',#16057,#12082,#12083);
#10864=AXIS2_PLACEMENT_3D('',#16060,#12086,#12087);
#10865=AXIS2_PLACEMENT_3D('',#16063,#12090,#12091);
#10866=AXIS2_PLACEMENT_3D('',#16066,#12094,#12095);
#10867=AXIS2_PLACEMENT_3D('',#16069,#12098,#12099);
#10868=AXIS2_PLACEMENT_3D('',#16072,#12102,#12103);
#10869=AXIS2_PLACEMENT_3D('',#16075,#12106,#12107);
#10870=AXIS2_PLACEMENT_3D('',#16078,#12110,#12111);
#10871=AXIS2_PLACEMENT_3D('',#16081,#12114,#12115);
#10872=AXIS2_PLACEMENT_3D('',#16084,#12118,#12119);
#10873=AXIS2_PLACEMENT_3D('',#16087,#12122,#12123);
#10874=AXIS2_PLACEMENT_3D('',#16090,#12126,#12127);
#10875=AXIS2_PLACEMENT_3D('',#16092,#12129,#12130);
#10876=AXIS2_PLACEMENT_3D('',#16094,#12132,#12133);
#10877=AXIS2_PLACEMENT_3D('',#16096,#12135,#12136);
#10878=AXIS2_PLACEMENT_3D('',#16098,#12138,#12139);
#10879=AXIS2_PLACEMENT_3D('',#16100,#12141,#12142);
#10880=AXIS2_PLACEMENT_3D('',#16102,#12144,#12145);
#10881=AXIS2_PLACEMENT_3D('',#16103,#12146,#12147);
#10882=AXIS2_PLACEMENT_3D('',#16105,#12149,#12150);
#10883=AXIS2_PLACEMENT_3D('',#16107,#12152,#12153);
#10884=AXIS2_PLACEMENT_3D('',#16109,#12155,#12156);
#10885=AXIS2_PLACEMENT_3D('',#16111,#12158,#12159);
#10886=AXIS2_PLACEMENT_3D('',#16113,#12161,#12162);
#10887=AXIS2_PLACEMENT_3D('',#16115,#12164,#12165);
#10888=AXIS2_PLACEMENT_3D('',#16117,#12167,#12168);
#10889=AXIS2_PLACEMENT_3D('',#16119,#12170,#12171);
#10890=AXIS2_PLACEMENT_3D('',#16121,#12173,#12174);
#10891=AXIS2_PLACEMENT_3D('',#16123,#12176,#12177);
#10892=AXIS2_PLACEMENT_3D('',#16125,#12179,#12180);
#10893=AXIS2_PLACEMENT_3D('',#16127,#12182,#12183);
#10894=AXIS2_PLACEMENT_3D('',#16129,#12185,#12186);
#10895=AXIS2_PLACEMENT_3D('',#16131,#12188,#12189);
#10896=AXIS2_PLACEMENT_3D('',#16133,#12191,#12192);
#10897=AXIS2_PLACEMENT_3D('',#16135,#12194,#12195);
#10898=AXIS2_PLACEMENT_3D('',#16137,#12197,#12198);
#10899=AXIS2_PLACEMENT_3D('',#16139,#12200,#12201);
#10900=AXIS2_PLACEMENT_3D('',#16141,#12203,#12204);
#10901=AXIS2_PLACEMENT_3D('',#16142,#12205,#12206);
#10902=AXIS2_PLACEMENT_3D('',#16143,#12207,#12208);
#10903=AXIS2_PLACEMENT_3D('',#16144,#12209,#12210);
#10904=AXIS2_PLACEMENT_3D('',#16145,#12211,#12212);
#10905=AXIS2_PLACEMENT_3D('',#16146,#12213,#12214);
#10906=AXIS2_PLACEMENT_3D('',#16147,#12215,#12216);
#10907=AXIS2_PLACEMENT_3D('',#16148,#12217,#12218);
#10908=AXIS2_PLACEMENT_3D('',#16149,#12219,#12220);
#10909=AXIS2_PLACEMENT_3D('',#16150,#12221,#12222);
#10910=AXIS2_PLACEMENT_3D('',#16151,#12223,#12224);
#10911=AXIS2_PLACEMENT_3D('',#16152,#12225,#12226);
#10912=AXIS2_PLACEMENT_3D('',#16153,#12227,#12228);
#10913=AXIS2_PLACEMENT_3D('',#16156,#12231,#12232);
#10914=AXIS2_PLACEMENT_3D('',#16159,#12235,#12236);
#10915=AXIS2_PLACEMENT_3D('',#16160,#12237,#12238);
#10916=AXIS2_PLACEMENT_3D('',#16163,#12241,#12242);
#10917=AXIS2_PLACEMENT_3D('',#16166,#12245,#12246);
#10918=AXIS2_PLACEMENT_3D('',#16167,#12247,#12248);
#10919=AXIS2_PLACEMENT_3D('',#16170,#12251,#12252);
#10920=AXIS2_PLACEMENT_3D('',#16173,#12255,#12256);
#10921=AXIS2_PLACEMENT_3D('',#16174,#12257,#12258);
#10922=AXIS2_PLACEMENT_3D('',#16177,#12261,#12262);
#10923=AXIS2_PLACEMENT_3D('',#16180,#12265,#12266);
#10924=AXIS2_PLACEMENT_3D('',#16181,#12267,#12268);
#10925=AXIS2_PLACEMENT_3D('',#16184,#12271,#12272);
#10926=AXIS2_PLACEMENT_3D('',#16187,#12275,#12276);
#10927=AXIS2_PLACEMENT_3D('',#16188,#12277,#12278);
#10928=AXIS2_PLACEMENT_3D('',#16191,#12281,#12282);
#10929=AXIS2_PLACEMENT_3D('',#16194,#12285,#12286);
#10930=AXIS2_PLACEMENT_3D('',#16195,#12287,#12288);
#10931=AXIS2_PLACEMENT_3D('',#16198,#12291,#12292);
#10932=AXIS2_PLACEMENT_3D('',#16201,#12295,#12296);
#10933=AXIS2_PLACEMENT_3D('',#16202,#12297,#12298);
#10934=AXIS2_PLACEMENT_3D('',#16205,#12301,#12302);
#10935=AXIS2_PLACEMENT_3D('',#16208,#12305,#12306);
#10936=AXIS2_PLACEMENT_3D('',#16209,#12307,#12308);
#10937=AXIS2_PLACEMENT_3D('',#16212,#12311,#12312);
#10938=AXIS2_PLACEMENT_3D('',#16215,#12315,#12316);
#10939=AXIS2_PLACEMENT_3D('',#16216,#12317,#12318);
#10940=AXIS2_PLACEMENT_3D('',#16219,#12321,#12322);
#10941=AXIS2_PLACEMENT_3D('',#16222,#12325,#12326);
#10942=AXIS2_PLACEMENT_3D('',#16223,#12327,#12328);
#10943=AXIS2_PLACEMENT_3D('',#16226,#12331,#12332);
#10944=AXIS2_PLACEMENT_3D('',#16229,#12335,#12336);
#10945=AXIS2_PLACEMENT_3D('',#16230,#12337,#12338);
#10946=AXIS2_PLACEMENT_3D('',#16233,#12341,#12342);
#10947=AXIS2_PLACEMENT_3D('',#16236,#12345,#12346);
#10948=AXIS2_PLACEMENT_3D('',#16237,#12347,#12348);
#10949=AXIS2_PLACEMENT_3D('',#16240,#12351,#12352);
#10950=AXIS2_PLACEMENT_3D('',#16243,#12355,#12356);
#10951=AXIS2_PLACEMENT_3D('',#16244,#12357,#12358);
#10952=AXIS2_PLACEMENT_3D('',#16246,#12360,#12361);
#10953=AXIS2_PLACEMENT_3D('',#16247,#12362,#12363);
#10954=AXIS2_PLACEMENT_3D('',#16248,#12364,#12365);
#10955=AXIS2_PLACEMENT_3D('',#16249,#12366,#12367);
#10956=AXIS2_PLACEMENT_3D('',#16250,#12368,#12369);
#10957=AXIS2_PLACEMENT_3D('',#16251,#12370,#12371);
#10958=AXIS2_PLACEMENT_3D('',#16252,#12372,#12373);
#10959=AXIS2_PLACEMENT_3D('',#16253,#12374,#12375);
#10960=AXIS2_PLACEMENT_3D('',#16254,#12376,#12377);
#10961=AXIS2_PLACEMENT_3D('',#16255,#12378,#12379);
#10962=AXIS2_PLACEMENT_3D('',#16256,#12380,#12381);
#10963=AXIS2_PLACEMENT_3D('',#16257,#12382,#12383);
#10964=AXIS2_PLACEMENT_3D('',#16258,#12384,#12385);
#10965=AXIS2_PLACEMENT_3D('',#16259,#12386,#12387);
#10966=AXIS2_PLACEMENT_3D('',#16261,#12389,#12390);
#10967=AXIS2_PLACEMENT_3D('',#16264,#12393,#12394);
#10968=AXIS2_PLACEMENT_3D('',#16267,#12397,#12398);
#10969=AXIS2_PLACEMENT_3D('',#16270,#12401,#12402);
#10970=AXIS2_PLACEMENT_3D('',#16273,#12405,#12406);
#10971=AXIS2_PLACEMENT_3D('',#16276,#12409,#12410);
#10972=AXIS2_PLACEMENT_3D('',#16279,#12413,#12414);
#10973=AXIS2_PLACEMENT_3D('',#16282,#12417,#12418);
#10974=AXIS2_PLACEMENT_3D('',#16285,#12421,#12422);
#10975=AXIS2_PLACEMENT_3D('',#16288,#12425,#12426);
#10976=AXIS2_PLACEMENT_3D('',#16291,#12429,#12430);
#10977=AXIS2_PLACEMENT_3D('',#16294,#12433,#12434);
#10978=AXIS2_PLACEMENT_3D('',#16297,#12437,#12438);
#10979=AXIS2_PLACEMENT_3D('',#16298,#12439,#12440);
#10980=AXIS2_PLACEMENT_3D('',#16300,#12442,#12443);
#10981=AXIS2_PLACEMENT_3D('',#16302,#12445,#12446);
#10982=AXIS2_PLACEMENT_3D('',#16303,#12447,#12448);
#10983=AXIS2_PLACEMENT_3D('',#16305,#12450,#12451);
#10984=AXIS2_PLACEMENT_3D('',#16307,#12453,#12454);
#10985=AXIS2_PLACEMENT_3D('',#16308,#12455,#12456);
#10986=AXIS2_PLACEMENT_3D('',#16310,#12458,#12459);
#10987=AXIS2_PLACEMENT_3D('',#16312,#12461,#12462);
#10988=AXIS2_PLACEMENT_3D('',#16313,#12463,#12464);
#10989=AXIS2_PLACEMENT_3D('',#16315,#12466,#12467);
#10990=AXIS2_PLACEMENT_3D('',#16317,#12469,#12470);
#10991=AXIS2_PLACEMENT_3D('',#16318,#12471,#12472);
#10992=AXIS2_PLACEMENT_3D('',#16320,#12474,#12475);
#10993=AXIS2_PLACEMENT_3D('',#16322,#12477,#12478);
#10994=AXIS2_PLACEMENT_3D('',#16323,#12479,#12480);
#10995=AXIS2_PLACEMENT_3D('',#16325,#12482,#12483);
#10996=AXIS2_PLACEMENT_3D('',#16327,#12485,#12486);
#10997=AXIS2_PLACEMENT_3D('',#16328,#12487,#12488);
#10998=AXIS2_PLACEMENT_3D('',#16330,#12490,#12491);
#10999=AXIS2_PLACEMENT_3D('',#16332,#12493,#12494);
#11000=AXIS2_PLACEMENT_3D('',#16333,#12495,#12496);
#11001=AXIS2_PLACEMENT_3D('',#16335,#12498,#12499);
#11002=AXIS2_PLACEMENT_3D('',#16337,#12501,#12502);
#11003=AXIS2_PLACEMENT_3D('',#16338,#12503,#12504);
#11004=AXIS2_PLACEMENT_3D('',#16340,#12506,#12507);
#11005=AXIS2_PLACEMENT_3D('',#16342,#12509,#12510);
#11006=AXIS2_PLACEMENT_3D('',#16343,#12511,#12512);
#11007=AXIS2_PLACEMENT_3D('',#16345,#12514,#12515);
#11008=AXIS2_PLACEMENT_3D('',#16347,#12517,#12518);
#11009=AXIS2_PLACEMENT_3D('',#16348,#12519,#12520);
#11010=AXIS2_PLACEMENT_3D('',#16350,#12522,#12523);
#11011=AXIS2_PLACEMENT_3D('',#16352,#12525,#12526);
#11012=AXIS2_PLACEMENT_3D('',#16353,#12527,#12528);
#11013=AXIS2_PLACEMENT_3D('',#16355,#12530,#12531);
#11014=AXIS2_PLACEMENT_3D('',#16357,#12533,#12534);
#11015=AXIS2_PLACEMENT_3D('',#16358,#12535,#12536);
#11016=AXIS2_PLACEMENT_3D('',#16360,#12538,#12539);
#11017=AXIS2_PLACEMENT_3D('',#16362,#12541,#12542);
#11018=AXIS2_PLACEMENT_3D('',#16363,#12543,#12544);
#11019=AXIS2_PLACEMENT_3D('',#16444,#12548,#12549);
#11020=AXIS2_PLACEMENT_3D('',#16559,#12552,#12553);
#11021=AXIS2_PLACEMENT_3D('',#16640,#12557,#12558);
#11022=AXIS2_PLACEMENT_3D('',#16646,#12562,#12563);
#11023=AXIS2_PLACEMENT_3D('',#16652,#12567,#12568);
#11024=AXIS2_PLACEMENT_3D('',#16706,#12570,#12571);
#11025=AXIS2_PLACEMENT_3D('',#16754,#12573,#12574);
#11026=AXIS2_PLACEMENT_3D('',#16812,#12576,#12577);
#11027=AXIS2_PLACEMENT_3D('',#16867,#12578,#12579);
#11028=AXIS2_PLACEMENT_3D('',#16891,#12581,#12582);
#11029=AXIS2_PLACEMENT_3D('',#16936,#12586,#12587);
#11030=AXIS2_PLACEMENT_3D('',#16987,#12588,#12589);
#11031=AXIS2_PLACEMENT_3D('',#16990,#12592,#12593);
#11032=AXIS2_PLACEMENT_3D('',#16993,#12594,#12595);
#11033=AXIS2_PLACEMENT_3D('',#16995,#12596,#12597);
#11034=AXIS2_PLACEMENT_3D('',#16999,#12599,#12600);
#11035=AXIS2_PLACEMENT_3D('',#17003,#12602,#12603);
#11036=AXIS2_PLACEMENT_3D('',#17007,#12605,#12606);
#11037=AXIS2_PLACEMENT_3D('',#17008,#12607,#12608);
#11038=AXIS2_PLACEMENT_3D('',#17010,#12610,#12611);
#11039=AXIS2_PLACEMENT_3D('',#17012,#12613,#12614);
#11040=AXIS2_PLACEMENT_3D('',#17438,#12828,#12829);
#11041=AXIS2_PLACEMENT_3D('',#17444,#12833,#12834);
#11042=AXIS2_PLACEMENT_3D('',#17449,#12836,#12837);
#11043=AXIS2_PLACEMENT_3D('',#17451,#12839,#12840);
#11044=AXIS2_PLACEMENT_3D('',#17523,#12847,#12848);
#11045=AXIS2_PLACEMENT_3D('',#17580,#12850,#12851);
#11046=AXIS2_PLACEMENT_3D('',#17632,#12852,#12853);
#11047=AXIS2_PLACEMENT_3D('',#17680,#12855,#12856);
#11048=AXIS2_PLACEMENT_3D('',#17737,#12858,#12859);
#11049=AXIS2_PLACEMENT_3D('',#17789,#12860,#12861);
#11050=AXIS2_PLACEMENT_3D('',#17795,#12865,#12866);
#11051=AXIS2_PLACEMENT_3D('',#17801,#12870,#12871);
#11052=AXIS2_PLACEMENT_3D('',#17807,#12875,#12876);
#11053=AXIS2_PLACEMENT_3D('',#17886,#12879,#12880);
#11054=AXIS2_PLACEMENT_3D('',#17995,#12881,#12882);
#11055=AXIS2_PLACEMENT_3D('',#18074,#12885,#12886);
#11056=AXIS2_PLACEMENT_3D('',#18079,#12889,#12890);
#11057=AXIS2_PLACEMENT_3D('',#18080,#12891,#12892);
#11058=AXIS2_PLACEMENT_3D('',#18081,#12893,#12894);
#11059=AXIS2_PLACEMENT_3D('',#18085,#12897,#12898);
#11060=AXIS2_PLACEMENT_3D('',#18086,#12899,#12900);
#11061=AXIS2_PLACEMENT_3D('',#18090,#12904,#12905);
#11062=AXIS2_PLACEMENT_3D('',#18092,#12907,#12908);
#11063=AXIS2_PLACEMENT_3D('',#18094,#12910,#12911);
#11064=AXIS2_PLACEMENT_3D('',#18096,#12913,#12914);
#11065=AXIS2_PLACEMENT_3D('',#18098,#12916,#12917);
#11066=AXIS2_PLACEMENT_3D('',#18100,#12919,#12920);
#11067=AXIS2_PLACEMENT_3D('',#18104,#12924,#12925);
#11068=AXIS2_PLACEMENT_3D('',#18106,#12927,#12928);
#11069=AXIS2_PLACEMENT_3D('',#18108,#12930,#12931);
#11070=AXIS2_PLACEMENT_3D('',#18110,#12933,#12934);
#11071=AXIS2_PLACEMENT_3D('',#18112,#12936,#12937);
#11072=AXIS2_PLACEMENT_3D('',#18114,#12939,#12940);
#11073=AXIS2_PLACEMENT_3D('',#18116,#12942,#12943);
#11074=AXIS2_PLACEMENT_3D('',#18119,#12945,#12946);
#11075=AXIS2_PLACEMENT_3D('',#18120,#12947,#12948);
#11076=AXIS2_PLACEMENT_3D('',#18122,#12950,#12951);
#11077=AXIS2_PLACEMENT_3D('',#18123,#12952,#12953);
#11078=AXIS2_PLACEMENT_3D('',#18125,#12955,#12956);
#11079=AXIS2_PLACEMENT_3D('',#18126,#12957,#12958);
#11080=AXIS2_PLACEMENT_3D('',#18127,#12959,#12960);
#11081=AXIS2_PLACEMENT_3D('',#18133,#12964,#12965);
#11082=AXIS2_PLACEMENT_3D('',#18137,#12968,#12969);
#11083=AXIS2_PLACEMENT_3D('',#18141,#12972,#12973);
#11084=AXIS2_PLACEMENT_3D('',#18147,#12977,#12978);
#11085=AXIS2_PLACEMENT_3D('',#18151,#12981,#12982);
#11086=AXIS2_PLACEMENT_3D('',#18155,#12985,#12986);
#11087=AXIS2_PLACEMENT_3D('',#18161,#12990,#12991);
#11088=AXIS2_PLACEMENT_3D('',#18165,#12994,#12995);
#11089=AXIS2_PLACEMENT_3D('',#18169,#12998,#12999);
#11090=AXIS2_PLACEMENT_3D('',#18175,#13003,#13004);
#11091=AXIS2_PLACEMENT_3D('',#18179,#13007,#13008);
#11092=AXIS2_PLACEMENT_3D('',#18183,#13011,#13012);
#11093=AXIS2_PLACEMENT_3D('',#18189,#13016,#13017);
#11094=AXIS2_PLACEMENT_3D('',#18193,#13020,#13021);
#11095=AXIS2_PLACEMENT_3D('',#18197,#13024,#13025);
#11096=AXIS2_PLACEMENT_3D('',#18203,#13029,#13030);
#11097=AXIS2_PLACEMENT_3D('',#18207,#13033,#13034);
#11098=AXIS2_PLACEMENT_3D('',#18213,#13038,#13039);
#11099=AXIS2_PLACEMENT_3D('',#18217,#13042,#13043);
#11100=AXIS2_PLACEMENT_3D('',#18221,#13046,#13047);
#11101=AXIS2_PLACEMENT_3D('',#18227,#13051,#13052);
#11102=AXIS2_PLACEMENT_3D('',#18231,#13055,#13056);
#11103=AXIS2_PLACEMENT_3D('',#18235,#13059,#13060);
#11104=AXIS2_PLACEMENT_3D('',#18241,#13064,#13065);
#11105=AXIS2_PLACEMENT_3D('',#18245,#13068,#13069);
#11106=AXIS2_PLACEMENT_3D('',#18249,#13072,#13073);
#11107=AXIS2_PLACEMENT_3D('',#18255,#13077,#13078);
#11108=AXIS2_PLACEMENT_3D('',#18259,#13081,#13082);
#11109=AXIS2_PLACEMENT_3D('',#18263,#13085,#13086);
#11110=AXIS2_PLACEMENT_3D('',#18269,#13090,#13091);
#11111=AXIS2_PLACEMENT_3D('',#18273,#13094,#13095);
#11112=AXIS2_PLACEMENT_3D('',#18277,#13098,#13099);
#11113=AXIS2_PLACEMENT_3D('',#18283,#13103,#13104);
#11114=AXIS2_PLACEMENT_3D('',#18287,#13107,#13108);
#11115=AXIS2_PLACEMENT_3D('',#18291,#13111,#13112);
#11116=AXIS2_PLACEMENT_3D('',#18297,#13116,#13117);
#11117=AXIS2_PLACEMENT_3D('',#18301,#13120,#13121);
#11118=AXIS2_PLACEMENT_3D('',#18305,#13124,#13125);
#11119=AXIS2_PLACEMENT_3D('',#18309,#13128,#13129);
#11120=AXIS2_PLACEMENT_3D('',#18635,#13299,#13300);
#11121=AXIS2_PLACEMENT_3D('',#18637,#13302,#13303);
#11122=AXIS2_PLACEMENT_3D('',#18638,#13304,#13305);
#11123=AXIS2_PLACEMENT_3D('',#18639,#13306,#13307);
#11124=AXIS2_PLACEMENT_3D('',#18640,#13308,#13309);
#11125=AXIS2_PLACEMENT_3D('',#18641,#13310,#13311);
#11126=AXIS2_PLACEMENT_3D('',#18642,#13312,#13313);
#11127=AXIS2_PLACEMENT_3D('',#18643,#13314,#13315);
#11128=AXIS2_PLACEMENT_3D('',#18644,#13316,#13317);
#11129=AXIS2_PLACEMENT_3D('',#18645,#13318,#13319);
#11130=AXIS2_PLACEMENT_3D('',#18646,#13320,#13321);
#11131=AXIS2_PLACEMENT_3D('',#18647,#13322,#13323);
#11132=AXIS2_PLACEMENT_3D('',#18648,#13324,#13325);
#11133=AXIS2_PLACEMENT_3D('',#18651,#13328,#13329);
#11134=AXIS2_PLACEMENT_3D('',#18654,#13332,#13333);
#11135=AXIS2_PLACEMENT_3D('',#18657,#13336,#13337);
#11136=AXIS2_PLACEMENT_3D('',#18660,#13340,#13341);
#11137=AXIS2_PLACEMENT_3D('',#18663,#13344,#13345);
#11138=AXIS2_PLACEMENT_3D('',#18666,#13348,#13349);
#11139=AXIS2_PLACEMENT_3D('',#18669,#13352,#13353);
#11140=AXIS2_PLACEMENT_3D('',#18672,#13356,#13357);
#11141=AXIS2_PLACEMENT_3D('',#18675,#13360,#13361);
#11142=AXIS2_PLACEMENT_3D('',#18678,#13364,#13365);
#11143=AXIS2_PLACEMENT_3D('',#18681,#13368,#13369);
#11144=AXIS2_PLACEMENT_3D('',#18684,#13372,#13373);
#11145=AXIS2_PLACEMENT_3D('',#18687,#13376,#13377);
#11146=AXIS2_PLACEMENT_3D('',#18689,#13379,#13380);
#11147=AXIS2_PLACEMENT_3D('',#18691,#13382,#13383);
#11148=AXIS2_PLACEMENT_3D('',#18693,#13385,#13386);
#11149=AXIS2_PLACEMENT_3D('',#18695,#13388,#13389);
#11150=AXIS2_PLACEMENT_3D('',#18697,#13391,#13392);
#11151=AXIS2_PLACEMENT_3D('',#18699,#13394,#13395);
#11152=AXIS2_PLACEMENT_3D('',#18700,#13396,#13397);
#11153=AXIS2_PLACEMENT_3D('',#18702,#13399,#13400);
#11154=AXIS2_PLACEMENT_3D('',#18704,#13402,#13403);
#11155=AXIS2_PLACEMENT_3D('',#18706,#13405,#13406);
#11156=AXIS2_PLACEMENT_3D('',#18708,#13408,#13409);
#11157=AXIS2_PLACEMENT_3D('',#18710,#13411,#13412);
#11158=AXIS2_PLACEMENT_3D('',#18712,#13414,#13415);
#11159=AXIS2_PLACEMENT_3D('',#18714,#13417,#13418);
#11160=AXIS2_PLACEMENT_3D('',#18716,#13420,#13421);
#11161=AXIS2_PLACEMENT_3D('',#18718,#13423,#13424);
#11162=AXIS2_PLACEMENT_3D('',#18720,#13426,#13427);
#11163=AXIS2_PLACEMENT_3D('',#18722,#13429,#13430);
#11164=AXIS2_PLACEMENT_3D('',#18724,#13432,#13433);
#11165=AXIS2_PLACEMENT_3D('',#18726,#13435,#13436);
#11166=AXIS2_PLACEMENT_3D('',#18728,#13438,#13439);
#11167=AXIS2_PLACEMENT_3D('',#18730,#13441,#13442);
#11168=AXIS2_PLACEMENT_3D('',#18732,#13444,#13445);
#11169=AXIS2_PLACEMENT_3D('',#18734,#13447,#13448);
#11170=AXIS2_PLACEMENT_3D('',#18736,#13450,#13451);
#11171=AXIS2_PLACEMENT_3D('',#18738,#13453,#13454);
#11172=AXIS2_PLACEMENT_3D('',#18739,#13455,#13456);
#11173=AXIS2_PLACEMENT_3D('',#18740,#13457,#13458);
#11174=AXIS2_PLACEMENT_3D('',#18741,#13459,#13460);
#11175=AXIS2_PLACEMENT_3D('',#18742,#13461,#13462);
#11176=AXIS2_PLACEMENT_3D('',#18743,#13463,#13464);
#11177=AXIS2_PLACEMENT_3D('',#18744,#13465,#13466);
#11178=AXIS2_PLACEMENT_3D('',#18745,#13467,#13468);
#11179=AXIS2_PLACEMENT_3D('',#18746,#13469,#13470);
#11180=AXIS2_PLACEMENT_3D('',#18747,#13471,#13472);
#11181=AXIS2_PLACEMENT_3D('',#18748,#13473,#13474);
#11182=AXIS2_PLACEMENT_3D('',#18749,#13475,#13476);
#11183=AXIS2_PLACEMENT_3D('',#18750,#13477,#13478);
#11184=AXIS2_PLACEMENT_3D('',#18753,#13481,#13482);
#11185=AXIS2_PLACEMENT_3D('',#18756,#13485,#13486);
#11186=AXIS2_PLACEMENT_3D('',#18757,#13487,#13488);
#11187=AXIS2_PLACEMENT_3D('',#18760,#13491,#13492);
#11188=AXIS2_PLACEMENT_3D('',#18763,#13495,#13496);
#11189=AXIS2_PLACEMENT_3D('',#18764,#13497,#13498);
#11190=AXIS2_PLACEMENT_3D('',#18767,#13501,#13502);
#11191=AXIS2_PLACEMENT_3D('',#18770,#13505,#13506);
#11192=AXIS2_PLACEMENT_3D('',#18771,#13507,#13508);
#11193=AXIS2_PLACEMENT_3D('',#18774,#13511,#13512);
#11194=AXIS2_PLACEMENT_3D('',#18777,#13515,#13516);
#11195=AXIS2_PLACEMENT_3D('',#18778,#13517,#13518);
#11196=AXIS2_PLACEMENT_3D('',#18781,#13521,#13522);
#11197=AXIS2_PLACEMENT_3D('',#18784,#13525,#13526);
#11198=AXIS2_PLACEMENT_3D('',#18785,#13527,#13528);
#11199=AXIS2_PLACEMENT_3D('',#18788,#13531,#13532);
#11200=AXIS2_PLACEMENT_3D('',#18791,#13535,#13536);
#11201=AXIS2_PLACEMENT_3D('',#18792,#13537,#13538);
#11202=AXIS2_PLACEMENT_3D('',#18795,#13541,#13542);
#11203=AXIS2_PLACEMENT_3D('',#18798,#13545,#13546);
#11204=AXIS2_PLACEMENT_3D('',#18799,#13547,#13548);
#11205=AXIS2_PLACEMENT_3D('',#18802,#13551,#13552);
#11206=AXIS2_PLACEMENT_3D('',#18805,#13555,#13556);
#11207=AXIS2_PLACEMENT_3D('',#18806,#13557,#13558);
#11208=AXIS2_PLACEMENT_3D('',#18809,#13561,#13562);
#11209=AXIS2_PLACEMENT_3D('',#18812,#13565,#13566);
#11210=AXIS2_PLACEMENT_3D('',#18813,#13567,#13568);
#11211=AXIS2_PLACEMENT_3D('',#18816,#13571,#13572);
#11212=AXIS2_PLACEMENT_3D('',#18819,#13575,#13576);
#11213=AXIS2_PLACEMENT_3D('',#18820,#13577,#13578);
#11214=AXIS2_PLACEMENT_3D('',#18823,#13581,#13582);
#11215=AXIS2_PLACEMENT_3D('',#18826,#13585,#13586);
#11216=AXIS2_PLACEMENT_3D('',#18827,#13587,#13588);
#11217=AXIS2_PLACEMENT_3D('',#18830,#13591,#13592);
#11218=AXIS2_PLACEMENT_3D('',#18833,#13595,#13596);
#11219=AXIS2_PLACEMENT_3D('',#18834,#13597,#13598);
#11220=AXIS2_PLACEMENT_3D('',#18837,#13601,#13602);
#11221=AXIS2_PLACEMENT_3D('',#18840,#13605,#13606);
#11222=AXIS2_PLACEMENT_3D('',#18841,#13607,#13608);
#11223=AXIS2_PLACEMENT_3D('',#18843,#13610,#13611);
#11224=AXIS2_PLACEMENT_3D('',#18844,#13612,#13613);
#11225=AXIS2_PLACEMENT_3D('',#18845,#13614,#13615);
#11226=AXIS2_PLACEMENT_3D('',#18846,#13616,#13617);
#11227=AXIS2_PLACEMENT_3D('',#18847,#13618,#13619);
#11228=AXIS2_PLACEMENT_3D('',#18848,#13620,#13621);
#11229=AXIS2_PLACEMENT_3D('',#18849,#13622,#13623);
#11230=AXIS2_PLACEMENT_3D('',#18850,#13624,#13625);
#11231=AXIS2_PLACEMENT_3D('',#18851,#13626,#13627);
#11232=AXIS2_PLACEMENT_3D('',#18852,#13628,#13629);
#11233=AXIS2_PLACEMENT_3D('',#18853,#13630,#13631);
#11234=AXIS2_PLACEMENT_3D('',#18854,#13632,#13633);
#11235=AXIS2_PLACEMENT_3D('',#18855,#13634,#13635);
#11236=AXIS2_PLACEMENT_3D('',#18856,#13636,#13637);
#11237=AXIS2_PLACEMENT_3D('',#18858,#13639,#13640);
#11238=AXIS2_PLACEMENT_3D('',#18861,#13643,#13644);
#11239=AXIS2_PLACEMENT_3D('',#18864,#13647,#13648);
#11240=AXIS2_PLACEMENT_3D('',#18867,#13651,#13652);
#11241=AXIS2_PLACEMENT_3D('',#18870,#13655,#13656);
#11242=AXIS2_PLACEMENT_3D('',#18873,#13659,#13660);
#11243=AXIS2_PLACEMENT_3D('',#18876,#13663,#13664);
#11244=AXIS2_PLACEMENT_3D('',#18879,#13667,#13668);
#11245=AXIS2_PLACEMENT_3D('',#18882,#13671,#13672);
#11246=AXIS2_PLACEMENT_3D('',#18885,#13675,#13676);
#11247=AXIS2_PLACEMENT_3D('',#18888,#13679,#13680);
#11248=AXIS2_PLACEMENT_3D('',#18891,#13683,#13684);
#11249=AXIS2_PLACEMENT_3D('',#18894,#13687,#13688);
#11250=AXIS2_PLACEMENT_3D('',#18895,#13689,#13690);
#11251=AXIS2_PLACEMENT_3D('',#18897,#13692,#13693);
#11252=AXIS2_PLACEMENT_3D('',#18899,#13695,#13696);
#11253=AXIS2_PLACEMENT_3D('',#18900,#13697,#13698);
#11254=AXIS2_PLACEMENT_3D('',#18902,#13700,#13701);
#11255=AXIS2_PLACEMENT_3D('',#18904,#13703,#13704);
#11256=AXIS2_PLACEMENT_3D('',#18905,#13705,#13706);
#11257=AXIS2_PLACEMENT_3D('',#18907,#13708,#13709);
#11258=AXIS2_PLACEMENT_3D('',#18909,#13711,#13712);
#11259=AXIS2_PLACEMENT_3D('',#18910,#13713,#13714);
#11260=AXIS2_PLACEMENT_3D('',#18912,#13716,#13717);
#11261=AXIS2_PLACEMENT_3D('',#18914,#13719,#13720);
#11262=AXIS2_PLACEMENT_3D('',#18915,#13721,#13722);
#11263=AXIS2_PLACEMENT_3D('',#18917,#13724,#13725);
#11264=AXIS2_PLACEMENT_3D('',#18919,#13727,#13728);
#11265=AXIS2_PLACEMENT_3D('',#18920,#13729,#13730);
#11266=AXIS2_PLACEMENT_3D('',#18922,#13732,#13733);
#11267=AXIS2_PLACEMENT_3D('',#18924,#13735,#13736);
#11268=AXIS2_PLACEMENT_3D('',#18925,#13737,#13738);
#11269=AXIS2_PLACEMENT_3D('',#18927,#13740,#13741);
#11270=AXIS2_PLACEMENT_3D('',#18929,#13743,#13744);
#11271=AXIS2_PLACEMENT_3D('',#18930,#13745,#13746);
#11272=AXIS2_PLACEMENT_3D('',#18932,#13748,#13749);
#11273=AXIS2_PLACEMENT_3D('',#18934,#13751,#13752);
#11274=AXIS2_PLACEMENT_3D('',#18935,#13753,#13754);
#11275=AXIS2_PLACEMENT_3D('',#18937,#13756,#13757);
#11276=AXIS2_PLACEMENT_3D('',#18939,#13759,#13760);
#11277=AXIS2_PLACEMENT_3D('',#18940,#13761,#13762);
#11278=AXIS2_PLACEMENT_3D('',#18942,#13764,#13765);
#11279=AXIS2_PLACEMENT_3D('',#18944,#13767,#13768);
#11280=AXIS2_PLACEMENT_3D('',#18945,#13769,#13770);
#11281=AXIS2_PLACEMENT_3D('',#18947,#13772,#13773);
#11282=AXIS2_PLACEMENT_3D('',#18949,#13775,#13776);
#11283=AXIS2_PLACEMENT_3D('',#18950,#13777,#13778);
#11284=AXIS2_PLACEMENT_3D('',#18952,#13780,#13781);
#11285=AXIS2_PLACEMENT_3D('',#18954,#13783,#13784);
#11286=AXIS2_PLACEMENT_3D('',#18955,#13785,#13786);
#11287=AXIS2_PLACEMENT_3D('',#18957,#13788,#13789);
#11288=AXIS2_PLACEMENT_3D('',#18959,#13791,#13792);
#11289=DIRECTION('axis',(0.,0.,1.));
#11290=DIRECTION('refdir',(1.,0.,0.));
#11291=DIRECTION('center_axis',(0.,0.,1.));
#11292=DIRECTION('ref_axis',(-0.442709218181984,-0.896665237497639,0.));
#11293=DIRECTION('',(0.,0.,1.));
#11294=DIRECTION('',(0.,0.,1.));
#11295=DIRECTION('',(0.,0.,-1.));
#11296=DIRECTION('center_axis',(0.,0.,1.));
#11297=DIRECTION('ref_axis',(-0.605181073244284,-0.796087852304566,0.));
#11298=DIRECTION('',(0.,0.,1.));
#11299=DIRECTION('',(0.,0.,1.));
#11300=DIRECTION('center_axis',(0.,0.,1.));
#11301=DIRECTION('ref_axis',(-0.442709218181985,-0.896665237497638,0.));
#11302=DIRECTION('',(0.,0.,-1.));
#11303=DIRECTION('',(0.,0.,1.));
#11304=DIRECTION('',(0.,0.,1.));
#11305=DIRECTION('center_axis',(-5.65451755135828E-16,-1.,0.));
#11306=DIRECTION('ref_axis',(1.,-5.65451755135828E-16,0.));
#11307=DIRECTION('',(-1.,0.,0.));
#11308=DIRECTION('',(0.,0.,1.));
#11309=DIRECTION('',(1.,0.,0.));
#11310=DIRECTION('center_axis',(-5.65451755135828E-16,-1.,0.));
#11311=DIRECTION('ref_axis',(1.,-5.65451755135828E-16,0.));
#11312=DIRECTION('',(1.,0.,0.));
#11313=DIRECTION('',(-1.,0.,0.));
#11314=DIRECTION('',(0.,0.,1.));
#11315=DIRECTION('center_axis',(0.,0.,1.));
#11316=DIRECTION('ref_axis',(0.,1.,0.));
#11317=DIRECTION('',(0.,0.,1.));
#11318=DIRECTION('center_axis',(0.,0.,1.));
#11319=DIRECTION('ref_axis',(0.,1.,0.));
#11320=DIRECTION('',(0.,0.,1.));
#11321=DIRECTION('center_axis',(0.,0.,1.));
#11322=DIRECTION('ref_axis',(0.,1.,0.));
#11323=DIRECTION('',(0.,0.,1.));
#11324=DIRECTION('center_axis',(0.,0.,1.));
#11325=DIRECTION('ref_axis',(0.,1.,0.));
#11326=DIRECTION('center_axis',(0.,0.,1.));
#11327=DIRECTION('ref_axis',(0.,1.,0.));
#11328=DIRECTION('',(0.,0.,1.));
#11329=DIRECTION('',(0.,0.,1.));
#11330=DIRECTION('',(0.,0.,1.));
#11331=DIRECTION('center_axis',(0.,0.,1.));
#11332=DIRECTION('ref_axis',(0.,1.,0.));
#11333=DIRECTION('',(0.,0.,1.));
#11334=DIRECTION('center_axis',(0.,0.,1.));
#11335=DIRECTION('ref_axis',(0.,1.,0.));
#11336=DIRECTION('center_axis',(-5.65451755135828E-16,-1.,0.));
#11337=DIRECTION('ref_axis',(1.,-5.65451755135828E-16,0.));
#11338=DIRECTION('',(-1.,0.,0.));
#11339=DIRECTION('',(1.,0.,0.));
#11340=DIRECTION('center_axis',(1.,0.,0.));
#11341=DIRECTION('ref_axis',(0.,1.,0.));
#11342=DIRECTION('center_axis',(1.,0.,0.));
#11343=DIRECTION('ref_axis',(0.,1.,0.));
#11344=DIRECTION('',(0.,1.,0.));
#11345=DIRECTION('center_axis',(1.,0.,0.));
#11346=DIRECTION('ref_axis',(0.,1.,0.));
#11347=DIRECTION('center_axis',(-1.,0.,0.));
#11348=DIRECTION('ref_axis',(0.,1.,0.));
#11349=DIRECTION('',(0.,0.,-1.));
#11350=DIRECTION('center_axis',(1.,0.,0.));
#11351=DIRECTION('ref_axis',(0.,1.,0.));
#11352=DIRECTION('',(0.,0.,-1.));
#11353=DIRECTION('center_axis',(1.,0.,0.));
#11354=DIRECTION('ref_axis',(0.,1.,0.));
#11355=DIRECTION('',(0.,0.,-1.));
#11356=DIRECTION('center_axis',(-1.,0.,0.));
#11357=DIRECTION('ref_axis',(0.,1.,0.));
#11358=DIRECTION('center_axis',(0.,0.,-1.));
#11359=DIRECTION('ref_axis',(1.,0.,0.));
#11360=DIRECTION('',(1.,0.,0.));
#11361=DIRECTION('center_axis',(0.,-1.,0.));
#11362=DIRECTION('ref_axis',(1.,0.,0.));
#11363=DIRECTION('',(1.,0.,0.));
#11364=DIRECTION('',(0.,0.,1.));
#11365=DIRECTION('',(1.,0.,0.));
#11366=DIRECTION('',(0.,0.,-1.));
#11367=DIRECTION('',(-1.,0.,0.));
#11368=DIRECTION('',(0.,0.,1.));
#11369=DIRECTION('',(1.,0.,0.));
#11370=DIRECTION('',(0.,0.,-1.));
#11371=DIRECTION('',(-1.,0.,0.));
#11372=DIRECTION('',(0.,0.,1.));
#11373=DIRECTION('',(1.,0.,0.));
#11374=DIRECTION('',(0.,0.,-1.));
#11375=DIRECTION('',(-1.,0.,0.));
#11376=DIRECTION('',(0.,0.,1.));
#11377=DIRECTION('',(1.,0.,0.));
#11378=DIRECTION('',(0.,0.,-1.));
#11379=DIRECTION('',(-1.,0.,0.));
#11380=DIRECTION('',(0.,0.,1.));
#11381=DIRECTION('',(1.,0.,0.));
#11382=DIRECTION('',(0.,0.,-1.));
#11383=DIRECTION('',(-1.,0.,0.));
#11384=DIRECTION('',(0.,0.,1.));
#11385=DIRECTION('',(1.,0.,0.));
#11386=DIRECTION('',(0.,0.,-1.));
#11387=DIRECTION('',(-1.,0.,0.));
#11388=DIRECTION('',(0.,0.,1.));
#11389=DIRECTION('',(1.,0.,0.));
#11390=DIRECTION('',(0.,0.,-1.));
#11391=DIRECTION('',(-1.,0.,0.));
#11392=DIRECTION('',(0.,0.,1.));
#11393=DIRECTION('',(1.,0.,0.));
#11394=DIRECTION('',(0.,0.,-1.));
#11395=DIRECTION('',(-1.,0.,0.));
#11396=DIRECTION('',(0.,0.,1.));
#11397=DIRECTION('',(1.,0.,0.));
#11398=DIRECTION('',(0.,0.,-1.));
#11399=DIRECTION('',(-1.,0.,0.));
#11400=DIRECTION('',(0.,0.,1.));
#11401=DIRECTION('',(1.,0.,0.));
#11402=DIRECTION('',(0.,0.,-1.));
#11403=DIRECTION('',(-1.,0.,0.));
#11404=DIRECTION('',(0.,0.,1.));
#11405=DIRECTION('',(1.,0.,0.));
#11406=DIRECTION('',(0.,0.,-1.));
#11407=DIRECTION('',(-1.,0.,0.));
#11408=DIRECTION('',(0.,0.,1.));
#11409=DIRECTION('',(1.,0.,0.));
#11410=DIRECTION('',(0.,0.,-1.));
#11411=DIRECTION('',(-1.,0.,0.));
#11412=DIRECTION('',(0.,0.,1.));
#11413=DIRECTION('',(1.,0.,0.));
#11414=DIRECTION('',(0.,0.,-1.));
#11415=DIRECTION('',(-1.,0.,0.));
#11416=DIRECTION('',(0.,0.,1.));
#11417=DIRECTION('',(1.,0.,0.));
#11418=DIRECTION('',(0.,0.,-1.));
#11419=DIRECTION('',(-1.,0.,0.));
#11420=DIRECTION('',(0.,0.,1.));
#11421=DIRECTION('',(1.,0.,0.));
#11422=DIRECTION('',(0.,0.,-1.));
#11423=DIRECTION('',(-1.,0.,0.));
#11424=DIRECTION('',(0.,0.,1.));
#11425=DIRECTION('',(1.,0.,0.));
#11426=DIRECTION('',(0.,0.,-1.));
#11427=DIRECTION('',(-1.,0.,0.));
#11428=DIRECTION('',(0.,0.,1.));
#11429=DIRECTION('',(1.,0.,0.));
#11430=DIRECTION('',(0.,0.,-1.));
#11431=DIRECTION('',(-1.,0.,0.));
#11432=DIRECTION('',(0.,0.,1.));
#11433=DIRECTION('',(1.,0.,0.));
#11434=DIRECTION('',(0.,0.,-1.));
#11435=DIRECTION('',(-1.,0.,0.));
#11436=DIRECTION('',(0.,0.,1.));
#11437=DIRECTION('',(1.,0.,0.));
#11438=DIRECTION('',(0.,0.,-1.));
#11439=DIRECTION('',(-1.,0.,0.));
#11440=DIRECTION('',(0.,0.,1.));
#11441=DIRECTION('',(1.,0.,0.));
#11442=DIRECTION('',(0.,0.,-1.));
#11443=DIRECTION('',(-1.,0.,0.));
#11444=DIRECTION('',(0.,0.,1.));
#11445=DIRECTION('',(1.,0.,0.));
#11446=DIRECTION('',(0.,0.,-1.));
#11447=DIRECTION('',(-1.,0.,0.));
#11448=DIRECTION('',(0.,0.,1.));
#11449=DIRECTION('',(1.,0.,0.));
#11450=DIRECTION('',(0.,0.,-1.));
#11451=DIRECTION('',(-1.,0.,0.));
#11452=DIRECTION('',(0.,0.,1.));
#11453=DIRECTION('',(1.,0.,0.));
#11454=DIRECTION('',(0.,0.,-1.));
#11455=DIRECTION('',(-1.,0.,0.));
#11456=DIRECTION('',(0.,0.,1.));
#11457=DIRECTION('',(1.,0.,0.));
#11458=DIRECTION('',(0.,0.,-1.));
#11459=DIRECTION('',(-1.,0.,0.));
#11460=DIRECTION('',(0.,0.,1.));
#11461=DIRECTION('',(1.,0.,0.));
#11462=DIRECTION('',(0.,0.,-1.));
#11463=DIRECTION('',(-1.,0.,0.));
#11464=DIRECTION('',(0.,0.,1.));
#11465=DIRECTION('',(1.,0.,0.));
#11466=DIRECTION('',(0.,0.,-1.));
#11467=DIRECTION('',(1.,0.,0.));
#11468=DIRECTION('',(0.,0.,1.));
#11469=DIRECTION('',(1.,0.,0.));
#11470=DIRECTION('',(0.,0.,1.));
#11471=DIRECTION('',(1.,0.,0.));
#11472=DIRECTION('',(0.,0.,1.));
#11473=DIRECTION('',(-1.,0.,0.));
#11474=DIRECTION('',(0.,0.,1.));
#11475=DIRECTION('',(1.,0.,0.));
#11476=DIRECTION('',(0.,0.,1.));
#11477=DIRECTION('',(-1.,0.,0.));
#11478=DIRECTION('',(0.,0.,1.));
#11479=DIRECTION('',(1.,0.,0.));
#11480=DIRECTION('',(0.,0.,1.));
#11481=DIRECTION('',(-1.,0.,0.));
#11482=DIRECTION('',(0.,0.,1.));
#11483=DIRECTION('',(1.,0.,0.));
#11484=DIRECTION('',(0.,0.,1.));
#11485=DIRECTION('',(-1.,0.,0.));
#11486=DIRECTION('',(0.,0.,1.));
#11487=DIRECTION('',(1.,0.,0.));
#11488=DIRECTION('',(0.,0.,1.));
#11489=DIRECTION('',(-1.,0.,0.));
#11490=DIRECTION('',(0.,0.,1.));
#11491=DIRECTION('',(1.,0.,0.));
#11492=DIRECTION('',(0.,0.,1.));
#11493=DIRECTION('',(-1.,0.,0.));
#11494=DIRECTION('',(0.,0.,1.));
#11495=DIRECTION('',(1.,0.,0.));
#11496=DIRECTION('',(0.,0.,1.));
#11497=DIRECTION('',(-1.,0.,0.));
#11498=DIRECTION('',(0.,0.,1.));
#11499=DIRECTION('',(1.,0.,0.));
#11500=DIRECTION('',(0.,0.,1.));
#11501=DIRECTION('',(-1.,0.,0.));
#11502=DIRECTION('',(0.,0.,1.));
#11503=DIRECTION('',(1.,0.,0.));
#11504=DIRECTION('',(0.,0.,1.));
#11505=DIRECTION('',(-1.,0.,0.));
#11506=DIRECTION('',(0.,0.,1.));
#11507=DIRECTION('',(1.,0.,0.));
#11508=DIRECTION('',(0.,0.,1.));
#11509=DIRECTION('',(-1.,0.,0.));
#11510=DIRECTION('',(0.,0.,1.));
#11511=DIRECTION('',(1.,0.,0.));
#11512=DIRECTION('',(0.,0.,1.));
#11513=DIRECTION('',(-1.,0.,0.));
#11514=DIRECTION('',(0.,0.,1.));
#11515=DIRECTION('',(1.,0.,0.));
#11516=DIRECTION('',(0.,0.,1.));
#11517=DIRECTION('',(-1.,0.,0.));
#11518=DIRECTION('',(0.,0.,1.));
#11519=DIRECTION('',(1.,0.,0.));
#11520=DIRECTION('',(0.,0.,1.));
#11521=DIRECTION('',(-1.,0.,0.));
#11522=DIRECTION('',(0.,0.,1.));
#11523=DIRECTION('',(1.,0.,0.));
#11524=DIRECTION('',(0.,0.,1.));
#11525=DIRECTION('',(-1.,0.,0.));
#11526=DIRECTION('',(0.,0.,1.));
#11527=DIRECTION('',(1.,0.,0.));
#11528=DIRECTION('',(0.,0.,1.));
#11529=DIRECTION('',(-1.,0.,0.));
#11530=DIRECTION('',(0.,0.,1.));
#11531=DIRECTION('',(1.,0.,0.));
#11532=DIRECTION('',(0.,0.,1.));
#11533=DIRECTION('',(-1.,0.,0.));
#11534=DIRECTION('',(0.,0.,1.));
#11535=DIRECTION('',(1.,0.,0.));
#11536=DIRECTION('',(0.,0.,1.));
#11537=DIRECTION('',(-1.,0.,0.));
#11538=DIRECTION('',(0.,0.,1.));
#11539=DIRECTION('',(1.,0.,0.));
#11540=DIRECTION('',(0.,0.,1.));
#11541=DIRECTION('',(-1.,0.,0.));
#11542=DIRECTION('',(0.,0.,1.));
#11543=DIRECTION('',(1.,0.,0.));
#11544=DIRECTION('',(0.,0.,1.));
#11545=DIRECTION('',(-1.,0.,0.));
#11546=DIRECTION('',(0.,0.,1.));
#11547=DIRECTION('',(1.,0.,0.));
#11548=DIRECTION('',(0.,0.,1.));
#11549=DIRECTION('',(-1.,0.,0.));
#11550=DIRECTION('',(0.,0.,1.));
#11551=DIRECTION('',(1.,0.,0.));
#11552=DIRECTION('',(0.,0.,1.));
#11553=DIRECTION('',(-1.,0.,0.));
#11554=DIRECTION('',(0.,0.,1.));
#11555=DIRECTION('',(1.,0.,0.));
#11556=DIRECTION('',(0.,0.,1.));
#11557=DIRECTION('',(-1.,0.,0.));
#11558=DIRECTION('',(0.,0.,1.));
#11559=DIRECTION('',(1.,0.,0.));
#11560=DIRECTION('',(0.,0.,1.));
#11561=DIRECTION('',(-1.,0.,0.));
#11562=DIRECTION('',(0.,0.,1.));
#11563=DIRECTION('',(1.,0.,0.));
#11564=DIRECTION('',(0.,0.,1.));
#11565=DIRECTION('',(-1.,0.,0.));
#11566=DIRECTION('',(0.,0.,1.));
#11567=DIRECTION('',(1.,0.,0.));
#11568=DIRECTION('',(0.,0.,1.));
#11569=DIRECTION('',(-1.,0.,0.));
#11570=DIRECTION('',(0.,0.,1.));
#11571=DIRECTION('',(0.,0.,-1.));
#11572=DIRECTION('',(-1.,0.,0.));
#11573=DIRECTION('',(-1.,0.,0.));
#11574=DIRECTION('',(0.,0.,1.));
#11575=DIRECTION('',(0.,0.,1.));
#11576=DIRECTION('',(1.,0.,0.));
#11577=DIRECTION('',(0.,0.,-1.));
#11578=DIRECTION('center_axis',(0.,-1.,0.));
#11579=DIRECTION('ref_axis',(1.,0.,0.));
#11580=DIRECTION('',(-1.,0.,0.));
#11581=DIRECTION('',(0.,0.,-1.));
#11582=DIRECTION('',(1.,0.,0.));
#11583=DIRECTION('center_axis',(0.,0.,-1.));
#11584=DIRECTION('ref_axis',(1.,0.,0.));
#11585=DIRECTION('',(1.,0.,0.));
#11586=DIRECTION('',(0.,-1.,0.));
#11587=DIRECTION('center_axis',(0.,0.,1.));
#11588=DIRECTION('ref_axis',(1.,0.,0.));
#11589=DIRECTION('center_axis',(0.,0.,1.));
#11590=DIRECTION('ref_axis',(1.,0.,0.));
#11591=DIRECTION('',(0.,0.,1.));
#11592=DIRECTION('',(0.,0.,-1.));
#11593=DIRECTION('',(0.,0.,1.));
#11594=DIRECTION('',(0.,0.,-1.));
#11595=DIRECTION('',(0.,0.,1.));
#11596=DIRECTION('',(0.,0.,1.));
#11597=DIRECTION('center_axis',(0.,0.,1.));
#11598=DIRECTION('ref_axis',(1.,0.,0.));
#11599=DIRECTION('',(0.,0.,1.));
#11600=DIRECTION('center_axis',(0.,0.,1.));
#11601=DIRECTION('ref_axis',(1.,0.,0.));
#11602=DIRECTION('center_axis',(0.,0.,1.));
#11603=DIRECTION('ref_axis',(1.,0.,0.));
#11604=DIRECTION('',(0.,0.,1.));
#11605=DIRECTION('center_axis',(0.,0.,1.));
#11606=DIRECTION('ref_axis',(1.,0.,0.));
#11607=DIRECTION('',(0.,0.,1.));
#11608=DIRECTION('center_axis',(0.,0.,1.));
#11609=DIRECTION('ref_axis',(1.,0.,0.));
#11610=DIRECTION('center_axis',(5.65451755135828E-16,-1.,0.));
#11611=DIRECTION('ref_axis',(1.,5.65451755135828E-16,0.));
#11612=DIRECTION('',(1.,0.,0.));
#11613=DIRECTION('',(-1.,0.,0.));
#11614=DIRECTION('',(0.,0.,1.));
#11615=DIRECTION('center_axis',(5.65451755135828E-16,-1.,0.));
#11616=DIRECTION('ref_axis',(1.,5.65451755135828E-16,0.));
#11617=DIRECTION('',(-1.,0.,0.));
#11618=DIRECTION('',(0.,0.,1.));
#11619=DIRECTION('',(1.,0.,0.));
#11620=DIRECTION('center_axis',(5.65451755135828E-16,-1.,0.));
#11621=DIRECTION('ref_axis',(1.,5.65451755135828E-16,0.));
#11622=DIRECTION('',(-1.,0.,0.));
#11623=DIRECTION('',(0.,0.,1.));
#11624=DIRECTION('',(1.,0.,0.));
#11625=DIRECTION('center_axis',(0.,0.,1.));
#11626=DIRECTION('ref_axis',(1.,0.,0.));
#11627=DIRECTION('',(0.,0.,1.));
#11628=DIRECTION('',(0.,0.,-1.));
#11629=DIRECTION('center_axis',(0.,0.,1.));
#11630=DIRECTION('ref_axis',(1.,0.,0.));
#11631=DIRECTION('center_axis',(0.,0.,1.));
#11632=DIRECTION('ref_axis',(1.,0.,0.));
#11633=DIRECTION('',(0.,0.,-1.));
#11634=DIRECTION('',(0.,0.,1.));
#11635=DIRECTION('center_axis',(1.,0.,0.));
#11636=DIRECTION('ref_axis',(0.,1.,0.));
#11637=DIRECTION('',(0.,-1.,0.));
#11638=DIRECTION('center_axis',(-1.,0.,0.));
#11639=DIRECTION('ref_axis',(0.,1.,0.));
#11640=DIRECTION('center_axis',(-1.,0.,0.));
#11641=DIRECTION('ref_axis',(0.,1.,0.));
#11642=DIRECTION('',(0.,1.,0.));
#11643=DIRECTION('center_axis',(0.,0.,-1.));
#11644=DIRECTION('ref_axis',(0.,-1.,0.));
#11645=DIRECTION('',(0.,-1.,0.));
#11646=DIRECTION('',(-1.,0.,0.));
#11647=DIRECTION('center_axis',(-1.,0.,0.));
#11648=DIRECTION('ref_axis',(0.,1.,0.));
#11649=DIRECTION('',(-1.,0.,0.));
#11650=DIRECTION('',(-1.,0.,0.));
#11651=DIRECTION('',(-1.,0.,0.));
#11652=DIRECTION('center_axis',(1.,0.,0.));
#11653=DIRECTION('ref_axis',(0.,1.,0.));
#11654=DIRECTION('center_axis',(-1.,0.,0.));
#11655=DIRECTION('ref_axis',(0.,1.,0.));
#11656=DIRECTION('',(-1.,0.,0.));
#11657=DIRECTION('center_axis',(-1.,0.,0.));
#11658=DIRECTION('ref_axis',(0.,1.,0.));
#11659=DIRECTION('',(-1.,0.,0.));
#11660=DIRECTION('center_axis',(-1.,0.,0.));
#11661=DIRECTION('ref_axis',(0.,1.,0.));
#11662=DIRECTION('',(-1.,0.,0.));
#11663=DIRECTION('center_axis',(0.,-1.,0.));
#11664=DIRECTION('ref_axis',(0.,0.,1.));
#11665=DIRECTION('',(-1.,0.,0.));
#11666=DIRECTION('center_axis',(0.,-1.,0.));
#11667=DIRECTION('ref_axis',(0.,0.,1.));
#11668=DIRECTION('',(-1.,0.,0.));
#11669=DIRECTION('center_axis',(-1.,0.,0.));
#11670=DIRECTION('ref_axis',(0.,-0.7960803371137,-0.605190959004626));
#11671=DIRECTION('',(-1.,0.,0.));
#11672=DIRECTION('',(-1.,0.,0.));
#11673=DIRECTION('',(-1.,0.,0.));
#11674=DIRECTION('center_axis',(0.,-1.,0.));
#11675=DIRECTION('ref_axis',(0.,0.,1.));
#11676=DIRECTION('',(-1.,0.,0.));
#11677=DIRECTION('center_axis',(0.,-1.,0.));
#11678=DIRECTION('ref_axis',(0.,0.,1.));
#11679=DIRECTION('',(-1.,0.,0.));
#11680=DIRECTION('center_axis',(0.,-1.,0.));
#11681=DIRECTION('ref_axis',(0.,0.,1.));
#11682=DIRECTION('',(-1.,0.,0.));
#11683=DIRECTION('center_axis',(-1.,0.,0.));
#11684=DIRECTION('ref_axis',(0.,1.,0.));
#11685=DIRECTION('',(-1.,0.,0.));
#11686=DIRECTION('center_axis',(-1.,0.,0.));
#11687=DIRECTION('ref_axis',(0.,1.,0.));
#11688=DIRECTION('',(-1.,0.,0.));
#11689=DIRECTION('center_axis',(-1.,0.,0.));
#11690=DIRECTION('ref_axis',(0.,1.,0.));
#11691=DIRECTION('',(-1.,0.,0.));
#11692=DIRECTION('center_axis',(-1.,0.,0.));
#11693=DIRECTION('ref_axis',(0.,1.,0.));
#11694=DIRECTION('center_axis',(1.,0.,0.));
#11695=DIRECTION('ref_axis',(0.,1.,0.));
#11696=DIRECTION('',(-1.,0.,0.));
#11697=DIRECTION('center_axis',(0.,0.,1.));
#11698=DIRECTION('ref_axis',(0.,1.,0.));
#11699=DIRECTION('',(0.,-1.,0.));
#11700=DIRECTION('center_axis',(1.,0.,0.));
#11701=DIRECTION('ref_axis',(0.,1.,0.));
#11702=DIRECTION('center_axis',(-1.,0.,0.));
#11703=DIRECTION('ref_axis',(0.,-0.796080337113699,0.605190959004626));
#11704=DIRECTION('',(-1.,0.,0.));
#11705=DIRECTION('center_axis',(0.,-1.,0.));
#11706=DIRECTION('ref_axis',(0.,0.,1.));
#11707=DIRECTION('center_axis',(1.,0.,0.));
#11708=DIRECTION('ref_axis',(0.,1.,0.));
#11709=DIRECTION('center_axis',(1.,0.,0.));
#11710=DIRECTION('ref_axis',(0.,0.,1.));
#11711=DIRECTION('',(0.,0.,1.));
#11712=DIRECTION('',(0.,-1.,0.));
#11713=DIRECTION('',(0.,-1.,0.));
#11714=DIRECTION('center_axis',(0.,0.,-1.));
#11715=DIRECTION('ref_axis',(1.,0.,0.));
#11716=DIRECTION('',(1.,0.,0.));
#11717=DIRECTION('',(0.,-1.,0.));
#11718=DIRECTION('center_axis',(-1.,0.,0.));
#11719=DIRECTION('ref_axis',(0.,0.,-1.));
#11720=DIRECTION('',(0.,0.,-1.));
#11721=DIRECTION('',(0.,1.,0.));
#11722=DIRECTION('center_axis',(1.,0.,0.));
#11723=DIRECTION('ref_axis',(0.,0.,1.));
#11724=DIRECTION('',(0.,0.,1.));
#11725=DIRECTION('',(0.,-1.,0.));
#11726=DIRECTION('',(0.,-1.,0.));
#11727=DIRECTION('center_axis',(0.,0.,-1.));
#11728=DIRECTION('ref_axis',(1.,0.,0.));
#11729=DIRECTION('',(1.,0.,0.));
#11730=DIRECTION('',(0.,-1.,0.));
#11731=DIRECTION('center_axis',(-1.,0.,0.));
#11732=DIRECTION('ref_axis',(0.,0.,-1.));
#11733=DIRECTION('',(0.,0.,-1.));
#11734=DIRECTION('',(0.,1.,0.));
#11735=DIRECTION('center_axis',(1.,0.,0.));
#11736=DIRECTION('ref_axis',(0.,0.,1.));
#11737=DIRECTION('',(0.,0.,1.));
#11738=DIRECTION('',(0.,-1.,0.));
#11739=DIRECTION('',(0.,-1.,0.));
#11740=DIRECTION('center_axis',(0.,0.,-1.));
#11741=DIRECTION('ref_axis',(1.,0.,0.));
#11742=DIRECTION('',(1.,0.,0.));
#11743=DIRECTION('',(0.,-1.,0.));
#11744=DIRECTION('center_axis',(-1.,0.,0.));
#11745=DIRECTION('ref_axis',(0.,0.,-1.));
#11746=DIRECTION('',(0.,0.,-1.));
#11747=DIRECTION('',(0.,1.,0.));
#11748=DIRECTION('center_axis',(1.,0.,0.));
#11749=DIRECTION('ref_axis',(0.,0.,1.));
#11750=DIRECTION('',(0.,0.,1.));
#11751=DIRECTION('',(0.,-1.,0.));
#11752=DIRECTION('',(0.,-1.,0.));
#11753=DIRECTION('center_axis',(0.,0.,-1.));
#11754=DIRECTION('ref_axis',(1.,0.,0.));
#11755=DIRECTION('',(1.,0.,0.));
#11756=DIRECTION('',(0.,-1.,0.));
#11757=DIRECTION('center_axis',(-1.,0.,0.));
#11758=DIRECTION('ref_axis',(0.,0.,-1.));
#11759=DIRECTION('',(0.,0.,-1.));
#11760=DIRECTION('',(0.,1.,0.));
#11761=DIRECTION('center_axis',(1.,0.,0.));
#11762=DIRECTION('ref_axis',(0.,0.,1.));
#11763=DIRECTION('',(0.,0.,1.));
#11764=DIRECTION('',(0.,-1.,0.));
#11765=DIRECTION('',(0.,-1.,0.));
#11766=DIRECTION('center_axis',(0.,0.,-1.));
#11767=DIRECTION('ref_axis',(1.,0.,0.));
#11768=DIRECTION('',(1.,0.,0.));
#11769=DIRECTION('',(0.,-1.,0.));
#11770=DIRECTION('center_axis',(-1.,0.,0.));
#11771=DIRECTION('ref_axis',(0.,0.,-1.));
#11772=DIRECTION('',(0.,0.,-1.));
#11773=DIRECTION('',(0.,1.,0.));
#11774=DIRECTION('center_axis',(1.,0.,0.));
#11775=DIRECTION('ref_axis',(0.,0.,1.));
#11776=DIRECTION('',(0.,0.,1.));
#11777=DIRECTION('',(0.,-1.,0.));
#11778=DIRECTION('',(0.,-1.,0.));
#11779=DIRECTION('center_axis',(0.,0.,-1.));
#11780=DIRECTION('ref_axis',(1.,0.,0.));
#11781=DIRECTION('',(1.,0.,0.));
#11782=DIRECTION('',(0.,1.,0.));
#11783=DIRECTION('center_axis',(1.,0.,0.));
#11784=DIRECTION('ref_axis',(0.,0.,1.));
#11785=DIRECTION('',(0.,0.,1.));
#11786=DIRECTION('',(0.,-1.,0.));
#11787=DIRECTION('',(0.,-1.,0.));
#11788=DIRECTION('center_axis',(0.,0.,-1.));
#11789=DIRECTION('ref_axis',(1.,0.,0.));
#11790=DIRECTION('',(1.,0.,0.));
#11791=DIRECTION('',(0.,-1.,0.));
#11792=DIRECTION('center_axis',(-1.,0.,0.));
#11793=DIRECTION('ref_axis',(0.,0.,-1.));
#11794=DIRECTION('',(0.,0.,-1.));
#11795=DIRECTION('',(0.,1.,0.));
#11796=DIRECTION('center_axis',(1.,0.,0.));
#11797=DIRECTION('ref_axis',(0.,0.,1.));
#11798=DIRECTION('',(0.,0.,1.));
#11799=DIRECTION('',(0.,-1.,0.));
#11800=DIRECTION('',(0.,-1.,0.));
#11801=DIRECTION('center_axis',(0.,0.,-1.));
#11802=DIRECTION('ref_axis',(1.,0.,0.));
#11803=DIRECTION('',(1.,0.,0.));
#11804=DIRECTION('',(0.,-1.,0.));
#11805=DIRECTION('center_axis',(-1.,0.,0.));
#11806=DIRECTION('ref_axis',(0.,0.,-1.));
#11807=DIRECTION('',(0.,0.,-1.));
#11808=DIRECTION('',(0.,1.,0.));
#11809=DIRECTION('center_axis',(1.,0.,0.));
#11810=DIRECTION('ref_axis',(0.,0.,1.));
#11811=DIRECTION('',(0.,0.,1.));
#11812=DIRECTION('',(0.,-1.,0.));
#11813=DIRECTION('',(0.,-1.,0.));
#11814=DIRECTION('center_axis',(0.,0.,-1.));
#11815=DIRECTION('ref_axis',(1.,0.,0.));
#11816=DIRECTION('',(1.,0.,0.));
#11817=DIRECTION('',(0.,-1.,0.));
#11818=DIRECTION('center_axis',(-1.,0.,0.));
#11819=DIRECTION('ref_axis',(0.,0.,-1.));
#11820=DIRECTION('',(0.,0.,-1.));
#11821=DIRECTION('',(0.,1.,0.));
#11822=DIRECTION('center_axis',(1.,0.,0.));
#11823=DIRECTION('ref_axis',(0.,0.,1.));
#11824=DIRECTION('',(0.,0.,1.));
#11825=DIRECTION('',(0.,-1.,0.));
#11826=DIRECTION('',(0.,-1.,0.));
#11827=DIRECTION('center_axis',(0.,0.,-1.));
#11828=DIRECTION('ref_axis',(1.,0.,0.));
#11829=DIRECTION('',(1.,0.,0.));
#11830=DIRECTION('',(0.,-1.,0.));
#11831=DIRECTION('center_axis',(-1.,0.,0.));
#11832=DIRECTION('ref_axis',(0.,0.,-1.));
#11833=DIRECTION('',(0.,0.,-1.));
#11834=DIRECTION('',(0.,1.,0.));
#11835=DIRECTION('center_axis',(1.,0.,0.));
#11836=DIRECTION('ref_axis',(0.,0.,1.));
#11837=DIRECTION('',(0.,0.,1.));
#11838=DIRECTION('',(0.,-1.,0.));
#11839=DIRECTION('',(0.,-1.,0.));
#11840=DIRECTION('center_axis',(0.,0.,-1.));
#11841=DIRECTION('ref_axis',(1.,0.,0.));
#11842=DIRECTION('',(1.,0.,0.));
#11843=DIRECTION('',(0.,-1.,0.));
#11844=DIRECTION('center_axis',(-1.,0.,0.));
#11845=DIRECTION('ref_axis',(0.,0.,-1.));
#11846=DIRECTION('',(0.,0.,-1.));
#11847=DIRECTION('',(0.,1.,0.));
#11848=DIRECTION('center_axis',(1.,0.,0.));
#11849=DIRECTION('ref_axis',(0.,0.,1.));
#11850=DIRECTION('',(0.,0.,1.));
#11851=DIRECTION('',(0.,-1.,0.));
#11852=DIRECTION('',(0.,-1.,0.));
#11853=DIRECTION('center_axis',(0.,0.,-1.));
#11854=DIRECTION('ref_axis',(1.,0.,0.));
#11855=DIRECTION('',(1.,0.,0.));
#11856=DIRECTION('',(0.,-1.,0.));
#11857=DIRECTION('center_axis',(-1.,0.,0.));
#11858=DIRECTION('ref_axis',(0.,0.,-1.));
#11859=DIRECTION('',(0.,0.,-1.));
#11860=DIRECTION('',(0.,1.,0.));
#11861=DIRECTION('center_axis',(1.,0.,0.));
#11862=DIRECTION('ref_axis',(0.,0.,1.));
#11863=DIRECTION('',(0.,0.,1.));
#11864=DIRECTION('',(0.,-1.,0.));
#11865=DIRECTION('',(0.,-1.,0.));
#11866=DIRECTION('center_axis',(0.,0.,-1.));
#11867=DIRECTION('ref_axis',(1.,0.,0.));
#11868=DIRECTION('',(1.,0.,0.));
#11869=DIRECTION('',(0.,-1.,0.));
#11870=DIRECTION('center_axis',(-1.,0.,0.));
#11871=DIRECTION('ref_axis',(0.,0.,-1.));
#11872=DIRECTION('',(0.,0.,-1.));
#11873=DIRECTION('',(0.,1.,0.));
#11874=DIRECTION('center_axis',(-1.,0.,0.));
#11875=DIRECTION('ref_axis',(0.,-1.,0.));
#11876=DIRECTION('',(0.,0.,1.));
#11877=DIRECTION('',(0.,-1.,0.));
#11878=DIRECTION('center_axis',(0.,1.,0.));
#11879=DIRECTION('ref_axis',(-1.,0.,0.));
#11880=DIRECTION('',(-1.,0.,0.));
#11881=DIRECTION('',(0.,0.,1.));
#11882=DIRECTION('',(-1.,0.,0.));
#11883=DIRECTION('',(0.,0.,-1.));
#11884=DIRECTION('',(1.,0.,0.));
#11885=DIRECTION('',(0.,0.,1.));
#11886=DIRECTION('',(-1.,0.,0.));
#11887=DIRECTION('',(0.,0.,-1.));
#11888=DIRECTION('',(1.,0.,0.));
#11889=DIRECTION('',(0.,0.,1.));
#11890=DIRECTION('',(-1.,0.,0.));
#11891=DIRECTION('',(0.,0.,-1.));
#11892=DIRECTION('',(1.,0.,0.));
#11893=DIRECTION('',(0.,0.,1.));
#11894=DIRECTION('',(-1.,0.,0.));
#11895=DIRECTION('',(0.,0.,-1.));
#11896=DIRECTION('',(1.,0.,0.));
#11897=DIRECTION('',(0.,0.,1.));
#11898=DIRECTION('',(-1.,0.,0.));
#11899=DIRECTION('',(0.,0.,-1.));
#11900=DIRECTION('',(1.,0.,0.));
#11901=DIRECTION('',(0.,0.,1.));
#11902=DIRECTION('',(-1.,0.,0.));
#11903=DIRECTION('',(0.,0.,-1.));
#11904=DIRECTION('',(1.,0.,0.));
#11905=DIRECTION('',(0.,0.,1.));
#11906=DIRECTION('',(-1.,0.,0.));
#11907=DIRECTION('',(0.,0.,-1.));
#11908=DIRECTION('',(1.,0.,0.));
#11909=DIRECTION('',(0.,0.,1.));
#11910=DIRECTION('',(-1.,0.,0.));
#11911=DIRECTION('',(0.,0.,-1.));
#11912=DIRECTION('',(1.,0.,0.));
#11913=DIRECTION('',(0.,0.,1.));
#11914=DIRECTION('',(-1.,0.,0.));
#11915=DIRECTION('',(0.,0.,-1.));
#11916=DIRECTION('',(1.,0.,0.));
#11917=DIRECTION('',(0.,0.,1.));
#11918=DIRECTION('',(-1.,0.,0.));
#11919=DIRECTION('',(0.,0.,-1.));
#11920=DIRECTION('',(1.,0.,0.));
#11921=DIRECTION('',(0.,0.,1.));
#11922=DIRECTION('',(-1.,0.,0.));
#11923=DIRECTION('',(0.,0.,-1.));
#11924=DIRECTION('',(1.,0.,0.));
#11925=DIRECTION('',(0.,0.,1.));
#11926=DIRECTION('',(-1.,0.,0.));
#11927=DIRECTION('',(0.,0.,-1.));
#11928=DIRECTION('',(1.,0.,0.));
#11929=DIRECTION('',(0.,0.,1.));
#11930=DIRECTION('',(-1.,0.,0.));
#11931=DIRECTION('',(0.,0.,-1.));
#11932=DIRECTION('',(1.,0.,0.));
#11933=DIRECTION('',(0.,0.,1.));
#11934=DIRECTION('',(-1.,0.,0.));
#11935=DIRECTION('',(0.,0.,1.));
#11936=DIRECTION('',(1.,0.,0.));
#11937=DIRECTION('',(0.,0.,1.));
#11938=DIRECTION('',(-1.,0.,0.));
#11939=DIRECTION('',(0.,0.,1.));
#11940=DIRECTION('',(1.,0.,0.));
#11941=DIRECTION('',(0.,0.,1.));
#11942=DIRECTION('',(-1.,0.,0.));
#11943=DIRECTION('',(0.,0.,1.));
#11944=DIRECTION('',(1.,0.,0.));
#11945=DIRECTION('',(0.,0.,1.));
#11946=DIRECTION('',(-1.,0.,0.));
#11947=DIRECTION('',(0.,0.,1.));
#11948=DIRECTION('',(1.,0.,0.));
#11949=DIRECTION('',(0.,0.,1.));
#11950=DIRECTION('',(-1.,0.,0.));
#11951=DIRECTION('',(0.,0.,1.));
#11952=DIRECTION('',(1.,0.,0.));
#11953=DIRECTION('',(0.,0.,1.));
#11954=DIRECTION('',(-1.,0.,0.));
#11955=DIRECTION('',(0.,0.,1.));
#11956=DIRECTION('',(1.,0.,0.));
#11957=DIRECTION('',(0.,0.,1.));
#11958=DIRECTION('',(-1.,0.,0.));
#11959=DIRECTION('',(0.,0.,1.));
#11960=DIRECTION('',(1.,0.,0.));
#11961=DIRECTION('',(0.,0.,1.));
#11962=DIRECTION('',(-1.,0.,0.));
#11963=DIRECTION('',(0.,0.,1.));
#11964=DIRECTION('',(1.,0.,0.));
#11965=DIRECTION('',(0.,0.,1.));
#11966=DIRECTION('',(-1.,0.,0.));
#11967=DIRECTION('',(0.,0.,1.));
#11968=DIRECTION('',(1.,0.,0.));
#11969=DIRECTION('',(0.,0.,1.));
#11970=DIRECTION('',(-1.,0.,0.));
#11971=DIRECTION('',(0.,0.,1.));
#11972=DIRECTION('',(1.,0.,0.));
#11973=DIRECTION('',(0.,0.,1.));
#11974=DIRECTION('',(-1.,0.,0.));
#11975=DIRECTION('',(0.,0.,1.));
#11976=DIRECTION('',(1.,0.,0.));
#11977=DIRECTION('',(0.,0.,1.));
#11978=DIRECTION('',(-1.,0.,0.));
#11979=DIRECTION('',(0.,0.,1.));
#11980=DIRECTION('',(1.,0.,0.));
#11981=DIRECTION('',(0.,0.,1.));
#11982=DIRECTION('',(-1.,0.,0.));
#11983=DIRECTION('',(0.,0.,1.));
#11984=DIRECTION('',(-1.,0.,0.));
#11985=DIRECTION('',(0.,0.,1.));
#11986=DIRECTION('',(-1.,0.,0.));
#11987=DIRECTION('',(0.,0.,1.));
#11988=DIRECTION('',(-1.,0.,0.));
#11989=DIRECTION('',(0.,0.,1.));
#11990=DIRECTION('',(1.,0.,0.));
#11991=DIRECTION('',(0.,0.,1.));
#11992=DIRECTION('',(-1.,0.,0.));
#11993=DIRECTION('',(0.,0.,1.));
#11994=DIRECTION('',(1.,0.,0.));
#11995=DIRECTION('',(0.,0.,1.));
#11996=DIRECTION('',(-1.,0.,0.));
#11997=DIRECTION('',(0.,0.,1.));
#11998=DIRECTION('',(1.,0.,0.));
#11999=DIRECTION('',(0.,0.,1.));
#12000=DIRECTION('',(-1.,0.,0.));
#12001=DIRECTION('',(0.,0.,1.));
#12002=DIRECTION('',(1.,0.,0.));
#12003=DIRECTION('',(0.,0.,1.));
#12004=DIRECTION('',(-1.,0.,0.));
#12005=DIRECTION('',(0.,0.,1.));
#12006=DIRECTION('',(1.,0.,0.));
#12007=DIRECTION('',(0.,0.,1.));
#12008=DIRECTION('',(-1.,0.,0.));
#12009=DIRECTION('',(0.,0.,1.));
#12010=DIRECTION('',(1.,0.,0.));
#12011=DIRECTION('',(0.,0.,1.));
#12012=DIRECTION('',(-1.,0.,0.));
#12013=DIRECTION('',(0.,0.,1.));
#12014=DIRECTION('',(1.,0.,0.));
#12015=DIRECTION('',(0.,0.,1.));
#12016=DIRECTION('',(-1.,0.,0.));
#12017=DIRECTION('',(0.,0.,1.));
#12018=DIRECTION('',(1.,0.,0.));
#12019=DIRECTION('',(0.,0.,1.));
#12020=DIRECTION('',(-1.,0.,0.));
#12021=DIRECTION('',(0.,0.,1.));
#12022=DIRECTION('',(1.,0.,0.));
#12023=DIRECTION('',(0.,0.,1.));
#12024=DIRECTION('',(-1.,0.,0.));
#12025=DIRECTION('',(0.,0.,1.));
#12026=DIRECTION('',(1.,0.,0.));
#12027=DIRECTION('',(0.,0.,1.));
#12028=DIRECTION('',(-1.,0.,0.));
#12029=DIRECTION('',(0.,0.,1.));
#12030=DIRECTION('',(1.,0.,0.));
#12031=DIRECTION('',(0.,0.,1.));
#12032=DIRECTION('',(-1.,0.,0.));
#12033=DIRECTION('',(0.,0.,1.));
#12034=DIRECTION('',(1.,0.,0.));
#12035=DIRECTION('',(0.,0.,1.));
#12036=DIRECTION('',(-1.,0.,0.));
#12037=DIRECTION('',(-1.,0.,0.));
#12038=DIRECTION('',(-1.,0.,0.));
#12039=DIRECTION('',(-1.,0.,0.));
#12040=DIRECTION('',(-1.,0.,0.));
#12041=DIRECTION('',(-1.,0.,0.));
#12042=DIRECTION('',(-1.,0.,0.));
#12043=DIRECTION('',(-1.,0.,0.));
#12044=DIRECTION('',(-1.,0.,0.));
#12045=DIRECTION('',(-1.,0.,0.));
#12046=DIRECTION('',(-1.,0.,0.));
#12047=DIRECTION('',(-1.,0.,0.));
#12048=DIRECTION('',(-1.,0.,0.));
#12049=DIRECTION('center_axis',(0.,0.,1.));
#12050=DIRECTION('ref_axis',(1.,0.,0.));
#12051=DIRECTION('',(0.,1.,0.));
#12052=DIRECTION('center_axis',(0.,0.,1.));
#12053=DIRECTION('ref_axis',(1.,0.,0.));
#12054=DIRECTION('center_axis',(0.,0.,1.));
#12055=DIRECTION('ref_axis',(1.,0.,0.));
#12056=DIRECTION('center_axis',(0.,0.,1.));
#12057=DIRECTION('ref_axis',(1.,0.,0.));
#12058=DIRECTION('center_axis',(0.,0.,1.));
#12059=DIRECTION('ref_axis',(1.,0.,0.));
#12060=DIRECTION('center_axis',(0.,0.,1.));
#12061=DIRECTION('ref_axis',(1.,0.,0.));
#12062=DIRECTION('center_axis',(0.,0.,1.));
#12063=DIRECTION('ref_axis',(1.,0.,0.));
#12064=DIRECTION('center_axis',(0.,0.,1.));
#12065=DIRECTION('ref_axis',(1.,0.,0.));
#12066=DIRECTION('center_axis',(0.,0.,1.));
#12067=DIRECTION('ref_axis',(1.,0.,0.));
#12068=DIRECTION('center_axis',(0.,0.,1.));
#12069=DIRECTION('ref_axis',(1.,0.,0.));
#12070=DIRECTION('center_axis',(0.,0.,1.));
#12071=DIRECTION('ref_axis',(1.,0.,0.));
#12072=DIRECTION('center_axis',(0.,0.,1.));
#12073=DIRECTION('ref_axis',(1.,0.,0.));
#12074=DIRECTION('center_axis',(1.,0.,0.));
#12075=DIRECTION('ref_axis',(0.,0.,-1.));
#12076=DIRECTION('',(0.,-1.,0.));
#12077=DIRECTION('',(0.,1.,0.));
#12078=DIRECTION('center_axis',(1.,0.,0.));
#12079=DIRECTION('ref_axis',(0.,0.,-1.));
#12080=DIRECTION('',(0.,-1.,0.));
#12081=DIRECTION('',(0.,1.,0.));
#12082=DIRECTION('center_axis',(1.,0.,0.));
#12083=DIRECTION('ref_axis',(0.,0.,-1.));
#12084=DIRECTION('',(0.,-1.,0.));
#12085=DIRECTION('',(0.,1.,0.));
#12086=DIRECTION('center_axis',(1.,0.,0.));
#12087=DIRECTION('ref_axis',(0.,0.,-1.));
#12088=DIRECTION('',(0.,-1.,0.));
#12089=DIRECTION('',(0.,1.,0.));
#12090=DIRECTION('center_axis',(1.,0.,0.));
#12091=DIRECTION('ref_axis',(0.,0.,-1.));
#12092=DIRECTION('',(0.,-1.,0.));
#12093=DIRECTION('',(0.,1.,0.));
#12094=DIRECTION('center_axis',(1.,0.,0.));
#12095=DIRECTION('ref_axis',(0.,0.,-1.));
#12096=DIRECTION('',(0.,-1.,0.));
#12097=DIRECTION('',(0.,1.,0.));
#12098=DIRECTION('center_axis',(1.,0.,0.));
#12099=DIRECTION('ref_axis',(0.,0.,-1.));
#12100=DIRECTION('',(0.,-1.,0.));
#12101=DIRECTION('',(0.,1.,0.));
#12102=DIRECTION('center_axis',(1.,0.,0.));
#12103=DIRECTION('ref_axis',(0.,0.,-1.));
#12104=DIRECTION('',(0.,-1.,0.));
#12105=DIRECTION('',(0.,1.,0.));
#12106=DIRECTION('center_axis',(1.,0.,0.));
#12107=DIRECTION('ref_axis',(0.,0.,-1.));
#12108=DIRECTION('',(0.,-1.,0.));
#12109=DIRECTION('',(0.,1.,0.));
#12110=DIRECTION('center_axis',(1.,0.,0.));
#12111=DIRECTION('ref_axis',(0.,0.,-1.));
#12112=DIRECTION('',(0.,-1.,0.));
#12113=DIRECTION('',(0.,1.,0.));
#12114=DIRECTION('center_axis',(1.,0.,0.));
#12115=DIRECTION('ref_axis',(0.,0.,-1.));
#12116=DIRECTION('',(0.,-1.,0.));
#12117=DIRECTION('',(0.,1.,0.));
#12118=DIRECTION('center_axis',(1.,0.,0.));
#12119=DIRECTION('ref_axis',(0.,0.,-1.));
#12120=DIRECTION('',(0.,1.,0.));
#12121=DIRECTION('',(0.,-1.,0.));
#12122=DIRECTION('center_axis',(1.,0.,0.));
#12123=DIRECTION('ref_axis',(0.,0.,-1.));
#12124=DIRECTION('',(0.,-1.,0.));
#12125=DIRECTION('',(0.,1.,0.));
#12126=DIRECTION('center_axis',(0.,0.,1.));
#12127=DIRECTION('ref_axis',(0.,-1.,0.));
#12128=DIRECTION('',(0.,-1.,0.));
#12129=DIRECTION('center_axis',(0.,0.,-1.));
#12130=DIRECTION('ref_axis',(0.,1.,0.));
#12131=DIRECTION('',(0.,1.,0.));
#12132=DIRECTION('center_axis',(0.,0.,1.));
#12133=DIRECTION('ref_axis',(0.,-1.,0.));
#12134=DIRECTION('',(0.,-1.,0.));
#12135=DIRECTION('center_axis',(0.,0.,-1.));
#12136=DIRECTION('ref_axis',(0.,1.,0.));
#12137=DIRECTION('',(0.,1.,0.));
#12138=DIRECTION('center_axis',(0.,0.,1.));
#12139=DIRECTION('ref_axis',(0.,-1.,0.));
#12140=DIRECTION('',(0.,-1.,0.));
#12141=DIRECTION('center_axis',(0.,0.,-1.));
#12142=DIRECTION('ref_axis',(0.,1.,0.));
#12143=DIRECTION('',(0.,1.,0.));
#12144=DIRECTION('center_axis',(0.,0.,1.));
#12145=DIRECTION('ref_axis',(0.,-1.,0.));
#12146=DIRECTION('center_axis',(0.,0.,1.));
#12147=DIRECTION('ref_axis',(0.,-1.,0.));
#12148=DIRECTION('',(0.,-1.,0.));
#12149=DIRECTION('center_axis',(0.,0.,-1.));
#12150=DIRECTION('ref_axis',(0.,1.,0.));
#12151=DIRECTION('',(0.,1.,0.));
#12152=DIRECTION('center_axis',(0.,0.,1.));
#12153=DIRECTION('ref_axis',(0.,-1.,0.));
#12154=DIRECTION('',(0.,-1.,0.));
#12155=DIRECTION('center_axis',(0.,0.,-1.));
#12156=DIRECTION('ref_axis',(0.,1.,0.));
#12157=DIRECTION('',(0.,1.,0.));
#12158=DIRECTION('center_axis',(0.,0.,1.));
#12159=DIRECTION('ref_axis',(0.,-1.,0.));
#12160=DIRECTION('',(0.,-1.,0.));
#12161=DIRECTION('center_axis',(0.,0.,-1.));
#12162=DIRECTION('ref_axis',(0.,1.,0.));
#12163=DIRECTION('',(0.,1.,0.));
#12164=DIRECTION('center_axis',(0.,0.,1.));
#12165=DIRECTION('ref_axis',(0.,-1.,0.));
#12166=DIRECTION('',(0.,-1.,0.));
#12167=DIRECTION('center_axis',(0.,0.,-1.));
#12168=DIRECTION('ref_axis',(0.,1.,0.));
#12169=DIRECTION('',(0.,1.,0.));
#12170=DIRECTION('center_axis',(0.,0.,1.));
#12171=DIRECTION('ref_axis',(0.,-1.,0.));
#12172=DIRECTION('',(0.,-1.,0.));
#12173=DIRECTION('center_axis',(0.,0.,-1.));
#12174=DIRECTION('ref_axis',(0.,1.,0.));
#12175=DIRECTION('',(0.,1.,0.));
#12176=DIRECTION('center_axis',(0.,0.,1.));
#12177=DIRECTION('ref_axis',(0.,-1.,0.));
#12178=DIRECTION('',(0.,-1.,0.));
#12179=DIRECTION('center_axis',(0.,0.,-1.));
#12180=DIRECTION('ref_axis',(0.,1.,0.));
#12181=DIRECTION('',(0.,1.,0.));
#12182=DIRECTION('center_axis',(0.,0.,1.));
#12183=DIRECTION('ref_axis',(0.,-1.,0.));
#12184=DIRECTION('',(0.,-1.,0.));
#12185=DIRECTION('center_axis',(0.,0.,-1.));
#12186=DIRECTION('ref_axis',(0.,1.,0.));
#12187=DIRECTION('',(0.,1.,0.));
#12188=DIRECTION('center_axis',(0.,0.,1.));
#12189=DIRECTION('ref_axis',(0.,-1.,0.));
#12190=DIRECTION('',(0.,-1.,0.));
#12191=DIRECTION('center_axis',(0.,0.,-1.));
#12192=DIRECTION('ref_axis',(0.,1.,0.));
#12193=DIRECTION('',(0.,1.,0.));
#12194=DIRECTION('center_axis',(0.,0.,-1.));
#12195=DIRECTION('ref_axis',(0.,1.,0.));
#12196=DIRECTION('',(0.,1.,0.));
#12197=DIRECTION('center_axis',(0.,0.,1.));
#12198=DIRECTION('ref_axis',(0.,-1.,0.));
#12199=DIRECTION('',(0.,-1.,0.));
#12200=DIRECTION('center_axis',(0.,0.,1.));
#12201=DIRECTION('ref_axis',(1.,0.,0.));
#12202=DIRECTION('',(0.,-1.,0.));
#12203=DIRECTION('center_axis',(-1.,0.,0.));
#12204=DIRECTION('ref_axis',(0.,-1.,0.));
#12205=DIRECTION('center_axis',(-1.,0.,0.));
#12206=DIRECTION('ref_axis',(0.,-1.,0.));
#12207=DIRECTION('center_axis',(-1.,0.,0.));
#12208=DIRECTION('ref_axis',(0.,-1.,0.));
#12209=DIRECTION('center_axis',(-1.,0.,0.));
#12210=DIRECTION('ref_axis',(0.,-1.,0.));
#12211=DIRECTION('center_axis',(-1.,0.,0.));
#12212=DIRECTION('ref_axis',(0.,-1.,0.));
#12213=DIRECTION('center_axis',(-1.,0.,0.));
#12214=DIRECTION('ref_axis',(0.,-1.,0.));
#12215=DIRECTION('center_axis',(-1.,0.,0.));
#12216=DIRECTION('ref_axis',(0.,-1.,0.));
#12217=DIRECTION('center_axis',(-1.,0.,0.));
#12218=DIRECTION('ref_axis',(0.,-1.,0.));
#12219=DIRECTION('center_axis',(-1.,0.,0.));
#12220=DIRECTION('ref_axis',(0.,-1.,0.));
#12221=DIRECTION('center_axis',(-1.,0.,0.));
#12222=DIRECTION('ref_axis',(0.,-1.,0.));
#12223=DIRECTION('center_axis',(-1.,0.,0.));
#12224=DIRECTION('ref_axis',(0.,-1.,0.));
#12225=DIRECTION('center_axis',(-1.,0.,0.));
#12226=DIRECTION('ref_axis',(0.,-1.,0.));
#12227=DIRECTION('center_axis',(0.,0.,1.));
#12228=DIRECTION('ref_axis',(0.,1.,0.));
#12229=DIRECTION('',(0.,1.,0.));
#12230=DIRECTION('',(0.,1.,0.));
#12231=DIRECTION('center_axis',(0.,0.,-1.));
#12232=DIRECTION('ref_axis',(0.,-1.,0.));
#12233=DIRECTION('',(0.,-1.,0.));
#12234=DIRECTION('',(0.,-1.,0.));
#12235=DIRECTION('center_axis',(-1.,0.,0.));
#12236=DIRECTION('ref_axis',(0.,0.,1.));
#12237=DIRECTION('center_axis',(0.,0.,1.));
#12238=DIRECTION('ref_axis',(0.,1.,0.));
#12239=DIRECTION('',(0.,1.,0.));
#12240=DIRECTION('',(0.,1.,0.));
#12241=DIRECTION('center_axis',(0.,0.,-1.));
#12242=DIRECTION('ref_axis',(0.,-1.,0.));
#12243=DIRECTION('',(0.,-1.,0.));
#12244=DIRECTION('',(0.,-1.,0.));
#12245=DIRECTION('center_axis',(-1.,0.,0.));
#12246=DIRECTION('ref_axis',(0.,0.,1.));
#12247=DIRECTION('center_axis',(0.,0.,1.));
#12248=DIRECTION('ref_axis',(0.,1.,0.));
#12249=DIRECTION('',(0.,1.,0.));
#12250=DIRECTION('',(0.,1.,0.));
#12251=DIRECTION('center_axis',(0.,0.,-1.));
#12252=DIRECTION('ref_axis',(0.,-1.,0.));
#12253=DIRECTION('',(0.,-1.,0.));
#12254=DIRECTION('',(0.,-1.,0.));
#12255=DIRECTION('center_axis',(-1.,0.,0.));
#12256=DIRECTION('ref_axis',(0.,0.,1.));
#12257=DIRECTION('center_axis',(0.,0.,1.));
#12258=DIRECTION('ref_axis',(0.,1.,0.));
#12259=DIRECTION('',(0.,1.,0.));
#12260=DIRECTION('',(0.,1.,0.));
#12261=DIRECTION('center_axis',(0.,0.,-1.));
#12262=DIRECTION('ref_axis',(0.,-1.,0.));
#12263=DIRECTION('',(0.,-1.,0.));
#12264=DIRECTION('',(0.,-1.,0.));
#12265=DIRECTION('center_axis',(-1.,0.,0.));
#12266=DIRECTION('ref_axis',(0.,0.,1.));
#12267=DIRECTION('center_axis',(0.,0.,1.));
#12268=DIRECTION('ref_axis',(0.,1.,0.));
#12269=DIRECTION('',(0.,1.,0.));
#12270=DIRECTION('',(0.,1.,0.));
#12271=DIRECTION('center_axis',(0.,0.,-1.));
#12272=DIRECTION('ref_axis',(0.,-1.,0.));
#12273=DIRECTION('',(0.,-1.,0.));
#12274=DIRECTION('',(0.,-1.,0.));
#12275=DIRECTION('center_axis',(-1.,0.,0.));
#12276=DIRECTION('ref_axis',(0.,0.,1.));
#12277=DIRECTION('center_axis',(0.,0.,1.));
#12278=DIRECTION('ref_axis',(0.,1.,0.));
#12279=DIRECTION('',(0.,1.,0.));
#12280=DIRECTION('',(0.,1.,0.));
#12281=DIRECTION('center_axis',(0.,0.,-1.));
#12282=DIRECTION('ref_axis',(0.,-1.,0.));
#12283=DIRECTION('',(0.,-1.,0.));
#12284=DIRECTION('',(0.,-1.,0.));
#12285=DIRECTION('center_axis',(-1.,0.,0.));
#12286=DIRECTION('ref_axis',(0.,0.,1.));
#12287=DIRECTION('center_axis',(0.,0.,1.));
#12288=DIRECTION('ref_axis',(0.,1.,0.));
#12289=DIRECTION('',(0.,1.,0.));
#12290=DIRECTION('',(0.,1.,0.));
#12291=DIRECTION('center_axis',(0.,0.,-1.));
#12292=DIRECTION('ref_axis',(0.,-1.,0.));
#12293=DIRECTION('',(0.,-1.,0.));
#12294=DIRECTION('',(0.,-1.,0.));
#12295=DIRECTION('center_axis',(-1.,0.,0.));
#12296=DIRECTION('ref_axis',(0.,0.,1.));
#12297=DIRECTION('center_axis',(0.,0.,1.));
#12298=DIRECTION('ref_axis',(0.,1.,0.));
#12299=DIRECTION('',(0.,1.,0.));
#12300=DIRECTION('',(0.,1.,0.));
#12301=DIRECTION('center_axis',(0.,0.,-1.));
#12302=DIRECTION('ref_axis',(0.,-1.,0.));
#12303=DIRECTION('',(0.,-1.,0.));
#12304=DIRECTION('',(0.,-1.,0.));
#12305=DIRECTION('center_axis',(-1.,0.,0.));
#12306=DIRECTION('ref_axis',(0.,0.,1.));
#12307=DIRECTION('center_axis',(0.,0.,1.));
#12308=DIRECTION('ref_axis',(0.,1.,0.));
#12309=DIRECTION('',(0.,1.,0.));
#12310=DIRECTION('',(0.,1.,0.));
#12311=DIRECTION('center_axis',(0.,0.,-1.));
#12312=DIRECTION('ref_axis',(0.,-1.,0.));
#12313=DIRECTION('',(0.,-1.,0.));
#12314=DIRECTION('',(0.,-1.,0.));
#12315=DIRECTION('center_axis',(-1.,0.,0.));
#12316=DIRECTION('ref_axis',(0.,0.,1.));
#12317=DIRECTION('center_axis',(0.,0.,1.));
#12318=DIRECTION('ref_axis',(0.,1.,0.));
#12319=DIRECTION('',(0.,1.,0.));
#12320=DIRECTION('',(0.,1.,0.));
#12321=DIRECTION('center_axis',(0.,0.,-1.));
#12322=DIRECTION('ref_axis',(0.,-1.,0.));
#12323=DIRECTION('',(0.,-1.,0.));
#12324=DIRECTION('',(0.,-1.,0.));
#12325=DIRECTION('center_axis',(-1.,0.,0.));
#12326=DIRECTION('ref_axis',(0.,0.,1.));
#12327=DIRECTION('center_axis',(0.,0.,1.));
#12328=DIRECTION('ref_axis',(0.,1.,0.));
#12329=DIRECTION('',(0.,1.,0.));
#12330=DIRECTION('',(0.,1.,0.));
#12331=DIRECTION('center_axis',(0.,0.,-1.));
#12332=DIRECTION('ref_axis',(0.,-1.,0.));
#12333=DIRECTION('',(0.,-1.,0.));
#12334=DIRECTION('',(0.,-1.,0.));
#12335=DIRECTION('center_axis',(-1.,0.,0.));
#12336=DIRECTION('ref_axis',(0.,0.,1.));
#12337=DIRECTION('center_axis',(0.,0.,1.));
#12338=DIRECTION('ref_axis',(0.,1.,0.));
#12339=DIRECTION('',(0.,1.,0.));
#12340=DIRECTION('',(0.,1.,0.));
#12341=DIRECTION('center_axis',(0.,0.,-1.));
#12342=DIRECTION('ref_axis',(0.,-1.,0.));
#12343=DIRECTION('',(0.,-1.,0.));
#12344=DIRECTION('',(0.,-1.,0.));
#12345=DIRECTION('center_axis',(-1.,0.,0.));
#12346=DIRECTION('ref_axis',(0.,0.,1.));
#12347=DIRECTION('center_axis',(0.,0.,1.));
#12348=DIRECTION('ref_axis',(0.,1.,0.));
#12349=DIRECTION('',(0.,1.,0.));
#12350=DIRECTION('',(0.,1.,0.));
#12351=DIRECTION('center_axis',(0.,0.,-1.));
#12352=DIRECTION('ref_axis',(0.,-1.,0.));
#12353=DIRECTION('',(0.,-1.,0.));
#12354=DIRECTION('',(0.,-1.,0.));
#12355=DIRECTION('center_axis',(-1.,0.,0.));
#12356=DIRECTION('ref_axis',(0.,0.,1.));
#12357=DIRECTION('center_axis',(1.,0.,0.));
#12358=DIRECTION('ref_axis',(0.,1.,0.));
#12359=DIRECTION('',(0.,1.,0.));
#12360=DIRECTION('center_axis',(1.,0.,0.));
#12361=DIRECTION('ref_axis',(0.,1.,0.));
#12362=DIRECTION('center_axis',(1.,0.,0.));
#12363=DIRECTION('ref_axis',(0.,1.,0.));
#12364=DIRECTION('center_axis',(1.,0.,0.));
#12365=DIRECTION('ref_axis',(0.,1.,0.));
#12366=DIRECTION('center_axis',(1.,0.,0.));
#12367=DIRECTION('ref_axis',(0.,1.,0.));
#12368=DIRECTION('center_axis',(1.,0.,0.));
#12369=DIRECTION('ref_axis',(0.,1.,0.));
#12370=DIRECTION('center_axis',(1.,0.,0.));
#12371=DIRECTION('ref_axis',(0.,1.,0.));
#12372=DIRECTION('center_axis',(1.,0.,0.));
#12373=DIRECTION('ref_axis',(0.,1.,0.));
#12374=DIRECTION('center_axis',(1.,0.,0.));
#12375=DIRECTION('ref_axis',(0.,1.,0.));
#12376=DIRECTION('center_axis',(1.,0.,0.));
#12377=DIRECTION('ref_axis',(0.,1.,0.));
#12378=DIRECTION('center_axis',(1.,0.,0.));
#12379=DIRECTION('ref_axis',(0.,1.,0.));
#12380=DIRECTION('center_axis',(1.,0.,0.));
#12381=DIRECTION('ref_axis',(0.,1.,0.));
#12382=DIRECTION('center_axis',(1.,0.,0.));
#12383=DIRECTION('ref_axis',(0.,1.,0.));
#12384=DIRECTION('center_axis',(1.,0.,0.));
#12385=DIRECTION('ref_axis',(0.,1.,0.));
#12386=DIRECTION('center_axis',(0.,0.,1.));
#12387=DIRECTION('ref_axis',(1.,0.,0.));
#12388=DIRECTION('',(0.,1.,0.));
#12389=DIRECTION('center_axis',(0.,0.,1.));
#12390=DIRECTION('ref_axis',(1.,0.,0.));
#12391=DIRECTION('',(0.,-1.,0.));
#12392=DIRECTION('',(0.,1.,0.));
#12393=DIRECTION('center_axis',(0.,0.,1.));
#12394=DIRECTION('ref_axis',(1.,0.,0.));
#12395=DIRECTION('',(0.,-1.,0.));
#12396=DIRECTION('',(0.,1.,0.));
#12397=DIRECTION('center_axis',(0.,0.,1.));
#12398=DIRECTION('ref_axis',(1.,0.,0.));
#12399=DIRECTION('',(0.,1.,0.));
#12400=DIRECTION('',(0.,-1.,0.));
#12401=DIRECTION('center_axis',(0.,0.,1.));
#12402=DIRECTION('ref_axis',(1.,0.,0.));
#12403=DIRECTION('',(0.,1.,0.));
#12404=DIRECTION('',(0.,-1.,0.));
#12405=DIRECTION('center_axis',(0.,0.,1.));
#12406=DIRECTION('ref_axis',(1.,0.,0.));
#12407=DIRECTION('',(0.,-1.,0.));
#12408=DIRECTION('',(0.,1.,0.));
#12409=DIRECTION('center_axis',(0.,0.,1.));
#12410=DIRECTION('ref_axis',(1.,0.,0.));
#12411=DIRECTION('',(0.,-1.,0.));
#12412=DIRECTION('',(0.,1.,0.));
#12413=DIRECTION('center_axis',(0.,0.,1.));
#12414=DIRECTION('ref_axis',(1.,0.,0.));
#12415=DIRECTION('',(0.,1.,0.));
#12416=DIRECTION('',(0.,-1.,0.));
#12417=DIRECTION('center_axis',(0.,0.,1.));
#12418=DIRECTION('ref_axis',(1.,0.,0.));
#12419=DIRECTION('',(0.,1.,0.));
#12420=DIRECTION('',(0.,-1.,0.));
#12421=DIRECTION('center_axis',(0.,0.,1.));
#12422=DIRECTION('ref_axis',(1.,0.,0.));
#12423=DIRECTION('',(0.,1.,0.));
#12424=DIRECTION('',(0.,-1.,0.));
#12425=DIRECTION('center_axis',(0.,0.,1.));
#12426=DIRECTION('ref_axis',(1.,0.,0.));
#12427=DIRECTION('',(0.,1.,0.));
#12428=DIRECTION('',(0.,-1.,0.));
#12429=DIRECTION('center_axis',(0.,0.,1.));
#12430=DIRECTION('ref_axis',(1.,0.,0.));
#12431=DIRECTION('',(0.,1.,0.));
#12432=DIRECTION('',(0.,-1.,0.));
#12433=DIRECTION('center_axis',(0.,0.,1.));
#12434=DIRECTION('ref_axis',(1.,0.,0.));
#12435=DIRECTION('',(0.,1.,0.));
#12436=DIRECTION('',(0.,-1.,0.));
#12437=DIRECTION('center_axis',(0.,0.,1.));
#12438=DIRECTION('ref_axis',(1.,0.,0.));
#12439=DIRECTION('center_axis',(-1.,0.,0.));
#12440=DIRECTION('ref_axis',(0.,-1.,0.));
#12441=DIRECTION('',(0.,1.,0.));
#12442=DIRECTION('center_axis',(1.,0.,0.));
#12443=DIRECTION('ref_axis',(0.,1.,0.));
#12444=DIRECTION('',(0.,-1.,0.));
#12445=DIRECTION('center_axis',(0.,0.,1.));
#12446=DIRECTION('ref_axis',(1.,0.,0.));
#12447=DIRECTION('center_axis',(-1.,0.,0.));
#12448=DIRECTION('ref_axis',(0.,-1.,0.));
#12449=DIRECTION('',(0.,1.,0.));
#12450=DIRECTION('center_axis',(1.,0.,0.));
#12451=DIRECTION('ref_axis',(0.,1.,0.));
#12452=DIRECTION('',(0.,-1.,0.));
#12453=DIRECTION('center_axis',(0.,0.,1.));
#12454=DIRECTION('ref_axis',(1.,0.,0.));
#12455=DIRECTION('center_axis',(-1.,0.,0.));
#12456=DIRECTION('ref_axis',(0.,-1.,0.));
#12457=DIRECTION('',(0.,1.,0.));
#12458=DIRECTION('center_axis',(1.,0.,0.));
#12459=DIRECTION('ref_axis',(0.,1.,0.));
#12460=DIRECTION('',(0.,-1.,0.));
#12461=DIRECTION('center_axis',(0.,0.,1.));
#12462=DIRECTION('ref_axis',(1.,0.,0.));
#12463=DIRECTION('center_axis',(-1.,0.,0.));
#12464=DIRECTION('ref_axis',(0.,-1.,0.));
#12465=DIRECTION('',(0.,1.,0.));
#12466=DIRECTION('center_axis',(1.,0.,0.));
#12467=DIRECTION('ref_axis',(0.,1.,0.));
#12468=DIRECTION('',(0.,-1.,0.));
#12469=DIRECTION('center_axis',(0.,0.,1.));
#12470=DIRECTION('ref_axis',(1.,0.,0.));
#12471=DIRECTION('center_axis',(-1.,0.,0.));
#12472=DIRECTION('ref_axis',(0.,-1.,0.));
#12473=DIRECTION('',(0.,1.,0.));
#12474=DIRECTION('center_axis',(1.,0.,0.));
#12475=DIRECTION('ref_axis',(0.,1.,0.));
#12476=DIRECTION('',(0.,-1.,0.));
#12477=DIRECTION('center_axis',(0.,0.,1.));
#12478=DIRECTION('ref_axis',(1.,0.,0.));
#12479=DIRECTION('center_axis',(-1.,0.,0.));
#12480=DIRECTION('ref_axis',(0.,-1.,0.));
#12481=DIRECTION('',(0.,1.,0.));
#12482=DIRECTION('center_axis',(1.,0.,0.));
#12483=DIRECTION('ref_axis',(0.,1.,0.));
#12484=DIRECTION('',(0.,-1.,0.));
#12485=DIRECTION('center_axis',(0.,0.,1.));
#12486=DIRECTION('ref_axis',(1.,0.,0.));
#12487=DIRECTION('center_axis',(-1.,0.,0.));
#12488=DIRECTION('ref_axis',(0.,-1.,0.));
#12489=DIRECTION('',(0.,1.,0.));
#12490=DIRECTION('center_axis',(1.,0.,0.));
#12491=DIRECTION('ref_axis',(0.,1.,0.));
#12492=DIRECTION('',(0.,-1.,0.));
#12493=DIRECTION('center_axis',(0.,0.,1.));
#12494=DIRECTION('ref_axis',(1.,0.,0.));
#12495=DIRECTION('center_axis',(-1.,0.,0.));
#12496=DIRECTION('ref_axis',(0.,-1.,0.));
#12497=DIRECTION('',(0.,1.,0.));
#12498=DIRECTION('center_axis',(1.,0.,0.));
#12499=DIRECTION('ref_axis',(0.,1.,0.));
#12500=DIRECTION('',(0.,-1.,0.));
#12501=DIRECTION('center_axis',(0.,0.,1.));
#12502=DIRECTION('ref_axis',(1.,0.,0.));
#12503=DIRECTION('center_axis',(-1.,0.,0.));
#12504=DIRECTION('ref_axis',(0.,-1.,0.));
#12505=DIRECTION('',(0.,1.,0.));
#12506=DIRECTION('center_axis',(1.,0.,0.));
#12507=DIRECTION('ref_axis',(0.,1.,0.));
#12508=DIRECTION('',(0.,-1.,0.));
#12509=DIRECTION('center_axis',(0.,0.,1.));
#12510=DIRECTION('ref_axis',(1.,0.,0.));
#12511=DIRECTION('center_axis',(-1.,0.,0.));
#12512=DIRECTION('ref_axis',(0.,-1.,0.));
#12513=DIRECTION('',(0.,1.,0.));
#12514=DIRECTION('center_axis',(1.,0.,0.));
#12515=DIRECTION('ref_axis',(0.,1.,0.));
#12516=DIRECTION('',(0.,-1.,0.));
#12517=DIRECTION('center_axis',(0.,0.,1.));
#12518=DIRECTION('ref_axis',(1.,0.,0.));
#12519=DIRECTION('center_axis',(-1.,0.,0.));
#12520=DIRECTION('ref_axis',(0.,-1.,0.));
#12521=DIRECTION('',(0.,1.,0.));
#12522=DIRECTION('center_axis',(1.,0.,0.));
#12523=DIRECTION('ref_axis',(0.,1.,0.));
#12524=DIRECTION('',(0.,-1.,0.));
#12525=DIRECTION('center_axis',(0.,0.,1.));
#12526=DIRECTION('ref_axis',(1.,0.,0.));
#12527=DIRECTION('center_axis',(-1.,0.,0.));
#12528=DIRECTION('ref_axis',(0.,-1.,0.));
#12529=DIRECTION('',(0.,1.,0.));
#12530=DIRECTION('center_axis',(1.,0.,0.));
#12531=DIRECTION('ref_axis',(0.,1.,0.));
#12532=DIRECTION('',(0.,-1.,0.));
#12533=DIRECTION('center_axis',(0.,0.,1.));
#12534=DIRECTION('ref_axis',(1.,0.,0.));
#12535=DIRECTION('center_axis',(1.,0.,0.));
#12536=DIRECTION('ref_axis',(0.,1.,0.));
#12537=DIRECTION('',(0.,1.,0.));
#12538=DIRECTION('center_axis',(-1.,0.,0.));
#12539=DIRECTION('ref_axis',(0.,-1.,0.));
#12540=DIRECTION('',(0.,-1.,0.));
#12541=DIRECTION('center_axis',(0.,0.,1.));
#12542=DIRECTION('ref_axis',(1.,0.,0.));
#12543=DIRECTION('center_axis',(0.,0.,1.));
#12544=DIRECTION('ref_axis',(-0.649632126404359,-0.760248709530869,0.));
#12545=DIRECTION('',(0.,0.,-1.));
#12546=DIRECTION('',(0.,0.,1.));
#12547=DIRECTION('',(0.,0.,-1.));
#12548=DIRECTION('center_axis',(0.,0.,1.));
#12549=DIRECTION('ref_axis',(-0.939031230234505,-0.343831861008069,0.));
#12550=DIRECTION('',(0.,0.,1.));
#12551=DIRECTION('',(0.,0.,-1.));
#12552=DIRECTION('center_axis',(0.,0.,1.));
#12553=DIRECTION('ref_axis',(-0.649632126404352,-0.760248709530874,0.));
#12554=DIRECTION('',(0.,0.,-1.));
#12555=DIRECTION('',(0.,0.,1.));
#12556=DIRECTION('',(0.,0.,-1.));
#12557=DIRECTION('center_axis',(-5.65451755135828E-16,-1.,0.));
#12558=DIRECTION('ref_axis',(1.,-5.65451755135828E-16,0.));
#12559=DIRECTION('',(-1.,0.,0.));
#12560=DIRECTION('',(1.,0.,0.));
#12561=DIRECTION('',(0.,0.,1.));
#12562=DIRECTION('center_axis',(-5.65451755135828E-16,-1.,0.));
#12563=DIRECTION('ref_axis',(1.,-5.65451755135828E-16,0.));
#12564=DIRECTION('',(1.,0.,0.));
#12565=DIRECTION('',(0.,0.,1.));
#12566=DIRECTION('',(-1.,0.,0.));
#12567=DIRECTION('center_axis',(0.,0.,1.));
#12568=DIRECTION('ref_axis',(0.,1.,0.));
#12569=DIRECTION('',(0.,0.,1.));
#12570=DIRECTION('center_axis',(0.,0.,1.));
#12571=DIRECTION('ref_axis',(0.,1.,0.));
#12572=DIRECTION('',(0.,0.,-1.));
#12573=DIRECTION('center_axis',(0.,0.,1.));
#12574=DIRECTION('ref_axis',(0.,1.,0.));
#12575=DIRECTION('',(0.,0.,-1.));
#12576=DIRECTION('center_axis',(0.,0.,1.));
#12577=DIRECTION('ref_axis',(0.,1.,0.));
#12578=DIRECTION('center_axis',(0.,0.,1.));
#12579=DIRECTION('ref_axis',(0.,1.,0.));
#12580=DIRECTION('',(0.,0.,1.));
#12581=DIRECTION('center_axis',(0.,0.,1.));
#12582=DIRECTION('ref_axis',(0.,1.,0.));
#12583=DIRECTION('',(0.,0.,1.));
#12584=DIRECTION('',(0.,0.,1.));
#12585=DIRECTION('',(0.,0.,1.));
#12586=DIRECTION('center_axis',(0.,0.,1.));
#12587=DIRECTION('ref_axis',(0.,1.,0.));
#12588=DIRECTION('center_axis',(-5.65451755135828E-16,-1.,0.));
#12589=DIRECTION('ref_axis',(1.,-5.65451755135828E-16,0.));
#12590=DIRECTION('',(-1.,0.,0.));
#12591=DIRECTION('',(1.,0.,0.));
#12592=DIRECTION('center_axis',(1.,0.,0.));
#12593=DIRECTION('ref_axis',(0.,1.,0.));
#12594=DIRECTION('center_axis',(1.,0.,0.));
#12595=DIRECTION('ref_axis',(0.,1.,0.));
#12596=DIRECTION('center_axis',(1.,0.,0.));
#12597=DIRECTION('ref_axis',(0.,1.,0.));
#12598=DIRECTION('',(0.,0.,1.));
#12599=DIRECTION('center_axis',(1.,0.,0.));
#12600=DIRECTION('ref_axis',(0.,1.,0.));
#12601=DIRECTION('',(0.,0.,-1.));
#12602=DIRECTION('center_axis',(-1.,0.,0.));
#12603=DIRECTION('ref_axis',(0.,1.,0.));
#12604=DIRECTION('',(0.,0.,1.));
#12605=DIRECTION('center_axis',(-1.,0.,0.));
#12606=DIRECTION('ref_axis',(0.,1.,0.));
#12607=DIRECTION('center_axis',(1.,0.,0.));
#12608=DIRECTION('ref_axis',(0.,1.,0.));
#12609=DIRECTION('',(0.,1.,0.));
#12610=DIRECTION('center_axis',(0.,0.,-1.));
#12611=DIRECTION('ref_axis',(1.,0.,0.));
#12612=DIRECTION('',(-1.,0.,0.));
#12613=DIRECTION('center_axis',(0.,-1.,0.));
#12614=DIRECTION('ref_axis',(1.,0.,0.));
#12615=DIRECTION('',(-1.,0.,0.));
#12616=DIRECTION('',(0.,0.,-1.));
#12617=DIRECTION('',(1.,0.,0.));
#12618=DIRECTION('',(0.,0.,1.));
#12619=DIRECTION('',(-1.,0.,0.));
#12620=DIRECTION('',(0.,0.,-1.));
#12621=DIRECTION('',(1.,0.,0.));
#12622=DIRECTION('',(0.,0.,1.));
#12623=DIRECTION('',(-1.,0.,0.));
#12624=DIRECTION('',(0.,0.,-1.));
#12625=DIRECTION('',(1.,0.,0.));
#12626=DIRECTION('',(0.,0.,1.));
#12627=DIRECTION('',(-1.,0.,0.));
#12628=DIRECTION('',(0.,0.,-1.));
#12629=DIRECTION('',(1.,0.,0.));
#12630=DIRECTION('',(0.,0.,1.));
#12631=DIRECTION('',(-1.,0.,0.));
#12632=DIRECTION('',(0.,0.,-1.));
#12633=DIRECTION('',(1.,0.,0.));
#12634=DIRECTION('',(0.,0.,1.));
#12635=DIRECTION('',(-1.,0.,0.));
#12636=DIRECTION('',(0.,0.,-1.));
#12637=DIRECTION('',(1.,0.,0.));
#12638=DIRECTION('',(0.,0.,1.));
#12639=DIRECTION('',(-1.,0.,0.));
#12640=DIRECTION('',(0.,0.,-1.));
#12641=DIRECTION('',(1.,0.,0.));
#12642=DIRECTION('',(0.,0.,1.));
#12643=DIRECTION('',(-1.,0.,0.));
#12644=DIRECTION('',(0.,0.,-1.));
#12645=DIRECTION('',(1.,0.,0.));
#12646=DIRECTION('',(0.,0.,1.));
#12647=DIRECTION('',(-1.,0.,0.));
#12648=DIRECTION('',(0.,0.,-1.));
#12649=DIRECTION('',(1.,0.,0.));
#12650=DIRECTION('',(0.,0.,1.));
#12651=DIRECTION('',(-1.,0.,0.));
#12652=DIRECTION('',(0.,0.,-1.));
#12653=DIRECTION('',(1.,0.,0.));
#12654=DIRECTION('',(0.,0.,1.));
#12655=DIRECTION('',(-1.,0.,0.));
#12656=DIRECTION('',(0.,0.,-1.));
#12657=DIRECTION('',(1.,0.,0.));
#12658=DIRECTION('',(0.,0.,1.));
#12659=DIRECTION('',(-1.,0.,0.));
#12660=DIRECTION('',(0.,0.,-1.));
#12661=DIRECTION('',(1.,0.,0.));
#12662=DIRECTION('',(0.,0.,1.));
#12663=DIRECTION('',(-1.,0.,0.));
#12664=DIRECTION('',(0.,0.,-1.));
#12665=DIRECTION('',(1.,0.,0.));
#12666=DIRECTION('',(0.,0.,1.));
#12667=DIRECTION('',(-1.,0.,0.));
#12668=DIRECTION('',(0.,0.,1.));
#12669=DIRECTION('',(-1.,0.,0.));
#12670=DIRECTION('',(0.,0.,-1.));
#12671=DIRECTION('',(-1.,0.,0.));
#12672=DIRECTION('',(0.,0.,1.));
#12673=DIRECTION('',(-1.,0.,0.));
#12674=DIRECTION('',(0.,0.,-1.));
#12675=DIRECTION('',(-1.,0.,0.));
#12676=DIRECTION('',(0.,0.,1.));
#12677=DIRECTION('',(-1.,0.,0.));
#12678=DIRECTION('',(0.,0.,-1.));
#12679=DIRECTION('',(-1.,0.,0.));
#12680=DIRECTION('',(0.,0.,1.));
#12681=DIRECTION('',(-1.,0.,0.));
#12682=DIRECTION('',(0.,0.,-1.));
#12683=DIRECTION('',(-1.,0.,0.));
#12684=DIRECTION('',(0.,0.,1.));
#12685=DIRECTION('',(-1.,0.,0.));
#12686=DIRECTION('',(0.,0.,-1.));
#12687=DIRECTION('',(-1.,0.,0.));
#12688=DIRECTION('',(0.,0.,1.));
#12689=DIRECTION('',(-1.,0.,0.));
#12690=DIRECTION('',(0.,0.,-1.));
#12691=DIRECTION('',(-1.,0.,0.));
#12692=DIRECTION('',(0.,0.,1.));
#12693=DIRECTION('',(-1.,0.,0.));
#12694=DIRECTION('',(0.,0.,-1.));
#12695=DIRECTION('',(-1.,0.,0.));
#12696=DIRECTION('',(0.,0.,1.));
#12697=DIRECTION('',(-1.,0.,0.));
#12698=DIRECTION('',(0.,0.,-1.));
#12699=DIRECTION('',(-1.,0.,0.));
#12700=DIRECTION('',(0.,0.,1.));
#12701=DIRECTION('',(-1.,0.,0.));
#12702=DIRECTION('',(0.,0.,-1.));
#12703=DIRECTION('',(-1.,0.,0.));
#12704=DIRECTION('',(0.,0.,1.));
#12705=DIRECTION('',(-1.,0.,0.));
#12706=DIRECTION('',(0.,0.,-1.));
#12707=DIRECTION('',(-1.,0.,0.));
#12708=DIRECTION('',(0.,0.,1.));
#12709=DIRECTION('',(-1.,0.,0.));
#12710=DIRECTION('',(0.,0.,-1.));
#12711=DIRECTION('',(-1.,0.,0.));
#12712=DIRECTION('',(0.,0.,1.));
#12713=DIRECTION('',(-1.,0.,0.));
#12714=DIRECTION('',(0.,0.,-1.));
#12715=DIRECTION('',(-1.,0.,0.));
#12716=DIRECTION('',(0.,0.,1.));
#12717=DIRECTION('',(-1.,0.,0.));
#12718=DIRECTION('',(0.,0.,-1.));
#12719=DIRECTION('',(-1.,0.,0.));
#12720=DIRECTION('',(0.,0.,1.));
#12721=DIRECTION('',(-1.,0.,0.));
#12722=DIRECTION('',(0.,0.,-1.));
#12723=DIRECTION('',(1.,0.,0.));
#12724=DIRECTION('',(0.,0.,1.));
#12725=DIRECTION('',(-1.,0.,0.));
#12726=DIRECTION('',(0.,0.,-1.));
#12727=DIRECTION('',(1.,0.,0.));
#12728=DIRECTION('',(0.,0.,1.));
#12729=DIRECTION('',(-1.,0.,0.));
#12730=DIRECTION('',(0.,0.,-1.));
#12731=DIRECTION('',(1.,0.,0.));
#12732=DIRECTION('',(0.,0.,1.));
#12733=DIRECTION('',(-1.,0.,0.));
#12734=DIRECTION('',(0.,0.,-1.));
#12735=DIRECTION('',(1.,0.,0.));
#12736=DIRECTION('',(0.,0.,1.));
#12737=DIRECTION('',(-1.,0.,0.));
#12738=DIRECTION('',(0.,0.,-1.));
#12739=DIRECTION('',(1.,0.,0.));
#12740=DIRECTION('',(0.,0.,1.));
#12741=DIRECTION('',(-1.,0.,0.));
#12742=DIRECTION('',(0.,0.,-1.));
#12743=DIRECTION('',(1.,0.,0.));
#12744=DIRECTION('',(0.,0.,1.));
#12745=DIRECTION('',(-1.,0.,0.));
#12746=DIRECTION('',(0.,0.,-1.));
#12747=DIRECTION('',(1.,0.,0.));
#12748=DIRECTION('',(0.,0.,1.));
#12749=DIRECTION('',(-1.,0.,0.));
#12750=DIRECTION('',(0.,0.,-1.));
#12751=DIRECTION('',(1.,0.,0.));
#12752=DIRECTION('',(0.,0.,1.));
#12753=DIRECTION('',(-1.,0.,0.));
#12754=DIRECTION('',(0.,0.,-1.));
#12755=DIRECTION('',(1.,0.,0.));
#12756=DIRECTION('',(0.,0.,1.));
#12757=DIRECTION('',(-1.,0.,0.));
#12758=DIRECTION('',(0.,0.,-1.));
#12759=DIRECTION('',(1.,0.,0.));
#12760=DIRECTION('',(0.,0.,1.));
#12761=DIRECTION('',(-1.,0.,0.));
#12762=DIRECTION('',(0.,0.,-1.));
#12763=DIRECTION('',(1.,0.,0.));
#12764=DIRECTION('',(0.,0.,1.));
#12765=DIRECTION('',(-1.,0.,0.));
#12766=DIRECTION('',(0.,0.,-1.));
#12767=DIRECTION('',(1.,0.,0.));
#12768=DIRECTION('',(0.,0.,1.));
#12769=DIRECTION('',(-1.,0.,0.));
#12770=DIRECTION('',(0.,0.,-1.));
#12771=DIRECTION('',(1.,0.,0.));
#12772=DIRECTION('',(0.,0.,1.));
#12773=DIRECTION('',(-1.,0.,0.));
#12774=DIRECTION('',(0.,0.,-1.));
#12775=DIRECTION('',(1.,0.,0.));
#12776=DIRECTION('',(0.,0.,1.));
#12777=DIRECTION('',(-1.,0.,0.));
#12778=DIRECTION('',(0.,0.,-1.));
#12779=DIRECTION('',(1.,0.,0.));
#12780=DIRECTION('',(0.,0.,1.));
#12781=DIRECTION('',(-1.,0.,0.));
#12782=DIRECTION('',(0.,0.,-1.));
#12783=DIRECTION('',(1.,0.,0.));
#12784=DIRECTION('',(0.,0.,1.));
#12785=DIRECTION('',(-1.,0.,0.));
#12786=DIRECTION('',(0.,0.,-1.));
#12787=DIRECTION('',(1.,0.,0.));
#12788=DIRECTION('',(0.,0.,1.));
#12789=DIRECTION('',(-1.,0.,0.));
#12790=DIRECTION('',(0.,0.,-1.));
#12791=DIRECTION('',(1.,0.,0.));
#12792=DIRECTION('',(0.,0.,1.));
#12793=DIRECTION('',(-1.,0.,0.));
#12794=DIRECTION('',(0.,0.,-1.));
#12795=DIRECTION('',(1.,0.,0.));
#12796=DIRECTION('',(0.,0.,1.));
#12797=DIRECTION('',(-1.,0.,0.));
#12798=DIRECTION('',(0.,0.,-1.));
#12799=DIRECTION('',(1.,0.,0.));
#12800=DIRECTION('',(0.,0.,1.));
#12801=DIRECTION('',(-1.,0.,0.));
#12802=DIRECTION('',(0.,0.,-1.));
#12803=DIRECTION('',(1.,0.,0.));
#12804=DIRECTION('',(0.,0.,1.));
#12805=DIRECTION('',(-1.,0.,0.));
#12806=DIRECTION('',(0.,0.,-1.));
#12807=DIRECTION('',(1.,0.,0.));
#12808=DIRECTION('',(0.,0.,1.));
#12809=DIRECTION('',(-1.,0.,0.));
#12810=DIRECTION('',(0.,0.,-1.));
#12811=DIRECTION('',(1.,0.,0.));
#12812=DIRECTION('',(0.,0.,1.));
#12813=DIRECTION('',(-1.,0.,0.));
#12814=DIRECTION('',(0.,0.,-1.));
#12815=DIRECTION('',(1.,0.,0.));
#12816=DIRECTION('',(0.,0.,1.));
#12817=DIRECTION('',(-1.,0.,0.));
#12818=DIRECTION('',(0.,0.,-1.));
#12819=DIRECTION('',(1.,0.,0.));
#12820=DIRECTION('',(0.,0.,1.));
#12821=DIRECTION('',(-1.,0.,0.));
#12822=DIRECTION('',(0.,0.,1.));
#12823=DIRECTION('',(0.,0.,1.));
#12824=DIRECTION('',(-1.,0.,0.));
#12825=DIRECTION('',(0.,0.,1.));
#12826=DIRECTION('',(1.,0.,0.));
#12827=DIRECTION('',(0.,0.,1.));
#12828=DIRECTION('center_axis',(0.,-1.,0.));
#12829=DIRECTION('ref_axis',(1.,0.,0.));
#12830=DIRECTION('',(-1.,0.,0.));
#12831=DIRECTION('',(0.,0.,1.));
#12832=DIRECTION('',(1.,0.,0.));
#12833=DIRECTION('center_axis',(0.,0.,-1.));
#12834=DIRECTION('ref_axis',(1.,0.,0.));
#12835=DIRECTION('',(-1.,0.,0.));
#12836=DIRECTION('center_axis',(0.,0.,-1.));
#12837=DIRECTION('ref_axis',(1.,0.,0.));
#12838=DIRECTION('',(0.,-1.,0.));
#12839=DIRECTION('center_axis',(0.,0.,1.));
#12840=DIRECTION('ref_axis',(1.,0.,0.));
#12841=DIRECTION('',(0.,0.,1.));
#12842=DIRECTION('',(0.,0.,1.));
#12843=DIRECTION('',(0.,0.,-1.));
#12844=DIRECTION('',(0.,0.,-1.));
#12845=DIRECTION('',(0.,0.,-1.));
#12846=DIRECTION('',(0.,0.,1.));
#12847=DIRECTION('center_axis',(0.,0.,1.));
#12848=DIRECTION('ref_axis',(1.,0.,0.));
#12849=DIRECTION('',(0.,0.,1.));
#12850=DIRECTION('center_axis',(0.,0.,1.));
#12851=DIRECTION('ref_axis',(1.,0.,0.));
#12852=DIRECTION('center_axis',(0.,0.,1.));
#12853=DIRECTION('ref_axis',(1.,0.,0.));
#12854=DIRECTION('',(0.,0.,1.));
#12855=DIRECTION('center_axis',(0.,0.,1.));
#12856=DIRECTION('ref_axis',(1.,0.,0.));
#12857=DIRECTION('',(0.,0.,1.));
#12858=DIRECTION('center_axis',(0.,0.,1.));
#12859=DIRECTION('ref_axis',(1.,0.,0.));
#12860=DIRECTION('center_axis',(5.65451755135828E-16,-1.,0.));
#12861=DIRECTION('ref_axis',(1.,5.65451755135828E-16,0.));
#12862=DIRECTION('',(1.,0.,0.));
#12863=DIRECTION('',(0.,0.,-1.));
#12864=DIRECTION('',(-1.,0.,0.));
#12865=DIRECTION('center_axis',(5.65451755135828E-16,-1.,0.));
#12866=DIRECTION('ref_axis',(1.,5.65451755135828E-16,0.));
#12867=DIRECTION('',(-1.,0.,0.));
#12868=DIRECTION('',(1.,0.,0.));
#12869=DIRECTION('',(0.,0.,-1.));
#12870=DIRECTION('center_axis',(5.65451755135828E-16,-1.,0.));
#12871=DIRECTION('ref_axis',(1.,5.65451755135828E-16,0.));
#12872=DIRECTION('',(-1.,0.,0.));
#12873=DIRECTION('',(1.,0.,0.));
#12874=DIRECTION('',(0.,0.,-1.));
#12875=DIRECTION('center_axis',(0.,0.,1.));
#12876=DIRECTION('ref_axis',(1.,0.,0.));
#12877=DIRECTION('',(0.,0.,-1.));
#12878=DIRECTION('',(0.,0.,1.));
#12879=DIRECTION('center_axis',(0.,0.,1.));
#12880=DIRECTION('ref_axis',(1.,0.,0.));
#12881=DIRECTION('center_axis',(0.,0.,1.));
#12882=DIRECTION('ref_axis',(1.,0.,0.));
#12883=DIRECTION('',(0.,0.,1.));
#12884=DIRECTION('',(0.,0.,-1.));
#12885=DIRECTION('center_axis',(1.,0.,0.));
#12886=DIRECTION('ref_axis',(0.,1.,0.));
#12887=DIRECTION('',(0.,1.,0.));
#12888=DIRECTION('',(0.,-1.,0.));
#12889=DIRECTION('center_axis',(1.,0.,0.));
#12890=DIRECTION('ref_axis',(0.,1.,0.));
#12891=DIRECTION('center_axis',(1.,0.,0.));
#12892=DIRECTION('ref_axis',(0.,1.,0.));
#12893=DIRECTION('center_axis',(0.,0.,-1.));
#12894=DIRECTION('ref_axis',(0.,-1.,0.));
#12895=DIRECTION('',(-1.,0.,0.));
#12896=DIRECTION('',(0.,-1.,0.));
#12897=DIRECTION('center_axis',(-1.,0.,0.));
#12898=DIRECTION('ref_axis',(0.,1.,0.));
#12899=DIRECTION('center_axis',(-1.,0.,0.));
#12900=DIRECTION('ref_axis',(0.,1.,0.));
#12901=DIRECTION('',(-1.,0.,0.));
#12902=DIRECTION('',(1.,0.,0.));
#12903=DIRECTION('',(-1.,0.,0.));
#12904=DIRECTION('center_axis',(-1.,0.,0.));
#12905=DIRECTION('ref_axis',(0.,1.,0.));
#12906=DIRECTION('',(-1.,0.,0.));
#12907=DIRECTION('center_axis',(-1.,0.,0.));
#12908=DIRECTION('ref_axis',(0.,1.,0.));
#12909=DIRECTION('',(-1.,0.,0.));
#12910=DIRECTION('center_axis',(-1.,0.,0.));
#12911=DIRECTION('ref_axis',(0.,1.,0.));
#12912=DIRECTION('',(-1.,0.,0.));
#12913=DIRECTION('center_axis',(0.,-1.,0.));
#12914=DIRECTION('ref_axis',(0.,0.,1.));
#12915=DIRECTION('',(1.,0.,0.));
#12916=DIRECTION('center_axis',(0.,-1.,0.));
#12917=DIRECTION('ref_axis',(0.,0.,1.));
#12918=DIRECTION('',(1.,0.,0.));
#12919=DIRECTION('center_axis',(-1.,0.,0.));
#12920=DIRECTION('ref_axis',(0.,-0.343760245728905,-0.939057449497315));
#12921=DIRECTION('',(1.,0.,0.));
#12922=DIRECTION('',(1.,0.,0.));
#12923=DIRECTION('',(1.,0.,0.));
#12924=DIRECTION('center_axis',(0.,-1.,0.));
#12925=DIRECTION('ref_axis',(0.,0.,1.));
#12926=DIRECTION('',(-1.,0.,0.));
#12927=DIRECTION('center_axis',(0.,-1.,0.));
#12928=DIRECTION('ref_axis',(0.,0.,1.));
#12929=DIRECTION('',(-1.,0.,0.));
#12930=DIRECTION('center_axis',(0.,-1.,0.));
#12931=DIRECTION('ref_axis',(0.,0.,1.));
#12932=DIRECTION('',(-1.,0.,0.));
#12933=DIRECTION('center_axis',(-1.,0.,0.));
#12934=DIRECTION('ref_axis',(0.,1.,0.));
#12935=DIRECTION('',(-1.,0.,0.));
#12936=DIRECTION('center_axis',(-1.,0.,0.));
#12937=DIRECTION('ref_axis',(0.,1.,0.));
#12938=DIRECTION('',(-1.,0.,0.));
#12939=DIRECTION('center_axis',(-1.,0.,0.));
#12940=DIRECTION('ref_axis',(0.,1.,0.));
#12941=DIRECTION('',(1.,0.,0.));
#12942=DIRECTION('center_axis',(-1.,0.,0.));
#12943=DIRECTION('ref_axis',(0.,1.,0.));
#12944=DIRECTION('',(-1.,0.,0.));
#12945=DIRECTION('center_axis',(-1.,0.,0.));
#12946=DIRECTION('ref_axis',(0.,1.,0.));
#12947=DIRECTION('center_axis',(0.,0.,1.));
#12948=DIRECTION('ref_axis',(0.,1.,0.));
#12949=DIRECTION('',(0.,1.,0.));
#12950=DIRECTION('center_axis',(1.,0.,0.));
#12951=DIRECTION('ref_axis',(0.,1.,0.));
#12952=DIRECTION('center_axis',(-1.,0.,0.));
#12953=DIRECTION('ref_axis',(0.,-0.343760245728913,0.939057449497312));
#12954=DIRECTION('',(-1.,0.,0.));
#12955=DIRECTION('center_axis',(0.,-1.,0.));
#12956=DIRECTION('ref_axis',(0.,0.,1.));
#12957=DIRECTION('center_axis',(1.,0.,0.));
#12958=DIRECTION('ref_axis',(0.,1.,0.));
#12959=DIRECTION('center_axis',(1.,0.,0.));
#12960=DIRECTION('ref_axis',(0.,0.,1.));
#12961=DIRECTION('',(0.,0.,1.));
#12962=DIRECTION('',(0.,-1.,0.));
#12963=DIRECTION('',(0.,1.,0.));
#12964=DIRECTION('center_axis',(0.,0.,-1.));
#12965=DIRECTION('ref_axis',(1.,0.,0.));
#12966=DIRECTION('',(1.,0.,0.));
#12967=DIRECTION('',(0.,1.,0.));
#12968=DIRECTION('center_axis',(-1.,0.,0.));
#12969=DIRECTION('ref_axis',(0.,0.,-1.));
#12970=DIRECTION('',(0.,0.,-1.));
#12971=DIRECTION('',(0.,1.,0.));
#12972=DIRECTION('center_axis',(1.,0.,0.));
#12973=DIRECTION('ref_axis',(0.,0.,1.));
#12974=DIRECTION('',(0.,0.,1.));
#12975=DIRECTION('',(0.,-1.,0.));
#12976=DIRECTION('',(0.,1.,0.));
#12977=DIRECTION('center_axis',(0.,0.,-1.));
#12978=DIRECTION('ref_axis',(1.,0.,0.));
#12979=DIRECTION('',(1.,0.,0.));
#12980=DIRECTION('',(0.,1.,0.));
#12981=DIRECTION('center_axis',(-1.,0.,0.));
#12982=DIRECTION('ref_axis',(0.,0.,-1.));
#12983=DIRECTION('',(0.,0.,-1.));
#12984=DIRECTION('',(0.,1.,0.));
#12985=DIRECTION('center_axis',(1.,0.,0.));
#12986=DIRECTION('ref_axis',(0.,0.,1.));
#12987=DIRECTION('',(0.,0.,1.));
#12988=DIRECTION('',(0.,-1.,0.));
#12989=DIRECTION('',(0.,1.,0.));
#12990=DIRECTION('center_axis',(0.,0.,-1.));
#12991=DIRECTION('ref_axis',(1.,0.,0.));
#12992=DIRECTION('',(1.,0.,0.));
#12993=DIRECTION('',(0.,1.,0.));
#12994=DIRECTION('center_axis',(-1.,0.,0.));
#12995=DIRECTION('ref_axis',(0.,0.,-1.));
#12996=DIRECTION('',(0.,0.,-1.));
#12997=DIRECTION('',(0.,1.,0.));
#12998=DIRECTION('center_axis',(1.,0.,0.));
#12999=DIRECTION('ref_axis',(0.,0.,1.));
#13000=DIRECTION('',(0.,0.,1.));
#13001=DIRECTION('',(0.,-1.,0.));
#13002=DIRECTION('',(0.,1.,0.));
#13003=DIRECTION('center_axis',(0.,0.,-1.));
#13004=DIRECTION('ref_axis',(1.,0.,0.));
#13005=DIRECTION('',(1.,0.,0.));
#13006=DIRECTION('',(0.,1.,0.));
#13007=DIRECTION('center_axis',(-1.,0.,0.));
#13008=DIRECTION('ref_axis',(0.,0.,-1.));
#13009=DIRECTION('',(0.,0.,-1.));
#13010=DIRECTION('',(0.,1.,0.));
#13011=DIRECTION('center_axis',(1.,0.,0.));
#13012=DIRECTION('ref_axis',(0.,0.,1.));
#13013=DIRECTION('',(0.,0.,1.));
#13014=DIRECTION('',(0.,-1.,0.));
#13015=DIRECTION('',(0.,1.,0.));
#13016=DIRECTION('center_axis',(0.,0.,-1.));
#13017=DIRECTION('ref_axis',(1.,0.,0.));
#13018=DIRECTION('',(1.,0.,0.));
#13019=DIRECTION('',(0.,1.,0.));
#13020=DIRECTION('center_axis',(-1.,0.,0.));
#13021=DIRECTION('ref_axis',(0.,0.,-1.));
#13022=DIRECTION('',(0.,0.,-1.));
#13023=DIRECTION('',(0.,1.,0.));
#13024=DIRECTION('center_axis',(1.,0.,0.));
#13025=DIRECTION('ref_axis',(0.,0.,1.));
#13026=DIRECTION('',(0.,0.,1.));
#13027=DIRECTION('',(0.,-1.,0.));
#13028=DIRECTION('',(0.,1.,0.));
#13029=DIRECTION('center_axis',(0.,0.,-1.));
#13030=DIRECTION('ref_axis',(1.,0.,0.));
#13031=DIRECTION('',(1.,0.,0.));
#13032=DIRECTION('',(0.,1.,0.));
#13033=DIRECTION('center_axis',(1.,0.,0.));
#13034=DIRECTION('ref_axis',(0.,0.,1.));
#13035=DIRECTION('',(0.,0.,1.));
#13036=DIRECTION('',(0.,-1.,0.));
#13037=DIRECTION('',(0.,1.,0.));
#13038=DIRECTION('center_axis',(0.,0.,-1.));
#13039=DIRECTION('ref_axis',(1.,0.,0.));
#13040=DIRECTION('',(1.,0.,0.));
#13041=DIRECTION('',(0.,1.,0.));
#13042=DIRECTION('center_axis',(-1.,0.,0.));
#13043=DIRECTION('ref_axis',(0.,0.,-1.));
#13044=DIRECTION('',(0.,0.,-1.));
#13045=DIRECTION('',(0.,1.,0.));
#13046=DIRECTION('center_axis',(1.,0.,0.));
#13047=DIRECTION('ref_axis',(0.,0.,1.));
#13048=DIRECTION('',(0.,0.,1.));
#13049=DIRECTION('',(0.,-1.,0.));
#13050=DIRECTION('',(0.,1.,0.));
#13051=DIRECTION('center_axis',(0.,0.,-1.));
#13052=DIRECTION('ref_axis',(1.,0.,0.));
#13053=DIRECTION('',(1.,0.,0.));
#13054=DIRECTION('',(0.,1.,0.));
#13055=DIRECTION('center_axis',(-1.,0.,0.));
#13056=DIRECTION('ref_axis',(0.,0.,-1.));
#13057=DIRECTION('',(0.,0.,-1.));
#13058=DIRECTION('',(0.,1.,0.));
#13059=DIRECTION('center_axis',(1.,0.,0.));
#13060=DIRECTION('ref_axis',(0.,0.,1.));
#13061=DIRECTION('',(0.,0.,1.));
#13062=DIRECTION('',(0.,-1.,0.));
#13063=DIRECTION('',(0.,1.,0.));
#13064=DIRECTION('center_axis',(0.,0.,-1.));
#13065=DIRECTION('ref_axis',(1.,0.,0.));
#13066=DIRECTION('',(1.,0.,0.));
#13067=DIRECTION('',(0.,1.,0.));
#13068=DIRECTION('center_axis',(-1.,0.,0.));
#13069=DIRECTION('ref_axis',(0.,0.,-1.));
#13070=DIRECTION('',(0.,0.,-1.));
#13071=DIRECTION('',(0.,1.,0.));
#13072=DIRECTION('center_axis',(1.,0.,0.));
#13073=DIRECTION('ref_axis',(0.,0.,1.));
#13074=DIRECTION('',(0.,0.,1.));
#13075=DIRECTION('',(0.,-1.,0.));
#13076=DIRECTION('',(0.,1.,0.));
#13077=DIRECTION('center_axis',(0.,0.,-1.));
#13078=DIRECTION('ref_axis',(1.,0.,0.));
#13079=DIRECTION('',(1.,0.,0.));
#13080=DIRECTION('',(0.,1.,0.));
#13081=DIRECTION('center_axis',(-1.,0.,0.));
#13082=DIRECTION('ref_axis',(0.,0.,-1.));
#13083=DIRECTION('',(0.,0.,-1.));
#13084=DIRECTION('',(0.,1.,0.));
#13085=DIRECTION('center_axis',(1.,0.,0.));
#13086=DIRECTION('ref_axis',(0.,0.,1.));
#13087=DIRECTION('',(0.,0.,1.));
#13088=DIRECTION('',(0.,-1.,0.));
#13089=DIRECTION('',(0.,1.,0.));
#13090=DIRECTION('center_axis',(0.,0.,-1.));
#13091=DIRECTION('ref_axis',(1.,0.,0.));
#13092=DIRECTION('',(1.,0.,0.));
#13093=DIRECTION('',(0.,1.,0.));
#13094=DIRECTION('center_axis',(-1.,0.,0.));
#13095=DIRECTION('ref_axis',(0.,0.,-1.));
#13096=DIRECTION('',(0.,0.,-1.));
#13097=DIRECTION('',(0.,1.,0.));
#13098=DIRECTION('center_axis',(1.,0.,0.));
#13099=DIRECTION('ref_axis',(0.,0.,1.));
#13100=DIRECTION('',(0.,0.,1.));
#13101=DIRECTION('',(0.,-1.,0.));
#13102=DIRECTION('',(0.,1.,0.));
#13103=DIRECTION('center_axis',(0.,0.,-1.));
#13104=DIRECTION('ref_axis',(1.,0.,0.));
#13105=DIRECTION('',(1.,0.,0.));
#13106=DIRECTION('',(0.,1.,0.));
#13107=DIRECTION('center_axis',(-1.,0.,0.));
#13108=DIRECTION('ref_axis',(0.,0.,-1.));
#13109=DIRECTION('',(0.,0.,-1.));
#13110=DIRECTION('',(0.,1.,0.));
#13111=DIRECTION('center_axis',(1.,0.,0.));
#13112=DIRECTION('ref_axis',(0.,0.,1.));
#13113=DIRECTION('',(0.,0.,1.));
#13114=DIRECTION('',(0.,-1.,0.));
#13115=DIRECTION('',(0.,1.,0.));
#13116=DIRECTION('center_axis',(0.,0.,-1.));
#13117=DIRECTION('ref_axis',(1.,0.,0.));
#13118=DIRECTION('',(1.,0.,0.));
#13119=DIRECTION('',(0.,1.,0.));
#13120=DIRECTION('center_axis',(-1.,0.,0.));
#13121=DIRECTION('ref_axis',(0.,0.,-1.));
#13122=DIRECTION('',(0.,0.,-1.));
#13123=DIRECTION('',(0.,1.,0.));
#13124=DIRECTION('center_axis',(-1.,0.,0.));
#13125=DIRECTION('ref_axis',(0.,-1.,0.));
#13126=DIRECTION('',(0.,1.,0.));
#13127=DIRECTION('',(0.,0.,-1.));
#13128=DIRECTION('center_axis',(0.,1.,0.));
#13129=DIRECTION('ref_axis',(-1.,0.,0.));
#13130=DIRECTION('',(1.,0.,0.));
#13131=DIRECTION('',(1.,0.,0.));
#13132=DIRECTION('',(1.,0.,0.));
#13133=DIRECTION('',(1.,0.,0.));
#13134=DIRECTION('',(1.,0.,0.));
#13135=DIRECTION('',(1.,0.,0.));
#13136=DIRECTION('',(1.,0.,0.));
#13137=DIRECTION('',(1.,0.,0.));
#13138=DIRECTION('',(1.,0.,0.));
#13139=DIRECTION('',(1.,0.,0.));
#13140=DIRECTION('',(1.,0.,0.));
#13141=DIRECTION('',(1.,0.,0.));
#13142=DIRECTION('',(1.,0.,0.));
#13143=DIRECTION('',(1.,0.,0.));
#13144=DIRECTION('',(0.,0.,-1.));
#13145=DIRECTION('',(-1.,0.,0.));
#13146=DIRECTION('',(0.,0.,1.));
#13147=DIRECTION('',(1.,0.,0.));
#13148=DIRECTION('',(0.,0.,-1.));
#13149=DIRECTION('',(-1.,0.,0.));
#13150=DIRECTION('',(0.,0.,1.));
#13151=DIRECTION('',(1.,0.,0.));
#13152=DIRECTION('',(0.,0.,-1.));
#13153=DIRECTION('',(-1.,0.,0.));
#13154=DIRECTION('',(0.,0.,1.));
#13155=DIRECTION('',(1.,0.,0.));
#13156=DIRECTION('',(0.,0.,-1.));
#13157=DIRECTION('',(-1.,0.,0.));
#13158=DIRECTION('',(0.,0.,1.));
#13159=DIRECTION('',(1.,0.,0.));
#13160=DIRECTION('',(0.,0.,-1.));
#13161=DIRECTION('',(-1.,0.,0.));
#13162=DIRECTION('',(0.,0.,1.));
#13163=DIRECTION('',(1.,0.,0.));
#13164=DIRECTION('',(0.,0.,-1.));
#13165=DIRECTION('',(-1.,0.,0.));
#13166=DIRECTION('',(0.,0.,1.));
#13167=DIRECTION('',(1.,0.,0.));
#13168=DIRECTION('',(0.,0.,-1.));
#13169=DIRECTION('',(-1.,0.,0.));
#13170=DIRECTION('',(0.,0.,1.));
#13171=DIRECTION('',(1.,0.,0.));
#13172=DIRECTION('',(0.,0.,-1.));
#13173=DIRECTION('',(-1.,0.,0.));
#13174=DIRECTION('',(0.,0.,1.));
#13175=DIRECTION('',(1.,0.,0.));
#13176=DIRECTION('',(0.,0.,-1.));
#13177=DIRECTION('',(-1.,0.,0.));
#13178=DIRECTION('',(0.,0.,1.));
#13179=DIRECTION('',(1.,0.,0.));
#13180=DIRECTION('',(0.,0.,-1.));
#13181=DIRECTION('',(-1.,0.,0.));
#13182=DIRECTION('',(0.,0.,1.));
#13183=DIRECTION('',(1.,0.,0.));
#13184=DIRECTION('',(0.,0.,-1.));
#13185=DIRECTION('',(-1.,0.,0.));
#13186=DIRECTION('',(0.,0.,1.));
#13187=DIRECTION('',(1.,0.,0.));
#13188=DIRECTION('',(0.,0.,-1.));
#13189=DIRECTION('',(-1.,0.,0.));
#13190=DIRECTION('',(0.,0.,1.));
#13191=DIRECTION('',(1.,0.,0.));
#13192=DIRECTION('',(0.,0.,-1.));
#13193=DIRECTION('',(1.,0.,0.));
#13194=DIRECTION('',(0.,0.,1.));
#13195=DIRECTION('',(1.,0.,0.));
#13196=DIRECTION('',(0.,0.,-1.));
#13197=DIRECTION('',(1.,0.,0.));
#13198=DIRECTION('',(0.,0.,1.));
#13199=DIRECTION('',(1.,0.,0.));
#13200=DIRECTION('',(0.,0.,-1.));
#13201=DIRECTION('',(1.,0.,0.));
#13202=DIRECTION('',(0.,0.,1.));
#13203=DIRECTION('',(1.,0.,0.));
#13204=DIRECTION('',(0.,0.,-1.));
#13205=DIRECTION('',(1.,0.,0.));
#13206=DIRECTION('',(0.,0.,1.));
#13207=DIRECTION('',(1.,0.,0.));
#13208=DIRECTION('',(0.,0.,-1.));
#13209=DIRECTION('',(1.,0.,0.));
#13210=DIRECTION('',(0.,0.,1.));
#13211=DIRECTION('',(1.,0.,0.));
#13212=DIRECTION('',(0.,0.,-1.));
#13213=DIRECTION('',(1.,0.,0.));
#13214=DIRECTION('',(0.,0.,1.));
#13215=DIRECTION('',(1.,0.,0.));
#13216=DIRECTION('',(0.,0.,-1.));
#13217=DIRECTION('',(1.,0.,0.));
#13218=DIRECTION('',(0.,0.,1.));
#13219=DIRECTION('',(1.,0.,0.));
#13220=DIRECTION('',(0.,0.,-1.));
#13221=DIRECTION('',(1.,0.,0.));
#13222=DIRECTION('',(0.,0.,1.));
#13223=DIRECTION('',(1.,0.,0.));
#13224=DIRECTION('',(0.,0.,-1.));
#13225=DIRECTION('',(1.,0.,0.));
#13226=DIRECTION('',(0.,0.,1.));
#13227=DIRECTION('',(1.,0.,0.));
#13228=DIRECTION('',(0.,0.,-1.));
#13229=DIRECTION('',(1.,0.,0.));
#13230=DIRECTION('',(0.,0.,1.));
#13231=DIRECTION('',(1.,0.,0.));
#13232=DIRECTION('',(0.,0.,-1.));
#13233=DIRECTION('',(1.,0.,0.));
#13234=DIRECTION('',(0.,0.,1.));
#13235=DIRECTION('',(1.,0.,0.));
#13236=DIRECTION('',(0.,0.,-1.));
#13237=DIRECTION('',(1.,0.,0.));
#13238=DIRECTION('',(0.,0.,1.));
#13239=DIRECTION('',(1.,0.,0.));
#13240=DIRECTION('',(0.,0.,-1.));
#13241=DIRECTION('',(1.,0.,0.));
#13242=DIRECTION('',(0.,0.,1.));
#13243=DIRECTION('',(1.,0.,0.));
#13244=DIRECTION('',(0.,0.,-1.));
#13245=DIRECTION('',(1.,0.,0.));
#13246=DIRECTION('',(0.,0.,-1.));
#13247=DIRECTION('',(-1.,0.,0.));
#13248=DIRECTION('',(0.,0.,1.));
#13249=DIRECTION('',(1.,0.,0.));
#13250=DIRECTION('',(0.,0.,-1.));
#13251=DIRECTION('',(-1.,0.,0.));
#13252=DIRECTION('',(0.,0.,1.));
#13253=DIRECTION('',(1.,0.,0.));
#13254=DIRECTION('',(0.,0.,-1.));
#13255=DIRECTION('',(-1.,0.,0.));
#13256=DIRECTION('',(0.,0.,1.));
#13257=DIRECTION('',(1.,0.,0.));
#13258=DIRECTION('',(0.,0.,-1.));
#13259=DIRECTION('',(-1.,0.,0.));
#13260=DIRECTION('',(0.,0.,1.));
#13261=DIRECTION('',(1.,0.,0.));
#13262=DIRECTION('',(0.,0.,-1.));
#13263=DIRECTION('',(-1.,0.,0.));
#13264=DIRECTION('',(0.,0.,1.));
#13265=DIRECTION('',(1.,0.,0.));
#13266=DIRECTION('',(0.,0.,-1.));
#13267=DIRECTION('',(-1.,0.,0.));
#13268=DIRECTION('',(0.,0.,1.));
#13269=DIRECTION('',(1.,0.,0.));
#13270=DIRECTION('',(0.,0.,-1.));
#13271=DIRECTION('',(-1.,0.,0.));
#13272=DIRECTION('',(0.,0.,1.));
#13273=DIRECTION('',(1.,0.,0.));
#13274=DIRECTION('',(0.,0.,-1.));
#13275=DIRECTION('',(-1.,0.,0.));
#13276=DIRECTION('',(0.,0.,1.));
#13277=DIRECTION('',(1.,0.,0.));
#13278=DIRECTION('',(0.,0.,-1.));
#13279=DIRECTION('',(-1.,0.,0.));
#13280=DIRECTION('',(0.,0.,1.));
#13281=DIRECTION('',(1.,0.,0.));
#13282=DIRECTION('',(0.,0.,-1.));
#13283=DIRECTION('',(-1.,0.,0.));
#13284=DIRECTION('',(0.,0.,1.));
#13285=DIRECTION('',(1.,0.,0.));
#13286=DIRECTION('',(0.,0.,-1.));
#13287=DIRECTION('',(-1.,0.,0.));
#13288=DIRECTION('',(0.,0.,1.));
#13289=DIRECTION('',(1.,0.,0.));
#13290=DIRECTION('',(0.,0.,-1.));
#13291=DIRECTION('',(-1.,0.,0.));
#13292=DIRECTION('',(0.,0.,1.));
#13293=DIRECTION('',(1.,0.,0.));
#13294=DIRECTION('',(0.,0.,-1.));
#13295=DIRECTION('',(-1.,0.,0.));
#13296=DIRECTION('',(0.,0.,1.));
#13297=DIRECTION('',(1.,0.,0.));
#13298=DIRECTION('',(0.,0.,-1.));
#13299=DIRECTION('center_axis',(0.,0.,1.));
#13300=DIRECTION('ref_axis',(1.,0.,0.));
#13301=DIRECTION('',(0.,1.,0.));
#13302=DIRECTION('center_axis',(0.,0.,1.));
#13303=DIRECTION('ref_axis',(1.,0.,0.));
#13304=DIRECTION('center_axis',(0.,0.,1.));
#13305=DIRECTION('ref_axis',(1.,0.,0.));
#13306=DIRECTION('center_axis',(0.,0.,1.));
#13307=DIRECTION('ref_axis',(1.,0.,0.));
#13308=DIRECTION('center_axis',(0.,0.,1.));
#13309=DIRECTION('ref_axis',(1.,0.,0.));
#13310=DIRECTION('center_axis',(0.,0.,1.));
#13311=DIRECTION('ref_axis',(1.,0.,0.));
#13312=DIRECTION('center_axis',(0.,0.,1.));
#13313=DIRECTION('ref_axis',(1.,0.,0.));
#13314=DIRECTION('center_axis',(0.,0.,1.));
#13315=DIRECTION('ref_axis',(1.,0.,0.));
#13316=DIRECTION('center_axis',(0.,0.,1.));
#13317=DIRECTION('ref_axis',(1.,0.,0.));
#13318=DIRECTION('center_axis',(0.,0.,1.));
#13319=DIRECTION('ref_axis',(1.,0.,0.));
#13320=DIRECTION('center_axis',(0.,0.,1.));
#13321=DIRECTION('ref_axis',(1.,0.,0.));
#13322=DIRECTION('center_axis',(0.,0.,1.));
#13323=DIRECTION('ref_axis',(1.,0.,0.));
#13324=DIRECTION('center_axis',(1.,0.,0.));
#13325=DIRECTION('ref_axis',(0.,0.,-1.));
#13326=DIRECTION('',(0.,-1.,0.));
#13327=DIRECTION('',(0.,1.,0.));
#13328=DIRECTION('center_axis',(1.,0.,0.));
#13329=DIRECTION('ref_axis',(0.,0.,-1.));
#13330=DIRECTION('',(0.,1.,0.));
#13331=DIRECTION('',(0.,-1.,0.));
#13332=DIRECTION('center_axis',(1.,0.,0.));
#13333=DIRECTION('ref_axis',(0.,0.,-1.));
#13334=DIRECTION('',(0.,1.,0.));
#13335=DIRECTION('',(0.,-1.,0.));
#13336=DIRECTION('center_axis',(1.,0.,0.));
#13337=DIRECTION('ref_axis',(0.,0.,-1.));
#13338=DIRECTION('',(0.,-1.,0.));
#13339=DIRECTION('',(0.,1.,0.));
#13340=DIRECTION('center_axis',(1.,0.,0.));
#13341=DIRECTION('ref_axis',(0.,0.,-1.));
#13342=DIRECTION('',(0.,1.,0.));
#13343=DIRECTION('',(0.,-1.,0.));
#13344=DIRECTION('center_axis',(1.,0.,0.));
#13345=DIRECTION('ref_axis',(0.,0.,-1.));
#13346=DIRECTION('',(0.,1.,0.));
#13347=DIRECTION('',(0.,-1.,0.));
#13348=DIRECTION('center_axis',(1.,0.,0.));
#13349=DIRECTION('ref_axis',(0.,0.,-1.));
#13350=DIRECTION('',(0.,-1.,0.));
#13351=DIRECTION('',(0.,1.,0.));
#13352=DIRECTION('center_axis',(1.,0.,0.));
#13353=DIRECTION('ref_axis',(0.,0.,-1.));
#13354=DIRECTION('',(0.,1.,0.));
#13355=DIRECTION('',(0.,-1.,0.));
#13356=DIRECTION('center_axis',(1.,0.,0.));
#13357=DIRECTION('ref_axis',(0.,0.,-1.));
#13358=DIRECTION('',(0.,-1.,0.));
#13359=DIRECTION('',(0.,1.,0.));
#13360=DIRECTION('center_axis',(1.,0.,0.));
#13361=DIRECTION('ref_axis',(0.,0.,-1.));
#13362=DIRECTION('',(0.,1.,0.));
#13363=DIRECTION('',(0.,-1.,0.));
#13364=DIRECTION('center_axis',(1.,0.,0.));
#13365=DIRECTION('ref_axis',(0.,0.,-1.));
#13366=DIRECTION('',(0.,1.,0.));
#13367=DIRECTION('',(0.,-1.,0.));
#13368=DIRECTION('center_axis',(1.,0.,0.));
#13369=DIRECTION('ref_axis',(0.,0.,-1.));
#13370=DIRECTION('',(0.,-1.,0.));
#13371=DIRECTION('',(0.,-1.,0.));
#13372=DIRECTION('center_axis',(1.,0.,0.));
#13373=DIRECTION('ref_axis',(0.,0.,-1.));
#13374=DIRECTION('',(0.,1.,0.));
#13375=DIRECTION('',(0.,-1.,0.));
#13376=DIRECTION('center_axis',(0.,0.,1.));
#13377=DIRECTION('ref_axis',(0.,-1.,0.));
#13378=DIRECTION('',(0.,-1.,0.));
#13379=DIRECTION('center_axis',(0.,0.,-1.));
#13380=DIRECTION('ref_axis',(0.,1.,0.));
#13381=DIRECTION('',(0.,1.,0.));
#13382=DIRECTION('center_axis',(0.,0.,1.));
#13383=DIRECTION('ref_axis',(0.,-1.,0.));
#13384=DIRECTION('',(0.,-1.,0.));
#13385=DIRECTION('center_axis',(0.,0.,-1.));
#13386=DIRECTION('ref_axis',(0.,1.,0.));
#13387=DIRECTION('',(0.,1.,0.));
#13388=DIRECTION('center_axis',(0.,0.,1.));
#13389=DIRECTION('ref_axis',(0.,-1.,0.));
#13390=DIRECTION('',(0.,-1.,0.));
#13391=DIRECTION('center_axis',(0.,0.,-1.));
#13392=DIRECTION('ref_axis',(0.,1.,0.));
#13393=DIRECTION('',(0.,1.,0.));
#13394=DIRECTION('center_axis',(0.,0.,1.));
#13395=DIRECTION('ref_axis',(0.,-1.,0.));
#13396=DIRECTION('center_axis',(0.,0.,1.));
#13397=DIRECTION('ref_axis',(0.,-1.,0.));
#13398=DIRECTION('',(0.,-1.,0.));
#13399=DIRECTION('center_axis',(0.,0.,-1.));
#13400=DIRECTION('ref_axis',(0.,1.,0.));
#13401=DIRECTION('',(0.,1.,0.));
#13402=DIRECTION('center_axis',(0.,0.,1.));
#13403=DIRECTION('ref_axis',(0.,-1.,0.));
#13404=DIRECTION('',(0.,-1.,0.));
#13405=DIRECTION('center_axis',(0.,0.,-1.));
#13406=DIRECTION('ref_axis',(0.,1.,0.));
#13407=DIRECTION('',(0.,1.,0.));
#13408=DIRECTION('center_axis',(0.,0.,1.));
#13409=DIRECTION('ref_axis',(0.,-1.,0.));
#13410=DIRECTION('',(0.,-1.,0.));
#13411=DIRECTION('center_axis',(0.,0.,-1.));
#13412=DIRECTION('ref_axis',(0.,1.,0.));
#13413=DIRECTION('',(0.,1.,0.));
#13414=DIRECTION('center_axis',(0.,0.,1.));
#13415=DIRECTION('ref_axis',(0.,-1.,0.));
#13416=DIRECTION('',(0.,-1.,0.));
#13417=DIRECTION('center_axis',(0.,0.,-1.));
#13418=DIRECTION('ref_axis',(0.,1.,0.));
#13419=DIRECTION('',(0.,1.,0.));
#13420=DIRECTION('center_axis',(0.,0.,1.));
#13421=DIRECTION('ref_axis',(0.,-1.,0.));
#13422=DIRECTION('',(0.,-1.,0.));
#13423=DIRECTION('center_axis',(0.,0.,-1.));
#13424=DIRECTION('ref_axis',(0.,1.,0.));
#13425=DIRECTION('',(0.,1.,0.));
#13426=DIRECTION('center_axis',(0.,0.,1.));
#13427=DIRECTION('ref_axis',(0.,-1.,0.));
#13428=DIRECTION('',(0.,-1.,0.));
#13429=DIRECTION('center_axis',(0.,0.,-1.));
#13430=DIRECTION('ref_axis',(0.,1.,0.));
#13431=DIRECTION('',(0.,1.,0.));
#13432=DIRECTION('center_axis',(0.,0.,1.));
#13433=DIRECTION('ref_axis',(0.,-1.,0.));
#13434=DIRECTION('',(0.,-1.,0.));
#13435=DIRECTION('center_axis',(0.,0.,-1.));
#13436=DIRECTION('ref_axis',(0.,1.,0.));
#13437=DIRECTION('',(0.,1.,0.));
#13438=DIRECTION('center_axis',(0.,0.,1.));
#13439=DIRECTION('ref_axis',(0.,-1.,0.));
#13440=DIRECTION('',(0.,-1.,0.));
#13441=DIRECTION('center_axis',(0.,0.,-1.));
#13442=DIRECTION('ref_axis',(0.,1.,0.));
#13443=DIRECTION('',(0.,1.,0.));
#13444=DIRECTION('center_axis',(0.,0.,-1.));
#13445=DIRECTION('ref_axis',(0.,1.,0.));
#13446=DIRECTION('',(0.,1.,0.));
#13447=DIRECTION('center_axis',(0.,0.,1.));
#13448=DIRECTION('ref_axis',(0.,-1.,0.));
#13449=DIRECTION('',(0.,-1.,0.));
#13450=DIRECTION('center_axis',(0.,0.,1.));
#13451=DIRECTION('ref_axis',(1.,0.,0.));
#13452=DIRECTION('',(0.,-1.,0.));
#13453=DIRECTION('center_axis',(-1.,0.,0.));
#13454=DIRECTION('ref_axis',(0.,-1.,0.));
#13455=DIRECTION('center_axis',(-1.,0.,0.));
#13456=DIRECTION('ref_axis',(0.,-1.,0.));
#13457=DIRECTION('center_axis',(-1.,0.,0.));
#13458=DIRECTION('ref_axis',(0.,-1.,0.));
#13459=DIRECTION('center_axis',(-1.,0.,0.));
#13460=DIRECTION('ref_axis',(0.,-1.,0.));
#13461=DIRECTION('center_axis',(-1.,0.,0.));
#13462=DIRECTION('ref_axis',(0.,-1.,0.));
#13463=DIRECTION('center_axis',(-1.,0.,0.));
#13464=DIRECTION('ref_axis',(0.,-1.,0.));
#13465=DIRECTION('center_axis',(-1.,0.,0.));
#13466=DIRECTION('ref_axis',(0.,-1.,0.));
#13467=DIRECTION('center_axis',(-1.,0.,0.));
#13468=DIRECTION('ref_axis',(0.,-1.,0.));
#13469=DIRECTION('center_axis',(-1.,0.,0.));
#13470=DIRECTION('ref_axis',(0.,-1.,0.));
#13471=DIRECTION('center_axis',(-1.,0.,0.));
#13472=DIRECTION('ref_axis',(0.,-1.,0.));
#13473=DIRECTION('center_axis',(-1.,0.,0.));
#13474=DIRECTION('ref_axis',(0.,-1.,0.));
#13475=DIRECTION('center_axis',(-1.,0.,0.));
#13476=DIRECTION('ref_axis',(0.,-1.,0.));
#13477=DIRECTION('center_axis',(0.,0.,1.));
#13478=DIRECTION('ref_axis',(0.,1.,0.));
#13479=DIRECTION('',(0.,1.,0.));
#13480=DIRECTION('',(0.,-1.,0.));
#13481=DIRECTION('center_axis',(0.,0.,-1.));
#13482=DIRECTION('ref_axis',(0.,-1.,0.));
#13483=DIRECTION('',(0.,-1.,0.));
#13484=DIRECTION('',(0.,1.,0.));
#13485=DIRECTION('center_axis',(-1.,0.,0.));
#13486=DIRECTION('ref_axis',(0.,0.,1.));
#13487=DIRECTION('center_axis',(0.,0.,1.));
#13488=DIRECTION('ref_axis',(0.,1.,0.));
#13489=DIRECTION('',(0.,1.,0.));
#13490=DIRECTION('',(0.,-1.,0.));
#13491=DIRECTION('center_axis',(0.,0.,-1.));
#13492=DIRECTION('ref_axis',(0.,-1.,0.));
#13493=DIRECTION('',(0.,-1.,0.));
#13494=DIRECTION('',(0.,1.,0.));
#13495=DIRECTION('center_axis',(-1.,0.,0.));
#13496=DIRECTION('ref_axis',(0.,0.,1.));
#13497=DIRECTION('center_axis',(0.,0.,1.));
#13498=DIRECTION('ref_axis',(0.,1.,0.));
#13499=DIRECTION('',(0.,1.,0.));
#13500=DIRECTION('',(0.,-1.,0.));
#13501=DIRECTION('center_axis',(0.,0.,-1.));
#13502=DIRECTION('ref_axis',(0.,-1.,0.));
#13503=DIRECTION('',(0.,-1.,0.));
#13504=DIRECTION('',(0.,1.,0.));
#13505=DIRECTION('center_axis',(-1.,0.,0.));
#13506=DIRECTION('ref_axis',(0.,0.,1.));
#13507=DIRECTION('center_axis',(0.,0.,1.));
#13508=DIRECTION('ref_axis',(0.,1.,0.));
#13509=DIRECTION('',(0.,1.,0.));
#13510=DIRECTION('',(0.,-1.,0.));
#13511=DIRECTION('center_axis',(0.,0.,-1.));
#13512=DIRECTION('ref_axis',(0.,-1.,0.));
#13513=DIRECTION('',(0.,-1.,0.));
#13514=DIRECTION('',(0.,1.,0.));
#13515=DIRECTION('center_axis',(-1.,0.,0.));
#13516=DIRECTION('ref_axis',(0.,0.,1.));
#13517=DIRECTION('center_axis',(0.,0.,1.));
#13518=DIRECTION('ref_axis',(0.,1.,0.));
#13519=DIRECTION('',(0.,1.,0.));
#13520=DIRECTION('',(0.,-1.,0.));
#13521=DIRECTION('center_axis',(0.,0.,-1.));
#13522=DIRECTION('ref_axis',(0.,-1.,0.));
#13523=DIRECTION('',(0.,-1.,0.));
#13524=DIRECTION('',(0.,1.,0.));
#13525=DIRECTION('center_axis',(-1.,0.,0.));
#13526=DIRECTION('ref_axis',(0.,0.,1.));
#13527=DIRECTION('center_axis',(0.,0.,1.));
#13528=DIRECTION('ref_axis',(0.,1.,0.));
#13529=DIRECTION('',(0.,1.,0.));
#13530=DIRECTION('',(0.,-1.,0.));
#13531=DIRECTION('center_axis',(0.,0.,-1.));
#13532=DIRECTION('ref_axis',(0.,-1.,0.));
#13533=DIRECTION('',(0.,-1.,0.));
#13534=DIRECTION('',(0.,1.,0.));
#13535=DIRECTION('center_axis',(-1.,0.,0.));
#13536=DIRECTION('ref_axis',(0.,0.,1.));
#13537=DIRECTION('center_axis',(0.,0.,1.));
#13538=DIRECTION('ref_axis',(0.,1.,0.));
#13539=DIRECTION('',(0.,1.,0.));
#13540=DIRECTION('',(0.,-1.,0.));
#13541=DIRECTION('center_axis',(0.,0.,-1.));
#13542=DIRECTION('ref_axis',(0.,-1.,0.));
#13543=DIRECTION('',(0.,-1.,0.));
#13544=DIRECTION('',(0.,1.,0.));
#13545=DIRECTION('center_axis',(-1.,0.,0.));
#13546=DIRECTION('ref_axis',(0.,0.,1.));
#13547=DIRECTION('center_axis',(0.,0.,1.));
#13548=DIRECTION('ref_axis',(0.,1.,0.));
#13549=DIRECTION('',(0.,1.,0.));
#13550=DIRECTION('',(0.,-1.,0.));
#13551=DIRECTION('center_axis',(0.,0.,-1.));
#13552=DIRECTION('ref_axis',(0.,-1.,0.));
#13553=DIRECTION('',(0.,-1.,0.));
#13554=DIRECTION('',(0.,1.,0.));
#13555=DIRECTION('center_axis',(-1.,0.,0.));
#13556=DIRECTION('ref_axis',(0.,0.,1.));
#13557=DIRECTION('center_axis',(0.,0.,1.));
#13558=DIRECTION('ref_axis',(0.,1.,0.));
#13559=DIRECTION('',(0.,1.,0.));
#13560=DIRECTION('',(0.,-1.,0.));
#13561=DIRECTION('center_axis',(0.,0.,-1.));
#13562=DIRECTION('ref_axis',(0.,-1.,0.));
#13563=DIRECTION('',(0.,-1.,0.));
#13564=DIRECTION('',(0.,1.,0.));
#13565=DIRECTION('center_axis',(-1.,0.,0.));
#13566=DIRECTION('ref_axis',(0.,0.,1.));
#13567=DIRECTION('center_axis',(0.,0.,1.));
#13568=DIRECTION('ref_axis',(0.,1.,0.));
#13569=DIRECTION('',(0.,1.,0.));
#13570=DIRECTION('',(0.,-1.,0.));
#13571=DIRECTION('center_axis',(0.,0.,-1.));
#13572=DIRECTION('ref_axis',(0.,-1.,0.));
#13573=DIRECTION('',(0.,-1.,0.));
#13574=DIRECTION('',(0.,1.,0.));
#13575=DIRECTION('center_axis',(-1.,0.,0.));
#13576=DIRECTION('ref_axis',(0.,0.,1.));
#13577=DIRECTION('center_axis',(0.,0.,1.));
#13578=DIRECTION('ref_axis',(0.,1.,0.));
#13579=DIRECTION('',(0.,1.,0.));
#13580=DIRECTION('',(0.,-1.,0.));
#13581=DIRECTION('center_axis',(0.,0.,-1.));
#13582=DIRECTION('ref_axis',(0.,-1.,0.));
#13583=DIRECTION('',(0.,-1.,0.));
#13584=DIRECTION('',(0.,1.,0.));
#13585=DIRECTION('center_axis',(-1.,0.,0.));
#13586=DIRECTION('ref_axis',(0.,0.,1.));
#13587=DIRECTION('center_axis',(0.,0.,1.));
#13588=DIRECTION('ref_axis',(0.,1.,0.));
#13589=DIRECTION('',(0.,1.,0.));
#13590=DIRECTION('',(0.,-1.,0.));
#13591=DIRECTION('center_axis',(0.,0.,-1.));
#13592=DIRECTION('ref_axis',(0.,-1.,0.));
#13593=DIRECTION('',(0.,-1.,0.));
#13594=DIRECTION('',(0.,1.,0.));
#13595=DIRECTION('center_axis',(-1.,0.,0.));
#13596=DIRECTION('ref_axis',(0.,0.,1.));
#13597=DIRECTION('center_axis',(0.,0.,1.));
#13598=DIRECTION('ref_axis',(0.,1.,0.));
#13599=DIRECTION('',(0.,1.,0.));
#13600=DIRECTION('',(0.,-1.,0.));
#13601=DIRECTION('center_axis',(0.,0.,-1.));
#13602=DIRECTION('ref_axis',(0.,-1.,0.));
#13603=DIRECTION('',(0.,-1.,0.));
#13604=DIRECTION('',(0.,1.,0.));
#13605=DIRECTION('center_axis',(-1.,0.,0.));
#13606=DIRECTION('ref_axis',(0.,0.,1.));
#13607=DIRECTION('center_axis',(1.,0.,0.));
#13608=DIRECTION('ref_axis',(0.,1.,0.));
#13609=DIRECTION('',(0.,-1.,0.));
#13610=DIRECTION('center_axis',(1.,0.,0.));
#13611=DIRECTION('ref_axis',(0.,1.,0.));
#13612=DIRECTION('center_axis',(1.,0.,0.));
#13613=DIRECTION('ref_axis',(0.,1.,0.));
#13614=DIRECTION('center_axis',(1.,0.,0.));
#13615=DIRECTION('ref_axis',(0.,1.,0.));
#13616=DIRECTION('center_axis',(1.,0.,0.));
#13617=DIRECTION('ref_axis',(0.,1.,0.));
#13618=DIRECTION('center_axis',(1.,0.,0.));
#13619=DIRECTION('ref_axis',(0.,1.,0.));
#13620=DIRECTION('center_axis',(1.,0.,0.));
#13621=DIRECTION('ref_axis',(0.,1.,0.));
#13622=DIRECTION('center_axis',(1.,0.,0.));
#13623=DIRECTION('ref_axis',(0.,1.,0.));
#13624=DIRECTION('center_axis',(1.,0.,0.));
#13625=DIRECTION('ref_axis',(0.,1.,0.));
#13626=DIRECTION('center_axis',(1.,0.,0.));
#13627=DIRECTION('ref_axis',(0.,1.,0.));
#13628=DIRECTION('center_axis',(1.,0.,0.));
#13629=DIRECTION('ref_axis',(0.,1.,0.));
#13630=DIRECTION('center_axis',(1.,0.,0.));
#13631=DIRECTION('ref_axis',(0.,1.,0.));
#13632=DIRECTION('center_axis',(1.,0.,0.));
#13633=DIRECTION('ref_axis',(0.,1.,0.));
#13634=DIRECTION('center_axis',(1.,0.,0.));
#13635=DIRECTION('ref_axis',(0.,1.,0.));
#13636=DIRECTION('center_axis',(0.,0.,1.));
#13637=DIRECTION('ref_axis',(1.,0.,0.));
#13638=DIRECTION('',(0.,1.,0.));
#13639=DIRECTION('center_axis',(0.,0.,1.));
#13640=DIRECTION('ref_axis',(1.,0.,0.));
#13641=DIRECTION('',(0.,-1.,0.));
#13642=DIRECTION('',(0.,1.,0.));
#13643=DIRECTION('center_axis',(0.,0.,1.));
#13644=DIRECTION('ref_axis',(1.,0.,0.));
#13645=DIRECTION('',(0.,-1.,0.));
#13646=DIRECTION('',(0.,1.,0.));
#13647=DIRECTION('center_axis',(0.,0.,1.));
#13648=DIRECTION('ref_axis',(1.,0.,0.));
#13649=DIRECTION('',(0.,1.,0.));
#13650=DIRECTION('',(0.,-1.,0.));
#13651=DIRECTION('center_axis',(0.,0.,1.));
#13652=DIRECTION('ref_axis',(1.,0.,0.));
#13653=DIRECTION('',(0.,1.,0.));
#13654=DIRECTION('',(0.,-1.,0.));
#13655=DIRECTION('center_axis',(0.,0.,1.));
#13656=DIRECTION('ref_axis',(1.,0.,0.));
#13657=DIRECTION('',(0.,-1.,0.));
#13658=DIRECTION('',(0.,1.,0.));
#13659=DIRECTION('center_axis',(0.,0.,1.));
#13660=DIRECTION('ref_axis',(1.,0.,0.));
#13661=DIRECTION('',(0.,-1.,0.));
#13662=DIRECTION('',(0.,1.,0.));
#13663=DIRECTION('center_axis',(0.,0.,1.));
#13664=DIRECTION('ref_axis',(1.,0.,0.));
#13665=DIRECTION('',(0.,1.,0.));
#13666=DIRECTION('',(0.,-1.,0.));
#13667=DIRECTION('center_axis',(0.,0.,1.));
#13668=DIRECTION('ref_axis',(1.,0.,0.));
#13669=DIRECTION('',(0.,1.,0.));
#13670=DIRECTION('',(0.,-1.,0.));
#13671=DIRECTION('center_axis',(0.,0.,1.));
#13672=DIRECTION('ref_axis',(1.,0.,0.));
#13673=DIRECTION('',(0.,1.,0.));
#13674=DIRECTION('',(0.,-1.,0.));
#13675=DIRECTION('center_axis',(0.,0.,1.));
#13676=DIRECTION('ref_axis',(1.,0.,0.));
#13677=DIRECTION('',(0.,1.,0.));
#13678=DIRECTION('',(0.,-1.,0.));
#13679=DIRECTION('center_axis',(0.,0.,1.));
#13680=DIRECTION('ref_axis',(1.,0.,0.));
#13681=DIRECTION('',(0.,1.,0.));
#13682=DIRECTION('',(0.,-1.,0.));
#13683=DIRECTION('center_axis',(0.,0.,1.));
#13684=DIRECTION('ref_axis',(1.,0.,0.));
#13685=DIRECTION('',(0.,1.,0.));
#13686=DIRECTION('',(0.,-1.,0.));
#13687=DIRECTION('center_axis',(0.,0.,1.));
#13688=DIRECTION('ref_axis',(1.,0.,0.));
#13689=DIRECTION('center_axis',(-1.,0.,0.));
#13690=DIRECTION('ref_axis',(0.,-1.,0.));
#13691=DIRECTION('',(0.,1.,0.));
#13692=DIRECTION('center_axis',(1.,0.,0.));
#13693=DIRECTION('ref_axis',(0.,1.,0.));
#13694=DIRECTION('',(0.,-1.,0.));
#13695=DIRECTION('center_axis',(0.,0.,1.));
#13696=DIRECTION('ref_axis',(1.,0.,0.));
#13697=DIRECTION('center_axis',(-1.,0.,0.));
#13698=DIRECTION('ref_axis',(0.,-1.,0.));
#13699=DIRECTION('',(0.,1.,0.));
#13700=DIRECTION('center_axis',(1.,0.,0.));
#13701=DIRECTION('ref_axis',(0.,1.,0.));
#13702=DIRECTION('',(0.,-1.,0.));
#13703=DIRECTION('center_axis',(0.,0.,1.));
#13704=DIRECTION('ref_axis',(1.,0.,0.));
#13705=DIRECTION('center_axis',(-1.,0.,0.));
#13706=DIRECTION('ref_axis',(0.,-1.,0.));
#13707=DIRECTION('',(0.,1.,0.));
#13708=DIRECTION('center_axis',(1.,0.,0.));
#13709=DIRECTION('ref_axis',(0.,1.,0.));
#13710=DIRECTION('',(0.,-1.,0.));
#13711=DIRECTION('center_axis',(0.,0.,1.));
#13712=DIRECTION('ref_axis',(1.,0.,0.));
#13713=DIRECTION('center_axis',(-1.,0.,0.));
#13714=DIRECTION('ref_axis',(0.,-1.,0.));
#13715=DIRECTION('',(0.,1.,0.));
#13716=DIRECTION('center_axis',(1.,0.,0.));
#13717=DIRECTION('ref_axis',(0.,1.,0.));
#13718=DIRECTION('',(0.,-1.,0.));
#13719=DIRECTION('center_axis',(0.,0.,1.));
#13720=DIRECTION('ref_axis',(1.,0.,0.));
#13721=DIRECTION('center_axis',(-1.,0.,0.));
#13722=DIRECTION('ref_axis',(0.,-1.,0.));
#13723=DIRECTION('',(0.,1.,0.));
#13724=DIRECTION('center_axis',(1.,0.,0.));
#13725=DIRECTION('ref_axis',(0.,1.,0.));
#13726=DIRECTION('',(0.,-1.,0.));
#13727=DIRECTION('center_axis',(0.,0.,1.));
#13728=DIRECTION('ref_axis',(1.,0.,0.));
#13729=DIRECTION('center_axis',(-1.,0.,0.));
#13730=DIRECTION('ref_axis',(0.,-1.,0.));
#13731=DIRECTION('',(0.,1.,0.));
#13732=DIRECTION('center_axis',(1.,0.,0.));
#13733=DIRECTION('ref_axis',(0.,1.,0.));
#13734=DIRECTION('',(0.,-1.,0.));
#13735=DIRECTION('center_axis',(0.,0.,1.));
#13736=DIRECTION('ref_axis',(1.,0.,0.));
#13737=DIRECTION('center_axis',(-1.,0.,0.));
#13738=DIRECTION('ref_axis',(0.,-1.,0.));
#13739=DIRECTION('',(0.,1.,0.));
#13740=DIRECTION('center_axis',(1.,0.,0.));
#13741=DIRECTION('ref_axis',(0.,1.,0.));
#13742=DIRECTION('',(0.,-1.,0.));
#13743=DIRECTION('center_axis',(0.,0.,1.));
#13744=DIRECTION('ref_axis',(1.,0.,0.));
#13745=DIRECTION('center_axis',(-1.,0.,0.));
#13746=DIRECTION('ref_axis',(0.,-1.,0.));
#13747=DIRECTION('',(0.,1.,0.));
#13748=DIRECTION('center_axis',(1.,0.,0.));
#13749=DIRECTION('ref_axis',(0.,1.,0.));
#13750=DIRECTION('',(0.,-1.,0.));
#13751=DIRECTION('center_axis',(0.,0.,1.));
#13752=DIRECTION('ref_axis',(1.,0.,0.));
#13753=DIRECTION('center_axis',(-1.,0.,0.));
#13754=DIRECTION('ref_axis',(0.,-1.,0.));
#13755=DIRECTION('',(0.,1.,0.));
#13756=DIRECTION('center_axis',(1.,0.,0.));
#13757=DIRECTION('ref_axis',(0.,1.,0.));
#13758=DIRECTION('',(0.,-1.,0.));
#13759=DIRECTION('center_axis',(0.,0.,1.));
#13760=DIRECTION('ref_axis',(1.,0.,0.));
#13761=DIRECTION('center_axis',(-1.,0.,0.));
#13762=DIRECTION('ref_axis',(0.,-1.,0.));
#13763=DIRECTION('',(0.,1.,0.));
#13764=DIRECTION('center_axis',(1.,0.,0.));
#13765=DIRECTION('ref_axis',(0.,1.,0.));
#13766=DIRECTION('',(0.,-1.,0.));
#13767=DIRECTION('center_axis',(0.,0.,1.));
#13768=DIRECTION('ref_axis',(1.,0.,0.));
#13769=DIRECTION('center_axis',(-1.,0.,0.));
#13770=DIRECTION('ref_axis',(0.,-1.,0.));
#13771=DIRECTION('',(0.,1.,0.));
#13772=DIRECTION('center_axis',(1.,0.,0.));
#13773=DIRECTION('ref_axis',(0.,1.,0.));
#13774=DIRECTION('',(0.,-1.,0.));
#13775=DIRECTION('center_axis',(0.,0.,1.));
#13776=DIRECTION('ref_axis',(1.,0.,0.));
#13777=DIRECTION('center_axis',(-1.,0.,0.));
#13778=DIRECTION('ref_axis',(0.,-1.,0.));
#13779=DIRECTION('',(0.,1.,0.));
#13780=DIRECTION('center_axis',(1.,0.,0.));
#13781=DIRECTION('ref_axis',(0.,1.,0.));
#13782=DIRECTION('',(0.,-1.,0.));
#13783=DIRECTION('center_axis',(0.,0.,1.));
#13784=DIRECTION('ref_axis',(1.,0.,0.));
#13785=DIRECTION('center_axis',(1.,0.,0.));
#13786=DIRECTION('ref_axis',(0.,1.,0.));
#13787=DIRECTION('',(0.,-1.,0.));
#13788=DIRECTION('center_axis',(-1.,0.,0.));
#13789=DIRECTION('ref_axis',(0.,-1.,0.));
#13790=DIRECTION('',(0.,1.,0.));
#13791=DIRECTION('center_axis',(0.,0.,1.));
#13792=DIRECTION('ref_axis',(1.,0.,0.));
#13793=CARTESIAN_POINT('',(0.,0.,0.));
#13794=CARTESIAN_POINT('Origin',(9.48996991677621,0.500005102414117,4.5));
#13795=CARTESIAN_POINT('',(9.54492382993918,0.302046719604066,10.0454284728133));
#13796=CARTESIAN_POINT('',(9.54490544639589,0.302041617189948,10.0454284727059));
#13797=CARTESIAN_POINT('Ctrl Pts',(9.54492382993918,0.302046719604066,10.0454284728133));
#13798=CARTESIAN_POINT('Ctrl Pts',(9.54491770251498,0.302045018610489,10.0454284727417));
#13799=CARTESIAN_POINT('Ctrl Pts',(9.54491157395186,0.302043317607237,10.0454284727059));
#13800=CARTESIAN_POINT('Ctrl Pts',(9.54490544639589,0.302041617189948,10.0454284727059));
#13801=CARTESIAN_POINT('',(9.54492382993918,0.302046719604066,10.2908545995216));
#13802=CARTESIAN_POINT('',(9.54492382993918,0.302046719604066,4.5));
#13803=CARTESIAN_POINT('',(9.41268905249826,0.309649850547643,10.2876507590539));
#13804=CARTESIAN_POINT('Ctrl Pts',(9.41268905249826,0.309649850547643,10.2876507590539));
#13805=CARTESIAN_POINT('Ctrl Pts',(9.43745416609151,0.299595652601109,10.2917900933758));
#13806=CARTESIAN_POINT('Ctrl Pts',(9.46442825569406,0.294560574872752,10.2941550234966));
#13807=CARTESIAN_POINT('Ctrl Pts',(9.50799730308794,0.294560574872752,10.2941550234966));
#13808=CARTESIAN_POINT('Ctrl Pts',(9.52676113111743,0.297004693296883,10.2930283894502));
#13809=CARTESIAN_POINT('Ctrl Pts',(9.54492382993918,0.302046719604066,10.2908545995216));
#13810=CARTESIAN_POINT('',(9.43503438715653,0.302041617189948,10.0454284727059));
#13811=CARTESIAN_POINT('Ctrl Pts',(9.43503438715653,0.302041617189948,10.0454284727059));
#13812=CARTESIAN_POINT('Ctrl Pts',(9.4313672278336,0.303059266173933,10.0454284727059));
#13813=CARTESIAN_POINT('Ctrl Pts',(9.42772368544789,0.304180273705612,10.0454411874341));
#13814=CARTESIAN_POINT('Ctrl Pts',(9.40252505721135,0.312707428217572,10.0456775675822));
#13815=CARTESIAN_POINT('Ctrl Pts',(9.38228875879787,0.323787850383566,10.0466610522059));
#13816=CARTESIAN_POINT('Ctrl Pts',(9.3506680164632,0.347841190529433,10.0537901910031));
#13817=CARTESIAN_POINT('Ctrl Pts',(9.33559271474781,0.363487634205574,10.0608800153191));
#13818=CARTESIAN_POINT('Ctrl Pts',(9.3163067115135,0.389097024711567,10.0807747196867));
#13819=CARTESIAN_POINT('Ctrl Pts',(9.30939513669366,0.401564399700136,10.0949103653438));
#13820=CARTESIAN_POINT('Ctrl Pts',(9.30107663789245,0.41865935126774,10.1285409196351));
#13821=CARTESIAN_POINT('Ctrl Pts',(9.29939310030874,0.423272248161077,10.1479742714082));
#13822=CARTESIAN_POINT('Ctrl Pts',(9.29939310030874,0.423272248161077,10.1853439359458));
#13823=CARTESIAN_POINT('Ctrl Pts',(9.30107663789245,0.41865935126774,10.204777287719));
#13824=CARTESIAN_POINT('Ctrl Pts',(9.30939513669366,0.401564399700136,10.2384078420102));
#13825=CARTESIAN_POINT('Ctrl Pts',(9.3163067115135,0.389097024711567,10.2525434876673));
#13826=CARTESIAN_POINT('Ctrl Pts',(9.33559271474781,0.363487634205574,10.2724381920349));
#13827=CARTESIAN_POINT('Ctrl Pts',(9.3506680164632,0.347841190529433,10.2795280163509));
#13828=CARTESIAN_POINT('Ctrl Pts',(9.37930723892446,0.32605583988577,10.2859849486332));
#13829=CARTESIAN_POINT('Ctrl Pts',(9.39539405303487,0.316671314327141,10.2872092332744));
#13830=CARTESIAN_POINT('Ctrl Pts',(9.41268905249826,0.309649850547643,10.2876507590539));
#13831=CARTESIAN_POINT('',(9.43503438715653,0.302041617189948,9.89493785832749));
#13832=CARTESIAN_POINT('',(9.43503438715653,0.302041617189948,4.5));
#13833=CARTESIAN_POINT('',(9.54490544639589,0.302041617189948,9.89493785832749));
#13834=CARTESIAN_POINT('Ctrl Pts',(9.54490544639589,0.302041617189948,9.89493785832749));
#13835=CARTESIAN_POINT('Ctrl Pts',(9.53640538196759,0.299682820866268,9.88644085640827));
#13836=CARTESIAN_POINT('Ctrl Pts',(9.52811191521803,0.297988757720378,9.87815125307051));
#13837=CARTESIAN_POINT('Ctrl Pts',(9.51497900264631,0.296009698006786,9.86503322215279));
#13838=CARTESIAN_POINT('Ctrl Pts',(9.50942789287642,0.295424271535977,9.85948933949904));
#13839=CARTESIAN_POINT('Ctrl Pts',(9.50202557413422,0.294899681036867,9.85212362337207));
#13840=CARTESIAN_POINT('Ctrl Pts',(9.49958167938944,0.294772920325689,9.84969405442595));
#13841=CARTESIAN_POINT('Ctrl Pts',(9.49616970405481,0.294650989499319,9.84634668251703));
#13842=CARTESIAN_POINT('Ctrl Pts',(9.49504511046252,0.29462034162614,9.84525518151083));
#13843=CARTESIAN_POINT('Ctrl Pts',(9.49337875410182,0.294588067779651,9.84367891776812));
#13844=CARTESIAN_POINT('Ctrl Pts',(9.49282844341443,0.294579611193323,9.84317253939731));
#13845=CARTESIAN_POINT('Ctrl Pts',(9.49194083763899,0.294569815391732,9.84242425963542));
#13846=CARTESIAN_POINT('Ctrl Pts',(9.49164310004166,0.294567099828769,9.84218194439102));
#13847=CARTESIAN_POINT('Ctrl Pts',(9.49112721154503,0.294563762837128,9.84183326877181));
#13848=CARTESIAN_POINT('Ctrl Pts',(9.49094583948539,0.294562795111327,9.84172260170783));
#13849=CARTESIAN_POINT('Ctrl Pts',(9.49052703208823,0.294561214151875,9.84152206127937));
#13850=CARTESIAN_POINT('Ctrl Pts',(9.49028974687697,0.294560574872752,9.84143187474869));
#13851=CARTESIAN_POINT('Ctrl Pts',(9.48965008667545,0.294560574872752,9.84143187474869));
#13852=CARTESIAN_POINT('Ctrl Pts',(9.48941280146418,0.294561214151875,9.84152206127937));
#13853=CARTESIAN_POINT('Ctrl Pts',(9.48899399406703,0.294562795111327,9.84172260170783));
#13854=CARTESIAN_POINT('Ctrl Pts',(9.48881262200738,0.294563762837128,9.84183326877181));
#13855=CARTESIAN_POINT('Ctrl Pts',(9.48829673351076,0.294567099828769,9.84218194439102));
#13856=CARTESIAN_POINT('Ctrl Pts',(9.48799899591342,0.294569815391732,9.84242425963542));
#13857=CARTESIAN_POINT('Ctrl Pts',(9.48711139013798,0.294579611193324,9.84317253939732));
#13858=CARTESIAN_POINT('Ctrl Pts',(9.48656107945059,0.294588067779651,9.84367891776812));
#13859=CARTESIAN_POINT('Ctrl Pts',(9.48489472308989,0.29462034162614,9.84525518151083));
#13860=CARTESIAN_POINT('Ctrl Pts',(9.48377012949761,0.29465098949932,9.84634668251703));
#13861=CARTESIAN_POINT('Ctrl Pts',(9.48035815416298,0.294772920325689,9.84969405442595));
#13862=CARTESIAN_POINT('Ctrl Pts',(9.47791425941819,0.294899681036867,9.85212362337207));
#13863=CARTESIAN_POINT('Ctrl Pts',(9.47051194067599,0.295424271535977,9.85948933949904));
#13864=CARTESIAN_POINT('Ctrl Pts',(9.4649608309061,0.296009698006786,9.86503322215279));
#13865=CARTESIAN_POINT('Ctrl Pts',(9.45182791833439,0.297988757720378,9.87815125307051));
#13866=CARTESIAN_POINT('Ctrl Pts',(9.44353445158482,0.299682820866267,9.88644085640827));
#13867=CARTESIAN_POINT('Ctrl Pts',(9.43503438715653,0.302041617189948,9.89493785832749));
#13868=CARTESIAN_POINT('',(9.54490544639589,0.302041617189948,4.5));
#13869=CARTESIAN_POINT('Origin',(9.48996991677621,0.500005102414117,4.5));
#13870=CARTESIAN_POINT('',(9.54492382993918,0.302046719604066,5.48406718016673));
#13871=CARTESIAN_POINT('',(9.28452538931668,0.499999303555952,5.63453941762197));
#13872=CARTESIAN_POINT('Ctrl Pts',(9.54492382993918,0.302046719604066,5.48406718016673));
#13873=CARTESIAN_POINT('Ctrl Pts',(9.53641733752994,0.299685288688418,5.47556375061234));
#13874=CARTESIAN_POINT('Ctrl Pts',(9.52811734213706,0.297989575528062,5.46726761875726));
#13875=CARTESIAN_POINT('Ctrl Pts',(9.51497900264631,0.296009698006785,5.45414416707006));
#13876=CARTESIAN_POINT('Ctrl Pts',(9.50942789287642,0.295424271535977,5.44860028441631));
#13877=CARTESIAN_POINT('Ctrl Pts',(9.50202557413422,0.294899681036867,5.44123456828934));
#13878=CARTESIAN_POINT('Ctrl Pts',(9.49958167938944,0.294772920325689,5.43880499934322));
#13879=CARTESIAN_POINT('Ctrl Pts',(9.49616970405481,0.294650989499319,5.4354576274343));
#13880=CARTESIAN_POINT('Ctrl Pts',(9.49504511046253,0.29462034162614,5.4343661264281));
#13881=CARTESIAN_POINT('Ctrl Pts',(9.49337875410183,0.294588067779651,5.43278986268539));
#13882=CARTESIAN_POINT('Ctrl Pts',(9.49282844341443,0.294579611193323,5.43228348431458));
#13883=CARTESIAN_POINT('Ctrl Pts',(9.49194083763899,0.294569815391732,5.43153520455269));
#13884=CARTESIAN_POINT('Ctrl Pts',(9.49164310004166,0.294567099828769,5.43129288930829));
#13885=CARTESIAN_POINT('Ctrl Pts',(9.49112721154503,0.294563762837128,5.43094421368908));
#13886=CARTESIAN_POINT('Ctrl Pts',(9.49094583948539,0.294562795111327,5.4308335466251));
#13887=CARTESIAN_POINT('Ctrl Pts',(9.49052703208823,0.294561214151875,5.43063300619664));
#13888=CARTESIAN_POINT('Ctrl Pts',(9.49028974687697,0.294560574872752,5.43054281966596));
#13889=CARTESIAN_POINT('Ctrl Pts',(9.48965008667545,0.294560574872752,5.43054281966596));
#13890=CARTESIAN_POINT('Ctrl Pts',(9.48941280146418,0.294561214151875,5.43063300619664));
#13891=CARTESIAN_POINT('Ctrl Pts',(9.48899399406703,0.294562795111327,5.4308335466251));
#13892=CARTESIAN_POINT('Ctrl Pts',(9.48881262200738,0.294563762837128,5.43094421368908));
#13893=CARTESIAN_POINT('Ctrl Pts',(9.48829673351076,0.294567099828769,5.43129288930829));
#13894=CARTESIAN_POINT('Ctrl Pts',(9.48799899591342,0.294569815391732,5.43153520455269));
#13895=CARTESIAN_POINT('Ctrl Pts',(9.48711139013798,0.294579611193324,5.43228348431458));
#13896=CARTESIAN_POINT('Ctrl Pts',(9.48656107945058,0.294588067779651,5.43278986268539));
#13897=CARTESIAN_POINT('Ctrl Pts',(9.48489472308989,0.29462034162614,5.4343661264281));
#13898=CARTESIAN_POINT('Ctrl Pts',(9.4837701294976,0.294650989499319,5.4354576274343));
#13899=CARTESIAN_POINT('Ctrl Pts',(9.48035815416297,0.294772920325689,5.43880499934322));
#13900=CARTESIAN_POINT('Ctrl Pts',(9.47791425941819,0.294899681036867,5.44123456828934));
#13901=CARTESIAN_POINT('Ctrl Pts',(9.470511940676,0.295424271535977,5.44860028441631));
#13902=CARTESIAN_POINT('Ctrl Pts',(9.4649608309061,0.296009698006785,5.45414416707006));
#13903=CARTESIAN_POINT('Ctrl Pts',(9.44814662577418,0.298543508828333,5.47093931906494));
#13904=CARTESIAN_POINT('Ctrl Pts',(9.43524672667972,0.30152194242892,5.48383607020594));
#13905=CARTESIAN_POINT('Ctrl Pts',(9.39694144352794,0.314845131277588,5.52213138706914));
#13906=CARTESIAN_POINT('Ctrl Pts',(9.36870730166245,0.330835187658863,5.5503642977672));
#13907=CARTESIAN_POINT('Ctrl Pts',(9.32866222487396,0.370695654537133,5.59040655511773));
#13908=CARTESIAN_POINT('Ctrl Pts',(9.31295134865965,0.392203763874508,5.60611651484832));
#13909=CARTESIAN_POINT('Ctrl Pts',(9.29641404894495,0.429784776855883,5.62265259739194));
#13910=CARTESIAN_POINT('Ctrl Pts',(9.29203123479103,0.443187527376722,5.62703503122808));
#13911=CARTESIAN_POINT('Ctrl Pts',(9.28611287250789,0.470857506993579,5.6329526584014));
#13912=CARTESIAN_POINT('Ctrl Pts',(9.28457655227223,0.485124405749241,5.63448862410555));
#13913=CARTESIAN_POINT('Ctrl Pts',(9.28452582137923,0.499520485550415,5.63453899745133));
#13914=CARTESIAN_POINT('Ctrl Pts',(9.28452539607472,0.499759876583383,5.63453941681033));
#13915=CARTESIAN_POINT('Ctrl Pts',(9.28452538931668,0.499999303555952,5.63453941762197));
#13916=CARTESIAN_POINT('',(9.54492382993918,0.302046719604066,9.78501165507957));
#13917=CARTESIAN_POINT('',(9.54492382993918,0.302046719604066,4.5));
#13918=CARTESIAN_POINT('',(9.28452538931668,0.499999303555952,9.63453941762433));
#13919=CARTESIAN_POINT('Ctrl Pts',(9.28452538931668,0.499999303555952,9.63453941762433));
#13920=CARTESIAN_POINT('Ctrl Pts',(9.28452539607472,0.499759876583383,9.63453941843597));
#13921=CARTESIAN_POINT('Ctrl Pts',(9.28452582137923,0.499520485550415,9.63453983779496));
#13922=CARTESIAN_POINT('Ctrl Pts',(9.28457655227223,0.485124405749241,9.63459021114075));
#13923=CARTESIAN_POINT('Ctrl Pts',(9.28611287250789,0.470857506993579,9.6361261768449));
#13924=CARTESIAN_POINT('Ctrl Pts',(9.29203123479103,0.443187527376722,9.64204380401822));
#13925=CARTESIAN_POINT('Ctrl Pts',(9.29641404894495,0.429784776855883,9.64642623785436));
#13926=CARTESIAN_POINT('Ctrl Pts',(9.31295134865965,0.392203763874508,9.66296232039798));
#13927=CARTESIAN_POINT('Ctrl Pts',(9.32866222487396,0.370695654537133,9.67867228012857));
#13928=CARTESIAN_POINT('Ctrl Pts',(9.36870730166245,0.330835187658863,9.7187145374791));
#13929=CARTESIAN_POINT('Ctrl Pts',(9.39694144352794,0.314845131277588,9.74694744817716));
#13930=CARTESIAN_POINT('Ctrl Pts',(9.43524672667972,0.30152194242892,9.78524276504036));
#13931=CARTESIAN_POINT('Ctrl Pts',(9.44814662577418,0.298543508828333,9.79813951618136));
#13932=CARTESIAN_POINT('Ctrl Pts',(9.4649608309061,0.296009698006786,9.81493466817624));
#13933=CARTESIAN_POINT('Ctrl Pts',(9.47051194067599,0.295424271535977,9.82047855082999));
#13934=CARTESIAN_POINT('Ctrl Pts',(9.47791425941819,0.294899681036867,9.82784426695696));
#13935=CARTESIAN_POINT('Ctrl Pts',(9.48035815416298,0.294772920325689,9.83027383590307));
#13936=CARTESIAN_POINT('Ctrl Pts',(9.48377012949761,0.29465098949932,9.833621207812));
#13937=CARTESIAN_POINT('Ctrl Pts',(9.48489472308989,0.29462034162614,9.83471270881819));
#13938=CARTESIAN_POINT('Ctrl Pts',(9.48656107945059,0.294588067779651,9.8362889725609));
#13939=CARTESIAN_POINT('Ctrl Pts',(9.48711139013798,0.294579611193324,9.83679535093171));
#13940=CARTESIAN_POINT('Ctrl Pts',(9.48799899591342,0.294569815391732,9.8375436306936));
#13941=CARTESIAN_POINT('Ctrl Pts',(9.48829673351076,0.294567099828769,9.83778594593801));
#13942=CARTESIAN_POINT('Ctrl Pts',(9.48881262200738,0.294563762837128,9.83813462155722));
#13943=CARTESIAN_POINT('Ctrl Pts',(9.48899399406703,0.294562795111327,9.8382452886212));
#13944=CARTESIAN_POINT('Ctrl Pts',(9.48941280146418,0.294561214151875,9.83844582904966));
#13945=CARTESIAN_POINT('Ctrl Pts',(9.48965008667545,0.294560574872752,9.83853601558034));
#13946=CARTESIAN_POINT('Ctrl Pts',(9.49028974687697,0.294560574872752,9.83853601558034));
#13947=CARTESIAN_POINT('Ctrl Pts',(9.49052703208823,0.294561214151875,9.83844582904966));
#13948=CARTESIAN_POINT('Ctrl Pts',(9.49094583948539,0.294562795111327,9.8382452886212));
#13949=CARTESIAN_POINT('Ctrl Pts',(9.49112721154503,0.294563762837128,9.83813462155722));
#13950=CARTESIAN_POINT('Ctrl Pts',(9.49164310004166,0.294567099828769,9.83778594593801));
#13951=CARTESIAN_POINT('Ctrl Pts',(9.49194083763899,0.294569815391732,9.8375436306936));
#13952=CARTESIAN_POINT('Ctrl Pts',(9.49282844341443,0.294579611193324,9.83679535093171));
#13953=CARTESIAN_POINT('Ctrl Pts',(9.49337875410183,0.294588067779651,9.8362889725609));
#13954=CARTESIAN_POINT('Ctrl Pts',(9.49504511046252,0.29462034162614,9.83471270881819));
#13955=CARTESIAN_POINT('Ctrl Pts',(9.49616970405481,0.29465098949932,9.833621207812));
#13956=CARTESIAN_POINT('Ctrl Pts',(9.49958167938944,0.294772920325689,9.83027383590307));
#13957=CARTESIAN_POINT('Ctrl Pts',(9.50202557413422,0.294899681036867,9.82784426695696));
#13958=CARTESIAN_POINT('Ctrl Pts',(9.50942789287642,0.295424271535977,9.82047855082999));
#13959=CARTESIAN_POINT('Ctrl Pts',(9.51497900264631,0.296009698006786,9.81493466817624));
#13960=CARTESIAN_POINT('Ctrl Pts',(9.52811734213706,0.297989575528062,9.80181121648904));
#13961=CARTESIAN_POINT('Ctrl Pts',(9.53641733752994,0.299685288688418,9.79351508463396));
#13962=CARTESIAN_POINT('Ctrl Pts',(9.54492382993918,0.302046719604066,9.78501165507957));
#13963=CARTESIAN_POINT('',(9.28452538929802,0.500000007450581,4.5));
#13964=CARTESIAN_POINT('Origin',(9.48996991677621,0.500005102414117,4.5));
#13965=CARTESIAN_POINT('',(9.54490544639589,0.302041617189948,5.22365036254042));
#13966=CARTESIAN_POINT('',(9.54492382993918,0.302046719604066,5.22365036243304));
#13967=CARTESIAN_POINT('Ctrl Pts',(9.54490544639589,0.302041617189948,5.22365036254042));
#13968=CARTESIAN_POINT('Ctrl Pts',(9.5449115739528,0.302043317607498,5.22365036254042));
#13969=CARTESIAN_POINT('Ctrl Pts',(9.54491770251397,0.30204501861021,5.22365036250463));
#13970=CARTESIAN_POINT('Ctrl Pts',(9.54492382993918,0.302046719604066,5.22365036243304));
#13971=CARTESIAN_POINT('',(9.54490544639589,0.302041617189948,5.37414097691881));
#13972=CARTESIAN_POINT('',(9.54490544639589,0.302041617189948,4.5));
#13973=CARTESIAN_POINT('',(9.43503438715653,0.302041617189948,5.37414097691881));
#13974=CARTESIAN_POINT('Ctrl Pts',(9.43503438715653,0.302041617189948,5.37414097691881));
#13975=CARTESIAN_POINT('Ctrl Pts',(9.44353445158482,0.299682820866267,5.38263797883802));
#13976=CARTESIAN_POINT('Ctrl Pts',(9.45182791833439,0.297988757720377,5.39092758217579));
#13977=CARTESIAN_POINT('Ctrl Pts',(9.4649608309061,0.296009698006785,5.40404561309351));
#13978=CARTESIAN_POINT('Ctrl Pts',(9.470511940676,0.295424271535977,5.40958949574726));
#13979=CARTESIAN_POINT('Ctrl Pts',(9.47791425941819,0.294899681036867,5.41695521187423));
#13980=CARTESIAN_POINT('Ctrl Pts',(9.48035815416297,0.294772920325689,5.41938478082034));
#13981=CARTESIAN_POINT('Ctrl Pts',(9.4837701294976,0.294650989499319,5.42273215272927));
#13982=CARTESIAN_POINT('Ctrl Pts',(9.48489472308989,0.29462034162614,5.42382365373546));
#13983=CARTESIAN_POINT('Ctrl Pts',(9.48656107945059,0.294588067779651,5.42539991747817));
#13984=CARTESIAN_POINT('Ctrl Pts',(9.48711139013798,0.294579611193324,5.42590629584899));
#13985=CARTESIAN_POINT('Ctrl Pts',(9.48799899591342,0.294569815391732,5.42665457561088));
#13986=CARTESIAN_POINT('Ctrl Pts',(9.48829673351076,0.294567099828769,5.42689689085528));
#13987=CARTESIAN_POINT('Ctrl Pts',(9.48881262200738,0.294563762837128,5.42724556647449));
#13988=CARTESIAN_POINT('Ctrl Pts',(9.48899399406703,0.294562795111327,5.42735623353847));
#13989=CARTESIAN_POINT('Ctrl Pts',(9.48941280146418,0.294561214151875,5.42755677396693));
#13990=CARTESIAN_POINT('Ctrl Pts',(9.48965008667545,0.294560574872752,5.42764696049761));
#13991=CARTESIAN_POINT('Ctrl Pts',(9.49028974687697,0.294560574872752,5.42764696049761));
#13992=CARTESIAN_POINT('Ctrl Pts',(9.49052703208823,0.294561214151875,5.42755677396693));
#13993=CARTESIAN_POINT('Ctrl Pts',(9.49094583948539,0.294562795111327,5.42735623353847));
#13994=CARTESIAN_POINT('Ctrl Pts',(9.49112721154503,0.294563762837128,5.42724556647449));
#13995=CARTESIAN_POINT('Ctrl Pts',(9.49164310004166,0.294567099828769,5.42689689085528));
#13996=CARTESIAN_POINT('Ctrl Pts',(9.49194083763899,0.294569815391732,5.42665457561088));
#13997=CARTESIAN_POINT('Ctrl Pts',(9.49282844341443,0.294579611193324,5.42590629584899));
#13998=CARTESIAN_POINT('Ctrl Pts',(9.49337875410183,0.294588067779651,5.42539991747817));
#13999=CARTESIAN_POINT('Ctrl Pts',(9.49504511046253,0.29462034162614,5.42382365373546));
#14000=CARTESIAN_POINT('Ctrl Pts',(9.49616970405481,0.294650989499319,5.42273215272927));
#14001=CARTESIAN_POINT('Ctrl Pts',(9.49958167938944,0.294772920325689,5.41938478082034));
#14002=CARTESIAN_POINT('Ctrl Pts',(9.50202557413422,0.294899681036867,5.41695521187423));
#14003=CARTESIAN_POINT('Ctrl Pts',(9.50942789287642,0.295424271535977,5.40958949574726));
#14004=CARTESIAN_POINT('Ctrl Pts',(9.51497900264631,0.296009698006785,5.40404561309351));
#14005=CARTESIAN_POINT('Ctrl Pts',(9.52811191521803,0.297988757720377,5.39092758217579));
#14006=CARTESIAN_POINT('Ctrl Pts',(9.5364053819676,0.299682820866268,5.38263797883802));
#14007=CARTESIAN_POINT('Ctrl Pts',(9.54490544639589,0.302041617189948,5.37414097691881));
#14008=CARTESIAN_POINT('',(9.43503438715653,0.302041617189948,5.22365036254042));
#14009=CARTESIAN_POINT('',(9.43503438715653,0.302041617189948,4.5));
#14010=CARTESIAN_POINT('',(9.41268905249826,0.309649850547644,4.98142807619243));
#14011=CARTESIAN_POINT('Ctrl Pts',(9.41268905249826,0.309649850547643,4.98142807619243));
#14012=CARTESIAN_POINT('Ctrl Pts',(9.39539405303487,0.316671314327143,4.98186960197188));
#14013=CARTESIAN_POINT('Ctrl Pts',(9.37930723892446,0.32605583988577,4.98309388661309));
#14014=CARTESIAN_POINT('Ctrl Pts',(9.3506680164632,0.347841190529433,4.98955081889543));
#14015=CARTESIAN_POINT('Ctrl Pts',(9.33559271474781,0.363487634205574,4.9966406432114));
#14016=CARTESIAN_POINT('Ctrl Pts',(9.3163067115135,0.389097024711568,5.01653534757901));
#14017=CARTESIAN_POINT('Ctrl Pts',(9.30939513669366,0.401564399700135,5.03067099323606));
#14018=CARTESIAN_POINT('Ctrl Pts',(9.30107663789245,0.41865935126774,5.06430154752734));
#14019=CARTESIAN_POINT('Ctrl Pts',(9.29939310030874,0.423272248161077,5.08373489930046));
#14020=CARTESIAN_POINT('Ctrl Pts',(9.29939310030874,0.423272248161077,5.12110456383812));
#14021=CARTESIAN_POINT('Ctrl Pts',(9.30107663789245,0.41865935126774,5.14053791561124));
#14022=CARTESIAN_POINT('Ctrl Pts',(9.30939513669366,0.401564399700135,5.17416846990252));
#14023=CARTESIAN_POINT('Ctrl Pts',(9.3163067115135,0.389097024711568,5.18830411555957));
#14024=CARTESIAN_POINT('Ctrl Pts',(9.33559271474781,0.363487634205574,5.20819881992718));
#14025=CARTESIAN_POINT('Ctrl Pts',(9.3506680164632,0.347841190529433,5.21528864424315));
#14026=CARTESIAN_POINT('Ctrl Pts',(9.38228875879787,0.323787850383566,5.22241778304042));
#14027=CARTESIAN_POINT('Ctrl Pts',(9.40252505721135,0.312707428217572,5.22340126766407));
#14028=CARTESIAN_POINT('Ctrl Pts',(9.42772368544789,0.304180273705611,5.22363764781216));
#14029=CARTESIAN_POINT('Ctrl Pts',(9.4313672278336,0.303059266173933,5.22365036254042));
#14030=CARTESIAN_POINT('Ctrl Pts',(9.43503438715653,0.302041617189948,5.22365036254042));
#14031=CARTESIAN_POINT('',(9.54492382993918,0.302046719604066,4.97822423572472));
#14032=CARTESIAN_POINT('Ctrl Pts',(9.54492382993918,0.302046719604067,4.97822423572472));
#14033=CARTESIAN_POINT('Ctrl Pts',(9.52676113111744,0.297004693296884,4.97605044579606));
#14034=CARTESIAN_POINT('Ctrl Pts',(9.50799730308794,0.294560574872752,4.9749238117497));
#14035=CARTESIAN_POINT('Ctrl Pts',(9.46442825569406,0.294560574872752,4.9749238117497));
#14036=CARTESIAN_POINT('Ctrl Pts',(9.43745416609151,0.29959565260111,4.97728874187055));
#14037=CARTESIAN_POINT('Ctrl Pts',(9.41268905249826,0.309649850547644,4.98142807619243));
#14038=CARTESIAN_POINT('',(9.54492382993918,0.302046719604066,4.5));
#14039=CARTESIAN_POINT('Origin',(9.54492382993918,0.302046719604066,4.5));
#14040=CARTESIAN_POINT('',(9.69541444431757,0.302046719604066,5.48406718016673));
#14041=CARTESIAN_POINT('',(10.4000001773238,0.302046719604066,5.48406718016673));
#14042=CARTESIAN_POINT('',(9.69541444431757,0.302046719604066,9.78501165507957));
#14043=CARTESIAN_POINT('',(9.69541444431757,0.302046719604066,4.5));
#14044=CARTESIAN_POINT('',(10.4000001773238,0.302046719604066,9.78501165507957));
#14045=CARTESIAN_POINT('Origin',(9.54492382993918,0.302046719604066,4.5));
#14046=CARTESIAN_POINT('',(9.69541444431757,0.302046719604066,5.22365036243304));
#14047=CARTESIAN_POINT('',(10.4000001773238,0.302046719604066,5.22365036243304));
#14048=CARTESIAN_POINT('',(9.69541444431757,0.302046719604066,4.97822423572472));
#14049=CARTESIAN_POINT('',(10.4000001773238,0.302046719604066,4.97822423572472));
#14050=CARTESIAN_POINT('',(9.69541444431757,0.302046719604066,4.5));
#14051=CARTESIAN_POINT('Origin',(9.8166450752887,0.302046719604066,4.5));
#14052=CARTESIAN_POINT('',(9.93763673066556,0.309654952961747,4.98142839715197));
#14053=CARTESIAN_POINT('',(9.93763673066556,0.309654952961747,5.22341106598661));
#14054=CARTESIAN_POINT('Ctrl Pts',(9.93763673066556,0.309654952961747,4.98142839715197));
#14055=CARTESIAN_POINT('Ctrl Pts',(9.93728386156905,0.315266533746811,4.98178150383464));
#14056=CARTESIAN_POINT('Ctrl Pts',(9.93653674423711,0.320866791604919,4.98252886131667));
#14057=CARTESIAN_POINT('Ctrl Pts',(9.93374395683264,0.334514217605006,4.98532225976338));
#14058=CARTESIAN_POINT('Ctrl Pts',(9.93123610587178,0.342429119217986,4.98783048808713));
#14059=CARTESIAN_POINT('Ctrl Pts',(9.92170316750486,0.364653161697097,4.99736463155878));
#14060=CARTESIAN_POINT('Ctrl Pts',(9.91256857763817,0.377418131141081,5.00650012621436));
#14061=CARTESIAN_POINT('Ctrl Pts',(9.88900608394978,0.401341129767053,5.03006540439108));
#14062=CARTESIAN_POINT('Ctrl Pts',(9.87223585070967,0.410979754913459,5.04683703783232));
#14063=CARTESIAN_POINT('Ctrl Pts',(9.84943615862741,0.419036399762889,5.0696462710475));
#14064=CARTESIAN_POINT('Ctrl Pts',(9.84176711205434,0.420837915742031,5.07731853171535));
#14065=CARTESIAN_POINT('Ctrl Pts',(9.83175596998407,0.422379287022091,5.08734817422631));
#14066=CARTESIAN_POINT('Ctrl Pts',(9.82846433296499,0.422735538585255,5.09064688605854));
#14067=CARTESIAN_POINT('Ctrl Pts',(9.82407222095026,0.423058530543526,5.09507386684821));
#14068=CARTESIAN_POINT('Ctrl Pts',(9.82264248466093,0.42313666547717,5.0965349159993));
#14069=CARTESIAN_POINT('Ctrl Pts',(9.82063366112069,0.423213408562051,5.09857681819695));
#14070=CARTESIAN_POINT('Ctrl Pts',(9.81999102378353,0.423232802363742,5.09925431171054));
#14071=CARTESIAN_POINT('Ctrl Pts',(9.81905510473752,0.423253781047651,5.10027578186882));
#14072=CARTESIAN_POINT('Ctrl Pts',(9.81875482002558,0.423259346602952,5.10061238417949));
#14073=CARTESIAN_POINT('Ctrl Pts',(9.81831413200615,0.423265950111728,5.10117015579782));
#14074=CARTESIAN_POINT('Ctrl Pts',(9.8181773026297,0.423267798454552,5.10136342173357));
#14075=CARTESIAN_POINT('Ctrl Pts',(9.81796917660321,0.423270123002255,5.10168952313294));
#14076=CARTESIAN_POINT('Ctrl Pts',(9.81790922821756,0.423270775849617,5.10180811327824));
#14077=CARTESIAN_POINT('Ctrl Pts',(9.81780147750432,0.423271843213041,5.10207721198977));
#14078=CARTESIAN_POINT('Ctrl Pts',(9.81775733053429,0.423272248161077,5.10222916988299));
#14079=CARTESIAN_POINT('Ctrl Pts',(9.81775733053429,0.423272248161077,5.10261029325559));
#14080=CARTESIAN_POINT('Ctrl Pts',(9.81780147750432,0.423271843213041,5.10276225114881));
#14081=CARTESIAN_POINT('Ctrl Pts',(9.81790922821756,0.423270775849617,5.10303134986034));
#14082=CARTESIAN_POINT('Ctrl Pts',(9.81796917660321,0.423270123002255,5.10314994000564));
#14083=CARTESIAN_POINT('Ctrl Pts',(9.8181773026297,0.423267798454552,5.10347604140501));
#14084=CARTESIAN_POINT('Ctrl Pts',(9.81831413200615,0.423265950111728,5.10366930734076));
#14085=CARTESIAN_POINT('Ctrl Pts',(9.81875482002558,0.423259346602952,5.10422707895909));
#14086=CARTESIAN_POINT('Ctrl Pts',(9.81905510473752,0.423253781047651,5.10456368126976));
#14087=CARTESIAN_POINT('Ctrl Pts',(9.81999102378353,0.423232802363742,5.10558515142804));
#14088=CARTESIAN_POINT('Ctrl Pts',(9.82063366112069,0.423213408562051,5.10626264494163));
#14089=CARTESIAN_POINT('Ctrl Pts',(9.82264248466094,0.42313666547717,5.10830454713928));
#14090=CARTESIAN_POINT('Ctrl Pts',(9.82407222095026,0.423058530543526,5.10976559629037));
#14091=CARTESIAN_POINT('Ctrl Pts',(9.82846433296499,0.422735538585255,5.11419257708004));
#14092=CARTESIAN_POINT('Ctrl Pts',(9.83175596998407,0.422379287022091,5.11749128891227));
#14093=CARTESIAN_POINT('Ctrl Pts',(9.84176711205434,0.420837915742031,5.12752093142323));
#14094=CARTESIAN_POINT('Ctrl Pts',(9.84943615862741,0.419036399762889,5.13519319209107));
#14095=CARTESIAN_POINT('Ctrl Pts',(9.87223585070967,0.410979754913459,5.15800242530626));
#14096=CARTESIAN_POINT('Ctrl Pts',(9.88900608394978,0.401341129767053,5.1747740587475));
#14097=CARTESIAN_POINT('Ctrl Pts',(9.91256857763817,0.377418131141081,5.19833933692422));
#14098=CARTESIAN_POINT('Ctrl Pts',(9.92170316750486,0.364653161697097,5.2074748315798));
#14099=CARTESIAN_POINT('Ctrl Pts',(9.93123610587178,0.342429119217986,5.21700897505145));
#14100=CARTESIAN_POINT('Ctrl Pts',(9.93374395683264,0.334514217605006,5.2195172033752));
#14101=CARTESIAN_POINT('Ctrl Pts',(9.93653674423711,0.320866791604919,5.22231060182191));
#14102=CARTESIAN_POINT('Ctrl Pts',(9.93728386156905,0.315266533746811,5.22305795930394));
#14103=CARTESIAN_POINT('Ctrl Pts',(9.93763673066556,0.309654952961747,5.22341106598661));
#14104=CARTESIAN_POINT('',(9.93763673066556,0.309654952961747,4.5));
#14105=CARTESIAN_POINT('Origin',(9.8166450752887,0.302046719604066,4.5));
#14106=CARTESIAN_POINT('',(9.93763673066556,0.309654952961747,9.76267794950635));
#14107=CARTESIAN_POINT('Ctrl Pts',(9.69541444431757,0.302046719604066,9.78501165507957));
#14108=CARTESIAN_POINT('Ctrl Pts',(9.69541444431757,0.303758223973612,9.77884858812638));
#14109=CARTESIAN_POINT('Ctrl Pts',(9.69544989521292,0.305762716661456,9.77275080755926));
#14110=CARTESIAN_POINT('Ctrl Pts',(9.69601018765278,0.317075824391399,9.74308915466407));
#14111=CARTESIAN_POINT('Ctrl Pts',(9.69770132825218,0.330690952280561,9.72132831794166));
#14112=CARTESIAN_POINT('Ctrl Pts',(9.70824239631161,0.357760035492254,9.69068995605783));
#14113=CARTESIAN_POINT('Ctrl Pts',(9.71707563358492,0.373124096930978,9.67775582784001));
#14114=CARTESIAN_POINT('Ctrl Pts',(9.73841450851162,0.395824954622881,9.6624365461659));
#14115=CARTESIAN_POINT('Ctrl Pts',(9.75197262504143,0.405971571193587,9.65716270575137));
#14116=CARTESIAN_POINT('Ctrl Pts',(9.78288524323049,0.419703792690053,9.65072893321221));
#14117=CARTESIAN_POINT('Ctrl Pts',(9.80021032030927,0.423277350575195,9.64940302019579));
#14118=CARTESIAN_POINT('Ctrl Pts',(9.83307983026813,0.423277350575195,9.64940302019579));
#14119=CARTESIAN_POINT('Ctrl Pts',(9.85040490734691,0.419703792690053,9.65072893321221));
#14120=CARTESIAN_POINT('Ctrl Pts',(9.88131752553597,0.405971571193587,9.65716270575137));
#14121=CARTESIAN_POINT('Ctrl Pts',(9.89487564206578,0.395824954622881,9.6624365461659));
#14122=CARTESIAN_POINT('Ctrl Pts',(9.91621451699248,0.373124096930978,9.67775582784001));
#14123=CARTESIAN_POINT('Ctrl Pts',(9.92504775426579,0.357760035492254,9.69068995605783));
#14124=CARTESIAN_POINT('Ctrl Pts',(9.93524294907489,0.331579142333148,9.72032301281034));
#14125=CARTESIAN_POINT('Ctrl Pts',(9.93707223771925,0.318631929982814,9.74057457836691));
#14126=CARTESIAN_POINT('Ctrl Pts',(9.93763673066556,0.309654952961747,9.76267794950635));
#14127=CARTESIAN_POINT('',(9.93763673066556,0.309654952961747,5.50640088573995));
#14128=CARTESIAN_POINT('Ctrl Pts',(9.93763673066556,0.309654952961748,5.50640088573995));
#14129=CARTESIAN_POINT('Ctrl Pts',(9.93707223772044,0.318631929963888,5.52850425683279));
#14130=CARTESIAN_POINT('Ctrl Pts',(9.93524294907409,0.3315791423352,5.54875582243828));
#14131=CARTESIAN_POINT('Ctrl Pts',(9.92504775426579,0.357760035492254,5.57838887918847));
#14132=CARTESIAN_POINT('Ctrl Pts',(9.91621451699248,0.373124096930978,5.59132300740629));
#14133=CARTESIAN_POINT('Ctrl Pts',(9.89487564206578,0.395824954622881,5.6066422890804));
#14134=CARTESIAN_POINT('Ctrl Pts',(9.88131752553597,0.405971571193587,5.61191612949492));
#14135=CARTESIAN_POINT('Ctrl Pts',(9.85040490734691,0.419703792690053,5.61834990203409));
#14136=CARTESIAN_POINT('Ctrl Pts',(9.83307983026813,0.423277350575195,5.6196758150505));
#14137=CARTESIAN_POINT('Ctrl Pts',(9.80021032030927,0.423277350575195,5.6196758150505));
#14138=CARTESIAN_POINT('Ctrl Pts',(9.78288524323049,0.419703792690053,5.61834990203409));
#14139=CARTESIAN_POINT('Ctrl Pts',(9.75197262504143,0.405971571193587,5.61191612949492));
#14140=CARTESIAN_POINT('Ctrl Pts',(9.73841450851162,0.395824954622881,5.6066422890804));
#14141=CARTESIAN_POINT('Ctrl Pts',(9.71707563358492,0.373124096930978,5.59132300740629));
#14142=CARTESIAN_POINT('Ctrl Pts',(9.70824239631161,0.357760035492254,5.57838887918847));
#14143=CARTESIAN_POINT('Ctrl Pts',(9.69770132825218,0.330690952280561,5.54775051730464));
#14144=CARTESIAN_POINT('Ctrl Pts',(9.69601018765278,0.317075824391399,5.52598968058223));
#14145=CARTESIAN_POINT('Ctrl Pts',(9.69544989521292,0.305762716661457,5.49632802768704));
#14146=CARTESIAN_POINT('Ctrl Pts',(9.69541444431757,0.303758223973612,5.49023024711992));
#14147=CARTESIAN_POINT('Ctrl Pts',(9.69541444431757,0.302046719604066,5.48406718016673));
#14148=CARTESIAN_POINT('',(9.93763673066556,0.309654952961747,4.5));
#14149=CARTESIAN_POINT('Origin',(9.8166450752887,0.302046719604066,4.5));
#14150=CARTESIAN_POINT('',(9.69565309916833,0.309649850547643,10.2876507590539));
#14151=CARTESIAN_POINT('',(9.69541444431757,0.302046719604066,10.0454284728133));
#14152=CARTESIAN_POINT('Ctrl Pts',(9.69565309916833,0.309649850547643,10.2876507590539));
#14153=CARTESIAN_POINT('Ctrl Pts',(9.69600583796438,0.315263138587226,10.2872977826013));
#14154=CARTESIAN_POINT('Ctrl Pts',(9.69675306574959,0.320865127251114,10.2865503145948));
#14155=CARTESIAN_POINT('Ctrl Pts',(9.69954619374476,0.334514217604997,10.2837565754829));
#14156=CARTESIAN_POINT('Ctrl Pts',(9.70205404470562,0.342429119217977,10.2812483471592));
#14157=CARTESIAN_POINT('Ctrl Pts',(9.71158698307253,0.364653161697088,10.2717142036875));
#14158=CARTESIAN_POINT('Ctrl Pts',(9.72072157293923,0.377418131141073,10.2625787090319));
#14159=CARTESIAN_POINT('Ctrl Pts',(9.74428406662762,0.401341129767047,10.2390134308552));
#14160=CARTESIAN_POINT('Ctrl Pts',(9.76105429986772,0.410979754913454,10.222241797414));
#14161=CARTESIAN_POINT('Ctrl Pts',(9.78385399194998,0.419036399762886,10.1994325641988));
#14162=CARTESIAN_POINT('Ctrl Pts',(9.79152303852306,0.420837915742029,10.191760303531));
#14163=CARTESIAN_POINT('Ctrl Pts',(9.80153418059332,0.42237928702209,10.18173066102));
#14164=CARTESIAN_POINT('Ctrl Pts',(9.8048258176124,0.422735538585253,10.1784319491878));
#14165=CARTESIAN_POINT('Ctrl Pts',(9.80921792962713,0.423058530543525,10.1740049683981));
#14166=CARTESIAN_POINT('Ctrl Pts',(9.81064766591645,0.42313666547717,10.172543919247));
#14167=CARTESIAN_POINT('Ctrl Pts',(9.8126564894567,0.423213408562051,10.1705020170494));
#14168=CARTESIAN_POINT('Ctrl Pts',(9.81329912679386,0.423232802363741,10.1698245235358));
#14169=CARTESIAN_POINT('Ctrl Pts',(9.81423504583987,0.423253781047651,10.1688030533775));
#14170=CARTESIAN_POINT('Ctrl Pts',(9.81453533055181,0.423259346602952,10.1684664510668));
#14171=CARTESIAN_POINT('Ctrl Pts',(9.81497601857124,0.423265950111728,10.1679086794485));
#14172=CARTESIAN_POINT('Ctrl Pts',(9.81511284794769,0.423267798454552,10.1677154135127));
#14173=CARTESIAN_POINT('Ctrl Pts',(9.81532097397418,0.423270123002255,10.1673893121134));
#14174=CARTESIAN_POINT('Ctrl Pts',(9.81538092235983,0.423270775849617,10.1672707219681));
#14175=CARTESIAN_POINT('Ctrl Pts',(9.81548867307307,0.423271843213041,10.1670016232565));
#14176=CARTESIAN_POINT('Ctrl Pts',(9.8155328200431,0.423272248161077,10.1668496653633));
#14177=CARTESIAN_POINT('Ctrl Pts',(9.8155328200431,0.423272248161077,10.166659103677));
#14178=CARTESIAN_POINT('Ctrl Pts',(9.8155328200431,0.423272248161077,10.1664685419907));
#14179=CARTESIAN_POINT('Ctrl Pts',(9.81548867307307,0.423271843213041,10.1663165840975));
#14180=CARTESIAN_POINT('Ctrl Pts',(9.81538092235983,0.423270775849617,10.166047485386));
#14181=CARTESIAN_POINT('Ctrl Pts',(9.81532097397418,0.423270123002255,10.1659288952407));
#14182=CARTESIAN_POINT('Ctrl Pts',(9.81511284794769,0.423267798454552,10.1656027938413));
#14183=CARTESIAN_POINT('Ctrl Pts',(9.81497601857124,0.423265950111728,10.1654095279055));
#14184=CARTESIAN_POINT('Ctrl Pts',(9.81453533055181,0.423259346602952,10.1648517562872));
#14185=CARTESIAN_POINT('Ctrl Pts',(9.81423504583987,0.423253781047651,10.1645151539765));
#14186=CARTESIAN_POINT('Ctrl Pts',(9.81329912679386,0.423232802363742,10.1634936838183));
#14187=CARTESIAN_POINT('Ctrl Pts',(9.8126564894567,0.423213408562051,10.1628161903047));
#14188=CARTESIAN_POINT('Ctrl Pts',(9.81064766591645,0.42313666547717,10.160774288107));
#14189=CARTESIAN_POINT('Ctrl Pts',(9.80921792962713,0.423058530543525,10.1593132389559));
#14190=CARTESIAN_POINT('Ctrl Pts',(9.8048258176124,0.422735538585253,10.1548862581662));
#14191=CARTESIAN_POINT('Ctrl Pts',(9.80153418059332,0.42237928702209,10.151587546334));
#14192=CARTESIAN_POINT('Ctrl Pts',(9.79152303852306,0.420837915742029,10.1415579038231));
#14193=CARTESIAN_POINT('Ctrl Pts',(9.78385399194998,0.419036399762886,10.1338856431552));
#14194=CARTESIAN_POINT('Ctrl Pts',(9.76105429986772,0.410979754913454,10.11107640994));
#14195=CARTESIAN_POINT('Ctrl Pts',(9.74428406662762,0.401341129767047,10.0943047764988));
#14196=CARTESIAN_POINT('Ctrl Pts',(9.72072157293923,0.377418131141073,10.0707394983221));
#14197=CARTESIAN_POINT('Ctrl Pts',(9.71158698307253,0.364653161697088,10.0616040036665));
#14198=CARTESIAN_POINT('Ctrl Pts',(9.70205404470562,0.342429119217977,10.0520698601948));
#14199=CARTESIAN_POINT('Ctrl Pts',(9.69954619374476,0.334514217604997,10.0495616318711));
#14200=CARTESIAN_POINT('Ctrl Pts',(9.69624536405961,0.3183841574383,10.0462600799876));
#14201=CARTESIAN_POINT('Ctrl Pts',(9.69541444431757,0.310179782908777,10.0454288151216));
#14202=CARTESIAN_POINT('Ctrl Pts',(9.69541444431757,0.302046719604066,10.0454284728133));
#14203=CARTESIAN_POINT('',(9.69541444431757,0.302046719604066,10.2908545995216));
#14204=CARTESIAN_POINT('Ctrl Pts',(9.69541444431757,0.302046719604066,10.2908545995216));
#14205=CARTESIAN_POINT('Ctrl Pts',(9.69541444431757,0.30454529550099,10.2897773780257));
#14206=CARTESIAN_POINT('Ctrl Pts',(9.69549182635873,0.307083445197994,10.2887073535037));
#14207=CARTESIAN_POINT('Ctrl Pts',(9.69565309916833,0.309649850547643,10.2876507590539));
#14208=CARTESIAN_POINT('',(9.69541444431757,0.302046719604066,4.5));
#14209=CARTESIAN_POINT('Origin',(9.8166450752887,0.302046719604066,4.5));
#14210=CARTESIAN_POINT('',(9.69565309916833,0.309649850547644,4.98142807619243));
#14211=CARTESIAN_POINT('Ctrl Pts',(9.69541444431757,0.302046719604066,5.22365036243304));
#14212=CARTESIAN_POINT('Ctrl Pts',(9.69541444431757,0.310179782908779,5.22365002012469));
#14213=CARTESIAN_POINT('Ctrl Pts',(9.69624536405961,0.318384157438305,5.22281875525867));
#14214=CARTESIAN_POINT('Ctrl Pts',(9.69954619374476,0.334514217605006,5.2195172033752));
#14215=CARTESIAN_POINT('Ctrl Pts',(9.70205404470562,0.342429119217986,5.21700897505145));
#14216=CARTESIAN_POINT('Ctrl Pts',(9.71158698307254,0.364653161697097,5.2074748315798));
#14217=CARTESIAN_POINT('Ctrl Pts',(9.72072157293924,0.377418131141081,5.19833933692422));
#14218=CARTESIAN_POINT('Ctrl Pts',(9.74428406662762,0.401341129767053,5.1747740587475));
#14219=CARTESIAN_POINT('Ctrl Pts',(9.76105429986773,0.410979754913459,5.15800242530626));
#14220=CARTESIAN_POINT('Ctrl Pts',(9.78385399194999,0.419036399762889,5.13519319209107));
#14221=CARTESIAN_POINT('Ctrl Pts',(9.79152303852307,0.420837915742031,5.12752093142323));
#14222=CARTESIAN_POINT('Ctrl Pts',(9.80153418059333,0.422379287022091,5.11749128891227));
#14223=CARTESIAN_POINT('Ctrl Pts',(9.80482581761241,0.422735538585255,5.11419257708004));
#14224=CARTESIAN_POINT('Ctrl Pts',(9.80921792962714,0.423058530543526,5.10976559629037));
#14225=CARTESIAN_POINT('Ctrl Pts',(9.81064766591647,0.42313666547717,5.10830454713928));
#14226=CARTESIAN_POINT('Ctrl Pts',(9.81265648945671,0.423213408562051,5.10626264494163));
#14227=CARTESIAN_POINT('Ctrl Pts',(9.81329912679388,0.423232802363742,5.10558515142804));
#14228=CARTESIAN_POINT('Ctrl Pts',(9.81423504583989,0.423253781047651,5.10456368126976));
#14229=CARTESIAN_POINT('Ctrl Pts',(9.81453533055182,0.423259346602952,5.10422707895908));
#14230=CARTESIAN_POINT('Ctrl Pts',(9.81497601857126,0.423265950111728,5.10366930734076));
#14231=CARTESIAN_POINT('Ctrl Pts',(9.8151128479477,0.423267798454552,5.10347604140501));
#14232=CARTESIAN_POINT('Ctrl Pts',(9.81532097397419,0.423270123002255,5.10314994000564));
#14233=CARTESIAN_POINT('Ctrl Pts',(9.81538092235984,0.423270775849617,5.10303134986034));
#14234=CARTESIAN_POINT('Ctrl Pts',(9.81548867307308,0.423271843213041,5.10276225114881));
#14235=CARTESIAN_POINT('Ctrl Pts',(9.81553282004311,0.423272248161077,5.10261029325559));
#14236=CARTESIAN_POINT('Ctrl Pts',(9.81553282004311,0.423272248161077,5.10241973156929));
#14237=CARTESIAN_POINT('Ctrl Pts',(9.81553282004311,0.423272248161077,5.10222916988299));
#14238=CARTESIAN_POINT('Ctrl Pts',(9.81548867307308,0.423271843213041,5.10207721198977));
#14239=CARTESIAN_POINT('Ctrl Pts',(9.81538092235985,0.423270775849617,5.10180811327824));
#14240=CARTESIAN_POINT('Ctrl Pts',(9.81532097397419,0.423270123002255,5.10168952313294));
#14241=CARTESIAN_POINT('Ctrl Pts',(9.8151128479477,0.423267798454552,5.10136342173357));
#14242=CARTESIAN_POINT('Ctrl Pts',(9.81497601857126,0.423265950111728,5.10117015579783));
#14243=CARTESIAN_POINT('Ctrl Pts',(9.81453533055182,0.423259346602952,5.1006123841795));
#14244=CARTESIAN_POINT('Ctrl Pts',(9.81423504583988,0.423253781047651,5.10027578186882));
#14245=CARTESIAN_POINT('Ctrl Pts',(9.81329912679388,0.423232802363742,5.09925431171054));
#14246=CARTESIAN_POINT('Ctrl Pts',(9.81265648945671,0.423213408562051,5.09857681819695));
#14247=CARTESIAN_POINT('Ctrl Pts',(9.81064766591647,0.42313666547717,5.0965349159993));
#14248=CARTESIAN_POINT('Ctrl Pts',(9.80921792962714,0.423058530543526,5.09507386684821));
#14249=CARTESIAN_POINT('Ctrl Pts',(9.80482581761241,0.422735538585255,5.09064688605854));
#14250=CARTESIAN_POINT('Ctrl Pts',(9.80153418059333,0.422379287022091,5.08734817422631));
#14251=CARTESIAN_POINT('Ctrl Pts',(9.79152303852307,0.420837915742031,5.07731853171535));
#14252=CARTESIAN_POINT('Ctrl Pts',(9.78385399194999,0.419036399762889,5.0696462710475));
#14253=CARTESIAN_POINT('Ctrl Pts',(9.76105429986773,0.410979754913459,5.04683703783232));
#14254=CARTESIAN_POINT('Ctrl Pts',(9.74428406662762,0.401341129767053,5.03006540439108));
#14255=CARTESIAN_POINT('Ctrl Pts',(9.72072157293924,0.377418131141081,5.00650012621436));
#14256=CARTESIAN_POINT('Ctrl Pts',(9.71158698307254,0.364653161697097,4.99736463155878));
#14257=CARTESIAN_POINT('Ctrl Pts',(9.70205404470562,0.342429119217986,4.98783048808713));
#14258=CARTESIAN_POINT('Ctrl Pts',(9.69954619374476,0.334514217605005,4.98532225976338));
#14259=CARTESIAN_POINT('Ctrl Pts',(9.69675306574959,0.320865127251118,4.98252852065145));
#14260=CARTESIAN_POINT('Ctrl Pts',(9.69600583796438,0.315263138587228,4.98178105264503));
#14261=CARTESIAN_POINT('Ctrl Pts',(9.69565309916833,0.309649850547644,4.98142807619243));
#14262=CARTESIAN_POINT('Ctrl Pts',(9.69565309916833,0.309649850547644,4.98142807619243));
#14263=CARTESIAN_POINT('Ctrl Pts',(9.69549182635873,0.307083445197996,4.98037148174261));
#14264=CARTESIAN_POINT('Ctrl Pts',(9.69541444431757,0.30454529550099,4.97930145722056));
#14265=CARTESIAN_POINT('Ctrl Pts',(9.69541444431757,0.302046719604066,4.97822423572472));
#14266=CARTESIAN_POINT('Origin',(10.3999859716117,0.500005102414117,4.5));
#14267=CARTESIAN_POINT('',(9.94084497091811,0.302041617189948,10.0454284727059));
#14268=CARTESIAN_POINT('',(9.93763673066556,0.309654952961747,10.0456677692597));
#14269=CARTESIAN_POINT('Ctrl Pts',(9.94084497091811,0.302041617189948,10.0454284727059));
#14270=CARTESIAN_POINT('Ctrl Pts',(9.93976625623995,0.304543503516283,10.0454284727059));
#14271=CARTESIAN_POINT('Ctrl Pts',(9.93869475685439,0.307085070002831,10.0455060603079));
#14272=CARTESIAN_POINT('Ctrl Pts',(9.93763673066556,0.309654952961747,10.0456677692597));
#14273=CARTESIAN_POINT('',(9.94084497091811,0.302041617189948,9.89493785832749));
#14274=CARTESIAN_POINT('',(9.94084497091811,0.302041617189948,4.5));
#14275=CARTESIAN_POINT('Ctrl Pts',(9.93763673066556,0.309654952961748,9.76267794950635));
#14276=CARTESIAN_POINT('Ctrl Pts',(9.94177879426391,0.299594125764304,9.78745000773853));
#14277=CARTESIAN_POINT('Ctrl Pts',(9.94414559434004,0.294555472458635,9.81443362128567));
#14278=CARTESIAN_POINT('Ctrl Pts',(9.94414559434004,0.294555472458635,9.83998394516451));
#14279=CARTESIAN_POINT('Ctrl Pts',(9.94414559434004,0.294555472458635,9.85801134297518));
#14280=CARTESIAN_POINT('Ctrl Pts',(9.94301889240892,0.296999593972445,9.87677517063558));
#14281=CARTESIAN_POINT('Ctrl Pts',(9.94084497091811,0.302041617189948,9.89493785832749));
#14282=CARTESIAN_POINT('',(9.94084497091811,0.302041617189948,5.37414097691881));
#14283=CARTESIAN_POINT('Ctrl Pts',(9.94084497091811,0.302041617189948,5.37414097691881));
#14284=CARTESIAN_POINT('Ctrl Pts',(9.94301889236285,0.29699959407928,5.39230366422588));
#14285=CARTESIAN_POINT('Ctrl Pts',(9.94414559434004,0.294555472458635,5.41106749257841));
#14286=CARTESIAN_POINT('Ctrl Pts',(9.94414559434004,0.294555472458635,5.42909489008178));
#14287=CARTESIAN_POINT('Ctrl Pts',(9.94414559434004,0.294555472458635,5.45464521396415));
#14288=CARTESIAN_POINT('Ctrl Pts',(9.94177879428699,0.299594125708252,5.48162882736975));
#14289=CARTESIAN_POINT('Ctrl Pts',(9.93763673066556,0.309654952961747,5.50640088573995));
#14290=CARTESIAN_POINT('',(9.94084497091811,0.302041617189948,5.22365036254042));
#14291=CARTESIAN_POINT('',(9.94084497091811,0.302041617189948,4.5));
#14292=CARTESIAN_POINT('Ctrl Pts',(9.93763673066556,0.309654952961747,5.22341106598661));
#14293=CARTESIAN_POINT('Ctrl Pts',(9.93869475685439,0.307085070002831,5.22357277493837));
#14294=CARTESIAN_POINT('Ctrl Pts',(9.93976625623995,0.304543503516283,5.22365036254042));
#14295=CARTESIAN_POINT('Ctrl Pts',(9.94084497091811,0.302041617189948,5.22365036254042));
#14296=CARTESIAN_POINT('',(9.93763883137305,0.309649850547644,4.98142807619243));
#14297=CARTESIAN_POINT('Ctrl Pts',(9.93763883137305,0.309649850547644,4.98142807619243));
#14298=CARTESIAN_POINT('Ctrl Pts',(9.93763813119394,0.309651551187905,4.9814281831326));
#14299=CARTESIAN_POINT('Ctrl Pts',(9.93763743083292,0.309653252296691,4.98142829013824));
#14300=CARTESIAN_POINT('Ctrl Pts',(9.93763673066556,0.309654952961747,4.98142839715197));
#14301=CARTESIAN_POINT('',(10.3999859716117,5.10241411699752E-6,4.52133768187287));
#14302=CARTESIAN_POINT('Ctrl Pts',(10.3999859716117,5.10241411699752E-6,
4.52133768187287));
#14303=CARTESIAN_POINT('Ctrl Pts',(10.3995952309501,5.10241411699747E-6,
4.52133768187287));
#14304=CARTESIAN_POINT('Ctrl Pts',(10.3992856703363,5.51439043278467E-6,
4.52142900806656));
#14305=CARTESIAN_POINT('Ctrl Pts',(10.3987377363088,6.58876223677173E-6,
4.5216487324204));
#14306=CARTESIAN_POINT('Ctrl Pts',(10.3984993614027,7.26243096879968E-6,
4.52177712680365));
#14307=CARTESIAN_POINT('Ctrl Pts',(10.3978276245369,9.56006744851623E-6,
4.52218249980318));
#14308=CARTESIAN_POINT('Ctrl Pts',(10.3974456045916,1.14170474817759E-5,
4.52247065048158));
#14309=CARTESIAN_POINT('Ctrl Pts',(10.3963255951837,1.7942366264237E-5,
4.52335539138336));
#14310=CARTESIAN_POINT('Ctrl Pts',(10.3956565480771,2.3380959362046E-5,
4.5239517457147));
#14311=CARTESIAN_POINT('Ctrl Pts',(10.3936399302907,4.35957821038976E-5,
4.52579709804166));
#14312=CARTESIAN_POINT('Ctrl Pts',(10.3923334713644,6.19277727173106E-5,
4.52705122138577));
#14313=CARTESIAN_POINT('Ctrl Pts',(10.3883783816732,0.000132900303998759,
4.53088656960611));
#14314=CARTESIAN_POINT('Ctrl Pts',(10.3856392270205,0.000203427171157994,
4.53359778404461));
#14315=CARTESIAN_POINT('Ctrl Pts',(10.377404373076,0.00048508726947308,
4.54176162283007));
#14316=CARTESIAN_POINT('Ctrl Pts',(10.3714021930798,0.00078655012887499,
4.54774889721597));
#14317=CARTESIAN_POINT('Ctrl Pts',(10.3533967785136,0.00203499743371849,
4.56571599106309));
#14318=CARTESIAN_POINT('Ctrl Pts',(10.33978716825,0.00344992365870198,4.57931830008257));
#14319=CARTESIAN_POINT('Ctrl Pts',(10.2987869513249,0.00957411068721681,
4.62029898703686));
#14320=CARTESIAN_POINT('Ctrl Pts',(10.26723037858,0.0168245083512591,4.65185281333035));
#14321=CARTESIAN_POINT('Ctrl Pts',(10.1737594329615,0.0492586693203251,
4.74531271452684));
#14322=CARTESIAN_POINT('Ctrl Pts',(10.1047666415776,0.0882895375188889,
4.81430495381311));
#14323=CARTESIAN_POINT('Ctrl Pts',(10.007118378341,0.185648773705509,4.91195039443041));
#14324=CARTESIAN_POINT('Ctrl Pts',(9.96890541972442,0.238064943454576,4.95016243710825));
#14325=CARTESIAN_POINT('Ctrl Pts',(9.94059207272156,0.302592445167729,4.97847492657897));
#14326=CARTESIAN_POINT('Ctrl Pts',(9.93909701346875,0.306108123617157,4.979969939808));
#14327=CARTESIAN_POINT('Ctrl Pts',(9.93763883137305,0.309649850547644,4.98142807619243));
#14328=CARTESIAN_POINT('',(10.3999859716117,5.10241411699752E-6,10.7));
#14329=CARTESIAN_POINT('',(10.3999859716117,5.10241411699752E-6,4.5));
#14330=CARTESIAN_POINT('',(10.3500367660522,0.00250628144669016,10.7));
#14331=CARTESIAN_POINT('Origin',(10.3999859716117,0.500005102414117,10.7));
#14332=CARTESIAN_POINT('',(9.93763883137305,0.309649850547643,10.2876507590539));
#14333=CARTESIAN_POINT('Ctrl Pts',(9.93763883137305,0.309649850547643,10.2876507590539));
#14334=CARTESIAN_POINT('Ctrl Pts',(9.93909701346875,0.306108123617156,10.2891088954383));
#14335=CARTESIAN_POINT('Ctrl Pts',(9.94059207272156,0.302592445167728,10.2906039086673));
#14336=CARTESIAN_POINT('Ctrl Pts',(9.96890541972442,0.238064943454575,10.3189163981381));
#14337=CARTESIAN_POINT('Ctrl Pts',(10.007118378341,0.185648773705509,10.3571284408159));
#14338=CARTESIAN_POINT('Ctrl Pts',(10.1047666415776,0.0882895375188886,
10.4547738814332));
#14339=CARTESIAN_POINT('Ctrl Pts',(10.1737594329615,0.0492586693203241,
10.5237661207195));
#14340=CARTESIAN_POINT('Ctrl Pts',(10.26723037858,0.0168245083512585,10.617226021916));
#14341=CARTESIAN_POINT('Ctrl Pts',(10.2987869513249,0.00957411068721601,
10.6487798482094));
#14342=CARTESIAN_POINT('Ctrl Pts',(10.3342200896067,0.0042814761082039,
10.6841961083328));
#14343=CARTESIAN_POINT('Ctrl Pts',(10.3422996067428,0.00328309727922454,
10.6922707800568));
#14344=CARTESIAN_POINT('Ctrl Pts',(10.3500367660522,0.00250628144669027,
10.7));
#14345=CARTESIAN_POINT('',(9.93763673066556,0.309654952961747,10.2876504380943));
#14346=CARTESIAN_POINT('Ctrl Pts',(9.93763673066556,0.309654952961747,10.2876504380943));
#14347=CARTESIAN_POINT('Ctrl Pts',(9.93763743083299,0.309653252296531,10.2876505451081));
#14348=CARTESIAN_POINT('Ctrl Pts',(9.93763813119388,0.30965155118807,10.2876506521137));
#14349=CARTESIAN_POINT('Ctrl Pts',(9.93763883137305,0.309649850547643,10.2876507590539));
#14350=CARTESIAN_POINT('',(9.93763673066556,0.309654952961747,4.5));
#14351=CARTESIAN_POINT('Origin',(9.8166450752887,0.302046719604066,4.5));
#14352=CARTESIAN_POINT('Ctrl Pts',(9.93763673066556,0.309654952961747,10.0456677692597));
#14353=CARTESIAN_POINT('Ctrl Pts',(9.93728386156905,0.315266533746808,10.0460208759424));
#14354=CARTESIAN_POINT('Ctrl Pts',(9.93653674423711,0.320866791604914,10.0467682334244));
#14355=CARTESIAN_POINT('Ctrl Pts',(9.93374395683264,0.334514217604997,10.0495616318711));
#14356=CARTESIAN_POINT('Ctrl Pts',(9.93123610587179,0.342429119217977,10.0520698601948));
#14357=CARTESIAN_POINT('Ctrl Pts',(9.92170316750487,0.364653161697088,10.0616040036665));
#14358=CARTESIAN_POINT('Ctrl Pts',(9.91256857763817,0.377418131141073,10.0707394983221));
#14359=CARTESIAN_POINT('Ctrl Pts',(9.88900608394979,0.401341129767047,10.0943047764988));
#14360=CARTESIAN_POINT('Ctrl Pts',(9.87223585070968,0.410979754913454,10.11107640994));
#14361=CARTESIAN_POINT('Ctrl Pts',(9.84943615862742,0.419036399762886,10.1338856431552));
#14362=CARTESIAN_POINT('Ctrl Pts',(9.84176711205435,0.420837915742029,10.1415579038231));
#14363=CARTESIAN_POINT('Ctrl Pts',(9.83175596998408,0.42237928702209,10.151587546334));
#14364=CARTESIAN_POINT('Ctrl Pts',(9.82846433296501,0.422735538585253,10.1548862581662));
#14365=CARTESIAN_POINT('Ctrl Pts',(9.82407222095027,0.423058530543525,10.1593132389559));
#14366=CARTESIAN_POINT('Ctrl Pts',(9.82264248466095,0.42313666547717,10.160774288107));
#14367=CARTESIAN_POINT('Ctrl Pts',(9.82063366112071,0.423213408562051,10.1628161903047));
#14368=CARTESIAN_POINT('Ctrl Pts',(9.81999102378354,0.423232802363742,10.1634936838183));
#14369=CARTESIAN_POINT('Ctrl Pts',(9.81905510473753,0.423253781047651,10.1645151539765));
#14370=CARTESIAN_POINT('Ctrl Pts',(9.81875482002559,0.423259346602952,10.1648517562872));
#14371=CARTESIAN_POINT('Ctrl Pts',(9.81831413200616,0.423265950111728,10.1654095279055));
#14372=CARTESIAN_POINT('Ctrl Pts',(9.81817730262972,0.423267798454552,10.1656027938413));
#14373=CARTESIAN_POINT('Ctrl Pts',(9.81796917660322,0.423270123002255,10.1659288952407));
#14374=CARTESIAN_POINT('Ctrl Pts',(9.81790922821757,0.423270775849617,10.166047485386));
#14375=CARTESIAN_POINT('Ctrl Pts',(9.81780147750434,0.423271843213041,10.1663165840975));
#14376=CARTESIAN_POINT('Ctrl Pts',(9.81775733053431,0.423272248161077,10.1664685419907));
#14377=CARTESIAN_POINT('Ctrl Pts',(9.8177573305343,0.423272248161077,10.1668496653633));
#14378=CARTESIAN_POINT('Ctrl Pts',(9.81780147750433,0.423271843213041,10.1670016232565));
#14379=CARTESIAN_POINT('Ctrl Pts',(9.81790922821757,0.423270775849617,10.1672707219681));
#14380=CARTESIAN_POINT('Ctrl Pts',(9.81796917660322,0.423270123002255,10.1673893121134));
#14381=CARTESIAN_POINT('Ctrl Pts',(9.81817730262971,0.423267798454552,10.1677154135127));
#14382=CARTESIAN_POINT('Ctrl Pts',(9.81831413200615,0.423265950111728,10.1679086794485));
#14383=CARTESIAN_POINT('Ctrl Pts',(9.81875482002559,0.423259346602952,10.1684664510668));
#14384=CARTESIAN_POINT('Ctrl Pts',(9.81905510473753,0.423253781047651,10.1688030533775));
#14385=CARTESIAN_POINT('Ctrl Pts',(9.81999102378354,0.423232802363742,10.1698245235358));
#14386=CARTESIAN_POINT('Ctrl Pts',(9.82063366112071,0.423213408562051,10.1705020170494));
#14387=CARTESIAN_POINT('Ctrl Pts',(9.82264248466095,0.42313666547717,10.172543919247));
#14388=CARTESIAN_POINT('Ctrl Pts',(9.82407222095027,0.423058530543525,10.1740049683981));
#14389=CARTESIAN_POINT('Ctrl Pts',(9.82846433296501,0.422735538585253,10.1784319491878));
#14390=CARTESIAN_POINT('Ctrl Pts',(9.83175596998408,0.42237928702209,10.18173066102));
#14391=CARTESIAN_POINT('Ctrl Pts',(9.84176711205434,0.420837915742029,10.191760303531));
#14392=CARTESIAN_POINT('Ctrl Pts',(9.84943615862742,0.419036399762886,10.1994325641988));
#14393=CARTESIAN_POINT('Ctrl Pts',(9.87223585070968,0.410979754913454,10.222241797414));
#14394=CARTESIAN_POINT('Ctrl Pts',(9.88900608394979,0.401341129767047,10.2390134308552));
#14395=CARTESIAN_POINT('Ctrl Pts',(9.91256857763817,0.377418131141073,10.2625787090319));
#14396=CARTESIAN_POINT('Ctrl Pts',(9.92170316750487,0.364653161697088,10.2717142036875));
#14397=CARTESIAN_POINT('Ctrl Pts',(9.93123610587179,0.342429119217977,10.2812483471592));
#14398=CARTESIAN_POINT('Ctrl Pts',(9.93374395683264,0.334514217604997,10.2837565754829));
#14399=CARTESIAN_POINT('Ctrl Pts',(9.93653674423711,0.320866791604914,10.2865499739296));
#14400=CARTESIAN_POINT('Ctrl Pts',(9.93728386156905,0.315266533746808,10.2872973314117));
#14401=CARTESIAN_POINT('Ctrl Pts',(9.93763673066556,0.309654952961747,10.2876504380943));
#14402=CARTESIAN_POINT('Origin',(9.54492382993918,0.302046719604066,4.5));
#14403=CARTESIAN_POINT('',(10.4000001773238,0.302046719604066,10.0454284728133));
#14404=CARTESIAN_POINT('',(10.4000001773238,0.302046719604066,10.2908545995216));
#14405=CARTESIAN_POINT('Origin',(10.3999859716117,5.10241411699752E-6,4.5));
#14406=CARTESIAN_POINT('',(10.3999859716117,0.00250628144669007,10.7));
#14407=CARTESIAN_POINT('',(10.3999859716117,0.309649850547643,10.2876507590539));
#14408=CARTESIAN_POINT('Origin',(10.3999859716117,0.5,10.75));
#14409=CARTESIAN_POINT('',(10.3999859716117,0.500005102414117,10.7));
#14410=CARTESIAN_POINT('',(10.3999859716117,0.309649850547644,4.98142807619243));
#14411=CARTESIAN_POINT('Origin',(10.3999859716117,0.5,4.5190788352463));
#14412=CARTESIAN_POINT('',(10.3999859716117,0.302041617189948,5.22365036254042));
#14413=CARTESIAN_POINT('Origin',(10.3999859716117,0.302041617189948,5.10241973156929));
#14414=CARTESIAN_POINT('',(10.3999859716117,0.302041617189948,5.37414097691881));
#14415=CARTESIAN_POINT('',(10.3999859716117,0.302041617189948,4.86182518127021));
#14416=CARTESIAN_POINT('',(10.3999859716117,0.499999303555952,5.63453941762197));
#14417=CARTESIAN_POINT('Origin',(10.3999859716117,0.5,5.42909489008178));
#14418=CARTESIAN_POINT('',(10.3999859716117,0.499999303555952,9.63453941762433));
#14419=CARTESIAN_POINT('',(10.3999859716117,0.500000007450581,2.25));
#14420=CARTESIAN_POINT('',(10.3999859716117,0.302041617189948,9.89493785832749));
#14421=CARTESIAN_POINT('Origin',(10.3999859716117,0.5,9.83998394516451));
#14422=CARTESIAN_POINT('',(10.3999859716117,0.302041617189948,10.0454284727059));
#14423=CARTESIAN_POINT('',(10.3999859716117,0.302041617189948,7.19746892916374));
#14424=CARTESIAN_POINT('Origin',(10.3999859716117,0.302041617189948,10.166659103677));
#14425=CARTESIAN_POINT('Origin',(9.84225568046418,0.250002202985035,10.7));
#14426=CARTESIAN_POINT('',(10.4000001773238,0.00250628144669007,10.7));
#14427=CARTESIAN_POINT('Origin',(-0.600000008940697,0.500000007450581,0.));
#14428=CARTESIAN_POINT('',(11.9000001773238,0.5,13.5));
#14429=CARTESIAN_POINT('',(12.4000001773238,0.5,13.5));
#14430=CARTESIAN_POINT('',(5.90000008419156,0.500000007450581,13.5));
#14431=CARTESIAN_POINT('',(12.4000001773238,0.500000014901161,14.));
#14432=CARTESIAN_POINT('',(12.4000001773238,0.500000014901161,0.5));
#14433=CARTESIAN_POINT('',(10.9000001624227,0.500000007450581,14.));
#14434=CARTESIAN_POINT('',(-1.59999982267618,0.500000014901161,14.));
#14435=CARTESIAN_POINT('',(10.9000001624227,0.500000007450581,13.5));
#14436=CARTESIAN_POINT('',(10.9000001624227,0.500000007450581,6.75));
#14437=CARTESIAN_POINT('',(10.4000001549721,0.500000007450581,13.5));
#14438=CARTESIAN_POINT('',(4.90000007301569,0.500000007450581,13.5));
#14439=CARTESIAN_POINT('',(10.4000001549721,0.500000007450581,14.));
#14440=CARTESIAN_POINT('',(10.4000001549721,0.500000007450581,7.));
#14441=CARTESIAN_POINT('',(9.9000001475215,0.500000007450581,14.));
#14442=CARTESIAN_POINT('',(-1.59999982267618,0.500000014901161,14.));
#14443=CARTESIAN_POINT('',(9.9000001475215,0.500000007450581,13.5));
#14444=CARTESIAN_POINT('',(9.9000001475215,0.500000007450581,6.75));
#14445=CARTESIAN_POINT('',(9.40000014007092,0.500000007450581,13.5));
#14446=CARTESIAN_POINT('',(4.40000006556511,0.500000007450581,13.5));
#14447=CARTESIAN_POINT('',(9.40000014007092,0.500000007450581,14.));
#14448=CARTESIAN_POINT('',(9.40000014007092,0.500000007450581,7.));
#14449=CARTESIAN_POINT('',(8.90000013262033,0.500000007450581,14.));
#14450=CARTESIAN_POINT('',(-1.59999982267618,0.500000014901161,14.));
#14451=CARTESIAN_POINT('',(8.90000013262033,0.500000007450581,13.5));
#14452=CARTESIAN_POINT('',(8.90000013262033,0.500000007450581,6.75));
#14453=CARTESIAN_POINT('',(8.40000012516975,0.500000007450581,13.5));
#14454=CARTESIAN_POINT('',(3.90000005811453,0.500000007450581,13.5));
#14455=CARTESIAN_POINT('',(8.40000012516975,0.500000007450581,14.));
#14456=CARTESIAN_POINT('',(8.40000012516975,0.500000007450581,7.));
#14457=CARTESIAN_POINT('',(7.90000011771917,0.500000007450581,14.));
#14458=CARTESIAN_POINT('',(-1.59999982267618,0.500000014901161,14.));
#14459=CARTESIAN_POINT('',(7.90000011771917,0.500000007450581,13.5));
#14460=CARTESIAN_POINT('',(7.90000011771917,0.500000007450581,6.75));
#14461=CARTESIAN_POINT('',(7.40000011026859,0.500000007450581,13.5));
#14462=CARTESIAN_POINT('',(3.40000005066395,0.500000007450581,13.5));
#14463=CARTESIAN_POINT('',(7.40000011026859,0.500000007450581,14.));
#14464=CARTESIAN_POINT('',(7.40000011026859,0.500000007450581,7.));
#14465=CARTESIAN_POINT('',(6.90000010281801,0.500000007450581,14.));
#14466=CARTESIAN_POINT('',(-1.59999982267618,0.500000014901161,14.));
#14467=CARTESIAN_POINT('',(6.90000010281801,0.500000007450581,13.5));
#14468=CARTESIAN_POINT('',(6.90000010281801,0.500000007450581,6.75));
#14469=CARTESIAN_POINT('',(6.40000009536743,0.500000007450581,13.5));
#14470=CARTESIAN_POINT('',(2.90000004321337,0.500000007450581,13.5));
#14471=CARTESIAN_POINT('',(6.40000009536743,0.500000007450581,14.));
#14472=CARTESIAN_POINT('',(6.40000009536743,0.500000007450581,7.));
#14473=CARTESIAN_POINT('',(5.90000008791685,0.500000007450581,14.));
#14474=CARTESIAN_POINT('',(-1.59999982267618,0.500000014901161,14.));
#14475=CARTESIAN_POINT('',(5.90000008791685,0.500000007450581,13.5));
#14476=CARTESIAN_POINT('',(5.90000008791685,0.500000007450581,6.75));
#14477=CARTESIAN_POINT('',(5.40000017732382,0.500000007450581,13.5));
#14478=CARTESIAN_POINT('',(2.40000008419156,0.500000007450581,13.5));
#14479=CARTESIAN_POINT('',(5.40000017732382,0.500000007450581,14.));
#14480=CARTESIAN_POINT('',(5.40000017732382,0.500000007450581,7.));
#14481=CARTESIAN_POINT('',(4.90000007301569,0.500000007450581,14.));
#14482=CARTESIAN_POINT('',(-1.59999982267618,0.500000014901161,14.));
#14483=CARTESIAN_POINT('',(4.90000007301569,0.500000007450581,13.5));
#14484=CARTESIAN_POINT('',(4.90000007301569,0.500000007450581,6.75));
#14485=CARTESIAN_POINT('',(4.40000006556511,0.500000007450581,13.5));
#14486=CARTESIAN_POINT('',(1.90000002831221,0.500000007450581,13.5));
#14487=CARTESIAN_POINT('',(4.40000006556511,0.500000007450581,14.0000002086163));
#14488=CARTESIAN_POINT('',(4.40000006556511,0.500000007450581,7.00000010430813));
#14489=CARTESIAN_POINT('',(3.90000006556511,0.500000007450581,14.0000002086163));
#14490=CARTESIAN_POINT('',(-1.59999982267618,0.500000014901161,14.));
#14491=CARTESIAN_POINT('',(3.90000006556511,0.500000007450581,13.5000002086163));
#14492=CARTESIAN_POINT('',(3.90000006556511,0.500000007450581,6.75000010430813));
#14493=CARTESIAN_POINT('',(3.40000006556511,0.500000007450581,13.5000002086163));
#14494=CARTESIAN_POINT('',(1.40000002831221,0.500000007450581,13.5000002086163));
#14495=CARTESIAN_POINT('',(3.40000006556511,0.500000007450581,14.0000002086163));
#14496=CARTESIAN_POINT('',(3.40000006556511,0.500000007450581,7.00000010430813));
#14497=CARTESIAN_POINT('',(2.90000004321337,0.500000007450581,14.0000002086163));
#14498=CARTESIAN_POINT('',(-1.59999982267618,0.500000014901161,14.));
#14499=CARTESIAN_POINT('',(2.90000004321337,0.500000007450581,13.5));
#14500=CARTESIAN_POINT('',(2.90000004321337,0.500000007450581,6.75));
#14501=CARTESIAN_POINT('',(2.40000004321337,0.500000007450581,13.5));
#14502=CARTESIAN_POINT('',(0.900000017136335,0.500000007450581,13.5));
#14503=CARTESIAN_POINT('',(2.40000004321337,0.500000007450581,14.0000002086163));
#14504=CARTESIAN_POINT('',(2.40000004321337,0.500000007450581,7.00000010430813));
#14505=CARTESIAN_POINT('',(1.90000004321337,0.500000007450581,14.0000002086163));
#14506=CARTESIAN_POINT('',(-1.59999982267618,0.500000014901161,14.));
#14507=CARTESIAN_POINT('',(1.90000004321337,0.500000007450581,13.5));
#14508=CARTESIAN_POINT('',(1.90000004321337,0.500000007450581,6.75));
#14509=CARTESIAN_POINT('',(1.40000002086163,0.500000007450581,13.5));
#14510=CARTESIAN_POINT('',(0.400000005960464,0.500000007450581,13.5));
#14511=CARTESIAN_POINT('',(1.40000002086163,0.500000007450581,14.0000002086163));
#14512=CARTESIAN_POINT('',(1.40000002086163,0.500000007450581,7.00000010430813));
#14513=CARTESIAN_POINT('',(0.900000013411045,0.500000007450581,14.0000002086163));
#14514=CARTESIAN_POINT('',(-1.59999982267618,0.500000014901161,14.));
#14515=CARTESIAN_POINT('',(0.900000013411045,0.500000007450581,13.5));
#14516=CARTESIAN_POINT('',(0.900000013411045,0.500000007450581,6.75));
#14517=CARTESIAN_POINT('',(0.400000005960464,0.500000007450581,13.5));
#14518=CARTESIAN_POINT('',(-0.100000001490116,0.500000007450581,13.5));
#14519=CARTESIAN_POINT('',(0.400000005960464,0.500000007450581,14.0000002086163));
#14520=CARTESIAN_POINT('',(0.400000005960464,0.500000007450581,7.00000010430813));
#14521=CARTESIAN_POINT('',(-0.100000001490116,0.500000007450581,14.0000002086163));
#14522=CARTESIAN_POINT('',(-1.59999982267618,0.500000014901161,14.));
#14523=CARTESIAN_POINT('',(-0.100000001490116,0.500000007450581,13.5));
#14524=CARTESIAN_POINT('',(-0.100000001490116,0.500000007450581,6.75));
#14525=CARTESIAN_POINT('',(-0.600000001490116,0.500000007450581,13.5));
#14526=CARTESIAN_POINT('',(-0.600000005215406,0.500000007450581,13.5));
#14527=CARTESIAN_POINT('',(-0.600000001490116,0.500000007450581,14.));
#14528=CARTESIAN_POINT('',(-0.600000001490116,0.500000007450581,7.));
#14529=CARTESIAN_POINT('',(-1.10000001639128,0.500000007450581,14.));
#14530=CARTESIAN_POINT('',(-1.59999982267618,0.500000014901161,14.));
#14531=CARTESIAN_POINT('',(-1.10000001639128,0.500000007450581,13.5));
#14532=CARTESIAN_POINT('',(-1.10000001639128,0.500000007450581,6.75));
#14533=CARTESIAN_POINT('',(-1.59999982267618,0.500000007450581,13.5));
#14534=CARTESIAN_POINT('',(-1.09999991580844,0.500000007450581,13.5));
#14535=CARTESIAN_POINT('',(-1.59999982267618,0.500000007450581,13.0000001937151));
#14536=CARTESIAN_POINT('',(-1.59999982267618,0.500000014901161,0.5));
#14537=CARTESIAN_POINT('',(-1.1,0.500000007450581,13.0000001937151));
#14538=CARTESIAN_POINT('',(-1.13800000447035,0.500000007450581,13.0000001937151));
#14539=CARTESIAN_POINT('',(-1.1,0.500000007450581,12.5000001862645));
#14540=CARTESIAN_POINT('',(-1.1,0.500000007450581,6.3750000949949));
#14541=CARTESIAN_POINT('',(-1.59999982267618,0.500000007450581,12.5000001862645));
#14542=CARTESIAN_POINT('',(-1.13800000447035,0.500000007450581,12.5000001862645));
#14543=CARTESIAN_POINT('',(-1.59999982267618,0.500000007450581,12.0000001788139));
#14544=CARTESIAN_POINT('',(-1.59999982267618,0.500000014901161,0.5));
#14545=CARTESIAN_POINT('',(-1.1,0.500000007450581,12.0000001788139));
#14546=CARTESIAN_POINT('',(-1.13800000447035,0.500000007450581,12.0000001788139));
#14547=CARTESIAN_POINT('',(-1.1,0.500000007450581,11.5000001713634));
#14548=CARTESIAN_POINT('',(-1.1,0.500000007450581,5.87500008754432));
#14549=CARTESIAN_POINT('',(-1.59999982267618,0.500000007450581,11.5000001713634));
#14550=CARTESIAN_POINT('',(-1.13800000447035,0.500000007450581,11.5000001713634));
#14551=CARTESIAN_POINT('',(-1.59999982267618,0.500000007450581,11.0000001639128));
#14552=CARTESIAN_POINT('',(-1.59999982267618,0.500000014901161,0.5));
#14553=CARTESIAN_POINT('',(-1.1,0.500000007450581,11.0000001639128));
#14554=CARTESIAN_POINT('',(-1.13800000447035,0.500000007450581,11.0000001639128));
#14555=CARTESIAN_POINT('',(-1.1,0.500000007450581,10.5000001564622));
#14556=CARTESIAN_POINT('',(-1.1,0.500000007450581,5.37500008009374));
#14557=CARTESIAN_POINT('',(-1.59999982267618,0.500000007450581,10.5000001564622));
#14558=CARTESIAN_POINT('',(-1.13800000447035,0.500000007450581,10.5000001564622));
#14559=CARTESIAN_POINT('',(-1.59999982267618,0.500000007450581,10.0000001490116));
#14560=CARTESIAN_POINT('',(-1.59999982267618,0.500000014901161,0.5));
#14561=CARTESIAN_POINT('',(-1.1,0.500000007450581,10.0000001490116));
#14562=CARTESIAN_POINT('',(-1.13800000447035,0.500000007450581,10.0000001490116));
#14563=CARTESIAN_POINT('',(-1.1,0.500000007450581,9.50000014156103));
#14564=CARTESIAN_POINT('',(-1.1,0.500000007450581,4.87500007264316));
#14565=CARTESIAN_POINT('',(-1.59999982267618,0.500000007450581,9.50000014156103));
#14566=CARTESIAN_POINT('',(-1.13800000447035,0.500000007450581,9.50000014156103));
#14567=CARTESIAN_POINT('',(-1.59999982267618,0.500000007450581,9.00000013411045));
#14568=CARTESIAN_POINT('',(-1.59999982267618,0.500000014901161,0.5));
#14569=CARTESIAN_POINT('',(-1.1,0.500000007450581,9.00000013411045));
#14570=CARTESIAN_POINT('',(-1.13800000447035,0.500000007450581,9.00000013411045));
#14571=CARTESIAN_POINT('',(-1.1,0.500000007450581,8.50000012665987));
#14572=CARTESIAN_POINT('',(-1.1,0.500000007450581,4.37500006519258));
#14573=CARTESIAN_POINT('',(-1.59999982267618,0.500000007450581,8.50000012665987));
#14574=CARTESIAN_POINT('',(-1.13800000447035,0.500000007450581,8.50000012665987));
#14575=CARTESIAN_POINT('',(-1.59999982267618,0.500000007450581,8.00000011920929));
#14576=CARTESIAN_POINT('',(-1.59999982267618,0.500000014901161,0.5));
#14577=CARTESIAN_POINT('',(-1.1,0.500000007450581,8.00000011920929));
#14578=CARTESIAN_POINT('',(-1.13800000447035,0.500000007450581,8.00000011920929));
#14579=CARTESIAN_POINT('',(-1.1,0.500000007450581,7.50000011175871));
#14580=CARTESIAN_POINT('',(-1.1,0.500000007450581,3.875000057742));
#14581=CARTESIAN_POINT('',(-1.59999982267618,0.500000007450581,7.50000011175871));
#14582=CARTESIAN_POINT('',(-1.13800000447035,0.500000007450581,7.50000011175871));
#14583=CARTESIAN_POINT('',(-1.59999982267618,0.5,7.00000010430813));
#14584=CARTESIAN_POINT('',(-1.59999982267618,0.500000014901161,0.5));
#14585=CARTESIAN_POINT('',(-1.1,0.5,7.00000010430813));
#14586=CARTESIAN_POINT('',(-1.13800000447035,0.500000007450581,7.00000010430813));
#14587=CARTESIAN_POINT('',(-1.1,0.5,6.5));
#14588=CARTESIAN_POINT('',(-1.1,0.500000007450581,3.37500002607703));
#14589=CARTESIAN_POINT('',(-1.59999982267618,0.5,6.5));
#14590=CARTESIAN_POINT('',(-1.13800000447035,0.500000007450581,6.5));
#14591=CARTESIAN_POINT('',(-1.59999982267618,0.5,6.));
#14592=CARTESIAN_POINT('',(-1.59999982267618,0.500000014901161,0.5));
#14593=CARTESIAN_POINT('',(-1.1,0.5,6.));
#14594=CARTESIAN_POINT('',(-1.13800000447035,0.500000007450581,6.));
#14595=CARTESIAN_POINT('',(-1.1,0.5,5.5));
#14596=CARTESIAN_POINT('',(-1.1,0.500000007450581,2.875));
#14597=CARTESIAN_POINT('',(-1.59999982267618,0.5,5.5));
#14598=CARTESIAN_POINT('',(-1.13800000447035,0.500000007450581,5.5));
#14599=CARTESIAN_POINT('',(-1.59999982267618,0.5,5.));
#14600=CARTESIAN_POINT('',(-1.59999982267618,0.500000014901161,0.5));
#14601=CARTESIAN_POINT('',(-1.1,0.5,5.));
#14602=CARTESIAN_POINT('',(-1.13800000447035,0.500000007450581,5.));
#14603=CARTESIAN_POINT('',(-1.1,0.5,4.5));
#14604=CARTESIAN_POINT('',(-1.1,0.500000007450581,2.375));
#14605=CARTESIAN_POINT('',(-1.59999982267618,0.5,4.5));
#14606=CARTESIAN_POINT('',(-1.13800000447035,0.500000007450581,4.5));
#14607=CARTESIAN_POINT('',(-1.59999982267618,0.500000007450581,4.00000005960464));
#14608=CARTESIAN_POINT('',(-1.59999982267618,0.500000014901161,0.5));
#14609=CARTESIAN_POINT('',(-1.1,0.500000007450581,4.00000005960464));
#14610=CARTESIAN_POINT('',(-1.13800000447035,0.500000007450581,4.00000005960464));
#14611=CARTESIAN_POINT('',(-1.1,0.500000007450581,3.50000005215406));
#14612=CARTESIAN_POINT('',(-1.1,0.500000007450581,1.87500002793968));
#14613=CARTESIAN_POINT('',(-1.59999982267618,0.500000007450581,3.50000005215406));
#14614=CARTESIAN_POINT('',(-1.13800000447035,0.500000007450581,3.50000005215406));
#14615=CARTESIAN_POINT('',(-1.59999982267618,0.500000007450581,3.00000004470348));
#14616=CARTESIAN_POINT('',(-1.59999982267618,0.500000014901161,0.5));
#14617=CARTESIAN_POINT('',(-1.1,0.500000007450581,3.00000004470348));
#14618=CARTESIAN_POINT('',(-1.13800000447035,0.500000007450581,3.00000004470348));
#14619=CARTESIAN_POINT('',(-1.1,0.500000007450581,2.5000000372529));
#14620=CARTESIAN_POINT('',(-1.1,0.500000007450581,1.3750000204891));
#14621=CARTESIAN_POINT('',(-1.59999982267618,0.500000007450581,2.5000000372529));
#14622=CARTESIAN_POINT('',(-1.13800000447035,0.500000007450581,2.5000000372529));
#14623=CARTESIAN_POINT('',(-1.59999982267618,0.500000007450581,2.00000002980232));
#14624=CARTESIAN_POINT('',(-1.59999982267618,0.500000014901161,0.5));
#14625=CARTESIAN_POINT('',(-1.1,0.500000007450581,2.00000002980232));
#14626=CARTESIAN_POINT('',(-1.13800000447035,0.500000007450581,2.00000002980232));
#14627=CARTESIAN_POINT('',(-1.1,0.500000007450581,1.50000002235174));
#14628=CARTESIAN_POINT('',(-1.1,0.500000007450581,0.875000013038516));
#14629=CARTESIAN_POINT('',(-1.59999982267618,0.500000007450581,1.50000002235174));
#14630=CARTESIAN_POINT('',(-1.13800000447035,0.500000007450581,1.50000002235174));
#14631=CARTESIAN_POINT('',(-1.59999982267618,0.500000007450581,1.00000001490116));
#14632=CARTESIAN_POINT('',(-1.59999982267618,0.500000014901161,0.5));
#14633=CARTESIAN_POINT('',(-1.1,0.500000007450581,1.00000001490116));
#14634=CARTESIAN_POINT('',(-1.13800000447035,0.500000007450581,1.00000001490116));
#14635=CARTESIAN_POINT('',(-1.1,0.500000007450581,0.500000007450581));
#14636=CARTESIAN_POINT('',(-1.1,0.500000007450581,0.375000005587935));
#14637=CARTESIAN_POINT('',(-0.600000008940697,0.500000007450581,0.5));
#14638=CARTESIAN_POINT('',(-1.59999982267618,0.500000014901161,0.5));
#14639=CARTESIAN_POINT('',(-0.600000008940697,0.500000007450581,0.));
#14640=CARTESIAN_POINT('',(-0.600000008940697,0.500000007450581,0.));
#14641=CARTESIAN_POINT('',(-0.100000001490116,0.500000007450581,0.));
#14642=CARTESIAN_POINT('',(-0.600000008940697,0.500000007450581,0.));
#14643=CARTESIAN_POINT('',(-0.100000001490116,0.500000007450581,0.5));
#14644=CARTESIAN_POINT('',(-0.100000001490116,0.500000007450581,0.));
#14645=CARTESIAN_POINT('',(0.400000005960464,0.500000007450581,0.5));
#14646=CARTESIAN_POINT('',(-1.59999982267618,0.500000014901161,0.5));
#14647=CARTESIAN_POINT('',(0.400000005960464,0.500000007450581,0.));
#14648=CARTESIAN_POINT('',(0.400000005960464,0.500000007450581,0.));
#14649=CARTESIAN_POINT('',(0.900000013411045,0.500000007450581,0.));
#14650=CARTESIAN_POINT('',(0.900000013411045,0.500000007450581,0.));
#14651=CARTESIAN_POINT('',(0.900000013411045,0.500000007450581,0.5));
#14652=CARTESIAN_POINT('',(0.900000013411045,0.500000007450581,0.));
#14653=CARTESIAN_POINT('',(1.40000002086163,0.500000007450581,0.5));
#14654=CARTESIAN_POINT('',(-1.59999982267618,0.500000014901161,0.5));
#14655=CARTESIAN_POINT('',(1.40000002086163,0.500000007450581,0.));
#14656=CARTESIAN_POINT('',(1.40000002086163,0.500000007450581,0.));
#14657=CARTESIAN_POINT('',(1.90000002831221,0.500000007450581,0.));
#14658=CARTESIAN_POINT('',(1.90000002831221,0.500000007450581,0.));
#14659=CARTESIAN_POINT('',(1.90000002831221,0.500000007450581,0.5));
#14660=CARTESIAN_POINT('',(1.90000002831221,0.500000007450581,0.));
#14661=CARTESIAN_POINT('',(2.40000003576279,0.500000007450581,0.5));
#14662=CARTESIAN_POINT('',(-1.59999982267618,0.500000014901161,0.5));
#14663=CARTESIAN_POINT('',(2.40000003576279,0.500000007450581,0.));
#14664=CARTESIAN_POINT('',(2.40000003576279,0.500000007450581,0.));
#14665=CARTESIAN_POINT('',(2.90000004321337,0.500000007450581,0.));
#14666=CARTESIAN_POINT('',(2.90000004321337,0.500000007450581,0.));
#14667=CARTESIAN_POINT('',(2.90000004321337,0.500000007450581,0.5));
#14668=CARTESIAN_POINT('',(2.90000004321337,0.500000007450581,0.));
#14669=CARTESIAN_POINT('',(3.40000005066395,0.500000007450581,0.5));
#14670=CARTESIAN_POINT('',(-1.59999982267618,0.500000014901161,0.5));
#14671=CARTESIAN_POINT('',(3.40000005066395,0.500000007450581,0.));
#14672=CARTESIAN_POINT('',(3.40000005066395,0.500000007450581,0.));
#14673=CARTESIAN_POINT('',(3.90000005811453,0.500000007450581,0.));
#14674=CARTESIAN_POINT('',(3.90000005811453,0.500000007450581,0.));
#14675=CARTESIAN_POINT('',(3.90000005811453,0.500000007450581,0.5));
#14676=CARTESIAN_POINT('',(3.90000005811453,0.500000007450581,0.));
#14677=CARTESIAN_POINT('',(4.40000006556511,0.500000007450581,0.5));
#14678=CARTESIAN_POINT('',(-1.59999982267618,0.500000014901161,0.5));
#14679=CARTESIAN_POINT('',(4.40000006556511,0.500000007450581,0.));
#14680=CARTESIAN_POINT('',(4.40000006556511,0.500000007450581,0.));
#14681=CARTESIAN_POINT('',(4.90000007301569,0.500000007450581,0.));
#14682=CARTESIAN_POINT('',(4.90000007301569,0.500000007450581,0.));
#14683=CARTESIAN_POINT('',(4.90000007301569,0.500000007450581,0.5));
#14684=CARTESIAN_POINT('',(4.90000007301569,0.500000007450581,0.));
#14685=CARTESIAN_POINT('',(5.40000008046627,0.500000007450581,0.5));
#14686=CARTESIAN_POINT('',(-1.59999982267618,0.500000014901161,0.5));
#14687=CARTESIAN_POINT('',(5.40000008046627,0.500000007450581,0.));
#14688=CARTESIAN_POINT('',(5.40000008046627,0.500000007450581,0.));
#14689=CARTESIAN_POINT('',(5.90000008791685,0.500000007450581,0.));
#14690=CARTESIAN_POINT('',(5.90000008791685,0.500000007450581,0.));
#14691=CARTESIAN_POINT('',(5.90000008791685,0.500000007450581,0.5));
#14692=CARTESIAN_POINT('',(5.90000008791685,0.500000007450581,0.));
#14693=CARTESIAN_POINT('',(6.40000009536743,0.500000007450581,0.5));
#14694=CARTESIAN_POINT('',(-1.59999982267618,0.500000014901161,0.5));
#14695=CARTESIAN_POINT('',(6.40000009536743,0.500000007450581,0.));
#14696=CARTESIAN_POINT('',(6.40000009536743,0.500000007450581,0.));
#14697=CARTESIAN_POINT('',(6.90000010281801,0.500000007450581,0.));
#14698=CARTESIAN_POINT('',(6.90000010281801,0.500000007450581,0.));
#14699=CARTESIAN_POINT('',(6.90000010281801,0.500000007450581,0.5));
#14700=CARTESIAN_POINT('',(6.90000010281801,0.500000007450581,0.));
#14701=CARTESIAN_POINT('',(7.40000011026859,0.500000007450581,0.5));
#14702=CARTESIAN_POINT('',(-1.59999982267618,0.500000014901161,0.5));
#14703=CARTESIAN_POINT('',(7.40000011026859,0.500000007450581,0.));
#14704=CARTESIAN_POINT('',(7.40000011026859,0.500000007450581,0.));
#14705=CARTESIAN_POINT('',(7.90000011771917,0.500000007450581,0.));
#14706=CARTESIAN_POINT('',(7.90000011771917,0.500000007450581,0.));
#14707=CARTESIAN_POINT('',(7.90000011771917,0.500000007450581,0.5));
#14708=CARTESIAN_POINT('',(7.90000011771917,0.500000007450581,0.));
#14709=CARTESIAN_POINT('',(8.40000012516975,0.500000007450581,0.5));
#14710=CARTESIAN_POINT('',(-1.59999982267618,0.500000014901161,0.5));
#14711=CARTESIAN_POINT('',(8.40000012516975,0.500000007450581,0.));
#14712=CARTESIAN_POINT('',(8.40000012516975,0.500000007450581,0.));
#14713=CARTESIAN_POINT('',(8.90000013262033,0.500000007450581,0.));
#14714=CARTESIAN_POINT('',(8.90000013262033,0.500000007450581,0.));
#14715=CARTESIAN_POINT('',(8.90000013262033,0.500000007450581,0.5));
#14716=CARTESIAN_POINT('',(8.90000013262033,0.500000007450581,0.));
#14717=CARTESIAN_POINT('',(9.40000014007092,0.500000007450581,0.5));
#14718=CARTESIAN_POINT('',(-1.59999982267618,0.500000014901161,0.5));
#14719=CARTESIAN_POINT('',(9.40000014007092,0.500000007450581,0.));
#14720=CARTESIAN_POINT('',(9.40000014007092,0.500000007450581,0.));
#14721=CARTESIAN_POINT('',(9.9000001475215,0.500000007450581,0.));
#14722=CARTESIAN_POINT('',(9.9000001475215,0.500000007450581,0.));
#14723=CARTESIAN_POINT('',(9.9000001475215,0.500000007450581,0.5));
#14724=CARTESIAN_POINT('',(9.9000001475215,0.500000007450581,0.));
#14725=CARTESIAN_POINT('',(10.4000001549721,0.500000007450581,0.5));
#14726=CARTESIAN_POINT('',(-1.59999982267618,0.500000014901161,0.5));
#14727=CARTESIAN_POINT('',(10.4000001549721,0.500000007450581,0.));
#14728=CARTESIAN_POINT('',(10.4000001549721,0.500000007450581,0.));
#14729=CARTESIAN_POINT('',(10.9000001624227,0.500000007450581,0.));
#14730=CARTESIAN_POINT('',(10.9000001624227,0.500000007450581,0.));
#14731=CARTESIAN_POINT('',(10.9000001624227,0.500000007450581,0.5));
#14732=CARTESIAN_POINT('',(10.9000001624227,0.500000007450581,0.));
#14733=CARTESIAN_POINT('',(11.4000001698732,0.500000007450581,0.5));
#14734=CARTESIAN_POINT('',(-1.59999982267618,0.500000014901161,0.5));
#14735=CARTESIAN_POINT('',(11.4000001698732,0.500000007450581,0.));
#14736=CARTESIAN_POINT('',(11.4000001698732,0.500000007450581,0.));
#14737=CARTESIAN_POINT('',(11.9000001773238,0.500000007450581,0.));
#14738=CARTESIAN_POINT('',(11.9000001773238,0.500000007450581,0.));
#14739=CARTESIAN_POINT('',(11.9000001773238,0.500000007450581,0.5));
#14740=CARTESIAN_POINT('',(11.9000001773238,0.500000007450581,0.));
#14741=CARTESIAN_POINT('',(12.4000001773238,0.500000014901161,0.5));
#14742=CARTESIAN_POINT('',(-1.59999982267618,0.500000014901161,0.5));
#14743=CARTESIAN_POINT('',(12.4000001773238,0.5,1.));
#14744=CARTESIAN_POINT('',(12.4000001773238,0.500000014901161,0.5));
#14745=CARTESIAN_POINT('',(11.9000001773238,0.5,1.));
#14746=CARTESIAN_POINT('',(5.90000008419156,0.500000007450581,1.));
#14747=CARTESIAN_POINT('',(11.9000001773238,0.5,1.5));
#14748=CARTESIAN_POINT('',(11.9000001773238,0.500000007450581,0.625));
#14749=CARTESIAN_POINT('',(12.4000001773238,0.5,1.5));
#14750=CARTESIAN_POINT('',(5.90000008419156,0.500000007450581,1.5));
#14751=CARTESIAN_POINT('',(12.4000001773238,0.5,2.));
#14752=CARTESIAN_POINT('',(12.4000001773238,0.500000014901161,0.5));
#14753=CARTESIAN_POINT('',(11.9000001773238,0.5,2.));
#14754=CARTESIAN_POINT('',(5.90000008419156,0.500000007450581,2.));
#14755=CARTESIAN_POINT('',(11.9000001773238,0.5,2.5));
#14756=CARTESIAN_POINT('',(11.9000001773238,0.500000007450581,1.125));
#14757=CARTESIAN_POINT('',(12.4000001773238,0.5,2.5));
#14758=CARTESIAN_POINT('',(5.90000008419156,0.500000007450581,2.5));
#14759=CARTESIAN_POINT('',(12.4000001773238,0.5,3.));
#14760=CARTESIAN_POINT('',(12.4000001773238,0.500000014901161,0.5));
#14761=CARTESIAN_POINT('',(11.9000001773238,0.5,3.));
#14762=CARTESIAN_POINT('',(5.90000008419156,0.500000007450581,3.));
#14763=CARTESIAN_POINT('',(11.9000001773238,0.5,3.5));
#14764=CARTESIAN_POINT('',(11.9000001773238,0.500000007450581,1.625));
#14765=CARTESIAN_POINT('',(12.4000001773238,0.5,3.5));
#14766=CARTESIAN_POINT('',(5.90000008419156,0.500000007450581,3.5));
#14767=CARTESIAN_POINT('',(12.4000001773238,0.5,4.));
#14768=CARTESIAN_POINT('',(12.4000001773238,0.500000014901161,0.5));
#14769=CARTESIAN_POINT('',(11.9000001773238,0.5,4.));
#14770=CARTESIAN_POINT('',(5.90000008419156,0.500000007450581,4.));
#14771=CARTESIAN_POINT('',(11.9000001773238,0.5,4.5));
#14772=CARTESIAN_POINT('',(11.9000001773238,0.500000007450581,2.125));
#14773=CARTESIAN_POINT('',(12.4000001773238,0.5,4.5));
#14774=CARTESIAN_POINT('',(5.90000008419156,0.500000007450581,4.5));
#14775=CARTESIAN_POINT('',(12.4000001773238,0.5,5.));
#14776=CARTESIAN_POINT('',(12.4000001773238,0.500000014901161,0.5));
#14777=CARTESIAN_POINT('',(11.9000001773238,0.5,5.));
#14778=CARTESIAN_POINT('',(5.90000008419156,0.500000007450581,5.));
#14779=CARTESIAN_POINT('',(11.9000001773238,0.5,5.5));
#14780=CARTESIAN_POINT('',(11.9000001773238,0.500000007450581,2.625));
#14781=CARTESIAN_POINT('',(12.4000001773238,0.5,5.5));
#14782=CARTESIAN_POINT('',(5.90000008419156,0.500000007450581,5.5));
#14783=CARTESIAN_POINT('',(12.4000001773238,0.5,6.));
#14784=CARTESIAN_POINT('',(12.4000001773238,0.500000014901161,0.5));
#14785=CARTESIAN_POINT('',(11.9000001773238,0.5,6.));
#14786=CARTESIAN_POINT('',(5.90000008419156,0.500000007450581,6.));
#14787=CARTESIAN_POINT('',(11.9000001773238,0.5,6.5));
#14788=CARTESIAN_POINT('',(11.9000001773238,0.500000007450581,3.125));
#14789=CARTESIAN_POINT('',(12.4000001773238,0.5,6.5));
#14790=CARTESIAN_POINT('',(5.90000008419156,0.500000007450581,6.5));
#14791=CARTESIAN_POINT('',(12.4000001773238,0.5,7.));
#14792=CARTESIAN_POINT('',(12.4000001773238,0.500000014901161,0.5));
#14793=CARTESIAN_POINT('',(11.9000001773238,0.5,7.));
#14794=CARTESIAN_POINT('',(5.90000008419156,0.500000007450581,7.));
#14795=CARTESIAN_POINT('',(11.9000001773238,0.5,7.5));
#14796=CARTESIAN_POINT('',(11.9000001773238,0.500000007450581,3.625));
#14797=CARTESIAN_POINT('',(12.4000001773238,0.5,7.5));
#14798=CARTESIAN_POINT('',(5.90000008419156,0.500000007450581,7.5));
#14799=CARTESIAN_POINT('',(12.4000001773238,0.500000007450581,8.00000011920929));
#14800=CARTESIAN_POINT('',(12.4000001773238,0.500000014901161,0.5));
#14801=CARTESIAN_POINT('',(11.9000001773238,0.500000007450581,8.00000011920929));
#14802=CARTESIAN_POINT('',(5.90000008419156,0.500000007450581,8.00000011920929));
#14803=CARTESIAN_POINT('',(11.9000001773238,0.500000007450581,8.50000012665987));
#14804=CARTESIAN_POINT('',(11.9000001773238,0.500000007450581,4.12500006146729));
#14805=CARTESIAN_POINT('',(12.4000001773238,0.500000007450581,8.50000012665987));
#14806=CARTESIAN_POINT('',(5.90000008419156,0.500000007450581,8.50000012665987));
#14807=CARTESIAN_POINT('',(12.4000001773238,0.500000007450581,9.00000013411045));
#14808=CARTESIAN_POINT('',(12.4000001773238,0.500000014901161,0.5));
#14809=CARTESIAN_POINT('',(11.9000001773238,0.500000007450581,9.00000013411045));
#14810=CARTESIAN_POINT('',(5.90000008419156,0.500000007450581,9.00000013411045));
#14811=CARTESIAN_POINT('',(11.9000001773238,0.500000007450581,9.50000014156103));
#14812=CARTESIAN_POINT('',(11.9000001773238,0.500000007450581,4.62500006891787));
#14813=CARTESIAN_POINT('',(12.4000001773238,0.500000007450581,9.50000014156103));
#14814=CARTESIAN_POINT('',(5.90000008419156,0.500000007450581,9.50000014156103));
#14815=CARTESIAN_POINT('',(12.4000001773238,0.5,10.));
#14816=CARTESIAN_POINT('',(12.4000001773238,0.500000014901161,0.5));
#14817=CARTESIAN_POINT('',(11.9000001773238,0.5,10.));
#14818=CARTESIAN_POINT('',(5.90000008419156,0.500000007450581,10.));
#14819=CARTESIAN_POINT('',(11.9000001773238,0.5,10.5));
#14820=CARTESIAN_POINT('',(11.9000001773238,0.500000007450581,5.125));
#14821=CARTESIAN_POINT('',(12.4000001773238,0.5,10.5));
#14822=CARTESIAN_POINT('',(5.90000008419156,0.500000007450581,10.5));
#14823=CARTESIAN_POINT('',(12.4000001773238,0.5,11.));
#14824=CARTESIAN_POINT('',(12.4000001773238,0.500000014901161,0.5));
#14825=CARTESIAN_POINT('',(11.9000001773238,0.5,11.));
#14826=CARTESIAN_POINT('',(5.90000008419156,0.500000007450581,11.));
#14827=CARTESIAN_POINT('',(11.9000001773238,0.5,11.5));
#14828=CARTESIAN_POINT('',(11.9000001773238,0.500000007450581,5.625));
#14829=CARTESIAN_POINT('',(12.4000001773238,0.5,11.5));
#14830=CARTESIAN_POINT('',(5.90000008419156,0.500000007450581,11.5));
#14831=CARTESIAN_POINT('',(12.4000001773238,0.5,12.));
#14832=CARTESIAN_POINT('',(12.4000001773238,0.500000014901161,0.5));
#14833=CARTESIAN_POINT('',(11.9000001773238,0.5,12.));
#14834=CARTESIAN_POINT('',(5.90000008419156,0.500000007450581,12.));
#14835=CARTESIAN_POINT('',(11.9000001773238,0.5,12.5));
#14836=CARTESIAN_POINT('',(11.9000001773238,0.500000007450581,6.125));
#14837=CARTESIAN_POINT('',(12.4000001773238,0.5,12.5));
#14838=CARTESIAN_POINT('',(5.90000008419156,0.500000007450581,12.5));
#14839=CARTESIAN_POINT('',(12.4000001773238,0.5,13.));
#14840=CARTESIAN_POINT('',(12.4000001773238,0.500000014901161,0.5));
#14841=CARTESIAN_POINT('',(11.9000001773238,0.5,13.));
#14842=CARTESIAN_POINT('',(5.90000008419156,0.500000007450581,13.));
#14843=CARTESIAN_POINT('',(11.9000001773238,0.500000007450581,6.625));
#14844=CARTESIAN_POINT('',(10.4000001773238,0.5,4.5190788352463));
#14845=CARTESIAN_POINT('',(10.4000001773238,0.500000007450581,2.53840456321736));
#14846=CARTESIAN_POINT('',(1.51546058825547,0.499999303555952,4.5190788352463));
#14847=CARTESIAN_POINT('',(4.90000008419156,0.500000007450581,4.5190788352463));
#14848=CARTESIAN_POINT('',(0.400000005960464,0.500000007450581,4.51907884));
#14849=CARTESIAN_POINT('',(0.178865144083636,0.500000007450581,4.51907884));
#14850=CARTESIAN_POINT('',(0.400000005960464,0.499999303555952,10.7));
#14851=CARTESIAN_POINT('',(0.400000005960464,0.500000007450581,2.25));
#14852=CARTESIAN_POINT('',(0.400000177323818,0.5,10.75));
#14853=CARTESIAN_POINT('',(0.400000177323818,0.500000007450581,5.09613485440579));
#14854=CARTESIAN_POINT('',(10.4000001773238,0.5,10.75));
#14855=CARTESIAN_POINT('',(4.90000008419156,0.500000007450581,10.75));
#14856=CARTESIAN_POINT('',(10.4000001773238,0.500000007450581,5.09613485440579));
#14857=CARTESIAN_POINT('Origin',(-0.600000008940697,0.500000007450581,0.));
#14858=CARTESIAN_POINT('',(1.51546058825547,0.499999303555952,9.63453941762433));
#14859=CARTESIAN_POINT('',(10.4000001773238,0.500000007450581,9.63453941762315));
#14860=CARTESIAN_POINT('',(1.51546058825547,0.499999303555952,5.63453941762197));
#14861=CARTESIAN_POINT('',(1.51546058827414,0.500000007450581,4.5));
#14862=CARTESIAN_POINT('',(10.4000001773238,0.500000007450581,5.63453941762315));
#14863=CARTESIAN_POINT('Origin',(0.957730297107969,0.250002202985035,10.7));
#14864=CARTESIAN_POINT('',(0.400000005960464,0.00250628144669007,10.7));
#14865=CARTESIAN_POINT('',(0.449949211519915,0.00250628144669007,10.7));
#14866=CARTESIAN_POINT('',(10.4000001773238,0.00250628144669007,10.7));
#14867=CARTESIAN_POINT('',(0.400000005960464,5.1024141168865E-6,10.7));
#14868=CARTESIAN_POINT('',(0.400000005960464,0.500005102414117,10.7));
#14869=CARTESIAN_POINT('Origin',(0.400000005960464,0.500005102414117,10.7));
#14870=CARTESIAN_POINT('Origin',(0.400000005960464,0.500005102414117,4.5));
#14871=CARTESIAN_POINT('',(0.862347146199108,0.309649850547644,4.98142807619243));
#14872=CARTESIAN_POINT('',(0.400000005960464,5.1024141168865E-6,4.52133768187285));
#14873=CARTESIAN_POINT('Ctrl Pts',(0.862347146199108,0.309649850547644,
4.98142807619243));
#14874=CARTESIAN_POINT('Ctrl Pts',(0.860888964103404,0.306108123617153,
4.979969939808));
#14875=CARTESIAN_POINT('Ctrl Pts',(0.859393904850589,0.302592445167722,
4.97847492657897));
#14876=CARTESIAN_POINT('Ctrl Pts',(0.831080557847727,0.238064943454568,
4.95016243710824));
#14877=CARTESIAN_POINT('Ctrl Pts',(0.792867599231194,0.185648773705502,
4.91195039443041));
#14878=CARTESIAN_POINT('Ctrl Pts',(0.695219335994516,0.0882895375188819,
4.8143049538131));
#14879=CARTESIAN_POINT('Ctrl Pts',(0.626226544610605,0.0492586693203191,
4.74531271452682));
#14880=CARTESIAN_POINT('Ctrl Pts',(0.532755598992151,0.0168245083512555,
4.65185281333033));
#14881=CARTESIAN_POINT('Ctrl Pts',(0.50119902624722,0.00957411068721325,
4.62029898703684));
#14882=CARTESIAN_POINT('Ctrl Pts',(0.460198809322121,0.0034499236586999,
4.57931830008255));
#14883=CARTESIAN_POINT('Ctrl Pts',(0.446589199058577,0.00203499743371659,
4.56571599106307));
#14884=CARTESIAN_POINT('Ctrl Pts',(0.428583784492325,0.000786550128873822,
4.54774889721595));
#14885=CARTESIAN_POINT('Ctrl Pts',(0.422581604496148,0.000485087269472264,
4.54176162283006));
#14886=CARTESIAN_POINT('Ctrl Pts',(0.41434675055165,0.000203427171157499,
4.53359778404459));
#14887=CARTESIAN_POINT('Ctrl Pts',(0.411607595898988,0.00013290030399828,
4.53088656960609));
#14888=CARTESIAN_POINT('Ctrl Pts',(0.407652506207708,6.19277727169754E-5,
4.52705122138575));
#14889=CARTESIAN_POINT('Ctrl Pts',(0.406346047281411,4.35957821036208E-5,
4.52579709804164));
#14890=CARTESIAN_POINT('Ctrl Pts',(0.404329429495013,2.33809593618519E-5,
4.52395174571468));
#14891=CARTESIAN_POINT('Ctrl Pts',(0.40366038238848,1.79423662640632E-5,
4.52335539138334));
#14892=CARTESIAN_POINT('Ctrl Pts',(0.402540372980561,1.14170474816357E-5,
4.52247065048156));
#14893=CARTESIAN_POINT('Ctrl Pts',(0.402158353035201,9.5600674483822E-6,
4.52218249980317));
#14894=CARTESIAN_POINT('Ctrl Pts',(0.401486616169464,7.26243096867724E-6,
4.52177712680363));
#14895=CARTESIAN_POINT('Ctrl Pts',(0.40124824126335,6.58876223665878E-6,
4.52164873242038));
#14896=CARTESIAN_POINT('Ctrl Pts',(0.40070030723584,5.51439043267778E-6,
4.52142900806653));
#14897=CARTESIAN_POINT('Ctrl Pts',(0.40039074662206,5.10241411688652E-6,
4.52133768187285));
#14898=CARTESIAN_POINT('Ctrl Pts',(0.400000005960464,5.1024141168865E-6,
4.52133768187285));
#14899=CARTESIAN_POINT('',(0.862349246906593,0.309654952961748,4.98142839715197));
#14900=CARTESIAN_POINT('Ctrl Pts',(0.862349246906593,0.309654952961748,
4.98142839715197));
#14901=CARTESIAN_POINT('Ctrl Pts',(0.862348546739166,0.309653252296531,
4.98142829013823));
#14902=CARTESIAN_POINT('Ctrl Pts',(0.862347846378278,0.309651551188072,
4.98142818313261));
#14903=CARTESIAN_POINT('Ctrl Pts',(0.862347146199108,0.309649850547644,
4.98142807619243));
#14904=CARTESIAN_POINT('',(0.862349246906593,0.309654952961748,5.22341106598661));
#14905=CARTESIAN_POINT('',(0.862349246906593,0.309654952961748,4.5));
#14906=CARTESIAN_POINT('',(0.859141006654043,0.302041617189948,5.22365036254042));
#14907=CARTESIAN_POINT('Ctrl Pts',(0.859141006654043,0.302041617189948,
5.22365036254042));
#14908=CARTESIAN_POINT('Ctrl Pts',(0.860219721332209,0.304543503516283,
5.22365036254042));
#14909=CARTESIAN_POINT('Ctrl Pts',(0.861291220717767,0.307085070002832,
5.22357277493837));
#14910=CARTESIAN_POINT('Ctrl Pts',(0.862349246906593,0.309654952961748,
5.22341106598661));
#14911=CARTESIAN_POINT('',(0.859141006654043,0.302041617189948,5.37414097691881));
#14912=CARTESIAN_POINT('',(0.859141006654043,0.302041617189948,4.5));
#14913=CARTESIAN_POINT('',(0.862349246906593,0.309654952961748,5.50640088573995));
#14914=CARTESIAN_POINT('Ctrl Pts',(0.862349246906593,0.309654952961748,
5.50640088573995));
#14915=CARTESIAN_POINT('Ctrl Pts',(0.858207183308242,0.299594125764304,
5.48162882750777));
#14916=CARTESIAN_POINT('Ctrl Pts',(0.855840383232109,0.294555472458635,
5.45464521396063));
#14917=CARTESIAN_POINT('Ctrl Pts',(0.855840383232109,0.294555472458635,
5.42909489008178));
#14918=CARTESIAN_POINT('Ctrl Pts',(0.855840383232109,0.294555472458635,
5.41106749227112));
#14919=CARTESIAN_POINT('Ctrl Pts',(0.856967085163237,0.296999593972446,
5.39230366461072));
#14920=CARTESIAN_POINT('Ctrl Pts',(0.859141006654043,0.302041617189948,
5.37414097691881));
#14921=CARTESIAN_POINT('',(0.862349246906593,0.309654952961748,9.76267794950635));
#14922=CARTESIAN_POINT('',(0.862349246906593,0.309654952961748,4.5));
#14923=CARTESIAN_POINT('',(0.859141006654043,0.302041617189948,9.89493785832749));
#14924=CARTESIAN_POINT('Ctrl Pts',(0.859141006654043,0.302041617189949,
9.89493785832749));
#14925=CARTESIAN_POINT('Ctrl Pts',(0.856967085209299,0.29699959407928,9.87677517102042));
#14926=CARTESIAN_POINT('Ctrl Pts',(0.855840383232109,0.294555472458635,
9.85801134266789));
#14927=CARTESIAN_POINT('Ctrl Pts',(0.855840383232109,0.294555472458635,
9.83998394516451));
#14928=CARTESIAN_POINT('Ctrl Pts',(0.855840383232109,0.294555472458635,
9.81443362128215));
#14929=CARTESIAN_POINT('Ctrl Pts',(0.858207183285165,0.299594125708251,
9.78745000787655));
#14930=CARTESIAN_POINT('Ctrl Pts',(0.862349246906593,0.309654952961748,
9.76267794950635));
#14931=CARTESIAN_POINT('',(0.859141006654043,0.302041617189948,10.0454284727059));
#14932=CARTESIAN_POINT('',(0.859141006654043,0.302041617189948,4.5));
#14933=CARTESIAN_POINT('',(0.862349246906593,0.309654952961748,10.0456677692597));
#14934=CARTESIAN_POINT('Ctrl Pts',(0.862349246906593,0.309654952961748,
10.0456677692597));
#14935=CARTESIAN_POINT('Ctrl Pts',(0.861291220717767,0.307085070002832,
10.0455060603079));
#14936=CARTESIAN_POINT('Ctrl Pts',(0.860219721332209,0.304543503516283,
10.0454284727059));
#14937=CARTESIAN_POINT('Ctrl Pts',(0.859141006654043,0.302041617189948,
10.0454284727059));
#14938=CARTESIAN_POINT('',(0.862349246906593,0.309654952961748,10.2876504380943));
#14939=CARTESIAN_POINT('',(0.862349246906593,0.309654952961748,4.5));
#14940=CARTESIAN_POINT('',(0.862347146199107,0.309649850547643,10.2876507590539));
#14941=CARTESIAN_POINT('Ctrl Pts',(0.862347146199107,0.309649850547643,
10.2876507590539));
#14942=CARTESIAN_POINT('Ctrl Pts',(0.862347846378209,0.309651551187905,
10.2876506521137));
#14943=CARTESIAN_POINT('Ctrl Pts',(0.862348546739232,0.309653252296691,
10.2876505451081));
#14944=CARTESIAN_POINT('Ctrl Pts',(0.862349246906593,0.309654952961748,
10.2876504380943));
#14945=CARTESIAN_POINT('Ctrl Pts',(0.449949211519916,0.0025062814466902,
10.7));
#14946=CARTESIAN_POINT('Ctrl Pts',(0.457686370829376,0.00328309727922411,
10.6922707800568));
#14947=CARTESIAN_POINT('Ctrl Pts',(0.465765887965454,0.00428147610820274,
10.6841961083328));
#14948=CARTESIAN_POINT('Ctrl Pts',(0.501199026247219,0.009574110687213,
10.6487798482095));
#14949=CARTESIAN_POINT('Ctrl Pts',(0.532755598992149,0.0168245083512549,
10.617226021916));
#14950=CARTESIAN_POINT('Ctrl Pts',(0.626226544610603,0.049258669320318,
10.5237661207195));
#14951=CARTESIAN_POINT('Ctrl Pts',(0.695219335994516,0.0882895375188819,
10.4547738814332));
#14952=CARTESIAN_POINT('Ctrl Pts',(0.792867599231194,0.185648773705502,
10.3571284408159));
#14953=CARTESIAN_POINT('Ctrl Pts',(0.831080557847728,0.238064943454568,
10.3189163981381));
#14954=CARTESIAN_POINT('Ctrl Pts',(0.859393904850589,0.302592445167723,
10.2906039086673));
#14955=CARTESIAN_POINT('Ctrl Pts',(0.860888964103403,0.306108123617152,
10.2891088954383));
#14956=CARTESIAN_POINT('Ctrl Pts',(0.862347146199107,0.309649850547643,
10.2876507590539));
#14957=CARTESIAN_POINT('',(0.400000005960464,5.1024141168865E-6,4.5));
#14958=CARTESIAN_POINT('Origin',(0.983340902283453,0.302046719604066,4.5));
#14959=CARTESIAN_POINT('',(1.10433287840383,0.309649850547643,10.2876507590539));
#14960=CARTESIAN_POINT('',(1.10457153325458,0.302046719604066,10.2908545995216));
#14961=CARTESIAN_POINT('Ctrl Pts',(1.10433287840383,0.309649850547643,10.2876507590539));
#14962=CARTESIAN_POINT('Ctrl Pts',(1.10449415121342,0.307083445197994,10.2887073535037));
#14963=CARTESIAN_POINT('Ctrl Pts',(1.10457153325458,0.30454529550099,10.2897773780257));
#14964=CARTESIAN_POINT('Ctrl Pts',(1.10457153325458,0.302046719604066,10.2908545995216));
#14965=CARTESIAN_POINT('',(1.10457153325458,0.302046719604066,10.0454284728133));
#14966=CARTESIAN_POINT('Ctrl Pts',(1.10457153325458,0.302046719604066,10.0454284728133));
#14967=CARTESIAN_POINT('Ctrl Pts',(1.10457153325458,0.310179782908777,10.0454288151216));
#14968=CARTESIAN_POINT('Ctrl Pts',(1.10374061351254,0.3183841574383,10.0462600799876));
#14969=CARTESIAN_POINT('Ctrl Pts',(1.10043978382739,0.334514217604998,10.0495616318711));
#14970=CARTESIAN_POINT('Ctrl Pts',(1.09793193286654,0.342429119217977,10.0520698601948));
#14971=CARTESIAN_POINT('Ctrl Pts',(1.08839899449962,0.364653161697088,10.0616040036665));
#14972=CARTESIAN_POINT('Ctrl Pts',(1.07926440463292,0.377418131141073,10.0707394983221));
#14973=CARTESIAN_POINT('Ctrl Pts',(1.05570191094454,0.401341129767047,10.0943047764988));
#14974=CARTESIAN_POINT('Ctrl Pts',(1.03893167770443,0.410979754913455,10.11107640994));
#14975=CARTESIAN_POINT('Ctrl Pts',(1.01613198562217,0.419036399762887,10.1338856431552));
#14976=CARTESIAN_POINT('Ctrl Pts',(1.0084629390491,0.420837915742029,10.1415579038231));
#14977=CARTESIAN_POINT('Ctrl Pts',(0.998451796978832,0.42237928702209,10.151587546334));
#14978=CARTESIAN_POINT('Ctrl Pts',(0.995160159959758,0.422735538585254,
10.1548862581662));
#14979=CARTESIAN_POINT('Ctrl Pts',(0.990768047945026,0.423058530543525,
10.1593132389559));
#14980=CARTESIAN_POINT('Ctrl Pts',(0.989338311655698,0.42313666547717,10.160774288107));
#14981=CARTESIAN_POINT('Ctrl Pts',(0.987329488115456,0.423213408562051,
10.1628161903047));
#14982=CARTESIAN_POINT('Ctrl Pts',(0.986686850778288,0.423232802363742,
10.1634936838183));
#14983=CARTESIAN_POINT('Ctrl Pts',(0.985750931732279,0.423253781047651,
10.1645151539765));
#14984=CARTESIAN_POINT('Ctrl Pts',(0.985450647020345,0.423259346602952,
10.1648517562872));
#14985=CARTESIAN_POINT('Ctrl Pts',(0.985009959000909,0.423265950111728,
10.1654095279055));
#14986=CARTESIAN_POINT('Ctrl Pts',(0.98487312962447,0.423267798454552,10.1656027938413));
#14987=CARTESIAN_POINT('Ctrl Pts',(0.984665003597975,0.423270123002255,
10.1659288952407));
#14988=CARTESIAN_POINT('Ctrl Pts',(0.984605055212323,0.423270775849617,
10.166047485386));
#14989=CARTESIAN_POINT('Ctrl Pts',(0.984497304499085,0.423271843213041,
10.1663165840975));
#14990=CARTESIAN_POINT('Ctrl Pts',(0.984453157529057,0.423272248161077,
10.1664685419907));
#14991=CARTESIAN_POINT('Ctrl Pts',(0.984453157529057,0.423272248161077,
10.1668496653633));
#14992=CARTESIAN_POINT('Ctrl Pts',(0.984497304499084,0.423271843213041,
10.1670016232565));
#14993=CARTESIAN_POINT('Ctrl Pts',(0.984605055212322,0.423270775849617,
10.1672707219681));
#14994=CARTESIAN_POINT('Ctrl Pts',(0.984665003597974,0.423270123002255,
10.1673893121134));
#14995=CARTESIAN_POINT('Ctrl Pts',(0.984873129624468,0.423267798454552,
10.1677154135127));
#14996=CARTESIAN_POINT('Ctrl Pts',(0.985009959000911,0.423265950111728,
10.1679086794485));
#14997=CARTESIAN_POINT('Ctrl Pts',(0.985450647020347,0.423259346602952,
10.1684664510668));
#14998=CARTESIAN_POINT('Ctrl Pts',(0.985750931732281,0.423253781047651,
10.1688030533775));
#14999=CARTESIAN_POINT('Ctrl Pts',(0.986686850778291,0.423232802363742,
10.1698245235358));
#15000=CARTESIAN_POINT('Ctrl Pts',(0.987329488115458,0.423213408562051,
10.1705020170494));
#15001=CARTESIAN_POINT('Ctrl Pts',(0.9893383116557,0.42313666547717,10.172543919247));
#15002=CARTESIAN_POINT('Ctrl Pts',(0.990768047945027,0.423058530543525,
10.1740049683981));
#15003=CARTESIAN_POINT('Ctrl Pts',(0.995160159959758,0.422735538585254,
10.1784319491878));
#15004=CARTESIAN_POINT('Ctrl Pts',(0.998451796978833,0.42237928702209,10.18173066102));
#15005=CARTESIAN_POINT('Ctrl Pts',(1.0084629390491,0.420837915742029,10.191760303531));
#15006=CARTESIAN_POINT('Ctrl Pts',(1.01613198562217,0.419036399762886,10.1994325641988));
#15007=CARTESIAN_POINT('Ctrl Pts',(1.03893167770443,0.410979754913454,10.222241797414));
#15008=CARTESIAN_POINT('Ctrl Pts',(1.05570191094454,0.401341129767047,10.2390134308552));
#15009=CARTESIAN_POINT('Ctrl Pts',(1.07926440463292,0.377418131141073,10.2625787090319));
#15010=CARTESIAN_POINT('Ctrl Pts',(1.08839899449962,0.364653161697088,10.2717142036875));
#15011=CARTESIAN_POINT('Ctrl Pts',(1.09793193286654,0.342429119217977,10.2812483471592));
#15012=CARTESIAN_POINT('Ctrl Pts',(1.10043978382739,0.334514217604998,10.2837565754829));
#15013=CARTESIAN_POINT('Ctrl Pts',(1.10323291182256,0.320865127251114,10.2865503145948));
#15014=CARTESIAN_POINT('Ctrl Pts',(1.10398013960777,0.315263138587226,10.2872977826013));
#15015=CARTESIAN_POINT('Ctrl Pts',(1.10433287840383,0.309649850547643,10.2876507590539));
#15016=CARTESIAN_POINT('',(1.10457153325458,0.302046719604066,4.5));
#15017=CARTESIAN_POINT('Origin',(0.983340902283453,0.302046719604066,4.5));
#15018=CARTESIAN_POINT('Ctrl Pts',(0.862349246906593,0.309654952961748,
10.2876504380943));
#15019=CARTESIAN_POINT('Ctrl Pts',(0.862702116003104,0.315266533746809,
10.2872973314117));
#15020=CARTESIAN_POINT('Ctrl Pts',(0.86344923333504,0.320866791604914,10.2865499739296));
#15021=CARTESIAN_POINT('Ctrl Pts',(0.866242020739514,0.334514217604998,
10.2837565754829));
#15022=CARTESIAN_POINT('Ctrl Pts',(0.868749871700367,0.342429119217977,
10.2812483471592));
#15023=CARTESIAN_POINT('Ctrl Pts',(0.878282810067285,0.364653161697088,
10.2717142036875));
#15024=CARTESIAN_POINT('Ctrl Pts',(0.887417399933982,0.377418131141073,
10.2625787090319));
#15025=CARTESIAN_POINT('Ctrl Pts',(0.910979893622368,0.401341129767047,
10.2390134308552));
#15026=CARTESIAN_POINT('Ctrl Pts',(0.927750126862476,0.410979754913454,
10.222241797414));
#15027=CARTESIAN_POINT('Ctrl Pts',(0.950549818944736,0.419036399762886,
10.1994325641988));
#15028=CARTESIAN_POINT('Ctrl Pts',(0.958218865517808,0.420837915742029,
10.191760303531));
#15029=CARTESIAN_POINT('Ctrl Pts',(0.968230007588074,0.42237928702209,10.18173066102));
#15030=CARTESIAN_POINT('Ctrl Pts',(0.971521644607149,0.422735538585254,
10.1784319491878));
#15031=CARTESIAN_POINT('Ctrl Pts',(0.97591375662188,0.423058530543525,10.1740049683981));
#15032=CARTESIAN_POINT('Ctrl Pts',(0.977343492911208,0.42313666547717,10.172543919247));
#15033=CARTESIAN_POINT('Ctrl Pts',(0.97935231645145,0.423213408562051,10.1705020170494));
#15034=CARTESIAN_POINT('Ctrl Pts',(0.979994953788616,0.423232802363742,
10.1698245235358));
#15035=CARTESIAN_POINT('Ctrl Pts',(0.980930872834626,0.423253781047651,
10.1688030533775));
#15036=CARTESIAN_POINT('Ctrl Pts',(0.981231157546562,0.423259346602952,
10.1684664510668));
#15037=CARTESIAN_POINT('Ctrl Pts',(0.981671845565998,0.423265950111728,
10.1679086794485));
#15038=CARTESIAN_POINT('Ctrl Pts',(0.981808674942436,0.423267798454552,
10.1677154135127));
#15039=CARTESIAN_POINT('Ctrl Pts',(0.982016800968932,0.423270123002255,
10.1673893121134));
#15040=CARTESIAN_POINT('Ctrl Pts',(0.982076749354585,0.423270775849617,
10.1672707219681));
#15041=CARTESIAN_POINT('Ctrl Pts',(0.982184500067822,0.423271843213041,
10.1670016232565));
#15042=CARTESIAN_POINT('Ctrl Pts',(0.98222864703785,0.423272248161077,10.1668496653633));
#15043=CARTESIAN_POINT('Ctrl Pts',(0.98222864703785,0.423272248161077,10.166659103677));
#15044=CARTESIAN_POINT('Ctrl Pts',(0.98222864703785,0.423272248161077,10.1664685419907));
#15045=CARTESIAN_POINT('Ctrl Pts',(0.982184500067823,0.423271843213041,
10.1663165840975));
#15046=CARTESIAN_POINT('Ctrl Pts',(0.982076749354586,0.423270775849617,
10.166047485386));
#15047=CARTESIAN_POINT('Ctrl Pts',(0.982016800968934,0.423270123002255,
10.1659288952407));
#15048=CARTESIAN_POINT('Ctrl Pts',(0.981808674942439,0.423267798454552,
10.1656027938413));
#15049=CARTESIAN_POINT('Ctrl Pts',(0.981671845565996,0.423265950111728,
10.1654095279055));
#15050=CARTESIAN_POINT('Ctrl Pts',(0.98123115754656,0.423259346602952,10.1648517562872));
#15051=CARTESIAN_POINT('Ctrl Pts',(0.980930872834627,0.423253781047651,
10.1645151539765));
#15052=CARTESIAN_POINT('Ctrl Pts',(0.979994953788617,0.423232802363742,
10.1634936838183));
#15053=CARTESIAN_POINT('Ctrl Pts',(0.979352316451451,0.423213408562051,
10.1628161903047));
#15054=CARTESIAN_POINT('Ctrl Pts',(0.977343492911208,0.42313666547717,10.160774288107));
#15055=CARTESIAN_POINT('Ctrl Pts',(0.97591375662188,0.423058530543525,10.1593132389559));
#15056=CARTESIAN_POINT('Ctrl Pts',(0.971521644607149,0.422735538585254,
10.1548862581662));
#15057=CARTESIAN_POINT('Ctrl Pts',(0.968230007588074,0.42237928702209,10.151587546334));
#15058=CARTESIAN_POINT('Ctrl Pts',(0.958218865517808,0.420837915742029,
10.1415579038231));
#15059=CARTESIAN_POINT('Ctrl Pts',(0.950549818944736,0.419036399762886,
10.1338856431552));
#15060=CARTESIAN_POINT('Ctrl Pts',(0.927750126862476,0.410979754913454,
10.11107640994));
#15061=CARTESIAN_POINT('Ctrl Pts',(0.910979893622368,0.401341129767047,
10.0943047764988));
#15062=CARTESIAN_POINT('Ctrl Pts',(0.887417399933982,0.377418131141073,
10.0707394983221));
#15063=CARTESIAN_POINT('Ctrl Pts',(0.878282810067285,0.364653161697088,
10.0616040036665));
#15064=CARTESIAN_POINT('Ctrl Pts',(0.868749871700367,0.342429119217977,
10.0520698601949));
#15065=CARTESIAN_POINT('Ctrl Pts',(0.866242020739514,0.334514217604998,
10.0495616318711));
#15066=CARTESIAN_POINT('Ctrl Pts',(0.86344923333504,0.320866791604914,10.0467682334244));
#15067=CARTESIAN_POINT('Ctrl Pts',(0.862702116003104,0.315266533746809,
10.0460208759424));
#15068=CARTESIAN_POINT('Ctrl Pts',(0.862349246906593,0.309654952961748,
10.0456677692597));
#15069=CARTESIAN_POINT('Origin',(0.983340902283453,0.302046719604066,4.5));
#15070=CARTESIAN_POINT('',(1.10457153325458,0.302046719604066,5.48406718016673));
#15071=CARTESIAN_POINT('Ctrl Pts',(1.10457153325458,0.302046719604066,5.48406718016673));
#15072=CARTESIAN_POINT('Ctrl Pts',(1.10457153325458,0.303758223973612,5.49023024711992));
#15073=CARTESIAN_POINT('Ctrl Pts',(1.10453608235924,0.305762716661457,5.49632802768704));
#15074=CARTESIAN_POINT('Ctrl Pts',(1.10397578991937,0.317075824391399,5.52598968058223));
#15075=CARTESIAN_POINT('Ctrl Pts',(1.10228464931998,0.330690952280561,5.54775051730464));
#15076=CARTESIAN_POINT('Ctrl Pts',(1.09174358126054,0.357760035492254,5.57838887918847));
#15077=CARTESIAN_POINT('Ctrl Pts',(1.08291034398723,0.373124096930978,5.59132300740629));
#15078=CARTESIAN_POINT('Ctrl Pts',(1.06157146906054,0.395824954622881,5.6066422890804));
#15079=CARTESIAN_POINT('Ctrl Pts',(1.04801335253073,0.405971571193587,5.61191612949492));
#15080=CARTESIAN_POINT('Ctrl Pts',(1.01710073434166,0.419703792690053,5.61834990203409));
#15081=CARTESIAN_POINT('Ctrl Pts',(0.999775657262884,0.423277350575195,
5.6196758150505));
#15082=CARTESIAN_POINT('Ctrl Pts',(0.966906147304023,0.423277350575195,
5.6196758150505));
#15083=CARTESIAN_POINT('Ctrl Pts',(0.949581070225246,0.419703792690053,
5.61834990203409));
#15084=CARTESIAN_POINT('Ctrl Pts',(0.918668452036179,0.405971571193587,
5.61191612949492));
#15085=CARTESIAN_POINT('Ctrl Pts',(0.905110335506372,0.395824954622881,
5.6066422890804));
#15086=CARTESIAN_POINT('Ctrl Pts',(0.883771460579678,0.373124096930978,
5.59132300740629));
#15087=CARTESIAN_POINT('Ctrl Pts',(0.874938223306364,0.357760035492254,
5.57838887918847));
#15088=CARTESIAN_POINT('Ctrl Pts',(0.864743028497265,0.331579142333149,
5.54875582243596));
#15089=CARTESIAN_POINT('Ctrl Pts',(0.862913739852905,0.318631929982815,
5.52850425687939));
#15090=CARTESIAN_POINT('Ctrl Pts',(0.862349246906593,0.309654952961749,
5.50640088573995));
#15091=CARTESIAN_POINT('',(1.10457153325458,0.302046719604066,9.78501165507957));
#15092=CARTESIAN_POINT('',(1.10457153325458,0.302046719604066,4.5));
#15093=CARTESIAN_POINT('Ctrl Pts',(0.862349246906593,0.309654952961748,
9.76267794950635));
#15094=CARTESIAN_POINT('Ctrl Pts',(0.862913739852905,0.318631929982814,
9.74057457836691));
#15095=CARTESIAN_POINT('Ctrl Pts',(0.864743028497265,0.331579142333148,
9.72032301281034));
#15096=CARTESIAN_POINT('Ctrl Pts',(0.874938223306364,0.357760035492254,
9.69068995605783));
#15097=CARTESIAN_POINT('Ctrl Pts',(0.883771460579678,0.373124096930978,
9.67775582784001));
#15098=CARTESIAN_POINT('Ctrl Pts',(0.905110335506372,0.395824954622881,
9.6624365461659));
#15099=CARTESIAN_POINT('Ctrl Pts',(0.918668452036179,0.405971571193587,
9.65716270575137));
#15100=CARTESIAN_POINT('Ctrl Pts',(0.949581070225246,0.419703792690053,
9.65072893321221));
#15101=CARTESIAN_POINT('Ctrl Pts',(0.966906147304023,0.423277350575195,
9.64940302019579));
#15102=CARTESIAN_POINT('Ctrl Pts',(0.999775657262884,0.423277350575195,
9.64940302019579));
#15103=CARTESIAN_POINT('Ctrl Pts',(1.01710073434166,0.419703792690053,9.65072893321221));
#15104=CARTESIAN_POINT('Ctrl Pts',(1.04801335253073,0.405971571193587,9.65716270575137));
#15105=CARTESIAN_POINT('Ctrl Pts',(1.06157146906054,0.395824954622881,9.6624365461659));
#15106=CARTESIAN_POINT('Ctrl Pts',(1.08291034398723,0.373124096930978,9.67775582784001));
#15107=CARTESIAN_POINT('Ctrl Pts',(1.09174358126054,0.357760035492254,9.69068995605783));
#15108=CARTESIAN_POINT('Ctrl Pts',(1.10228464931998,0.330690952280561,9.72132831794166));
#15109=CARTESIAN_POINT('Ctrl Pts',(1.10397578991937,0.317075824391399,9.74308915466407));
#15110=CARTESIAN_POINT('Ctrl Pts',(1.10453608235924,0.305762716661456,9.77275080755926));
#15111=CARTESIAN_POINT('Ctrl Pts',(1.10457153325458,0.303758223973612,9.77884858812638));
#15112=CARTESIAN_POINT('Ctrl Pts',(1.10457153325458,0.302046719604066,9.78501165507957));
#15113=CARTESIAN_POINT('Origin',(0.983340902283453,0.302046719604066,4.5));
#15114=CARTESIAN_POINT('',(1.10457153325458,0.302046719604066,4.97822423572472));
#15115=CARTESIAN_POINT('',(1.10433287840383,0.309649850547644,4.98142807619243));
#15116=CARTESIAN_POINT('Ctrl Pts',(1.10457153325458,0.302046719604066,4.97822423572472));
#15117=CARTESIAN_POINT('Ctrl Pts',(1.10457153325458,0.30454529550099,4.97930145722056));
#15118=CARTESIAN_POINT('Ctrl Pts',(1.10449415121342,0.307083445197995,4.98037148174261));
#15119=CARTESIAN_POINT('Ctrl Pts',(1.10433287840383,0.309649850547644,4.98142807619243));
#15120=CARTESIAN_POINT('',(1.10457153325458,0.302046719604066,5.22365036243304));
#15121=CARTESIAN_POINT('',(1.10457153325458,0.302046719604066,4.5));
#15122=CARTESIAN_POINT('Ctrl Pts',(1.10433287840383,0.309649850547644,4.98142807619243));
#15123=CARTESIAN_POINT('Ctrl Pts',(1.10398013960777,0.315263138587228,4.98178105264503));
#15124=CARTESIAN_POINT('Ctrl Pts',(1.10323291182256,0.320865127251119,4.98252852065145));
#15125=CARTESIAN_POINT('Ctrl Pts',(1.10043978382739,0.334514217605005,4.98532225976338));
#15126=CARTESIAN_POINT('Ctrl Pts',(1.09793193286654,0.342429119217985,4.98783048808713));
#15127=CARTESIAN_POINT('Ctrl Pts',(1.08839899449962,0.364653161697095,4.99736463155878));
#15128=CARTESIAN_POINT('Ctrl Pts',(1.07926440463292,0.377418131141081,5.00650012621436));
#15129=CARTESIAN_POINT('Ctrl Pts',(1.05570191094453,0.401341129767053,5.03006540439108));
#15130=CARTESIAN_POINT('Ctrl Pts',(1.03893167770442,0.410979754913459,5.04683703783232));
#15131=CARTESIAN_POINT('Ctrl Pts',(1.01613198562216,0.419036399762889,5.0696462710475));
#15132=CARTESIAN_POINT('Ctrl Pts',(1.00846293904909,0.420837915742031,5.07731853171534));
#15133=CARTESIAN_POINT('Ctrl Pts',(0.998451796978825,0.422379287022091,
5.08734817422631));
#15134=CARTESIAN_POINT('Ctrl Pts',(0.995160159959749,0.422735538585254,
5.09064688605853));
#15135=CARTESIAN_POINT('Ctrl Pts',(0.990768047945018,0.423058530543526,
5.0950738668482));
#15136=CARTESIAN_POINT('Ctrl Pts',(0.989338311655688,0.42313666547717,5.0965349159993));
#15137=CARTESIAN_POINT('Ctrl Pts',(0.987329488115446,0.423213408562051,
5.09857681819695));
#15138=CARTESIAN_POINT('Ctrl Pts',(0.986686850778278,0.423232802363742,
5.09925431171054));
#15139=CARTESIAN_POINT('Ctrl Pts',(0.985750931732269,0.423253781047651,
5.10027578186882));
#15140=CARTESIAN_POINT('Ctrl Pts',(0.985450647020334,0.423259346602952,
5.10061238417949));
#15141=CARTESIAN_POINT('Ctrl Pts',(0.985009959000897,0.423265950111728,
5.10117015579782));
#15142=CARTESIAN_POINT('Ctrl Pts',(0.984873129624459,0.423267798454552,
5.10136342173356));
#15143=CARTESIAN_POINT('Ctrl Pts',(0.984665003597963,0.423270123002255,
5.10168952313293));
#15144=CARTESIAN_POINT('Ctrl Pts',(0.984605055212311,0.423270775849617,
5.10180811327824));
#15145=CARTESIAN_POINT('Ctrl Pts',(0.984497304499073,0.423271843213041,
5.10207721198977));
#15146=CARTESIAN_POINT('Ctrl Pts',(0.984453157529045,0.423272248161077,
5.10222916988299));
#15147=CARTESIAN_POINT('Ctrl Pts',(0.984453157529045,0.423272248161077,
5.10261029325559));
#15148=CARTESIAN_POINT('Ctrl Pts',(0.984497304499071,0.423271843213041,
5.10276225114881));
#15149=CARTESIAN_POINT('Ctrl Pts',(0.984605055212309,0.423270775849617,
5.10303134986034));
#15150=CARTESIAN_POINT('Ctrl Pts',(0.98466500359796,0.423270123002255,5.10314994000565));
#15151=CARTESIAN_POINT('Ctrl Pts',(0.984873129624456,0.423267798454552,
5.10347604140502));
#15152=CARTESIAN_POINT('Ctrl Pts',(0.985009959000898,0.423265950111728,
5.10366930734076));
#15153=CARTESIAN_POINT('Ctrl Pts',(0.985450647020336,0.423259346602952,
5.10422707895909));
#15154=CARTESIAN_POINT('Ctrl Pts',(0.985750931732272,0.423253781047651,
5.10456368126976));
#15155=CARTESIAN_POINT('Ctrl Pts',(0.986686850778281,0.423232802363742,
5.10558515142804));
#15156=CARTESIAN_POINT('Ctrl Pts',(0.987329488115448,0.423213408562051,
5.10626264494163));
#15157=CARTESIAN_POINT('Ctrl Pts',(0.98933831165569,0.42313666547717,5.10830454713929));
#15158=CARTESIAN_POINT('Ctrl Pts',(0.990768047945019,0.423058530543526,
5.10976559629038));
#15159=CARTESIAN_POINT('Ctrl Pts',(0.99516015995975,0.422735538585254,5.11419257708005));
#15160=CARTESIAN_POINT('Ctrl Pts',(0.998451796978825,0.422379287022091,
5.11749128891227));
#15161=CARTESIAN_POINT('Ctrl Pts',(1.00846293904909,0.420837915742031,5.12752093142324));
#15162=CARTESIAN_POINT('Ctrl Pts',(1.01613198562216,0.419036399762889,5.13519319209108));
#15163=CARTESIAN_POINT('Ctrl Pts',(1.03893167770442,0.410979754913459,5.15800242530626));
#15164=CARTESIAN_POINT('Ctrl Pts',(1.05570191094453,0.401341129767053,5.1747740587475));
#15165=CARTESIAN_POINT('Ctrl Pts',(1.07926440463292,0.377418131141081,5.19833933692422));
#15166=CARTESIAN_POINT('Ctrl Pts',(1.08839899449962,0.364653161697095,5.2074748315798));
#15167=CARTESIAN_POINT('Ctrl Pts',(1.09793193286654,0.342429119217985,5.21700897505145));
#15168=CARTESIAN_POINT('Ctrl Pts',(1.10043978382739,0.334514217605005,5.2195172033752));
#15169=CARTESIAN_POINT('Ctrl Pts',(1.10374061351254,0.318384157438305,5.22281875525867));
#15170=CARTESIAN_POINT('Ctrl Pts',(1.10457153325458,0.310179782908779,5.22365002012469));
#15171=CARTESIAN_POINT('Ctrl Pts',(1.10457153325458,0.302046719604066,5.22365036243304));
#15172=CARTESIAN_POINT('Origin',(0.983340902283453,0.302046719604066,4.5));
#15173=CARTESIAN_POINT('Ctrl Pts',(0.862349246906593,0.309654952961748,
5.22341106598661));
#15174=CARTESIAN_POINT('Ctrl Pts',(0.862702116003104,0.315266533746811,
5.22305795930394));
#15175=CARTESIAN_POINT('Ctrl Pts',(0.863449233335041,0.320866791604919,
5.22231060182191));
#15176=CARTESIAN_POINT('Ctrl Pts',(0.866242020739516,0.334514217605005,
5.2195172033752));
#15177=CARTESIAN_POINT('Ctrl Pts',(0.86874987170037,0.342429119217985,5.21700897505145));
#15178=CARTESIAN_POINT('Ctrl Pts',(0.878282810067289,0.364653161697095,
5.2074748315798));
#15179=CARTESIAN_POINT('Ctrl Pts',(0.887417399933987,0.377418131141081,
5.19833933692422));
#15180=CARTESIAN_POINT('Ctrl Pts',(0.910979893622375,0.401341129767053,
5.1747740587475));
#15181=CARTESIAN_POINT('Ctrl Pts',(0.927750126862485,0.410979754913458,
5.15800242530626));
#15182=CARTESIAN_POINT('Ctrl Pts',(0.950549818944744,0.419036399762888,
5.13519319209108));
#15183=CARTESIAN_POINT('Ctrl Pts',(0.958218865517816,0.420837915742031,
5.12752093142324));
#15184=CARTESIAN_POINT('Ctrl Pts',(0.968230007588082,0.422379287022091,
5.11749128891227));
#15185=CARTESIAN_POINT('Ctrl Pts',(0.971521644607157,0.422735538585254,
5.11419257708005));
#15186=CARTESIAN_POINT('Ctrl Pts',(0.975913756621888,0.423058530543526,
5.10976559629038));
#15187=CARTESIAN_POINT('Ctrl Pts',(0.977343492911217,0.42313666547717,5.10830454713929));
#15188=CARTESIAN_POINT('Ctrl Pts',(0.979352316451459,0.423213408562051,
5.10626264494163));
#15189=CARTESIAN_POINT('Ctrl Pts',(0.979994953788625,0.423232802363742,
5.10558515142804));
#15190=CARTESIAN_POINT('Ctrl Pts',(0.980930872834635,0.423253781047651,
5.10456368126976));
#15191=CARTESIAN_POINT('Ctrl Pts',(0.981231157546571,0.423259346602952,
5.10422707895909));
#15192=CARTESIAN_POINT('Ctrl Pts',(0.981671845566008,0.423265950111728,
5.10366930734076));
#15193=CARTESIAN_POINT('Ctrl Pts',(0.981808674942451,0.423267798454552,
5.10347604140502));
#15194=CARTESIAN_POINT('Ctrl Pts',(0.982016800968947,0.423270123002255,
5.10314994000565));
#15195=CARTESIAN_POINT('Ctrl Pts',(0.982076749354597,0.423270775849617,
5.10303134986034));
#15196=CARTESIAN_POINT('Ctrl Pts',(0.982184500067836,0.423271843213041,
5.10276225114881));
#15197=CARTESIAN_POINT('Ctrl Pts',(0.982228647037862,0.423272248161077,
5.10261029325559));
#15198=CARTESIAN_POINT('Ctrl Pts',(0.982228647037862,0.423272248161077,
5.10241973156929));
#15199=CARTESIAN_POINT('Ctrl Pts',(0.982228647037862,0.423272248161077,
5.10222916988299));
#15200=CARTESIAN_POINT('Ctrl Pts',(0.982184500067836,0.423271843213041,
5.10207721198977));
#15201=CARTESIAN_POINT('Ctrl Pts',(0.982076749354597,0.423270775849617,
5.10180811327824));
#15202=CARTESIAN_POINT('Ctrl Pts',(0.982016800968947,0.423270123002255,
5.10168952313293));
#15203=CARTESIAN_POINT('Ctrl Pts',(0.981808674942451,0.423267798454552,
5.10136342173356));
#15204=CARTESIAN_POINT('Ctrl Pts',(0.981671845566008,0.423265950111728,
5.10117015579782));
#15205=CARTESIAN_POINT('Ctrl Pts',(0.981231157546571,0.423259346602952,
5.10061238417949));
#15206=CARTESIAN_POINT('Ctrl Pts',(0.980930872834635,0.423253781047651,
5.10027578186882));
#15207=CARTESIAN_POINT('Ctrl Pts',(0.979994953788626,0.423232802363742,
5.09925431171054));
#15208=CARTESIAN_POINT('Ctrl Pts',(0.97935231645146,0.423213408562051,5.09857681819695));
#15209=CARTESIAN_POINT('Ctrl Pts',(0.977343492911218,0.42313666547717,5.0965349159993));
#15210=CARTESIAN_POINT('Ctrl Pts',(0.975913756621889,0.423058530543526,
5.0950738668482));
#15211=CARTESIAN_POINT('Ctrl Pts',(0.971521644607158,0.422735538585254,
5.09064688605853));
#15212=CARTESIAN_POINT('Ctrl Pts',(0.968230007588082,0.422379287022091,
5.08734817422631));
#15213=CARTESIAN_POINT('Ctrl Pts',(0.958218865517816,0.420837915742031,
5.07731853171534));
#15214=CARTESIAN_POINT('Ctrl Pts',(0.950549818944744,0.419036399762888,
5.0696462710475));
#15215=CARTESIAN_POINT('Ctrl Pts',(0.927750126862485,0.410979754913458,
5.04683703783232));
#15216=CARTESIAN_POINT('Ctrl Pts',(0.910979893622375,0.401341129767053,
5.03006540439108));
#15217=CARTESIAN_POINT('Ctrl Pts',(0.887417399933987,0.377418131141081,
5.00650012621436));
#15218=CARTESIAN_POINT('Ctrl Pts',(0.87828281006729,0.364653161697096,4.99736463155878));
#15219=CARTESIAN_POINT('Ctrl Pts',(0.86874987170037,0.342429119217985,4.98783048808713));
#15220=CARTESIAN_POINT('Ctrl Pts',(0.866242020739516,0.334514217605005,
4.98532225976338));
#15221=CARTESIAN_POINT('Ctrl Pts',(0.863449233335041,0.320866791604919,
4.98252886131667));
#15222=CARTESIAN_POINT('Ctrl Pts',(0.862702116003104,0.315266533746811,
4.98178150383464));
#15223=CARTESIAN_POINT('Ctrl Pts',(0.862349246906593,0.309654952961748,
4.98142839715197));
#15224=CARTESIAN_POINT('Origin',(1.10457153325458,0.302046719604066,4.5));
#15225=CARTESIAN_POINT('',(1.25506214763297,0.302046719604066,10.2908545995216));
#15226=CARTESIAN_POINT('',(10.4000001773238,0.302046719604072,10.2908545995216));
#15227=CARTESIAN_POINT('',(1.25506214763297,0.302046719604066,10.0454284728133));
#15228=CARTESIAN_POINT('',(10.4000001773238,0.302046719604072,10.0454284728133));
#15229=CARTESIAN_POINT('',(1.25506214763297,0.302046719604066,4.5));
#15230=CARTESIAN_POINT('Origin',(1.10457153325458,0.302046719604066,4.5));
#15231=CARTESIAN_POINT('',(1.25506214763297,0.302046719604066,5.48406718016673));
#15232=CARTESIAN_POINT('',(10.4000001773238,0.302046719604072,5.48406718016675));
#15233=CARTESIAN_POINT('',(1.25506214763297,0.302046719604066,9.78501165507957));
#15234=CARTESIAN_POINT('',(1.25506214763297,0.302046719604066,4.5));
#15235=CARTESIAN_POINT('',(10.4000001773238,0.302046719604072,9.78501165507955));
#15236=CARTESIAN_POINT('Origin',(1.10457153325458,0.302046719604066,4.5));
#15237=CARTESIAN_POINT('',(1.25506214763297,0.302046719604066,4.97822423572472));
#15238=CARTESIAN_POINT('',(10.4000001773238,0.302046719604072,4.97822423572472));
#15239=CARTESIAN_POINT('',(1.25506214763297,0.302046719604066,5.22365036243304));
#15240=CARTESIAN_POINT('',(1.25506214763297,0.302046719604066,4.5));
#15241=CARTESIAN_POINT('',(10.4000001773238,0.302046719604072,5.22365036243304));
#15242=CARTESIAN_POINT('Origin',(1.31001606079595,0.500005102414117,4.5));
#15243=CARTESIAN_POINT('',(1.38729692507389,0.309649850547643,10.2876507590539));
#15244=CARTESIAN_POINT('Ctrl Pts',(1.25506214763297,0.302046719604066,10.2908545995216));
#15245=CARTESIAN_POINT('Ctrl Pts',(1.27322484645472,0.297004693296884,10.2930283894502));
#15246=CARTESIAN_POINT('Ctrl Pts',(1.29198867448421,0.294560574872752,10.2941550234966));
#15247=CARTESIAN_POINT('Ctrl Pts',(1.33555772187809,0.294560574872752,10.2941550234966));
#15248=CARTESIAN_POINT('Ctrl Pts',(1.36253181148064,0.299595652601109,10.2917900933758));
#15249=CARTESIAN_POINT('Ctrl Pts',(1.38729692507389,0.309649850547643,10.2876507590539));
#15250=CARTESIAN_POINT('',(1.25508053117626,0.302041617189948,10.0454284727059));
#15251=CARTESIAN_POINT('Ctrl Pts',(1.25508053117626,0.302041617189948,10.0454284727059));
#15252=CARTESIAN_POINT('Ctrl Pts',(1.25507440361935,0.302043317607498,10.0454284727059));
#15253=CARTESIAN_POINT('Ctrl Pts',(1.25506827505818,0.30204501861021,10.0454284727417));
#15254=CARTESIAN_POINT('Ctrl Pts',(1.25506214763297,0.302046719604066,10.0454284728133));
#15255=CARTESIAN_POINT('',(1.25508053117626,0.302041617189948,9.89493785832749));
#15256=CARTESIAN_POINT('',(1.25508053117626,0.302041617189948,4.5));
#15257=CARTESIAN_POINT('',(1.36495159041563,0.302041617189948,9.89493785832749));
#15258=CARTESIAN_POINT('Ctrl Pts',(1.36495159041563,0.302041617189948,9.89493785832749));
#15259=CARTESIAN_POINT('Ctrl Pts',(1.35645152598733,0.299682820866268,9.88644085640828));
#15260=CARTESIAN_POINT('Ctrl Pts',(1.34815805923777,0.297988757720378,9.87815125307051));
#15261=CARTESIAN_POINT('Ctrl Pts',(1.33502514666606,0.296009698006786,9.86503322215279));
#15262=CARTESIAN_POINT('Ctrl Pts',(1.32947403689616,0.295424271535977,9.85948933949904));
#15263=CARTESIAN_POINT('Ctrl Pts',(1.32207171815396,0.294899681036868,9.85212362337207));
#15264=CARTESIAN_POINT('Ctrl Pts',(1.31962782340918,0.294772920325689,9.84969405442595));
#15265=CARTESIAN_POINT('Ctrl Pts',(1.31621584807455,0.29465098949932,9.84634668251703));
#15266=CARTESIAN_POINT('Ctrl Pts',(1.31509125448226,0.29462034162614,9.84525518151083));
#15267=CARTESIAN_POINT('Ctrl Pts',(1.31342489812156,0.294588067779651,9.84367891776813));
#15268=CARTESIAN_POINT('Ctrl Pts',(1.31287458743417,0.294579611193324,9.84317253939731));
#15269=CARTESIAN_POINT('Ctrl Pts',(1.31198698165873,0.294569815391732,9.84242425963542));
#15270=CARTESIAN_POINT('Ctrl Pts',(1.3116892440614,0.294567099828769,9.84218194439102));
#15271=CARTESIAN_POINT('Ctrl Pts',(1.31117335556477,0.294563762837128,9.84183326877181));
#15272=CARTESIAN_POINT('Ctrl Pts',(1.31099198350513,0.294562795111327,9.84172260170783));
#15273=CARTESIAN_POINT('Ctrl Pts',(1.31057317610797,0.294561214151875,9.84152206127937));
#15274=CARTESIAN_POINT('Ctrl Pts',(1.31033589089671,0.294560574872752,9.84143187474869));
#15275=CARTESIAN_POINT('Ctrl Pts',(1.30969623069519,0.294560574872752,9.84143187474869));
#15276=CARTESIAN_POINT('Ctrl Pts',(1.30945894548392,0.294561214151875,9.84152206127937));
#15277=CARTESIAN_POINT('Ctrl Pts',(1.30904013808676,0.294562795111327,9.84172260170783));
#15278=CARTESIAN_POINT('Ctrl Pts',(1.30885876602712,0.294563762837128,9.84183326877181));
#15279=CARTESIAN_POINT('Ctrl Pts',(1.30834287753049,0.294567099828769,9.84218194439102));
#15280=CARTESIAN_POINT('Ctrl Pts',(1.30804513993316,0.294569815391732,9.84242425963542));
#15281=CARTESIAN_POINT('Ctrl Pts',(1.30715753415772,0.294579611193324,9.84317253939731));
#15282=CARTESIAN_POINT('Ctrl Pts',(1.30660722347033,0.294588067779651,9.84367891776813));
#15283=CARTESIAN_POINT('Ctrl Pts',(1.30494086710963,0.29462034162614,9.84525518151083));
#15284=CARTESIAN_POINT('Ctrl Pts',(1.30381627351734,0.29465098949932,9.84634668251703));
#15285=CARTESIAN_POINT('Ctrl Pts',(1.30040429818271,0.294772920325689,9.84969405442595));
#15286=CARTESIAN_POINT('Ctrl Pts',(1.29796040343793,0.294899681036868,9.85212362337207));
#15287=CARTESIAN_POINT('Ctrl Pts',(1.29055808469573,0.295424271535977,9.85948933949904));
#15288=CARTESIAN_POINT('Ctrl Pts',(1.28500697492584,0.296009698006786,9.86503322215279));
#15289=CARTESIAN_POINT('Ctrl Pts',(1.27187406235412,0.297988757720378,9.87815125307051));
#15290=CARTESIAN_POINT('Ctrl Pts',(1.26358059560456,0.299682820866268,9.88644085640828));
#15291=CARTESIAN_POINT('Ctrl Pts',(1.25508053117627,0.302041617189948,9.89493785832749));
#15292=CARTESIAN_POINT('',(1.36495159041563,0.302041617189948,10.0454284727059));
#15293=CARTESIAN_POINT('',(1.36495159041563,0.302041617189948,4.5));
#15294=CARTESIAN_POINT('Ctrl Pts',(1.38729692507389,0.309649850547643,10.2876507590539));
#15295=CARTESIAN_POINT('Ctrl Pts',(1.40459192451527,0.316671314318202,10.287209233275));
#15296=CARTESIAN_POINT('Ctrl Pts',(1.42067873865256,0.32605583988947,10.2859849486321));
#15297=CARTESIAN_POINT('Ctrl Pts',(1.44931796110896,0.347841190529433,10.2795280163509));
#15298=CARTESIAN_POINT('Ctrl Pts',(1.46439326282434,0.363487634205574,10.2724381920349));
#15299=CARTESIAN_POINT('Ctrl Pts',(1.48367926605865,0.389097024711568,10.2525434876673));
#15300=CARTESIAN_POINT('Ctrl Pts',(1.49059084087849,0.401564399700135,10.2384078420102));
#15301=CARTESIAN_POINT('Ctrl Pts',(1.49890933967971,0.41865935126774,10.204777287719));
#15302=CARTESIAN_POINT('Ctrl Pts',(1.50059287726342,0.423272248161077,10.1853439359458));
#15303=CARTESIAN_POINT('Ctrl Pts',(1.50059287726342,0.423272248161077,10.166659103677));
#15304=CARTESIAN_POINT('Ctrl Pts',(1.50059287726342,0.423272248161077,10.1479742714082));
#15305=CARTESIAN_POINT('Ctrl Pts',(1.49890933967971,0.41865935126774,10.1285409196351));
#15306=CARTESIAN_POINT('Ctrl Pts',(1.49059084087849,0.401564399700135,10.0949103653438));
#15307=CARTESIAN_POINT('Ctrl Pts',(1.48367926605865,0.389097024711568,10.0807747196867));
#15308=CARTESIAN_POINT('Ctrl Pts',(1.46439326282434,0.363487634205574,10.0608800153191));
#15309=CARTESIAN_POINT('Ctrl Pts',(1.44931796110896,0.347841190529433,10.0537901910031));
#15310=CARTESIAN_POINT('Ctrl Pts',(1.41769721877428,0.323787850383566,10.0466610522059));
#15311=CARTESIAN_POINT('Ctrl Pts',(1.39746092036081,0.312707428217573,10.0456775675822));
#15312=CARTESIAN_POINT('Ctrl Pts',(1.37226229212427,0.304180273705611,10.0454411874341));
#15313=CARTESIAN_POINT('Ctrl Pts',(1.36861874973855,0.303059266173933,10.0454284727059));
#15314=CARTESIAN_POINT('Ctrl Pts',(1.36495159041563,0.302041617189948,10.0454284727059));
#15315=CARTESIAN_POINT('Origin',(1.31001606079595,0.500005102414117,4.5));
#15316=CARTESIAN_POINT('Ctrl Pts',(1.51546058825547,0.499999303555952,5.63453941762197));
#15317=CARTESIAN_POINT('Ctrl Pts',(1.51546058149743,0.499759876583383,5.63453941681033));
#15318=CARTESIAN_POINT('Ctrl Pts',(1.51546015619293,0.499520485550415,5.63453899745133));
#15319=CARTESIAN_POINT('Ctrl Pts',(1.51540942529992,0.485124405749241,5.63448862410555));
#15320=CARTESIAN_POINT('Ctrl Pts',(1.51387310506427,0.470857506993579,5.6329526584014));
#15321=CARTESIAN_POINT('Ctrl Pts',(1.50795474278113,0.443187527376723,5.62703503122808));
#15322=CARTESIAN_POINT('Ctrl Pts',(1.50357192862721,0.429784776855883,5.62265259739194));
#15323=CARTESIAN_POINT('Ctrl Pts',(1.4870346289125,0.392203763874508,5.60611651484832));
#15324=CARTESIAN_POINT('Ctrl Pts',(1.47132375269819,0.370695654537133,5.59040655511773));
#15325=CARTESIAN_POINT('Ctrl Pts',(1.43127867590971,0.330835187658863,5.5503642977672));
#15326=CARTESIAN_POINT('Ctrl Pts',(1.40304453404422,0.314845131277588,5.52213138706914));
#15327=CARTESIAN_POINT('Ctrl Pts',(1.36473925089244,0.30152194242892,5.48383607020594));
#15328=CARTESIAN_POINT('Ctrl Pts',(1.35183935179797,0.298543508828333,5.47093931906494));
#15329=CARTESIAN_POINT('Ctrl Pts',(1.33502514666605,0.296009698006786,5.45414416707006));
#15330=CARTESIAN_POINT('Ctrl Pts',(1.32947403689616,0.295424271535977,5.44860028441631));
#15331=CARTESIAN_POINT('Ctrl Pts',(1.32207171815396,0.294899681036867,5.44123456828934));
#15332=CARTESIAN_POINT('Ctrl Pts',(1.31962782340918,0.294772920325689,5.43880499934323));
#15333=CARTESIAN_POINT('Ctrl Pts',(1.31621584807455,0.294650989499319,5.4354576274343));
#15334=CARTESIAN_POINT('Ctrl Pts',(1.31509125448226,0.29462034162614,5.4343661264281));
#15335=CARTESIAN_POINT('Ctrl Pts',(1.31342489812157,0.294588067779651,5.43278986268539));
#15336=CARTESIAN_POINT('Ctrl Pts',(1.31287458743417,0.294579611193323,5.43228348431458));
#15337=CARTESIAN_POINT('Ctrl Pts',(1.31198698165873,0.294569815391732,5.43153520455269));
#15338=CARTESIAN_POINT('Ctrl Pts',(1.3116892440614,0.294567099828769,5.43129288930829));
#15339=CARTESIAN_POINT('Ctrl Pts',(1.31117335556477,0.294563762837128,5.43094421368908));
#15340=CARTESIAN_POINT('Ctrl Pts',(1.31099198350513,0.294562795111327,5.4308335466251));
#15341=CARTESIAN_POINT('Ctrl Pts',(1.31057317610797,0.294561214151875,5.43063300619664));
#15342=CARTESIAN_POINT('Ctrl Pts',(1.31033589089671,0.294560574872752,5.43054281966596));
#15343=CARTESIAN_POINT('Ctrl Pts',(1.30969623069519,0.294560574872752,5.43054281966596));
#15344=CARTESIAN_POINT('Ctrl Pts',(1.30945894548392,0.294561214151875,5.43063300619664));
#15345=CARTESIAN_POINT('Ctrl Pts',(1.30904013808677,0.294562795111327,5.4308335466251));
#15346=CARTESIAN_POINT('Ctrl Pts',(1.30885876602712,0.294563762837128,5.43094421368908));
#15347=CARTESIAN_POINT('Ctrl Pts',(1.30834287753049,0.294567099828769,5.43129288930829));
#15348=CARTESIAN_POINT('Ctrl Pts',(1.30804513993316,0.294569815391732,5.43153520455269));
#15349=CARTESIAN_POINT('Ctrl Pts',(1.30715753415772,0.294579611193323,5.43228348431458));
#15350=CARTESIAN_POINT('Ctrl Pts',(1.30660722347033,0.294588067779651,5.43278986268539));
#15351=CARTESIAN_POINT('Ctrl Pts',(1.30494086710963,0.29462034162614,5.4343661264281));
#15352=CARTESIAN_POINT('Ctrl Pts',(1.30381627351734,0.294650989499319,5.4354576274343));
#15353=CARTESIAN_POINT('Ctrl Pts',(1.30040429818271,0.294772920325689,5.43880499934322));
#15354=CARTESIAN_POINT('Ctrl Pts',(1.29796040343793,0.294899681036867,5.44123456828934));
#15355=CARTESIAN_POINT('Ctrl Pts',(1.29055808469574,0.295424271535977,5.44860028441631));
#15356=CARTESIAN_POINT('Ctrl Pts',(1.28500697492584,0.296009698006786,5.45414416707006));
#15357=CARTESIAN_POINT('Ctrl Pts',(1.27186863543509,0.297989575528062,5.46726761875726));
#15358=CARTESIAN_POINT('Ctrl Pts',(1.26356864004222,0.299685288688418,5.47556375061234));
#15359=CARTESIAN_POINT('Ctrl Pts',(1.25506214763297,0.302046719604066,5.48406718016673));
#15360=CARTESIAN_POINT('Ctrl Pts',(1.25506214763297,0.302046719604066,9.78501165507957));
#15361=CARTESIAN_POINT('Ctrl Pts',(1.26356864004222,0.299685288688419,9.79351508463396));
#15362=CARTESIAN_POINT('Ctrl Pts',(1.27186863543509,0.297989575528063,9.80181121648904));
#15363=CARTESIAN_POINT('Ctrl Pts',(1.28500697492584,0.296009698006786,9.81493466817624));
#15364=CARTESIAN_POINT('Ctrl Pts',(1.29055808469573,0.295424271535977,9.82047855082999));
#15365=CARTESIAN_POINT('Ctrl Pts',(1.29796040343793,0.294899681036868,9.82784426695696));
#15366=CARTESIAN_POINT('Ctrl Pts',(1.30040429818271,0.294772920325689,9.83027383590307));
#15367=CARTESIAN_POINT('Ctrl Pts',(1.30381627351734,0.294650989499319,9.833621207812));
#15368=CARTESIAN_POINT('Ctrl Pts',(1.30494086710963,0.29462034162614,9.83471270881819));
#15369=CARTESIAN_POINT('Ctrl Pts',(1.30660722347033,0.294588067779651,9.8362889725609));
#15370=CARTESIAN_POINT('Ctrl Pts',(1.30715753415772,0.294579611193324,9.83679535093171));
#15371=CARTESIAN_POINT('Ctrl Pts',(1.30804513993316,0.294569815391732,9.83754363069361));
#15372=CARTESIAN_POINT('Ctrl Pts',(1.30834287753049,0.294567099828769,9.83778594593801));
#15373=CARTESIAN_POINT('Ctrl Pts',(1.30885876602712,0.294563762837128,9.83813462155722));
#15374=CARTESIAN_POINT('Ctrl Pts',(1.30904013808676,0.294562795111327,9.8382452886212));
#15375=CARTESIAN_POINT('Ctrl Pts',(1.30945894548392,0.294561214151875,9.83844582904966));
#15376=CARTESIAN_POINT('Ctrl Pts',(1.30969623069519,0.294560574872752,9.83853601558034));
#15377=CARTESIAN_POINT('Ctrl Pts',(1.31033589089671,0.294560574872752,9.83853601558034));
#15378=CARTESIAN_POINT('Ctrl Pts',(1.31057317610797,0.294561214151875,9.83844582904966));
#15379=CARTESIAN_POINT('Ctrl Pts',(1.31099198350513,0.294562795111327,9.8382452886212));
#15380=CARTESIAN_POINT('Ctrl Pts',(1.31117335556477,0.294563762837128,9.83813462155722));
#15381=CARTESIAN_POINT('Ctrl Pts',(1.3116892440614,0.294567099828769,9.83778594593801));
#15382=CARTESIAN_POINT('Ctrl Pts',(1.31198698165873,0.294569815391732,9.83754363069361));
#15383=CARTESIAN_POINT('Ctrl Pts',(1.31287458743417,0.294579611193324,9.83679535093171));
#15384=CARTESIAN_POINT('Ctrl Pts',(1.31342489812156,0.294588067779651,9.8362889725609));
#15385=CARTESIAN_POINT('Ctrl Pts',(1.31509125448226,0.29462034162614,9.83471270881819));
#15386=CARTESIAN_POINT('Ctrl Pts',(1.31621584807455,0.294650989499319,9.833621207812));
#15387=CARTESIAN_POINT('Ctrl Pts',(1.31962782340918,0.294772920325689,9.83027383590307));
#15388=CARTESIAN_POINT('Ctrl Pts',(1.32207171815396,0.294899681036868,9.82784426695696));
#15389=CARTESIAN_POINT('Ctrl Pts',(1.32947403689616,0.295424271535977,9.82047855082999));
#15390=CARTESIAN_POINT('Ctrl Pts',(1.33502514666606,0.296009698006786,9.81493466817624));
#15391=CARTESIAN_POINT('Ctrl Pts',(1.35183935179797,0.298543508828334,9.79813951618136));
#15392=CARTESIAN_POINT('Ctrl Pts',(1.36473925089244,0.30152194242892,9.78524276504036));
#15393=CARTESIAN_POINT('Ctrl Pts',(1.40304453404422,0.314845131277588,9.74694744817715));
#15394=CARTESIAN_POINT('Ctrl Pts',(1.43127867590971,0.330835187658863,9.7187145374791));
#15395=CARTESIAN_POINT('Ctrl Pts',(1.47132375269819,0.370695654537132,9.67867228012857));
#15396=CARTESIAN_POINT('Ctrl Pts',(1.4870346289125,0.392203763874507,9.66296232039798));
#15397=CARTESIAN_POINT('Ctrl Pts',(1.50357192862721,0.429784776855883,9.64642623785436));
#15398=CARTESIAN_POINT('Ctrl Pts',(1.50795474278113,0.443187527376722,9.64204380401822));
#15399=CARTESIAN_POINT('Ctrl Pts',(1.51387310506427,0.470857506993579,9.6361261768449));
#15400=CARTESIAN_POINT('Ctrl Pts',(1.51540942529992,0.485124405749241,9.63459021114075));
#15401=CARTESIAN_POINT('Ctrl Pts',(1.51546015619293,0.499520485550415,9.63453983779496));
#15402=CARTESIAN_POINT('Ctrl Pts',(1.51546058149743,0.499759876583383,9.63453941843597));
#15403=CARTESIAN_POINT('Ctrl Pts',(1.51546058825547,0.499999303555952,9.63453941762433));
#15404=CARTESIAN_POINT('Origin',(1.31001606079595,0.500005102414117,4.5));
#15405=CARTESIAN_POINT('',(1.38729692507389,0.309649850547644,4.98142807619243));
#15406=CARTESIAN_POINT('Ctrl Pts',(1.38729692507389,0.309649850547644,4.98142807619243));
#15407=CARTESIAN_POINT('Ctrl Pts',(1.36253181148064,0.299595652601109,4.97728874187055));
#15408=CARTESIAN_POINT('Ctrl Pts',(1.33555772187809,0.294560574872752,4.9749238117497));
#15409=CARTESIAN_POINT('Ctrl Pts',(1.29198867448421,0.294560574872752,4.9749238117497));
#15410=CARTESIAN_POINT('Ctrl Pts',(1.27322484645472,0.297004693296884,4.97605044579606));
#15411=CARTESIAN_POINT('Ctrl Pts',(1.25506214763297,0.302046719604066,4.97822423572472));
#15412=CARTESIAN_POINT('',(1.36495159041563,0.302041617189948,5.22365036254042));
#15413=CARTESIAN_POINT('Ctrl Pts',(1.36495159041563,0.302041617189948,5.22365036254042));
#15414=CARTESIAN_POINT('Ctrl Pts',(1.36861874973855,0.303059266173933,5.22365036254042));
#15415=CARTESIAN_POINT('Ctrl Pts',(1.37226229212427,0.304180273705612,5.22363764781216));
#15416=CARTESIAN_POINT('Ctrl Pts',(1.39746092036081,0.312707428217573,5.22340126766407));
#15417=CARTESIAN_POINT('Ctrl Pts',(1.41769721877428,0.323787850383565,5.22241778304042));
#15418=CARTESIAN_POINT('Ctrl Pts',(1.44931796110896,0.347841190529433,5.21528864424315));
#15419=CARTESIAN_POINT('Ctrl Pts',(1.46439326282434,0.363487634205575,5.20819881992718));
#15420=CARTESIAN_POINT('Ctrl Pts',(1.48367926605865,0.389097024711568,5.18830411555957));
#15421=CARTESIAN_POINT('Ctrl Pts',(1.49059084087849,0.401564399700135,5.17416846990252));
#15422=CARTESIAN_POINT('Ctrl Pts',(1.49890933967971,0.41865935126774,5.14053791561124));
#15423=CARTESIAN_POINT('Ctrl Pts',(1.50059287726342,0.423272248161077,5.12110456383812));
#15424=CARTESIAN_POINT('Ctrl Pts',(1.50059287726342,0.423272248161077,5.10241973156929));
#15425=CARTESIAN_POINT('Ctrl Pts',(1.50059287726342,0.423272248161077,5.08373489930046));
#15426=CARTESIAN_POINT('Ctrl Pts',(1.49890933967971,0.41865935126774,5.06430154752734));
#15427=CARTESIAN_POINT('Ctrl Pts',(1.49059084087849,0.401564399700135,5.03067099323606));
#15428=CARTESIAN_POINT('Ctrl Pts',(1.48367926605865,0.389097024711568,5.01653534757901));
#15429=CARTESIAN_POINT('Ctrl Pts',(1.46439326282434,0.363487634205575,4.9966406432114));
#15430=CARTESIAN_POINT('Ctrl Pts',(1.44931796110896,0.347841190529433,4.98955081889543));
#15431=CARTESIAN_POINT('Ctrl Pts',(1.4206787386477,0.32605583988577,4.98309388661309));
#15432=CARTESIAN_POINT('Ctrl Pts',(1.40459192453729,0.316671314327142,4.98186960197188));
#15433=CARTESIAN_POINT('Ctrl Pts',(1.38729692507389,0.309649850547644,4.98142807619243));
#15434=CARTESIAN_POINT('',(1.36495159041563,0.302041617189948,5.37414097691881));
#15435=CARTESIAN_POINT('',(1.36495159041563,0.302041617189948,4.5));
#15436=CARTESIAN_POINT('',(1.25508053117626,0.302041617189948,5.37414097691881));
#15437=CARTESIAN_POINT('Ctrl Pts',(1.25508053117626,0.302041617189949,5.37414097691881));
#15438=CARTESIAN_POINT('Ctrl Pts',(1.26358059560456,0.299682820866268,5.38263797883802));
#15439=CARTESIAN_POINT('Ctrl Pts',(1.27187406235413,0.297988757720378,5.39092758217579));
#15440=CARTESIAN_POINT('Ctrl Pts',(1.28500697492584,0.296009698006786,5.40404561309351));
#15441=CARTESIAN_POINT('Ctrl Pts',(1.29055808469574,0.295424271535977,5.40958949574726));
#15442=CARTESIAN_POINT('Ctrl Pts',(1.29796040343793,0.294899681036867,5.41695521187423));
#15443=CARTESIAN_POINT('Ctrl Pts',(1.30040429818271,0.294772920325689,5.41938478082034));
#15444=CARTESIAN_POINT('Ctrl Pts',(1.30381627351734,0.294650989499319,5.42273215272927));
#15445=CARTESIAN_POINT('Ctrl Pts',(1.30494086710963,0.29462034162614,5.42382365373546));
#15446=CARTESIAN_POINT('Ctrl Pts',(1.30660722347033,0.294588067779651,5.42539991747817));
#15447=CARTESIAN_POINT('Ctrl Pts',(1.30715753415772,0.294579611193323,5.42590629584898));
#15448=CARTESIAN_POINT('Ctrl Pts',(1.30804513993316,0.294569815391732,5.42665457561087));
#15449=CARTESIAN_POINT('Ctrl Pts',(1.30834287753049,0.294567099828769,5.42689689085528));
#15450=CARTESIAN_POINT('Ctrl Pts',(1.30885876602712,0.294563762837128,5.42724556647449));
#15451=CARTESIAN_POINT('Ctrl Pts',(1.30904013808677,0.294562795111327,5.42735623353847));
#15452=CARTESIAN_POINT('Ctrl Pts',(1.30945894548392,0.294561214151875,5.42755677396693));
#15453=CARTESIAN_POINT('Ctrl Pts',(1.30969623069519,0.294560574872752,5.42764696049761));
#15454=CARTESIAN_POINT('Ctrl Pts',(1.31033589089671,0.294560574872752,5.42764696049761));
#15455=CARTESIAN_POINT('Ctrl Pts',(1.31057317610797,0.294561214151875,5.42755677396693));
#15456=CARTESIAN_POINT('Ctrl Pts',(1.31099198350513,0.294562795111327,5.42735623353847));
#15457=CARTESIAN_POINT('Ctrl Pts',(1.31117335556477,0.294563762837128,5.42724556647449));
#15458=CARTESIAN_POINT('Ctrl Pts',(1.3116892440614,0.294567099828769,5.42689689085528));
#15459=CARTESIAN_POINT('Ctrl Pts',(1.31198698165873,0.294569815391732,5.42665457561087));
#15460=CARTESIAN_POINT('Ctrl Pts',(1.31287458743417,0.294579611193323,5.42590629584898));
#15461=CARTESIAN_POINT('Ctrl Pts',(1.31342489812157,0.294588067779651,5.42539991747817));
#15462=CARTESIAN_POINT('Ctrl Pts',(1.31509125448226,0.29462034162614,5.42382365373546));
#15463=CARTESIAN_POINT('Ctrl Pts',(1.31621584807455,0.294650989499319,5.42273215272927));
#15464=CARTESIAN_POINT('Ctrl Pts',(1.31962782340918,0.294772920325689,5.41938478082034));
#15465=CARTESIAN_POINT('Ctrl Pts',(1.32207171815396,0.294899681036867,5.41695521187423));
#15466=CARTESIAN_POINT('Ctrl Pts',(1.32947403689616,0.295424271535977,5.40958949574726));
#15467=CARTESIAN_POINT('Ctrl Pts',(1.33502514666605,0.296009698006786,5.40404561309351));
#15468=CARTESIAN_POINT('Ctrl Pts',(1.34815805923777,0.297988757720378,5.39092758217579));
#15469=CARTESIAN_POINT('Ctrl Pts',(1.35645152598733,0.299682820866268,5.38263797883802));
#15470=CARTESIAN_POINT('Ctrl Pts',(1.36495159041563,0.302041617189948,5.37414097691881));
#15471=CARTESIAN_POINT('',(1.25508053117626,0.302041617189948,5.22365036254042));
#15472=CARTESIAN_POINT('',(1.25508053117626,0.302041617189948,4.5));
#15473=CARTESIAN_POINT('Ctrl Pts',(1.25506214763297,0.302046719604066,5.22365036243304));
#15474=CARTESIAN_POINT('Ctrl Pts',(1.25506827505716,0.302045018610493,5.22365036250463));
#15475=CARTESIAN_POINT('Ctrl Pts',(1.2550744036203,0.302043317607233,5.22365036254042));
#15476=CARTESIAN_POINT('Ctrl Pts',(1.25508053117626,0.302041617189948,5.22365036254042));
#15477=CARTESIAN_POINT('Origin',(0.400000177323818,0.25,5.07680912643472));
#15478=CARTESIAN_POINT('',(0.400000177323818,0.,4.5190788352463));
#15479=CARTESIAN_POINT('',(0.400000177323818,0.5,4.5190788352463));
#15480=CARTESIAN_POINT('Origin',(0.400000177323818,0.5,4.5190788352463));
#15481=CARTESIAN_POINT('',(0.400000177323818,0.,10.75));
#15482=CARTESIAN_POINT('Origin',(0.400000177323818,0.5,10.75));
#15483=CARTESIAN_POINT('',(0.400000177323818,0.5,10.75));
#15484=CARTESIAN_POINT('Origin',(10.4000001773238,0.5,4.5190788352463));
#15485=CARTESIAN_POINT('',(10.4000001773238,0.,4.5190788352463));
#15486=CARTESIAN_POINT('',(10.4000001773238,0.5,4.5190788352463));
#15487=CARTESIAN_POINT('',(10.4000001773238,0.,4.5190788352463));
#15488=CARTESIAN_POINT('Origin',(10.4000001773238,0.5,4.5190788352463));
#15489=CARTESIAN_POINT('',(10.4000001773238,0.309649850547644,4.98142807619243));
#15490=CARTESIAN_POINT('',(10.4000001773238,0.309649850547644,4.98142807619243));
#15491=CARTESIAN_POINT('',(10.4000001773238,0.309649850547644,4.98142807619243));
#15492=CARTESIAN_POINT('Origin',(10.4000001773238,0.5,4.5190788352463));
#15493=CARTESIAN_POINT('Origin',(10.4000001773238,0.302041617189948,5.10241973156929));
#15494=CARTESIAN_POINT('',(10.4000001773238,0.302041617189948,5.22365036254042));
#15495=CARTESIAN_POINT('Origin',(10.4000001773238,0.302041617189948,5.10241973156929));
#15496=CARTESIAN_POINT('',(10.4000001773238,0.302041617189948,5.22365036254042));
#15497=CARTESIAN_POINT('Origin',(10.4000001773238,0.302041617189948,5.10241973156929));
#15498=CARTESIAN_POINT('',(10.4000001773238,0.302041617189948,5.22365036254042));
#15499=CARTESIAN_POINT('Origin',(10.4000001773238,0.302041617189948,5.22365036254042));
#15500=CARTESIAN_POINT('',(10.4000001773238,0.302041617189948,5.37414097691881));
#15501=CARTESIAN_POINT('Origin',(10.4000001773238,0.302041617189948,5.22365036254042));
#15502=CARTESIAN_POINT('',(10.4000001773238,0.302041617189948,5.37414097691881));
#15503=CARTESIAN_POINT('Origin',(10.4000001773238,0.5,9.83998394516451));
#15504=CARTESIAN_POINT('',(10.4000001773238,0.302041617189948,9.89493785832749));
#15505=CARTESIAN_POINT('',(10.4000001773238,0.302041617189948,9.89493785832749));
#15506=CARTESIAN_POINT('',(10.4000001773238,0.302041617189948,9.89493785832749));
#15507=CARTESIAN_POINT('Origin',(10.4000001773238,0.302041617189948,9.89493785832749));
#15508=CARTESIAN_POINT('',(10.4000001773238,0.302041617189948,10.0454284727059));
#15509=CARTESIAN_POINT('Origin',(10.4000001773238,0.302041617189948,9.89493785832749));
#15510=CARTESIAN_POINT('',(10.4000001773238,0.302041617189948,10.0454284727059));
#15511=CARTESIAN_POINT('Origin',(10.4000001773238,0.302041617189948,9.89493785832749));
#15512=CARTESIAN_POINT('',(10.4000001773238,0.302041617189948,10.0454284727059));
#15513=CARTESIAN_POINT('Origin',(10.4000001773238,0.302041617189948,10.166659103677));
#15514=CARTESIAN_POINT('',(10.4000001773238,0.309649850547643,10.2876507590539));
#15515=CARTESIAN_POINT('Origin',(10.4000001773238,0.302041617189948,10.166659103677));
#15516=CARTESIAN_POINT('',(10.4000001773238,0.309649850547643,10.2876507590539));
#15517=CARTESIAN_POINT('Origin',(10.4000001773238,0.302041617189948,10.166659103677));
#15518=CARTESIAN_POINT('',(10.4000001773238,0.309649850547643,10.2876507590539));
#15519=CARTESIAN_POINT('Origin',(10.4000001773238,0.5,10.75));
#15520=CARTESIAN_POINT('',(10.4000001773238,0.,10.75));
#15521=CARTESIAN_POINT('Origin',(10.4000001773238,0.5,10.75));
#15522=CARTESIAN_POINT('',(10.4000001773238,0.,10.75));
#15523=CARTESIAN_POINT('Origin',(10.4000001773238,0.,10.75));
#15524=CARTESIAN_POINT('',(10.4000001773238,0.5,10.75));
#15525=CARTESIAN_POINT('Origin',(10.4000001773238,0.25,10.1922697088116));
#15526=CARTESIAN_POINT('Origin',(10.4000001773238,0.5,5.42909489008178));
#15527=CARTESIAN_POINT('',(10.4000001773238,0.302041617189948,5.37414097691881));
#15528=CARTESIAN_POINT('Origin',(10.4000001773238,0.302041617189948,5.22365036254042));
#15529=CARTESIAN_POINT('Origin',(10.4000001773238,0.25,5.07680912643472));
#15530=CARTESIAN_POINT('Origin',(3.90000006556511,1.00000000745058,13.5000002086163));
#15531=CARTESIAN_POINT('',(3.90000006556511,1.00000000745058,13.5000002086163));
#15532=CARTESIAN_POINT('',(3.90000006556511,1.00000000745058,14.0000002086163));
#15533=CARTESIAN_POINT('',(3.90000006556511,1.00000001490116,6.75000010430813));
#15534=CARTESIAN_POINT('',(3.90000006556511,1.00000000745058,13.5000002086163));
#15535=CARTESIAN_POINT('',(3.90000006556511,0.875000011175871,14.));
#15536=CARTESIAN_POINT('Origin',(3.40000006556511,1.00000000745058,13.5000002086163));
#15537=CARTESIAN_POINT('',(3.40000006556511,1.00000000745058,13.5000002086163));
#15538=CARTESIAN_POINT('',(1.6500000320375,1.00000001490116,13.5000002086163));
#15539=CARTESIAN_POINT('',(3.40000006556511,1.00000000745058,13.5000002086163));
#15540=CARTESIAN_POINT('Origin',(3.40000006556511,1.00000000745058,14.0000002086163));
#15541=CARTESIAN_POINT('',(3.40000006556511,1.00000000745058,14.0000002086163));
#15542=CARTESIAN_POINT('',(3.40000006556511,1.00000001490116,7.00000010430813));
#15543=CARTESIAN_POINT('',(3.40000006556511,0.875000011175871,14.));
#15544=CARTESIAN_POINT('Origin',(2.90000004321337,1.00000000745058,13.5));
#15545=CARTESIAN_POINT('',(2.90000004321337,1.00000000745058,13.5));
#15546=CARTESIAN_POINT('',(2.90000004321337,1.00000000745058,14.0000002086163));
#15547=CARTESIAN_POINT('',(2.90000004321337,1.00000001490116,6.75));
#15548=CARTESIAN_POINT('',(2.90000004321337,1.00000000745058,13.5));
#15549=CARTESIAN_POINT('',(2.90000004321337,0.875000011175871,14.));
#15550=CARTESIAN_POINT('Origin',(2.40000004321337,1.00000000745058,13.5));
#15551=CARTESIAN_POINT('',(2.40000004321337,1.00000000745058,13.5));
#15552=CARTESIAN_POINT('',(1.15000002086163,1.00000001490116,13.5));
#15553=CARTESIAN_POINT('',(2.40000004321337,1.00000000745058,13.5));
#15554=CARTESIAN_POINT('Origin',(2.40000004321337,1.00000000745058,14.0000002086163));
#15555=CARTESIAN_POINT('',(2.40000004321337,1.00000000745058,14.0000002086163));
#15556=CARTESIAN_POINT('',(2.40000004321337,1.00000001490116,7.00000010430813));
#15557=CARTESIAN_POINT('',(2.40000004321337,0.875000011175871,14.));
#15558=CARTESIAN_POINT('Origin',(1.90000004321337,1.00000000745058,13.5));
#15559=CARTESIAN_POINT('',(1.90000004321337,1.00000000745058,13.5));
#15560=CARTESIAN_POINT('',(1.90000004321337,1.00000000745058,14.0000002086163));
#15561=CARTESIAN_POINT('',(1.90000004321337,1.00000001490116,6.75));
#15562=CARTESIAN_POINT('',(1.90000004321337,1.00000000745058,13.5));
#15563=CARTESIAN_POINT('',(1.90000004321337,0.875000011175871,14.));
#15564=CARTESIAN_POINT('Origin',(1.40000002086163,1.00000000745058,13.5));
#15565=CARTESIAN_POINT('',(1.40000002086163,1.00000000745058,13.5));
#15566=CARTESIAN_POINT('',(0.650000009685755,1.00000001490116,13.5));
#15567=CARTESIAN_POINT('',(1.40000002086163,1.00000000745058,13.5));
#15568=CARTESIAN_POINT('Origin',(1.40000002086163,1.00000000745058,14.0000002086163));
#15569=CARTESIAN_POINT('',(1.40000002086163,1.00000000745058,14.0000002086163));
#15570=CARTESIAN_POINT('',(1.40000002086163,1.00000001490116,7.00000010430813));
#15571=CARTESIAN_POINT('',(1.40000002086163,0.875000011175871,14.));
#15572=CARTESIAN_POINT('Origin',(0.900000013411045,1.00000000745058,13.5));
#15573=CARTESIAN_POINT('',(0.900000013411045,1.00000000745058,13.5));
#15574=CARTESIAN_POINT('',(0.900000013411045,1.00000000745058,14.0000002086163));
#15575=CARTESIAN_POINT('',(0.900000013411045,1.00000001490116,6.75));
#15576=CARTESIAN_POINT('',(0.900000013411045,1.00000000745058,13.5));
#15577=CARTESIAN_POINT('',(0.900000013411045,0.875000011175871,14.));
#15578=CARTESIAN_POINT('Origin',(0.400000005960464,1.00000000745058,13.5));
#15579=CARTESIAN_POINT('',(0.400000005960464,1.00000000745058,13.5));
#15580=CARTESIAN_POINT('',(0.150000002235174,1.00000001490116,13.5));
#15581=CARTESIAN_POINT('',(0.400000005960464,1.00000000745058,13.5));
#15582=CARTESIAN_POINT('Origin',(0.400000005960464,1.00000000745058,14.0000002086163));
#15583=CARTESIAN_POINT('',(0.400000005960464,1.00000000745058,14.0000002086163));
#15584=CARTESIAN_POINT('',(0.400000005960464,1.00000001490116,7.00000010430813));
#15585=CARTESIAN_POINT('',(0.400000005960464,0.875000011175871,14.));
#15586=CARTESIAN_POINT('Origin',(-0.100000001490116,1.00000000745058,13.5));
#15587=CARTESIAN_POINT('',(-0.100000001490116,1.00000000745058,13.5));
#15588=CARTESIAN_POINT('',(-0.100000001490116,1.00000000745058,14.0000002086163));
#15589=CARTESIAN_POINT('',(-0.100000001490116,1.00000001490116,6.75));
#15590=CARTESIAN_POINT('',(-0.100000001490116,1.00000000745058,13.5));
#15591=CARTESIAN_POINT('',(-0.100000001490116,0.875000011175871,14.));
#15592=CARTESIAN_POINT('Origin',(-0.600000001490116,1.00000000745058,13.5));
#15593=CARTESIAN_POINT('',(-0.600000001490116,1.00000000745058,13.5));
#15594=CARTESIAN_POINT('',(-0.350000001490116,1.00000001490116,13.5));
#15595=CARTESIAN_POINT('',(-0.600000001490116,1.00000000745058,13.5));
#15596=CARTESIAN_POINT('Origin',(-0.600000001490116,1.00000000745058,14.));
#15597=CARTESIAN_POINT('',(-0.600000001490116,1.00000000745058,14.));
#15598=CARTESIAN_POINT('',(-0.600000001490116,1.00000001490116,7.));
#15599=CARTESIAN_POINT('',(-0.600000001490116,0.875000011175871,14.));
#15600=CARTESIAN_POINT('Origin',(-1.10000001639128,1.00000000745058,13.5));
#15601=CARTESIAN_POINT('',(-1.10000001639128,1.00000000745058,13.5));
#15602=CARTESIAN_POINT('',(-1.10000001639128,1.00000000745058,14.));
#15603=CARTESIAN_POINT('',(-1.10000001639128,1.00000001490116,6.75));
#15604=CARTESIAN_POINT('',(-1.10000001639128,1.00000000745058,13.5));
#15605=CARTESIAN_POINT('',(-1.10000001639128,0.875000011175871,14.));
#15606=CARTESIAN_POINT('Origin',(-1.59999982267618,1.00000000745058,13.5));
#15607=CARTESIAN_POINT('',(-1.59999982267618,1.00000000745058,13.5));
#15608=CARTESIAN_POINT('',(-0.849999912083149,1.00000001490116,13.5));
#15609=CARTESIAN_POINT('',(-1.59999982267618,1.00000001117587,13.5));
#15610=CARTESIAN_POINT('Origin',(10.9000001624227,1.00000000745058,13.5));
#15611=CARTESIAN_POINT('',(10.9000001624227,1.00000000745058,13.5));
#15612=CARTESIAN_POINT('',(10.9000001624227,1.00000000745058,14.));
#15613=CARTESIAN_POINT('',(10.9000001624227,1.00000001490116,6.75));
#15614=CARTESIAN_POINT('',(10.9000001624227,1.00000000745058,13.5));
#15615=CARTESIAN_POINT('',(10.9000001624227,0.875000011175871,14.));
#15616=CARTESIAN_POINT('Origin',(10.4000001549721,1.00000000745058,13.5));
#15617=CARTESIAN_POINT('',(10.4000001549721,1.00000000745058,13.5));
#15618=CARTESIAN_POINT('',(5.15000007674098,1.00000001490116,13.5));
#15619=CARTESIAN_POINT('',(10.4000001549721,1.00000000745058,13.5));
#15620=CARTESIAN_POINT('Origin',(10.4000001549721,1.00000000745058,14.));
#15621=CARTESIAN_POINT('',(10.4000001549721,1.00000000745058,14.));
#15622=CARTESIAN_POINT('',(10.4000001549721,1.00000001490116,7.));
#15623=CARTESIAN_POINT('',(10.4000001549721,0.875000011175871,14.));
#15624=CARTESIAN_POINT('Origin',(9.9000001475215,1.00000000745058,13.5));
#15625=CARTESIAN_POINT('',(9.9000001475215,1.00000000745058,13.5));
#15626=CARTESIAN_POINT('',(9.9000001475215,1.00000000745058,14.));
#15627=CARTESIAN_POINT('',(9.9000001475215,1.00000001490116,6.75));
#15628=CARTESIAN_POINT('',(9.9000001475215,1.00000000745058,13.5));
#15629=CARTESIAN_POINT('',(9.9000001475215,0.875000011175871,14.));
#15630=CARTESIAN_POINT('Origin',(9.40000014007092,1.00000000745058,13.5));
#15631=CARTESIAN_POINT('',(9.40000014007092,1.00000000745058,13.5));
#15632=CARTESIAN_POINT('',(4.6500000692904,1.00000001490116,13.5));
#15633=CARTESIAN_POINT('',(9.40000014007092,1.00000000745058,13.5));
#15634=CARTESIAN_POINT('Origin',(9.40000014007092,1.00000000745058,14.));
#15635=CARTESIAN_POINT('',(9.40000014007092,1.00000000745058,14.));
#15636=CARTESIAN_POINT('',(9.40000014007092,1.00000001490116,7.));
#15637=CARTESIAN_POINT('',(9.40000014007092,0.875000011175871,14.));
#15638=CARTESIAN_POINT('Origin',(8.90000013262033,1.00000000745058,13.5));
#15639=CARTESIAN_POINT('',(8.90000013262033,1.00000000745058,13.5));
#15640=CARTESIAN_POINT('',(8.90000013262033,1.00000000745058,14.));
#15641=CARTESIAN_POINT('',(8.90000013262033,1.00000001490116,6.75));
#15642=CARTESIAN_POINT('',(8.90000013262033,1.00000000745058,13.5));
#15643=CARTESIAN_POINT('',(8.90000013262033,0.875000011175871,14.));
#15644=CARTESIAN_POINT('Origin',(8.40000012516975,1.00000000745058,13.5));
#15645=CARTESIAN_POINT('',(8.40000012516975,1.00000000745058,13.5));
#15646=CARTESIAN_POINT('',(4.15000006183982,1.00000001490116,13.5));
#15647=CARTESIAN_POINT('',(8.40000012516975,1.00000000745058,13.5));
#15648=CARTESIAN_POINT('Origin',(8.40000012516975,1.00000000745058,14.));
#15649=CARTESIAN_POINT('',(8.40000012516975,1.00000000745058,14.));
#15650=CARTESIAN_POINT('',(8.40000012516975,1.00000001490116,7.));
#15651=CARTESIAN_POINT('',(8.40000012516975,0.875000011175871,14.));
#15652=CARTESIAN_POINT('Origin',(7.90000011771917,1.00000000745058,13.5));
#15653=CARTESIAN_POINT('',(7.90000011771917,1.00000000745058,13.5));
#15654=CARTESIAN_POINT('',(7.90000011771917,1.00000000745058,14.));
#15655=CARTESIAN_POINT('',(7.90000011771917,1.00000001490116,6.75));
#15656=CARTESIAN_POINT('',(7.90000011771917,1.00000000745058,13.5));
#15657=CARTESIAN_POINT('',(7.90000011771917,0.875000011175871,14.));
#15658=CARTESIAN_POINT('Origin',(7.40000011026859,1.00000000745058,13.5));
#15659=CARTESIAN_POINT('',(7.40000011026859,1.00000000745058,13.5));
#15660=CARTESIAN_POINT('',(3.65000005438924,1.00000001490116,13.5));
#15661=CARTESIAN_POINT('',(7.40000011026859,1.00000000745058,13.5));
#15662=CARTESIAN_POINT('Origin',(7.40000011026859,1.00000000745058,14.));
#15663=CARTESIAN_POINT('',(7.40000011026859,1.00000000745058,14.));
#15664=CARTESIAN_POINT('',(7.40000011026859,1.00000001490116,7.));
#15665=CARTESIAN_POINT('',(7.40000011026859,0.875000011175871,14.));
#15666=CARTESIAN_POINT('Origin',(6.90000010281801,1.00000000745058,13.5));
#15667=CARTESIAN_POINT('',(6.90000010281801,1.00000000745058,13.5));
#15668=CARTESIAN_POINT('',(6.90000010281801,1.00000000745058,14.));
#15669=CARTESIAN_POINT('',(6.90000010281801,1.00000001490116,6.75));
#15670=CARTESIAN_POINT('',(6.90000010281801,1.00000000745058,13.5));
#15671=CARTESIAN_POINT('',(6.90000010281801,0.875000011175871,14.));
#15672=CARTESIAN_POINT('Origin',(6.40000009536743,1.00000000745058,13.5));
#15673=CARTESIAN_POINT('',(6.40000009536743,1.00000000745058,13.5));
#15674=CARTESIAN_POINT('',(3.15000004693866,1.00000001490116,13.5));
#15675=CARTESIAN_POINT('',(6.40000009536743,1.00000000745058,13.5));
#15676=CARTESIAN_POINT('Origin',(6.40000009536743,1.00000000745058,14.));
#15677=CARTESIAN_POINT('',(6.40000009536743,1.00000000745058,14.));
#15678=CARTESIAN_POINT('',(6.40000009536743,1.00000001490116,7.));
#15679=CARTESIAN_POINT('',(6.40000009536743,0.875000011175871,14.));
#15680=CARTESIAN_POINT('Origin',(5.90000008791685,1.00000000745058,13.5));
#15681=CARTESIAN_POINT('',(5.90000008791685,1.00000000745058,13.5));
#15682=CARTESIAN_POINT('',(5.90000008791685,1.00000000745058,14.));
#15683=CARTESIAN_POINT('',(5.90000008791685,1.00000001490116,6.75));
#15684=CARTESIAN_POINT('',(5.90000008791685,1.00000000745058,13.5));
#15685=CARTESIAN_POINT('',(5.90000008791685,0.875000011175871,14.));
#15686=CARTESIAN_POINT('Origin',(5.40000017732382,1.00000000745058,13.5));
#15687=CARTESIAN_POINT('',(5.40000017732382,1.00000000745058,13.5));
#15688=CARTESIAN_POINT('',(2.65000008791685,1.00000001490116,13.5));
#15689=CARTESIAN_POINT('',(5.40000017732382,1.00000000745058,13.5));
#15690=CARTESIAN_POINT('Origin',(5.40000017732382,1.00000000745058,14.));
#15691=CARTESIAN_POINT('',(5.40000017732382,1.00000000745058,14.));
#15692=CARTESIAN_POINT('',(5.40000017732382,1.00000001490116,7.));
#15693=CARTESIAN_POINT('',(5.40000017732382,0.875000011175871,14.));
#15694=CARTESIAN_POINT('Origin',(4.90000007301569,1.00000000745058,13.5));
#15695=CARTESIAN_POINT('',(4.90000007301569,1.00000000745058,13.5));
#15696=CARTESIAN_POINT('',(4.90000007301569,1.00000000745058,14.));
#15697=CARTESIAN_POINT('',(4.90000007301569,1.00000001490116,6.75));
#15698=CARTESIAN_POINT('',(4.90000007301569,1.00000000745058,13.5));
#15699=CARTESIAN_POINT('',(4.90000007301569,0.875000011175871,14.));
#15700=CARTESIAN_POINT('Origin',(4.40000006556511,1.00000000745058,13.5));
#15701=CARTESIAN_POINT('',(4.40000006556511,1.00000000745058,13.5));
#15702=CARTESIAN_POINT('',(2.1500000320375,1.00000001490116,13.5));
#15703=CARTESIAN_POINT('',(4.40000006556511,1.00000000745058,13.5));
#15704=CARTESIAN_POINT('Origin',(4.40000006556511,1.00000000745058,14.0000002086163));
#15705=CARTESIAN_POINT('',(4.40000006556511,1.00000000745058,14.0000002086163));
#15706=CARTESIAN_POINT('',(4.40000006556511,1.00000001490116,7.00000010430813));
#15707=CARTESIAN_POINT('',(4.40000006556511,0.875000011175871,14.));
#15708=CARTESIAN_POINT('Origin',(-1.59999982267618,1.00000001490116,0.5));
#15709=CARTESIAN_POINT('',(-1.59999982267618,1.00000001490116,13.0000001937151));
#15710=CARTESIAN_POINT('',(-1.59999982267618,1.00000001490116,0.5));
#15711=CARTESIAN_POINT('',(-1.59999982267618,1.00000001490116,13.0000001937151));
#15712=CARTESIAN_POINT('Origin',(-0.100000001490116,1.00000001490116,0.));
#15713=CARTESIAN_POINT('',(12.4000001773238,1.00000001490116,14.));
#15714=CARTESIAN_POINT('',(12.4000001773238,1.00000001490116,14.));
#15715=CARTESIAN_POINT('',(12.4000001773238,1.,13.5));
#15716=CARTESIAN_POINT('',(12.4000001773238,1.00000001490116,0.5));
#15717=CARTESIAN_POINT('',(11.9000001773238,1.,13.5));
#15718=CARTESIAN_POINT('',(6.15000008791685,1.00000001490116,13.5));
#15719=CARTESIAN_POINT('',(11.9000001773238,1.,13.));
#15720=CARTESIAN_POINT('',(11.9000001773238,1.00000001490116,6.625));
#15721=CARTESIAN_POINT('',(12.4000001773238,1.,13.));
#15722=CARTESIAN_POINT('',(6.15000008791685,1.00000001490116,13.));
#15723=CARTESIAN_POINT('',(12.4000001773238,1.,12.5));
#15724=CARTESIAN_POINT('',(12.4000001773238,1.00000001490116,0.5));
#15725=CARTESIAN_POINT('',(11.9000001773238,1.,12.5));
#15726=CARTESIAN_POINT('',(6.15000008791685,1.00000001490116,12.5));
#15727=CARTESIAN_POINT('',(11.9000001773238,1.,12.));
#15728=CARTESIAN_POINT('',(11.9000001773238,1.00000001490116,6.125));
#15729=CARTESIAN_POINT('',(12.4000001773238,1.,12.));
#15730=CARTESIAN_POINT('',(6.15000008791685,1.00000001490116,12.));
#15731=CARTESIAN_POINT('',(12.4000001773238,1.,11.5));
#15732=CARTESIAN_POINT('',(12.4000001773238,1.00000001490116,0.5));
#15733=CARTESIAN_POINT('',(11.9000001773238,1.,11.5));
#15734=CARTESIAN_POINT('',(6.15000008791685,1.00000001490116,11.5));
#15735=CARTESIAN_POINT('',(11.9000001773238,1.,11.));
#15736=CARTESIAN_POINT('',(11.9000001773238,1.00000001490116,5.625));
#15737=CARTESIAN_POINT('',(12.4000001773238,1.,11.));
#15738=CARTESIAN_POINT('',(6.15000008791685,1.00000001490116,11.));
#15739=CARTESIAN_POINT('',(12.4000001773238,1.,10.5));
#15740=CARTESIAN_POINT('',(12.4000001773238,1.00000001490116,0.5));
#15741=CARTESIAN_POINT('',(11.9000001773238,1.,10.5));
#15742=CARTESIAN_POINT('',(6.15000008791685,1.00000001490116,10.5));
#15743=CARTESIAN_POINT('',(11.9000001773238,1.,10.));
#15744=CARTESIAN_POINT('',(11.9000001773238,1.00000001490116,5.125));
#15745=CARTESIAN_POINT('',(12.4000001773238,1.,10.));
#15746=CARTESIAN_POINT('',(6.15000008791685,1.00000001490116,10.));
#15747=CARTESIAN_POINT('',(12.4000001773238,1.00000001490116,9.50000014156103));
#15748=CARTESIAN_POINT('',(12.4000001773238,1.00000001490116,0.5));
#15749=CARTESIAN_POINT('',(11.9000001773238,1.00000001490116,9.50000014156103));
#15750=CARTESIAN_POINT('',(6.15000008791685,1.00000001490116,9.50000014156103));
#15751=CARTESIAN_POINT('',(11.9000001773238,1.00000001490116,9.00000013411045));
#15752=CARTESIAN_POINT('',(11.9000001773238,1.00000001490116,4.62500006891787));
#15753=CARTESIAN_POINT('',(12.4000001773238,1.00000001490116,9.00000013411045));
#15754=CARTESIAN_POINT('',(6.15000008791685,1.00000001490116,9.00000013411045));
#15755=CARTESIAN_POINT('',(12.4000001773238,1.00000001490116,8.50000012665987));
#15756=CARTESIAN_POINT('',(12.4000001773238,1.00000001490116,0.5));
#15757=CARTESIAN_POINT('',(11.9000001773238,1.00000001490116,8.50000012665987));
#15758=CARTESIAN_POINT('',(6.15000008791685,1.00000001490116,8.50000012665987));
#15759=CARTESIAN_POINT('',(11.9000001773238,1.00000001490116,8.00000011920929));
#15760=CARTESIAN_POINT('',(11.9000001773238,1.00000001490116,4.12500006146729));
#15761=CARTESIAN_POINT('',(12.4000001773238,1.00000001490116,8.00000011920929));
#15762=CARTESIAN_POINT('',(6.15000008791685,1.00000001490116,8.00000011920929));
#15763=CARTESIAN_POINT('',(12.4000001773238,1.,7.5));
#15764=CARTESIAN_POINT('',(12.4000001773238,1.00000001490116,0.5));
#15765=CARTESIAN_POINT('',(11.9000001773238,1.,7.5));
#15766=CARTESIAN_POINT('',(6.15000008791685,1.00000001490116,7.5));
#15767=CARTESIAN_POINT('',(11.9000001773238,1.,7.));
#15768=CARTESIAN_POINT('',(11.9000001773238,1.00000001490116,3.625));
#15769=CARTESIAN_POINT('',(12.4000001773238,1.,7.));
#15770=CARTESIAN_POINT('',(6.15000008791685,1.00000001490116,7.));
#15771=CARTESIAN_POINT('',(12.4000001773238,1.,6.5));
#15772=CARTESIAN_POINT('',(12.4000001773238,1.00000001490116,0.5));
#15773=CARTESIAN_POINT('',(11.9000001773238,1.,6.5));
#15774=CARTESIAN_POINT('',(6.15000008791685,1.00000001490116,6.5));
#15775=CARTESIAN_POINT('',(11.9000001773238,1.,6.));
#15776=CARTESIAN_POINT('',(11.9000001773238,1.00000001490116,3.125));
#15777=CARTESIAN_POINT('',(12.4000001773238,1.,6.));
#15778=CARTESIAN_POINT('',(6.15000008791685,1.00000001490116,6.));
#15779=CARTESIAN_POINT('',(12.4000001773238,1.,5.5));
#15780=CARTESIAN_POINT('',(12.4000001773238,1.00000001490116,0.5));
#15781=CARTESIAN_POINT('',(11.9000001773238,1.,5.5));
#15782=CARTESIAN_POINT('',(6.15000008791685,1.00000001490116,5.5));
#15783=CARTESIAN_POINT('',(11.9000001773238,1.,5.));
#15784=CARTESIAN_POINT('',(11.9000001773238,1.00000001490116,2.625));
#15785=CARTESIAN_POINT('',(12.4000001773238,1.,5.));
#15786=CARTESIAN_POINT('',(6.15000008791685,1.00000001490116,5.));
#15787=CARTESIAN_POINT('',(12.4000001773238,1.,4.5));
#15788=CARTESIAN_POINT('',(12.4000001773238,1.00000001490116,0.5));
#15789=CARTESIAN_POINT('',(11.9000001773238,1.,4.5));
#15790=CARTESIAN_POINT('',(6.15000008791685,1.00000001490116,4.5));
#15791=CARTESIAN_POINT('',(11.9000001773238,1.,4.));
#15792=CARTESIAN_POINT('',(11.9000001773238,1.00000001490116,2.125));
#15793=CARTESIAN_POINT('',(12.4000001773238,1.,4.));
#15794=CARTESIAN_POINT('',(6.15000008791685,1.00000001490116,4.));
#15795=CARTESIAN_POINT('',(12.4000001773238,1.,3.5));
#15796=CARTESIAN_POINT('',(12.4000001773238,1.00000001490116,0.5));
#15797=CARTESIAN_POINT('',(11.9000001773238,1.,3.5));
#15798=CARTESIAN_POINT('',(6.15000008791685,1.00000001490116,3.5));
#15799=CARTESIAN_POINT('',(11.9000001773238,1.,3.));
#15800=CARTESIAN_POINT('',(11.9000001773238,1.00000001490116,1.625));
#15801=CARTESIAN_POINT('',(12.4000001773238,1.,3.));
#15802=CARTESIAN_POINT('',(6.15000008791685,1.00000001490116,3.));
#15803=CARTESIAN_POINT('',(12.4000001773238,1.,2.5));
#15804=CARTESIAN_POINT('',(12.4000001773238,1.00000001490116,0.5));
#15805=CARTESIAN_POINT('',(11.9000001773238,1.,2.5));
#15806=CARTESIAN_POINT('',(6.15000008791685,1.00000001490116,2.5));
#15807=CARTESIAN_POINT('',(11.9000001773238,1.,2.));
#15808=CARTESIAN_POINT('',(11.9000001773238,1.00000001490116,1.125));
#15809=CARTESIAN_POINT('',(12.4000001773238,1.,2.));
#15810=CARTESIAN_POINT('',(6.15000008791685,1.00000001490116,2.));
#15811=CARTESIAN_POINT('',(12.4000001773238,1.,1.5));
#15812=CARTESIAN_POINT('',(12.4000001773238,1.00000001490116,0.5));
#15813=CARTESIAN_POINT('',(11.9000001773238,1.,1.5));
#15814=CARTESIAN_POINT('',(6.15000008791685,1.00000001490116,1.5));
#15815=CARTESIAN_POINT('',(11.9000001773238,1.,1.));
#15816=CARTESIAN_POINT('',(11.9000001773238,1.00000001490116,0.625));
#15817=CARTESIAN_POINT('',(12.4000001773238,1.,1.));
#15818=CARTESIAN_POINT('',(6.15000008791685,1.00000001490116,1.));
#15819=CARTESIAN_POINT('',(12.4000001773238,1.00000001490116,0.5));
#15820=CARTESIAN_POINT('',(12.4000001773238,1.00000001490116,0.5));
#15821=CARTESIAN_POINT('',(11.9000001773238,1.00000001490116,0.5));
#15822=CARTESIAN_POINT('',(12.4000001773238,1.00000001490116,0.5));
#15823=CARTESIAN_POINT('',(11.9000001773238,1.00000001490116,0.));
#15824=CARTESIAN_POINT('',(11.9000001773238,1.00000001490116,0.));
#15825=CARTESIAN_POINT('',(11.4000001698732,1.00000001490116,0.));
#15826=CARTESIAN_POINT('',(11.4000001698732,1.00000001490116,0.));
#15827=CARTESIAN_POINT('',(11.4000001698732,1.00000001490116,0.5));
#15828=CARTESIAN_POINT('',(11.4000001698732,1.00000001490116,0.));
#15829=CARTESIAN_POINT('',(10.9000001624227,1.00000001490116,0.5));
#15830=CARTESIAN_POINT('',(12.4000001773238,1.00000001490116,0.5));
#15831=CARTESIAN_POINT('',(10.9000001624227,1.00000001490116,0.));
#15832=CARTESIAN_POINT('',(10.9000001624227,1.00000001490116,0.));
#15833=CARTESIAN_POINT('',(10.4000001549721,1.00000001490116,0.));
#15834=CARTESIAN_POINT('',(10.4000001549721,1.00000001490116,0.));
#15835=CARTESIAN_POINT('',(10.4000001549721,1.00000001490116,0.5));
#15836=CARTESIAN_POINT('',(10.4000001549721,1.00000001490116,0.));
#15837=CARTESIAN_POINT('',(9.9000001475215,1.00000001490116,0.5));
#15838=CARTESIAN_POINT('',(12.4000001773238,1.00000001490116,0.5));
#15839=CARTESIAN_POINT('',(9.9000001475215,1.00000001490116,0.));
#15840=CARTESIAN_POINT('',(9.9000001475215,1.00000001490116,0.));
#15841=CARTESIAN_POINT('',(9.40000014007092,1.00000001490116,0.));
#15842=CARTESIAN_POINT('',(9.40000014007092,1.00000001490116,0.));
#15843=CARTESIAN_POINT('',(9.40000014007092,1.00000001490116,0.5));
#15844=CARTESIAN_POINT('',(9.40000014007092,1.00000001490116,0.));
#15845=CARTESIAN_POINT('',(8.90000013262033,1.00000001490116,0.5));
#15846=CARTESIAN_POINT('',(12.4000001773238,1.00000001490116,0.5));
#15847=CARTESIAN_POINT('',(8.90000013262033,1.00000001490116,0.));
#15848=CARTESIAN_POINT('',(8.90000013262033,1.00000001490116,0.));
#15849=CARTESIAN_POINT('',(8.40000012516975,1.00000001490116,0.));
#15850=CARTESIAN_POINT('',(8.40000012516975,1.00000001490116,0.));
#15851=CARTESIAN_POINT('',(8.40000012516975,1.00000001490116,0.5));
#15852=CARTESIAN_POINT('',(8.40000012516975,1.00000001490116,0.));
#15853=CARTESIAN_POINT('',(7.90000011771917,1.00000001490116,0.5));
#15854=CARTESIAN_POINT('',(12.4000001773238,1.00000001490116,0.5));
#15855=CARTESIAN_POINT('',(7.90000011771917,1.00000001490116,0.));
#15856=CARTESIAN_POINT('',(7.90000011771917,1.00000001490116,0.));
#15857=CARTESIAN_POINT('',(7.40000011026859,1.00000001490116,0.));
#15858=CARTESIAN_POINT('',(7.40000011026859,1.00000001490116,0.));
#15859=CARTESIAN_POINT('',(7.40000011026859,1.00000001490116,0.5));
#15860=CARTESIAN_POINT('',(7.40000011026859,1.00000001490116,0.));
#15861=CARTESIAN_POINT('',(6.90000010281801,1.00000001490116,0.5));
#15862=CARTESIAN_POINT('',(12.4000001773238,1.00000001490116,0.5));
#15863=CARTESIAN_POINT('',(6.90000010281801,1.00000001490116,0.));
#15864=CARTESIAN_POINT('',(6.90000010281801,1.00000001490116,0.));
#15865=CARTESIAN_POINT('',(6.40000009536743,1.00000001490116,0.));
#15866=CARTESIAN_POINT('',(6.40000009536743,1.00000001490116,0.));
#15867=CARTESIAN_POINT('',(6.40000009536743,1.00000001490116,0.5));
#15868=CARTESIAN_POINT('',(6.40000009536743,1.00000001490116,0.));
#15869=CARTESIAN_POINT('',(5.90000008791685,1.00000001490116,0.5));
#15870=CARTESIAN_POINT('',(12.4000001773238,1.00000001490116,0.5));
#15871=CARTESIAN_POINT('',(5.90000008791685,1.00000001490116,0.));
#15872=CARTESIAN_POINT('',(5.90000008791685,1.00000001490116,0.));
#15873=CARTESIAN_POINT('',(5.40000008046627,1.00000001490116,0.));
#15874=CARTESIAN_POINT('',(5.40000008046627,1.00000001490116,0.));
#15875=CARTESIAN_POINT('',(5.40000008046627,1.00000001490116,0.5));
#15876=CARTESIAN_POINT('',(5.40000008046627,1.00000001490116,0.));
#15877=CARTESIAN_POINT('',(4.90000007301569,1.00000001490116,0.5));
#15878=CARTESIAN_POINT('',(12.4000001773238,1.00000001490116,0.5));
#15879=CARTESIAN_POINT('',(4.90000007301569,1.00000001490116,0.));
#15880=CARTESIAN_POINT('',(4.90000007301569,1.00000001490116,0.));
#15881=CARTESIAN_POINT('',(4.40000006556511,1.00000001490116,0.));
#15882=CARTESIAN_POINT('',(4.40000006556511,1.00000001490116,0.));
#15883=CARTESIAN_POINT('',(4.40000006556511,1.00000001490116,0.5));
#15884=CARTESIAN_POINT('',(4.40000006556511,1.00000001490116,0.));
#15885=CARTESIAN_POINT('',(3.90000005811453,1.00000001490116,0.5));
#15886=CARTESIAN_POINT('',(12.4000001773238,1.00000001490116,0.5));
#15887=CARTESIAN_POINT('',(3.90000005811453,1.00000001490116,0.));
#15888=CARTESIAN_POINT('',(3.90000005811453,1.00000001490116,0.));
#15889=CARTESIAN_POINT('',(3.40000005066395,1.00000001490116,0.));
#15890=CARTESIAN_POINT('',(3.40000005066395,1.00000001490116,0.));
#15891=CARTESIAN_POINT('',(3.40000005066395,1.00000001490116,0.5));
#15892=CARTESIAN_POINT('',(3.40000005066395,1.00000001490116,0.));
#15893=CARTESIAN_POINT('',(2.90000004321337,1.00000001490116,0.5));
#15894=CARTESIAN_POINT('',(12.4000001773238,1.00000001490116,0.5));
#15895=CARTESIAN_POINT('',(2.90000004321337,1.00000001490116,0.));
#15896=CARTESIAN_POINT('',(2.90000004321337,1.00000001490116,0.));
#15897=CARTESIAN_POINT('',(2.40000003576279,1.00000001490116,0.));
#15898=CARTESIAN_POINT('',(2.40000003576279,1.00000001490116,0.));
#15899=CARTESIAN_POINT('',(2.40000003576279,1.00000001490116,0.5));
#15900=CARTESIAN_POINT('',(2.40000003576279,1.00000001490116,0.));
#15901=CARTESIAN_POINT('',(1.90000002831221,1.00000001490116,0.5));
#15902=CARTESIAN_POINT('',(12.4000001773238,1.00000001490116,0.5));
#15903=CARTESIAN_POINT('',(1.90000002831221,1.00000001490116,0.));
#15904=CARTESIAN_POINT('',(1.90000002831221,1.00000001490116,0.));
#15905=CARTESIAN_POINT('',(1.40000002086163,1.00000001490116,0.));
#15906=CARTESIAN_POINT('',(1.40000002086163,1.00000001490116,0.));
#15907=CARTESIAN_POINT('',(1.40000002086163,1.00000001490116,0.5));
#15908=CARTESIAN_POINT('',(1.40000002086163,1.00000001490116,0.));
#15909=CARTESIAN_POINT('',(0.900000013411045,1.00000001490116,0.5));
#15910=CARTESIAN_POINT('',(12.4000001773238,1.00000001490116,0.5));
#15911=CARTESIAN_POINT('',(0.900000013411045,1.00000001490116,0.));
#15912=CARTESIAN_POINT('',(0.900000013411045,1.00000001490116,0.));
#15913=CARTESIAN_POINT('',(0.400000005960464,1.00000001490116,0.));
#15914=CARTESIAN_POINT('',(0.400000005960464,1.00000001490116,0.));
#15915=CARTESIAN_POINT('',(0.400000005960464,1.00000001490116,0.5));
#15916=CARTESIAN_POINT('',(0.400000005960464,1.00000001490116,0.));
#15917=CARTESIAN_POINT('',(-0.100000001490116,1.00000001490116,0.5));
#15918=CARTESIAN_POINT('',(12.4000001773238,1.00000001490116,0.5));
#15919=CARTESIAN_POINT('',(-0.100000001490116,1.00000001490116,0.));
#15920=CARTESIAN_POINT('',(-0.100000001490116,1.00000001490116,0.));
#15921=CARTESIAN_POINT('',(-0.600000008940697,1.00000001490116,0.));
#15922=CARTESIAN_POINT('',(-0.100000001490116,1.00000001490116,0.));
#15923=CARTESIAN_POINT('',(-0.600000008940697,1.00000001490116,0.5));
#15924=CARTESIAN_POINT('',(-0.600000008940697,1.00000001490116,0.));
#15925=CARTESIAN_POINT('',(-1.1,1.00000001490116,0.500000007450581));
#15926=CARTESIAN_POINT('',(12.4000001773238,1.00000001490116,0.5));
#15927=CARTESIAN_POINT('',(-1.1,1.00000001490116,1.00000001490116));
#15928=CARTESIAN_POINT('',(-1.1,1.00000001490116,0.375000005587935));
#15929=CARTESIAN_POINT('',(-1.59999982267618,1.00000001490116,1.00000001490116));
#15930=CARTESIAN_POINT('',(-0.888000000745058,1.00000001490116,1.00000001490116));
#15931=CARTESIAN_POINT('',(-1.59999982267618,1.00000001490116,1.50000002235174));
#15932=CARTESIAN_POINT('',(-1.59999982267618,1.00000001490116,0.5));
#15933=CARTESIAN_POINT('',(-1.1,1.00000001490116,1.50000002235174));
#15934=CARTESIAN_POINT('',(-0.888000000745058,1.00000001490116,1.50000002235174));
#15935=CARTESIAN_POINT('',(-1.1,1.00000001490116,2.00000002980232));
#15936=CARTESIAN_POINT('',(-1.1,1.00000001490116,0.875000013038516));
#15937=CARTESIAN_POINT('',(-1.59999982267618,1.00000001490116,2.00000002980232));
#15938=CARTESIAN_POINT('',(-0.888000000745058,1.00000001490116,2.00000002980232));
#15939=CARTESIAN_POINT('',(-1.59999982267618,1.00000001490116,2.5000000372529));
#15940=CARTESIAN_POINT('',(-1.59999982267618,1.00000001490116,0.5));
#15941=CARTESIAN_POINT('',(-1.1,1.00000001490116,2.5000000372529));
#15942=CARTESIAN_POINT('',(-0.888000000745058,1.00000001490116,2.5000000372529));
#15943=CARTESIAN_POINT('',(-1.1,1.00000001490116,3.00000004470348));
#15944=CARTESIAN_POINT('',(-1.1,1.00000001490116,1.3750000204891));
#15945=CARTESIAN_POINT('',(-1.59999982267618,1.00000001490116,3.00000004470348));
#15946=CARTESIAN_POINT('',(-0.888000000745058,1.00000001490116,3.00000004470348));
#15947=CARTESIAN_POINT('',(-1.59999982267618,1.00000001490116,3.50000005215406));
#15948=CARTESIAN_POINT('',(-1.59999982267618,1.00000001490116,0.5));
#15949=CARTESIAN_POINT('',(-1.1,1.00000001490116,3.50000005215406));
#15950=CARTESIAN_POINT('',(-0.888000000745058,1.00000001490116,3.50000005215406));
#15951=CARTESIAN_POINT('',(-1.1,1.00000001490116,4.00000005960464));
#15952=CARTESIAN_POINT('',(-1.1,1.00000001490116,1.87500002793968));
#15953=CARTESIAN_POINT('',(-1.59999982267618,1.00000001490116,4.00000005960464));
#15954=CARTESIAN_POINT('',(-0.888000000745058,1.00000001490116,4.00000005960464));
#15955=CARTESIAN_POINT('',(-1.59999982267618,1.,4.5));
#15956=CARTESIAN_POINT('',(-1.59999982267618,1.00000001490116,0.5));
#15957=CARTESIAN_POINT('',(-1.1,1.,4.5));
#15958=CARTESIAN_POINT('',(-0.888000000745058,1.00000001490116,4.5));
#15959=CARTESIAN_POINT('',(-1.1,1.,5.));
#15960=CARTESIAN_POINT('',(-1.1,1.00000001490116,2.375));
#15961=CARTESIAN_POINT('',(-1.59999982267618,1.,5.));
#15962=CARTESIAN_POINT('',(-0.888000000745058,1.00000001490116,5.));
#15963=CARTESIAN_POINT('',(-1.59999982267618,1.,5.5));
#15964=CARTESIAN_POINT('',(-1.59999982267618,1.00000001490116,0.5));
#15965=CARTESIAN_POINT('',(-1.1,1.,5.5));
#15966=CARTESIAN_POINT('',(-0.888000000745058,1.00000001490116,5.5));
#15967=CARTESIAN_POINT('',(-1.1,1.,6.));
#15968=CARTESIAN_POINT('',(-1.1,1.00000001490116,2.875));
#15969=CARTESIAN_POINT('',(-1.59999982267618,1.,6.));
#15970=CARTESIAN_POINT('',(-0.888000000745058,1.00000001490116,6.));
#15971=CARTESIAN_POINT('',(-1.59999982267618,1.00000001490116,6.5));
#15972=CARTESIAN_POINT('',(-1.59999982267618,1.00000001490116,0.5));
#15973=CARTESIAN_POINT('',(-1.1,1.00000001490116,6.5));
#15974=CARTESIAN_POINT('',(-0.888000000745058,1.00000001490116,6.5));
#15975=CARTESIAN_POINT('',(-1.1,1.00000001490116,7.00000010430813));
#15976=CARTESIAN_POINT('',(-1.1,1.00000001490116,3.37500002607703));
#15977=CARTESIAN_POINT('',(-1.59999982267618,1.00000001490116,7.00000010430813));
#15978=CARTESIAN_POINT('',(-0.888000000745058,1.00000001490116,7.00000010430813));
#15979=CARTESIAN_POINT('',(-1.59999982267618,1.00000001490116,7.50000011175871));
#15980=CARTESIAN_POINT('',(-1.59999982267618,1.00000001490116,0.5));
#15981=CARTESIAN_POINT('',(-1.1,1.00000001490116,7.50000011175871));
#15982=CARTESIAN_POINT('',(-0.888000000745058,1.00000001490116,7.50000011175871));
#15983=CARTESIAN_POINT('',(-1.1,1.00000001490116,8.00000011920929));
#15984=CARTESIAN_POINT('',(-1.1,1.00000001490116,3.875000057742));
#15985=CARTESIAN_POINT('',(-1.59999982267618,1.00000001490116,8.00000011920929));
#15986=CARTESIAN_POINT('',(-0.888000000745058,1.00000001490116,8.00000011920929));
#15987=CARTESIAN_POINT('',(-1.59999982267618,1.00000001490116,8.50000012665987));
#15988=CARTESIAN_POINT('',(-1.59999982267618,1.00000001490116,0.5));
#15989=CARTESIAN_POINT('',(-1.1,1.00000001490116,8.50000012665987));
#15990=CARTESIAN_POINT('',(-0.888000000745058,1.00000001490116,8.50000012665987));
#15991=CARTESIAN_POINT('',(-1.1,1.00000001490116,9.00000013411045));
#15992=CARTESIAN_POINT('',(-1.1,1.00000001490116,4.37500006519258));
#15993=CARTESIAN_POINT('',(-1.59999982267618,1.00000001490116,9.00000013411045));
#15994=CARTESIAN_POINT('',(-0.888000000745058,1.00000001490116,9.00000013411045));
#15995=CARTESIAN_POINT('',(-1.59999982267618,1.00000001490116,9.50000014156103));
#15996=CARTESIAN_POINT('',(-1.59999982267618,1.00000001490116,0.5));
#15997=CARTESIAN_POINT('',(-1.1,1.00000001490116,9.50000014156103));
#15998=CARTESIAN_POINT('',(-0.888000000745058,1.00000001490116,9.50000014156103));
#15999=CARTESIAN_POINT('',(-1.1,1.00000001490116,10.0000001490116));
#16000=CARTESIAN_POINT('',(-1.1,1.00000001490116,4.87500007264316));
#16001=CARTESIAN_POINT('',(-1.59999982267618,1.00000001490116,10.0000001490116));
#16002=CARTESIAN_POINT('',(-0.888000000745058,1.00000001490116,10.0000001490116));
#16003=CARTESIAN_POINT('',(-1.59999982267618,1.00000001490116,10.5000001564622));
#16004=CARTESIAN_POINT('',(-1.59999982267618,1.00000001490116,0.5));
#16005=CARTESIAN_POINT('',(-1.1,1.00000001490116,10.5000001564622));
#16006=CARTESIAN_POINT('',(-0.888000000745058,1.00000001490116,10.5000001564622));
#16007=CARTESIAN_POINT('',(-1.1,1.00000001490116,11.0000001639128));
#16008=CARTESIAN_POINT('',(-1.1,1.00000001490116,5.37500008009374));
#16009=CARTESIAN_POINT('',(-1.59999982267618,1.00000001490116,11.0000001639128));
#16010=CARTESIAN_POINT('',(-0.888000000745058,1.00000001490116,11.0000001639128));
#16011=CARTESIAN_POINT('',(-1.59999982267618,1.00000001490116,11.5000001713634));
#16012=CARTESIAN_POINT('',(-1.59999982267618,1.00000001490116,0.5));
#16013=CARTESIAN_POINT('',(-1.1,1.00000001490116,11.5000001713634));
#16014=CARTESIAN_POINT('',(-0.888000000745058,1.00000001490116,11.5000001713634));
#16015=CARTESIAN_POINT('',(-1.1,1.00000001490116,12.0000001788139));
#16016=CARTESIAN_POINT('',(-1.1,1.00000001490116,5.87500008754432));
#16017=CARTESIAN_POINT('',(-1.59999982267618,1.00000001490116,12.0000001788139));
#16018=CARTESIAN_POINT('',(-0.888000000745058,1.00000001490116,12.0000001788139));
#16019=CARTESIAN_POINT('',(-1.59999982267618,1.00000001490116,12.5000001862645));
#16020=CARTESIAN_POINT('',(-1.59999982267618,1.00000001490116,0.5));
#16021=CARTESIAN_POINT('',(-1.1,1.00000001490116,12.5000001862645));
#16022=CARTESIAN_POINT('',(-0.888000000745058,1.00000001490116,12.5000001862645));
#16023=CARTESIAN_POINT('',(-1.1,1.00000001490116,13.0000001937151));
#16024=CARTESIAN_POINT('',(-1.1,1.00000001490116,6.3750000949949));
#16025=CARTESIAN_POINT('',(-0.888000000745058,1.00000001490116,13.0000001937151));
#16026=CARTESIAN_POINT('',(12.4000001773238,1.00000001490116,14.));
#16027=CARTESIAN_POINT('',(12.4000001773238,1.00000001490116,14.));
#16028=CARTESIAN_POINT('',(12.4000001773238,1.00000001490116,14.));
#16029=CARTESIAN_POINT('',(12.4000001773238,1.00000001490116,14.));
#16030=CARTESIAN_POINT('',(12.4000001773238,1.00000001490116,14.));
#16031=CARTESIAN_POINT('',(12.4000001773238,1.00000001490116,14.));
#16032=CARTESIAN_POINT('',(12.4000001773238,1.00000001490116,14.));
#16033=CARTESIAN_POINT('',(12.4000001773238,1.00000001490116,14.));
#16034=CARTESIAN_POINT('',(12.4000001773238,1.00000001490116,14.));
#16035=CARTESIAN_POINT('',(12.4000001773238,1.00000001490116,14.));
#16036=CARTESIAN_POINT('',(12.4000001773238,1.00000001490116,14.));
#16037=CARTESIAN_POINT('',(12.4000001773238,1.00000001490116,14.));
#16038=CARTESIAN_POINT('Origin',(5.40000017732382,0.750000014901161,14.));
#16039=CARTESIAN_POINT('',(12.4000001773238,0.500000014901161,14.));
#16040=CARTESIAN_POINT('Origin',(5.40000017732382,0.750000014901161,14.));
#16041=CARTESIAN_POINT('Origin',(5.40000017732382,0.750000014901161,14.));
#16042=CARTESIAN_POINT('Origin',(5.40000017732382,0.750000014901161,14.));
#16043=CARTESIAN_POINT('Origin',(5.40000017732382,0.750000014901161,14.));
#16044=CARTESIAN_POINT('Origin',(5.40000017732382,0.750000014901161,14.));
#16045=CARTESIAN_POINT('Origin',(5.40000017732382,0.750000014901161,14.));
#16046=CARTESIAN_POINT('Origin',(5.40000017732382,0.750000014901161,14.));
#16047=CARTESIAN_POINT('Origin',(5.40000017732382,0.750000014901161,14.));
#16048=CARTESIAN_POINT('Origin',(5.40000017732382,0.750000014901161,14.));
#16049=CARTESIAN_POINT('Origin',(5.40000017732382,0.750000014901161,14.));
#16050=CARTESIAN_POINT('Origin',(5.40000017732382,0.750000014901161,14.));
#16051=CARTESIAN_POINT('Origin',(-1.1,0.750000011175871,1.75000002607703));
#16052=CARTESIAN_POINT('',(-1.1,0.500000007450581,2.00000002980232));
#16053=CARTESIAN_POINT('',(-1.1,1.00000001490116,1.50000002235174));
#16054=CARTESIAN_POINT('Origin',(-1.1,0.750000011175871,3.75000005587935));
#16055=CARTESIAN_POINT('',(-1.1,1.00000001490116,4.00000005960464));
#16056=CARTESIAN_POINT('',(-1.1,0.500000007450581,3.50000005215406));
#16057=CARTESIAN_POINT('Origin',(-1.1,0.75,5.75));
#16058=CARTESIAN_POINT('',(-1.1,1.,6.));
#16059=CARTESIAN_POINT('',(-1.1,0.5,5.5));
#16060=CARTESIAN_POINT('Origin',(-1.1,0.750000011175871,7.750000115484));
#16061=CARTESIAN_POINT('',(-1.1,0.500000007450581,8.00000011920929));
#16062=CARTESIAN_POINT('',(-1.1,1.00000001490116,7.50000011175871));
#16063=CARTESIAN_POINT('Origin',(-1.1,0.750000011175871,9.75000014528632));
#16064=CARTESIAN_POINT('',(-1.1,1.00000001490116,10.0000001490116));
#16065=CARTESIAN_POINT('',(-1.1,0.500000007450581,9.50000014156103));
#16066=CARTESIAN_POINT('Origin',(-1.1,0.750000011175871,11.7500001750886));
#16067=CARTESIAN_POINT('',(-1.1,1.00000001490116,12.0000001788139));
#16068=CARTESIAN_POINT('',(-1.1,0.500000007450581,11.5000001713634));
#16069=CARTESIAN_POINT('Origin',(-1.1,0.750000011175871,12.7500001899898));
#16070=CARTESIAN_POINT('',(-1.1,0.500000007450581,13.0000001937151));
#16071=CARTESIAN_POINT('',(-1.1,1.00000001490116,12.5000001862645));
#16072=CARTESIAN_POINT('Origin',(-1.1,0.750000011175871,10.7500001601875));
#16073=CARTESIAN_POINT('',(-1.1,1.00000001490116,11.0000001639128));
#16074=CARTESIAN_POINT('',(-1.1,0.500000007450581,10.5000001564622));
#16075=CARTESIAN_POINT('Origin',(-1.1,0.750000011175871,8.75000013038516));
#16076=CARTESIAN_POINT('',(-1.1,0.500000007450581,9.00000013411045));
#16077=CARTESIAN_POINT('',(-1.1,1.00000001490116,8.50000012665987));
#16078=CARTESIAN_POINT('Origin',(-1.1,0.750000007450581,6.75000005215406));
#16079=CARTESIAN_POINT('',(-1.1,1.00000001490116,7.00000010430813));
#16080=CARTESIAN_POINT('',(-1.1,0.5,6.5));
#16081=CARTESIAN_POINT('Origin',(-1.1,0.75,4.75));
#16082=CARTESIAN_POINT('',(-1.1,1.,5.));
#16083=CARTESIAN_POINT('',(-1.1,0.5,4.5));
#16084=CARTESIAN_POINT('Origin',(-1.1,0.750000011175871,0.750000011175871));
#16085=CARTESIAN_POINT('',(-1.1,0.750000013038516,0.5));
#16086=CARTESIAN_POINT('',(-1.1,1.00000001490116,1.00000001490116));
#16087=CARTESIAN_POINT('Origin',(-1.1,0.750000011175871,2.75000004097819));
#16088=CARTESIAN_POINT('',(-1.1,1.00000001490116,3.00000004470348));
#16089=CARTESIAN_POINT('',(-1.1,0.500000007450581,2.5000000372529));
#16090=CARTESIAN_POINT('Origin',(-1.676,1.00000001490116,1.00000001490116));
#16091=CARTESIAN_POINT('',(-1.59999982267618,1.00000001490116,1.00000001490116));
#16092=CARTESIAN_POINT('Origin',(-1.676,0.500000007450581,7.50000011175871));
#16093=CARTESIAN_POINT('',(-1.59999982267618,0.750000011175871,7.50000011175871));
#16094=CARTESIAN_POINT('Origin',(-1.676,1.00000001490116,8.00000011920929));
#16095=CARTESIAN_POINT('',(-1.59999982267618,1.00000001490116,8.00000011920929));
#16096=CARTESIAN_POINT('Origin',(-1.676,0.500000007450581,1.50000002235174));
#16097=CARTESIAN_POINT('',(-1.59999982267618,0.750000011175871,1.50000002235174));
#16098=CARTESIAN_POINT('Origin',(-1.676,1.00000001490116,2.00000002980232));
#16099=CARTESIAN_POINT('',(-1.59999982267618,1.00000001490116,2.00000002980232));
#16100=CARTESIAN_POINT('Origin',(-1.676,0.500000007450581,12.5000001862645));
#16101=CARTESIAN_POINT('',(-1.59999982267618,0.750000011175871,12.5000001862645));
#16102=CARTESIAN_POINT('Origin',(-1.676,1.00000001490116,13.0000001937151));
#16103=CARTESIAN_POINT('Origin',(-1.676,1.,5.));
#16104=CARTESIAN_POINT('',(-1.59999982267618,1.00000000745058,5.));
#16105=CARTESIAN_POINT('Origin',(-1.676,0.5,4.5));
#16106=CARTESIAN_POINT('',(-1.59999982267618,0.750000007450581,4.5));
#16107=CARTESIAN_POINT('Origin',(-1.676,1.00000001490116,4.00000005960464));
#16108=CARTESIAN_POINT('',(-1.59999982267618,1.00000001490116,4.00000005960464));
#16109=CARTESIAN_POINT('Origin',(-1.676,0.500000007450581,3.50000005215406));
#16110=CARTESIAN_POINT('',(-1.59999982267618,0.750000011175871,3.50000005215406));
#16111=CARTESIAN_POINT('Origin',(-1.676,1.00000001490116,7.00000010430813));
#16112=CARTESIAN_POINT('',(-1.59999982267618,1.00000001490116,7.00000010430813));
#16113=CARTESIAN_POINT('Origin',(-1.676,0.5,6.5));
#16114=CARTESIAN_POINT('',(-1.59999982267618,0.750000007450581,6.5));
#16115=CARTESIAN_POINT('Origin',(-1.676,1.00000001490116,10.0000001490116));
#16116=CARTESIAN_POINT('',(-1.59999982267618,1.00000001490116,10.0000001490116));
#16117=CARTESIAN_POINT('Origin',(-1.676,0.500000007450581,9.50000014156103));
#16118=CARTESIAN_POINT('',(-1.59999982267618,0.750000011175871,9.50000014156103));
#16119=CARTESIAN_POINT('Origin',(-1.676,1.00000001490116,3.00000004470348));
#16120=CARTESIAN_POINT('',(-1.59999982267618,1.00000001490116,3.00000004470348));
#16121=CARTESIAN_POINT('Origin',(-1.676,0.500000007450581,2.5000000372529));
#16122=CARTESIAN_POINT('',(-1.59999982267618,0.750000011175871,2.5000000372529));
#16123=CARTESIAN_POINT('Origin',(-1.676,1.00000001490116,12.0000001788139));
#16124=CARTESIAN_POINT('',(-1.59999982267618,1.00000001490116,12.0000001788139));
#16125=CARTESIAN_POINT('Origin',(-1.676,0.500000007450581,11.5000001713634));
#16126=CARTESIAN_POINT('',(-1.59999982267618,0.750000011175871,11.5000001713634));
#16127=CARTESIAN_POINT('Origin',(-1.676,1.,6.));
#16128=CARTESIAN_POINT('',(-1.59999982267618,1.00000000745058,6.));
#16129=CARTESIAN_POINT('Origin',(-1.676,0.5,5.5));
#16130=CARTESIAN_POINT('',(-1.59999982267618,0.750000007450581,5.5));
#16131=CARTESIAN_POINT('Origin',(-1.676,1.00000001490116,11.0000001639128));
#16132=CARTESIAN_POINT('',(-1.59999982267618,1.00000001490116,11.0000001639128));
#16133=CARTESIAN_POINT('Origin',(-1.676,0.500000007450581,10.5000001564622));
#16134=CARTESIAN_POINT('',(-1.59999982267618,0.750000011175871,10.5000001564622));
#16135=CARTESIAN_POINT('Origin',(-1.676,0.500000007450581,8.50000012665987));
#16136=CARTESIAN_POINT('',(-1.59999982267618,0.750000011175871,8.50000012665987));
#16137=CARTESIAN_POINT('Origin',(-1.676,1.00000001490116,9.00000013411045));
#16138=CARTESIAN_POINT('',(-1.59999982267618,1.00000001490116,9.00000013411045));
#16139=CARTESIAN_POINT('Origin',(5.40000017732382,0.750000014901161,0.5));
#16140=CARTESIAN_POINT('',(-0.600000008940697,1.00000001490116,0.5));
#16141=CARTESIAN_POINT('Origin',(-1.59999982267618,1.00000001490116,0.5));
#16142=CARTESIAN_POINT('Origin',(-1.59999982267618,1.00000001490116,0.5));
#16143=CARTESIAN_POINT('Origin',(-1.59999982267618,1.00000001490116,0.5));
#16144=CARTESIAN_POINT('Origin',(-1.59999982267618,1.00000001490116,0.5));
#16145=CARTESIAN_POINT('Origin',(-1.59999982267618,1.00000001490116,0.5));
#16146=CARTESIAN_POINT('Origin',(-1.59999982267618,1.00000001490116,0.5));
#16147=CARTESIAN_POINT('Origin',(-1.59999982267618,1.00000001490116,0.5));
#16148=CARTESIAN_POINT('Origin',(-1.59999982267618,1.00000001490116,0.5));
#16149=CARTESIAN_POINT('Origin',(-1.59999982267618,1.00000001490116,0.5));
#16150=CARTESIAN_POINT('Origin',(-1.59999982267618,1.00000001490116,0.5));
#16151=CARTESIAN_POINT('Origin',(-1.59999982267618,1.00000001490116,0.5));
#16152=CARTESIAN_POINT('Origin',(-1.59999982267618,1.00000001490116,0.5));
#16153=CARTESIAN_POINT('Origin',(12.4000001773238,0.5,3.5));
#16154=CARTESIAN_POINT('',(12.4000001773238,0.500000007450581,3.5));
#16155=CARTESIAN_POINT('',(11.9000001773238,0.5,3.5));
#16156=CARTESIAN_POINT('Origin',(12.4000001773238,1.,3.));
#16157=CARTESIAN_POINT('',(12.4000001773238,0.750000007450581,3.));
#16158=CARTESIAN_POINT('',(11.9000001773238,1.,3.));
#16159=CARTESIAN_POINT('Origin',(11.9000001773238,0.75,3.25));
#16160=CARTESIAN_POINT('Origin',(12.4000001773238,0.5,7.5));
#16161=CARTESIAN_POINT('',(12.4000001773238,0.500000007450581,7.5));
#16162=CARTESIAN_POINT('',(11.9000001773238,0.5,7.5));
#16163=CARTESIAN_POINT('Origin',(12.4000001773238,1.,7.));
#16164=CARTESIAN_POINT('',(12.4000001773238,0.750000007450581,7.));
#16165=CARTESIAN_POINT('',(11.9000001773238,1.,7.));
#16166=CARTESIAN_POINT('Origin',(11.9000001773238,0.75,7.25));
#16167=CARTESIAN_POINT('Origin',(12.4000001773238,0.5,11.5));
#16168=CARTESIAN_POINT('',(12.4000001773238,0.500000007450581,11.5));
#16169=CARTESIAN_POINT('',(11.9000001773238,0.5,11.5));
#16170=CARTESIAN_POINT('Origin',(12.4000001773238,1.,11.));
#16171=CARTESIAN_POINT('',(12.4000001773238,0.750000007450581,11.));
#16172=CARTESIAN_POINT('',(11.9000001773238,1.,11.));
#16173=CARTESIAN_POINT('Origin',(11.9000001773238,0.75,11.25));
#16174=CARTESIAN_POINT('Origin',(12.4000001773238,0.5,12.5));
#16175=CARTESIAN_POINT('',(12.4000001773238,0.500000007450581,12.5));
#16176=CARTESIAN_POINT('',(11.9000001773238,0.5,12.5));
#16177=CARTESIAN_POINT('Origin',(12.4000001773238,1.,12.));
#16178=CARTESIAN_POINT('',(12.4000001773238,0.750000007450581,12.));
#16179=CARTESIAN_POINT('',(11.9000001773238,1.,12.));
#16180=CARTESIAN_POINT('Origin',(11.9000001773238,0.75,12.25));
#16181=CARTESIAN_POINT('Origin',(12.4000001773238,0.500000007450581,8.50000012665987));
#16182=CARTESIAN_POINT('',(12.4000001773238,0.500000011175871,8.50000012665987));
#16183=CARTESIAN_POINT('',(11.9000001773238,0.500000007450581,8.50000012665987));
#16184=CARTESIAN_POINT('Origin',(12.4000001773238,1.00000001490116,8.00000011920929));
#16185=CARTESIAN_POINT('',(12.4000001773238,0.750000014901161,8.00000011920929));
#16186=CARTESIAN_POINT('',(11.9000001773238,1.00000001490116,8.00000011920929));
#16187=CARTESIAN_POINT('Origin',(11.9000001773238,0.750000011175871,8.25000012293458));
#16188=CARTESIAN_POINT('Origin',(12.4000001773238,0.5,4.5));
#16189=CARTESIAN_POINT('',(12.4000001773238,0.500000007450581,4.5));
#16190=CARTESIAN_POINT('',(11.9000001773238,1.,4.5));
#16191=CARTESIAN_POINT('Origin',(12.4000001773238,1.,4.));
#16192=CARTESIAN_POINT('',(12.4000001773238,0.750000007450581,4.));
#16193=CARTESIAN_POINT('',(11.9000001773238,0.5,4.));
#16194=CARTESIAN_POINT('Origin',(11.9000001773238,0.75,4.25));
#16195=CARTESIAN_POINT('Origin',(12.4000001773238,0.5,2.5));
#16196=CARTESIAN_POINT('',(12.4000001773238,0.500000007450581,2.5));
#16197=CARTESIAN_POINT('',(11.9000001773238,1.,2.5));
#16198=CARTESIAN_POINT('Origin',(12.4000001773238,1.,2.));
#16199=CARTESIAN_POINT('',(12.4000001773238,0.750000007450581,2.));
#16200=CARTESIAN_POINT('',(11.9000001773238,0.5,2.));
#16201=CARTESIAN_POINT('Origin',(11.9000001773238,0.75,2.25));
#16202=CARTESIAN_POINT('Origin',(12.4000001773238,0.5,6.5));
#16203=CARTESIAN_POINT('',(12.4000001773238,0.500000007450581,6.5));
#16204=CARTESIAN_POINT('',(11.9000001773238,1.,6.5));
#16205=CARTESIAN_POINT('Origin',(12.4000001773238,1.,6.));
#16206=CARTESIAN_POINT('',(12.4000001773238,0.750000007450581,6.));
#16207=CARTESIAN_POINT('',(11.9000001773238,0.5,6.));
#16208=CARTESIAN_POINT('Origin',(11.9000001773238,0.75,6.25));
#16209=CARTESIAN_POINT('Origin',(12.4000001773238,0.5,10.5));
#16210=CARTESIAN_POINT('',(12.4000001773238,0.500000007450581,10.5));
#16211=CARTESIAN_POINT('',(11.9000001773238,0.5,10.5));
#16212=CARTESIAN_POINT('Origin',(12.4000001773238,1.,10.));
#16213=CARTESIAN_POINT('',(12.4000001773238,0.750000007450581,10.));
#16214=CARTESIAN_POINT('',(11.9000001773238,1.,10.));
#16215=CARTESIAN_POINT('Origin',(11.9000001773238,0.75,10.25));
#16216=CARTESIAN_POINT('Origin',(12.4000001773238,0.5,13.5));
#16217=CARTESIAN_POINT('',(12.4000001773238,0.500000007450581,13.5));
#16218=CARTESIAN_POINT('',(11.9000001773238,0.5,13.5));
#16219=CARTESIAN_POINT('Origin',(12.4000001773238,1.,13.));
#16220=CARTESIAN_POINT('',(12.4000001773238,0.750000007450581,13.));
#16221=CARTESIAN_POINT('',(11.9000001773238,1.,13.));
#16222=CARTESIAN_POINT('Origin',(11.9000001773238,0.75,13.25));
#16223=CARTESIAN_POINT('Origin',(12.4000001773238,0.500000007450581,9.50000014156103));
#16224=CARTESIAN_POINT('',(12.4000001773238,0.500000011175871,9.50000014156103));
#16225=CARTESIAN_POINT('',(11.9000001773238,0.500000007450581,9.50000014156103));
#16226=CARTESIAN_POINT('Origin',(12.4000001773238,1.00000001490116,9.00000013411045));
#16227=CARTESIAN_POINT('',(12.4000001773238,0.750000014901161,9.00000013411045));
#16228=CARTESIAN_POINT('',(11.9000001773238,1.00000001490116,9.00000013411045));
#16229=CARTESIAN_POINT('Origin',(11.9000001773238,0.750000011175871,9.25000013783574));
#16230=CARTESIAN_POINT('Origin',(12.4000001773238,0.5,5.5));
#16231=CARTESIAN_POINT('',(12.4000001773238,0.500000007450581,5.5));
#16232=CARTESIAN_POINT('',(11.9000001773238,0.5,5.5));
#16233=CARTESIAN_POINT('Origin',(12.4000001773238,1.,5.));
#16234=CARTESIAN_POINT('',(12.4000001773238,0.750000007450581,5.));
#16235=CARTESIAN_POINT('',(11.9000001773238,1.,5.));
#16236=CARTESIAN_POINT('Origin',(11.9000001773238,0.75,5.25));
#16237=CARTESIAN_POINT('Origin',(12.4000001773238,0.5,1.5));
#16238=CARTESIAN_POINT('',(12.4000001773238,0.500000007450581,1.5));
#16239=CARTESIAN_POINT('',(11.9000001773238,0.5,1.5));
#16240=CARTESIAN_POINT('Origin',(12.4000001773238,1.,1.));
#16241=CARTESIAN_POINT('',(12.4000001773238,0.750000007450581,1.));
#16242=CARTESIAN_POINT('',(11.9000001773238,1.,1.));
#16243=CARTESIAN_POINT('Origin',(11.9000001773238,0.75,1.25));
#16244=CARTESIAN_POINT('Origin',(12.4000001773238,0.500000014901161,0.5));
#16245=CARTESIAN_POINT('',(12.4000001773238,0.500000014901161,0.5));
#16246=CARTESIAN_POINT('Origin',(12.4000001773238,0.500000014901161,0.5));
#16247=CARTESIAN_POINT('Origin',(12.4000001773238,0.500000014901161,0.5));
#16248=CARTESIAN_POINT('Origin',(12.4000001773238,0.500000014901161,0.5));
#16249=CARTESIAN_POINT('Origin',(12.4000001773238,0.500000014901161,0.5));
#16250=CARTESIAN_POINT('Origin',(12.4000001773238,0.500000014901161,0.5));
#16251=CARTESIAN_POINT('Origin',(12.4000001773238,0.500000014901161,0.5));
#16252=CARTESIAN_POINT('Origin',(12.4000001773238,0.500000014901161,0.5));
#16253=CARTESIAN_POINT('Origin',(12.4000001773238,0.500000014901161,0.5));
#16254=CARTESIAN_POINT('Origin',(12.4000001773238,0.500000014901161,0.5));
#16255=CARTESIAN_POINT('Origin',(12.4000001773238,0.500000014901161,0.5));
#16256=CARTESIAN_POINT('Origin',(12.4000001773238,0.500000014901161,0.5));
#16257=CARTESIAN_POINT('Origin',(12.4000001773238,0.500000014901161,0.5));
#16258=CARTESIAN_POINT('Origin',(12.4000001773238,0.500000014901161,0.5));
#16259=CARTESIAN_POINT('Origin',(5.40000017732382,0.750000014901161,0.5));
#16260=CARTESIAN_POINT('',(11.9000001773238,1.00000001490116,0.5));
#16261=CARTESIAN_POINT('Origin',(5.40000017732382,0.750000014901161,0.5));
#16262=CARTESIAN_POINT('',(3.40000005066395,0.500000007450581,0.5));
#16263=CARTESIAN_POINT('',(2.90000004321337,1.00000001490116,0.5));
#16264=CARTESIAN_POINT('Origin',(5.40000017732382,0.750000014901161,0.5));
#16265=CARTESIAN_POINT('',(9.40000014007092,0.500000007450581,0.5));
#16266=CARTESIAN_POINT('',(8.90000013262033,1.00000001490116,0.5));
#16267=CARTESIAN_POINT('Origin',(5.40000017732382,0.750000014901161,0.5));
#16268=CARTESIAN_POINT('',(10.9000001624227,1.00000001490116,0.5));
#16269=CARTESIAN_POINT('',(11.4000001698732,0.500000007450581,0.5));
#16270=CARTESIAN_POINT('Origin',(5.40000017732382,0.750000014901161,0.5));
#16271=CARTESIAN_POINT('',(9.9000001475215,1.00000001490116,0.5));
#16272=CARTESIAN_POINT('',(10.4000001549721,0.500000007450581,0.5));
#16273=CARTESIAN_POINT('Origin',(5.40000017732382,0.750000014901161,0.5));
#16274=CARTESIAN_POINT('',(5.40000008046627,0.500000007450581,0.5));
#16275=CARTESIAN_POINT('',(4.90000007301569,1.00000001490116,0.5));
#16276=CARTESIAN_POINT('Origin',(5.40000017732382,0.750000014901161,0.5));
#16277=CARTESIAN_POINT('',(1.40000002086163,0.500000007450581,0.5));
#16278=CARTESIAN_POINT('',(0.900000013411045,1.00000001490116,0.5));
#16279=CARTESIAN_POINT('Origin',(5.40000017732382,0.750000014901161,0.5));
#16280=CARTESIAN_POINT('',(1.90000002831221,1.00000001490116,0.5));
#16281=CARTESIAN_POINT('',(2.40000003576279,0.500000007450581,0.5));
#16282=CARTESIAN_POINT('Origin',(5.40000017732382,0.750000014901161,0.5));
#16283=CARTESIAN_POINT('',(7.90000011771917,1.00000001490116,0.5));
#16284=CARTESIAN_POINT('',(8.40000012516975,0.500000007450581,0.5));
#16285=CARTESIAN_POINT('Origin',(5.40000017732382,0.750000014901161,0.5));
#16286=CARTESIAN_POINT('',(6.90000010281801,1.00000001490116,0.5));
#16287=CARTESIAN_POINT('',(7.40000011026859,0.500000007450581,0.5));
#16288=CARTESIAN_POINT('Origin',(5.40000017732382,0.750000014901161,0.5));
#16289=CARTESIAN_POINT('',(5.90000008791685,1.00000001490116,0.5));
#16290=CARTESIAN_POINT('',(6.40000009536743,0.500000007450581,0.5));
#16291=CARTESIAN_POINT('Origin',(5.40000017732382,0.750000014901161,0.5));
#16292=CARTESIAN_POINT('',(3.90000005811453,1.00000001490116,0.5));
#16293=CARTESIAN_POINT('',(4.40000006556511,0.500000007450581,0.5));
#16294=CARTESIAN_POINT('Origin',(5.40000017732382,0.750000014901161,0.5));
#16295=CARTESIAN_POINT('',(-0.100000001490116,0.500000007450581,0.5));
#16296=CARTESIAN_POINT('',(0.400000005960464,0.500000007450581,0.5));
#16297=CARTESIAN_POINT('Origin',(5.40000017732382,0.750000014901161,14.));
#16298=CARTESIAN_POINT('Origin',(11.4000001698732,1.00000001490116,0.));
#16299=CARTESIAN_POINT('',(11.4000001698732,0.500000007450581,0.));
#16300=CARTESIAN_POINT('Origin',(11.9000001773238,0.500000007450581,0.));
#16301=CARTESIAN_POINT('',(11.9000001773238,1.00000001490116,0.));
#16302=CARTESIAN_POINT('Origin',(11.6500001735985,0.750000011175871,0.));
#16303=CARTESIAN_POINT('Origin',(2.40000003576279,1.00000001490116,0.));
#16304=CARTESIAN_POINT('',(2.40000003576279,0.500000007450581,0.));
#16305=CARTESIAN_POINT('Origin',(2.90000004321337,0.500000007450581,0.));
#16306=CARTESIAN_POINT('',(2.90000004321337,1.00000001490116,0.));
#16307=CARTESIAN_POINT('Origin',(2.65000003948808,0.750000011175871,0.));
#16308=CARTESIAN_POINT('Origin',(8.40000012516975,1.00000001490116,0.));
#16309=CARTESIAN_POINT('',(8.40000012516975,0.500000007450581,0.));
#16310=CARTESIAN_POINT('Origin',(8.90000013262033,0.500000007450581,0.));
#16311=CARTESIAN_POINT('',(8.90000013262033,1.00000001490116,0.));
#16312=CARTESIAN_POINT('Origin',(8.65000012889504,0.750000011175871,0.));
#16313=CARTESIAN_POINT('Origin',(10.4000001549721,1.00000001490116,0.));
#16314=CARTESIAN_POINT('',(10.4000001549721,0.500000007450581,0.));
#16315=CARTESIAN_POINT('Origin',(10.9000001624227,0.500000007450581,0.));
#16316=CARTESIAN_POINT('',(10.9000001624227,1.00000001490116,0.));
#16317=CARTESIAN_POINT('Origin',(10.6500001586974,0.750000011175871,0.));
#16318=CARTESIAN_POINT('Origin',(9.40000014007092,1.00000001490116,0.));
#16319=CARTESIAN_POINT('',(9.40000014007092,0.500000007450581,0.));
#16320=CARTESIAN_POINT('Origin',(9.9000001475215,0.500000007450581,0.));
#16321=CARTESIAN_POINT('',(9.9000001475215,1.00000001490116,0.));
#16322=CARTESIAN_POINT('Origin',(9.65000014379621,0.750000011175871,0.));
#16323=CARTESIAN_POINT('Origin',(4.40000006556511,1.00000001490116,0.));
#16324=CARTESIAN_POINT('',(4.40000006556511,0.500000007450581,0.));
#16325=CARTESIAN_POINT('Origin',(4.90000007301569,0.500000007450581,0.));
#16326=CARTESIAN_POINT('',(4.90000007301569,1.00000001490116,0.));
#16327=CARTESIAN_POINT('Origin',(4.6500000692904,0.750000011175871,0.));
#16328=CARTESIAN_POINT('Origin',(0.400000005960464,1.00000001490116,0.));
#16329=CARTESIAN_POINT('',(0.400000005960464,0.500000007450581,0.));
#16330=CARTESIAN_POINT('Origin',(0.900000013411045,0.500000007450581,0.));
#16331=CARTESIAN_POINT('',(0.900000013411045,1.00000001490116,0.));
#16332=CARTESIAN_POINT('Origin',(0.650000009685755,0.750000011175871,0.));
#16333=CARTESIAN_POINT('Origin',(1.40000002086163,1.00000001490116,0.));
#16334=CARTESIAN_POINT('',(1.40000002086163,0.500000007450581,0.));
#16335=CARTESIAN_POINT('Origin',(1.90000002831221,0.500000007450581,0.));
#16336=CARTESIAN_POINT('',(1.90000002831221,1.00000001490116,0.));
#16337=CARTESIAN_POINT('Origin',(1.65000002458692,0.750000011175871,0.));
#16338=CARTESIAN_POINT('Origin',(7.40000011026859,1.00000001490116,0.));
#16339=CARTESIAN_POINT('',(7.40000011026859,0.500000007450581,0.));
#16340=CARTESIAN_POINT('Origin',(7.90000011771917,0.500000007450581,0.));
#16341=CARTESIAN_POINT('',(7.90000011771917,1.00000001490116,0.));
#16342=CARTESIAN_POINT('Origin',(7.65000011399388,0.750000011175871,0.));
#16343=CARTESIAN_POINT('Origin',(6.40000009536743,1.00000001490116,0.));
#16344=CARTESIAN_POINT('',(6.40000009536743,0.500000007450581,0.));
#16345=CARTESIAN_POINT('Origin',(6.90000010281801,0.500000007450581,0.));
#16346=CARTESIAN_POINT('',(6.90000010281801,1.00000001490116,0.));
#16347=CARTESIAN_POINT('Origin',(6.65000009909272,0.750000011175871,0.));
#16348=CARTESIAN_POINT('Origin',(5.40000008046627,1.00000001490116,0.));
#16349=CARTESIAN_POINT('',(5.40000008046627,0.500000007450581,0.));
#16350=CARTESIAN_POINT('Origin',(5.90000008791685,0.500000007450581,0.));
#16351=CARTESIAN_POINT('',(5.90000008791685,1.00000001490116,0.));
#16352=CARTESIAN_POINT('Origin',(5.65000008419156,0.750000011175871,0.));
#16353=CARTESIAN_POINT('Origin',(3.40000005066395,1.00000001490116,0.));
#16354=CARTESIAN_POINT('',(3.40000005066395,0.500000007450581,0.));
#16355=CARTESIAN_POINT('Origin',(3.90000005811453,0.500000007450581,0.));
#16356=CARTESIAN_POINT('',(3.90000005811453,1.00000001490116,0.));
#16357=CARTESIAN_POINT('Origin',(3.65000005438924,0.750000011175871,0.));
#16358=CARTESIAN_POINT('Origin',(-0.100000001490116,0.500000007450581,0.));
#16359=CARTESIAN_POINT('',(-0.100000001490116,0.500000007450581,0.));
#16360=CARTESIAN_POINT('Origin',(-0.600000008940697,1.00000001490116,0.));
#16361=CARTESIAN_POINT('',(-0.600000008940697,1.00000001490116,0.));
#16362=CARTESIAN_POINT('Origin',(-0.350000005215406,0.750000011175871,0.));
#16363=CARTESIAN_POINT('Origin',(9.48996991677621,0.500005102414117,4.5));
#16364=CARTESIAN_POINT('',(9.52899175201832,0.402046719604068,9.96932190097304));
#16365=CARTESIAN_POINT('',(9.52897894074704,0.40204161718995,9.96931931529189));
#16366=CARTESIAN_POINT('Ctrl Pts',(9.52899175201832,0.402046719604072,9.96932190097305));
#16367=CARTESIAN_POINT('Ctrl Pts',(9.52898748237737,0.402045018787658,9.96932103904576));
#16368=CARTESIAN_POINT('Ctrl Pts',(9.52898321065344,0.402043317465121,9.96932017688964));
#16369=CARTESIAN_POINT('Ctrl Pts',(9.52897894074704,0.402041617189954,9.96931931529189));
#16370=CARTESIAN_POINT('',(9.52897894074704,0.402041617189952,9.87900578040662));
#16371=CARTESIAN_POINT('',(9.52897894074702,0.402041617189948,4.5));
#16372=CARTESIAN_POINT('',(9.45096089280538,0.402041617189952,9.87900578040662));
#16373=CARTESIAN_POINT('Ctrl Pts',(9.52897894074704,0.402041617189954,9.87900578040662));
#16374=CARTESIAN_POINT('Ctrl Pts',(9.52753570599549,0.401466921639977,9.87756309462994));
#16375=CARTESIAN_POINT('Ctrl Pts',(9.52610396828411,0.400933783863509,9.87613193513574));
#16376=CARTESIAN_POINT('Ctrl Pts',(9.51815403610888,0.398161626142863,9.86818588186049));
#16377=CARTESIAN_POINT('Ctrl Pts',(9.51156957237047,0.396633256657596,9.86160469739371));
#16378=CARTESIAN_POINT('Ctrl Pts',(9.50295640902619,0.395323046305091,9.85301014861481));
#16379=CARTESIAN_POINT('Ctrl Pts',(9.50012833442436,0.395020244435079,9.85018921342647));
#16380=CARTESIAN_POINT('Ctrl Pts',(9.49632422375725,0.394744532730765,9.84641994130192));
#16381=CARTESIAN_POINT('Ctrl Pts',(9.49507236196133,0.394677806440068,9.84519537375239));
#16382=CARTESIAN_POINT('Ctrl Pts',(9.49331184624854,0.394611780202356,9.84347320124154));
#16383=CARTESIAN_POINT('Ctrl Pts',(9.49272987934588,0.394595064120868,9.84292290438918));
#16384=CARTESIAN_POINT('Ctrl Pts',(9.4918439369117,0.394576806373033,9.84212127259222));
#16385=CARTESIAN_POINT('Ctrl Pts',(9.49155177623408,0.394571937816373,9.84186403286712));
#16386=CARTESIAN_POINT('Ctrl Pts',(9.49106379665451,0.394566124055138,9.84148795008143));
#16387=CARTESIAN_POINT('Ctrl Pts',(9.4908945506965,0.394564486701233,9.84137052852232));
#16388=CARTESIAN_POINT('Ctrl Pts',(9.49060664779201,0.394562434966868,9.84119597371989));
#16389=CARTESIAN_POINT('Ctrl Pts',(9.49050235205601,0.394561855889164,9.84114531561541));
#16390=CARTESIAN_POINT('Ctrl Pts',(9.49026620207189,0.394560922090621,9.84105662422062));
#16391=CARTESIAN_POINT('Ctrl Pts',(9.49013335480893,0.394560574872752,9.84102125768118));
#16392=CARTESIAN_POINT('Ctrl Pts',(9.48980647874348,0.394560574872752,9.84102125768118));
#16393=CARTESIAN_POINT('Ctrl Pts',(9.48967363148052,0.394560922090621,9.84105662422062));
#16394=CARTESIAN_POINT('Ctrl Pts',(9.4894374814964,0.394561855889164,9.84114531561541));
#16395=CARTESIAN_POINT('Ctrl Pts',(9.4893331857604,0.394562434966868,9.84119597371989));
#16396=CARTESIAN_POINT('Ctrl Pts',(9.48904528285591,0.394564486701233,9.84137052852232));
#16397=CARTESIAN_POINT('Ctrl Pts',(9.4888760368979,0.394566124055138,9.84148795008143));
#16398=CARTESIAN_POINT('Ctrl Pts',(9.48838805731833,0.394571937816373,9.84186403286712));
#16399=CARTESIAN_POINT('Ctrl Pts',(9.48809589664072,0.394576806373033,9.84212127259222));
#16400=CARTESIAN_POINT('Ctrl Pts',(9.48720995420654,0.394595064120868,9.84292290438918));
#16401=CARTESIAN_POINT('Ctrl Pts',(9.48662798730387,0.394611780202356,9.84347320124154));
#16402=CARTESIAN_POINT('Ctrl Pts',(9.48486747159108,0.394677806440068,9.84519537375239));
#16403=CARTESIAN_POINT('Ctrl Pts',(9.48361560979517,0.394744532730765,9.84641994130192));
#16404=CARTESIAN_POINT('Ctrl Pts',(9.47981149912806,0.395020244435079,9.85018921342647));
#16405=CARTESIAN_POINT('Ctrl Pts',(9.47698342452623,0.395323046305091,9.85301014861481));
#16406=CARTESIAN_POINT('Ctrl Pts',(9.46837026118194,0.396633256657596,9.86160469739371));
#16407=CARTESIAN_POINT('Ctrl Pts',(9.46178579744354,0.398161626142863,9.86818588186049));
#16408=CARTESIAN_POINT('Ctrl Pts',(9.4538358652683,0.400933783863509,9.87613193513574));
#16409=CARTESIAN_POINT('Ctrl Pts',(9.45240412755692,0.401466921639977,9.87756309462994));
#16410=CARTESIAN_POINT('Ctrl Pts',(9.45096089280538,0.402041617189954,9.87900578040662));
#16411=CARTESIAN_POINT('',(9.45096089280538,0.40204161718995,9.96931931529189));
#16412=CARTESIAN_POINT('',(9.45096089280539,0.402041617189948,4.5));
#16413=CARTESIAN_POINT('',(9.43765647289651,0.408452647625252,10.3606170493291));
#16414=CARTESIAN_POINT('Ctrl Pts',(9.45096089280538,0.402041617189954,9.96931931529189));
#16415=CARTESIAN_POINT('Ctrl Pts',(9.4482097668749,0.403137114528817,9.9698744478112));
#16416=CARTESIAN_POINT('Ctrl Pts',(9.44551380844008,0.404345182589257,9.97049801698445));
#16417=CARTESIAN_POINT('Ctrl Pts',(9.42844214890579,0.412864400068794,9.97501392678506));
#16418=CARTESIAN_POINT('Ctrl Pts',(9.41622764772565,0.423376364348073,9.98118020708245));
#16419=CARTESIAN_POINT('Ctrl Pts',(9.39808875220811,0.446077294749636,9.99808666696124));
#16420=CARTESIAN_POINT('Ctrl Pts',(9.39254140636753,0.458083072497909,10.0089481475792));
#16421=CARTESIAN_POINT('Ctrl Pts',(9.38581193629956,0.479982961932901,10.0341503885089));
#16422=CARTESIAN_POINT('Ctrl Pts',(9.38469525461165,0.489894374419229,10.0484935438882));
#16423=CARTESIAN_POINT('Ctrl Pts',(9.38424040338783,0.514341636310009,10.0951974013762));
#16424=CARTESIAN_POINT('Ctrl Pts',(9.38712445835819,0.523272248161077,10.1314295809199));
#16425=CARTESIAN_POINT('Ctrl Pts',(9.38712445835819,0.523272248161077,10.2018886264341));
#16426=CARTESIAN_POINT('Ctrl Pts',(9.38424040338783,0.514341636310009,10.2381208059778));
#16427=CARTESIAN_POINT('Ctrl Pts',(9.38469525461165,0.489894374419229,10.2848246634659));
#16428=CARTESIAN_POINT('Ctrl Pts',(9.38581193629956,0.479982961932901,10.2991678188451));
#16429=CARTESIAN_POINT('Ctrl Pts',(9.39254140636753,0.458083072497909,10.3243700597748));
#16430=CARTESIAN_POINT('Ctrl Pts',(9.39808875220811,0.446077294749636,10.3352315403928));
#16431=CARTESIAN_POINT('Ctrl Pts',(9.41516589634083,0.424705152215405,10.3511483889046));
#16432=CARTESIAN_POINT('Ctrl Pts',(9.42546220011234,0.41542050453766,10.3567942782048));
#16433=CARTESIAN_POINT('Ctrl Pts',(9.43765647289651,0.40845264762525,10.3606170493291));
#16434=CARTESIAN_POINT('',(9.52899175201832,0.402046719604068,10.3621789654239));
#16435=CARTESIAN_POINT('Ctrl Pts',(9.43765647289651,0.408452647625252,10.3606170493291));
#16436=CARTESIAN_POINT('Ctrl Pts',(9.44147208229992,0.406272392941173,10.3611296463585));
#16437=CARTESIAN_POINT('Ctrl Pts',(9.44544704276005,0.404319081702258,10.3616081634978));
#16438=CARTESIAN_POINT('Ctrl Pts',(9.46251031432866,0.397233320584942,10.3633866378118));
#16439=CARTESIAN_POINT('Ctrl Pts',(9.47666086281377,0.394560574872752,10.3641470129326));
#16440=CARTESIAN_POINT('Ctrl Pts',(9.50279600114488,0.394560574872752,10.3641470129326));
#16441=CARTESIAN_POINT('Ctrl Pts',(9.51640763850359,0.397033823411289,10.3634450896992));
#16442=CARTESIAN_POINT('Ctrl Pts',(9.52899175201832,0.402046719604073,10.3621789654239));
#16443=CARTESIAN_POINT('',(9.5289917520183,0.402046719604066,4.5));
#16444=CARTESIAN_POINT('Origin',(9.48996991677621,0.500005102414117,4.5));
#16445=CARTESIAN_POINT('',(9.52899175201832,0.40204671960407,5.46812953172352));
#16446=CARTESIAN_POINT('',(9.4565099802071,0.600000007450461,5.46253957423853));
#16447=CARTESIAN_POINT('Ctrl Pts',(9.52899175201832,0.402046719604072,5.46812953172352));
#16448=CARTESIAN_POINT('Ctrl Pts',(9.5275441786402,0.401470077072403,5.46668250863794));
#16449=CARTESIAN_POINT('Ctrl Pts',(9.52610815567987,0.400935244017032,5.46524706540567));
#16450=CARTESIAN_POINT('Ctrl Pts',(9.51815403610887,0.398161626142863,5.45729682677776));
#16451=CARTESIAN_POINT('Ctrl Pts',(9.51156957237047,0.396633256657596,5.45071564231097));
#16452=CARTESIAN_POINT('Ctrl Pts',(9.50295640902618,0.39532304630509,5.44212109353208));
#16453=CARTESIAN_POINT('Ctrl Pts',(9.50012833442435,0.395020244435079,5.43930015834374));
#16454=CARTESIAN_POINT('Ctrl Pts',(9.49632422375724,0.394744532730765,5.43553088621918));
#16455=CARTESIAN_POINT('Ctrl Pts',(9.49507236196133,0.394677806440068,5.43430631866966));
#16456=CARTESIAN_POINT('Ctrl Pts',(9.49331184624854,0.394611780202356,5.43258414615881));
#16457=CARTESIAN_POINT('Ctrl Pts',(9.49272987934588,0.394595064120868,5.43203384930645));
#16458=CARTESIAN_POINT('Ctrl Pts',(9.4918439369117,0.394576806373033,5.43123221750949));
#16459=CARTESIAN_POINT('Ctrl Pts',(9.49155177623408,0.394571937816373,5.43097497778439));
#16460=CARTESIAN_POINT('Ctrl Pts',(9.49106379665451,0.394566124055138,5.4305988949987));
#16461=CARTESIAN_POINT('Ctrl Pts',(9.4908945506965,0.394564486701233,5.43048147343958));
#16462=CARTESIAN_POINT('Ctrl Pts',(9.49060664779201,0.394562434966868,5.43030691863716));
#16463=CARTESIAN_POINT('Ctrl Pts',(9.49050235205601,0.394561855889164,5.43025626053268));
#16464=CARTESIAN_POINT('Ctrl Pts',(9.49026620207189,0.394560922090621,5.43016756913789));
#16465=CARTESIAN_POINT('Ctrl Pts',(9.49013335480893,0.394560574872752,5.43013220259845));
#16466=CARTESIAN_POINT('Ctrl Pts',(9.48980647874348,0.394560574872752,5.43013220259845));
#16467=CARTESIAN_POINT('Ctrl Pts',(9.48967363148053,0.394560922090621,5.43016756913789));
#16468=CARTESIAN_POINT('Ctrl Pts',(9.4894374814964,0.394561855889164,5.43025626053268));
#16469=CARTESIAN_POINT('Ctrl Pts',(9.48933318576041,0.394562434966868,5.43030691863716));
#16470=CARTESIAN_POINT('Ctrl Pts',(9.48904528285591,0.394564486701233,5.43048147343959));
#16471=CARTESIAN_POINT('Ctrl Pts',(9.48887603689791,0.394566124055138,5.43059889499869));
#16472=CARTESIAN_POINT('Ctrl Pts',(9.48838805731833,0.394571937816373,5.43097497778439));
#16473=CARTESIAN_POINT('Ctrl Pts',(9.48809589664071,0.394576806373033,5.43123221750949));
#16474=CARTESIAN_POINT('Ctrl Pts',(9.48720995420654,0.394595064120868,5.43203384930645));
#16475=CARTESIAN_POINT('Ctrl Pts',(9.48662798730387,0.394611780202356,5.43258414615881));
#16476=CARTESIAN_POINT('Ctrl Pts',(9.48486747159109,0.394677806440068,5.43430631866966));
#16477=CARTESIAN_POINT('Ctrl Pts',(9.48361560979517,0.394744532730765,5.43553088621918));
#16478=CARTESIAN_POINT('Ctrl Pts',(9.47981149912806,0.395020244435079,5.43930015834374));
#16479=CARTESIAN_POINT('Ctrl Pts',(9.47698342452623,0.39532304630509,5.44212109353208));
#16480=CARTESIAN_POINT('Ctrl Pts',(9.46837026118195,0.396633256657596,5.45071564231097));
#16481=CARTESIAN_POINT('Ctrl Pts',(9.46178579744354,0.398161626142863,5.45729682677776));
#16482=CARTESIAN_POINT('Ctrl Pts',(9.44218180052334,0.404997580239067,5.47689125859204));
#16483=CARTESIAN_POINT('Ctrl Pts',(9.42775462309578,0.413177841824429,5.49131698075214));
#16484=CARTESIAN_POINT('Ctrl Pts',(9.40724498111166,0.433555742567313,5.51182380680165));
#16485=CARTESIAN_POINT('Ctrl Pts',(9.39917598444653,0.444578336839923,5.51989188638899));
#16486=CARTESIAN_POINT('Ctrl Pts',(9.3906712123839,0.463844415376525,5.52839544083753));
#16487=CARTESIAN_POINT('Ctrl Pts',(9.38841465793429,0.470716259208911,5.53065161490742));
#16488=CARTESIAN_POINT('Ctrl Pts',(9.38536044591189,0.484905907451574,5.53370509183601));
#16489=CARTESIAN_POINT('Ctrl Pts',(9.3845623901653,0.492223540412752,5.53450279312852));
#16490=CARTESIAN_POINT('Ctrl Pts',(9.38449110480936,0.506715737688475,5.53457337718823));
#16491=CARTESIAN_POINT('Ctrl Pts',(9.38521052753727,0.514016884744249,5.53385360187961));
#16492=CARTESIAN_POINT('Ctrl Pts',(9.38810727903705,0.528201514396978,5.53095612038437));
#16493=CARTESIAN_POINT('Ctrl Pts',(9.39028495868913,0.535084853710542,5.52877806356827));
#16494=CARTESIAN_POINT('Ctrl Pts',(9.39856555729544,0.554413878741527,5.52049626063376));
#16495=CARTESIAN_POINT('Ctrl Pts',(9.40650313628585,0.565518206265474,5.51255777757751));
#16496=CARTESIAN_POINT('Ctrl Pts',(9.42698510756561,0.586336345461951,5.49207302489961));
#16497=CARTESIAN_POINT('Ctrl Pts',(9.44156661729033,0.594727692989281,5.47749008026042));
#16498=CARTESIAN_POINT('Ctrl Pts',(9.45536188527308,0.599610339552476,5.46368822812592));
#16499=CARTESIAN_POINT('Ctrl Pts',(9.45593603875566,0.599807957219903,5.46311380673507));
#16500=CARTESIAN_POINT('Ctrl Pts',(9.45650998020711,0.600000007450391,5.46253957423851));
#16501=CARTESIAN_POINT('',(9.4565099802071,0.600000007450461,9.80653926100777));
#16502=CARTESIAN_POINT('',(9.45650998020767,0.600000007450581,4.5));
#16503=CARTESIAN_POINT('',(9.52899175201832,0.40204671960407,9.80094930352278));
#16504=CARTESIAN_POINT('Ctrl Pts',(9.4565099802071,0.60000000745039,9.80653926100778));
#16505=CARTESIAN_POINT('Ctrl Pts',(9.45593603875565,0.599807957219902,9.80596502851123));
#16506=CARTESIAN_POINT('Ctrl Pts',(9.45536188527308,0.599610339552476,9.80539060712038));
#16507=CARTESIAN_POINT('Ctrl Pts',(9.44156661729033,0.594727692989282,9.79158875498588));
#16508=CARTESIAN_POINT('Ctrl Pts',(9.42698510756561,0.586336345461951,9.77700581034668));
#16509=CARTESIAN_POINT('Ctrl Pts',(9.40650313628585,0.565518206265474,9.75652105766879));
#16510=CARTESIAN_POINT('Ctrl Pts',(9.39856555729544,0.554413878741528,9.74858257461254));
#16511=CARTESIAN_POINT('Ctrl Pts',(9.39028495868913,0.535084853710542,9.74030077167803));
#16512=CARTESIAN_POINT('Ctrl Pts',(9.38810727903705,0.528201514396978,9.73812271486193));
#16513=CARTESIAN_POINT('Ctrl Pts',(9.38521052753727,0.514016884744248,9.73522523336668));
#16514=CARTESIAN_POINT('Ctrl Pts',(9.38449110480936,0.506715737688475,9.73450545805807));
#16515=CARTESIAN_POINT('Ctrl Pts',(9.3845623901653,0.492223540412752,9.73457604211778));
#16516=CARTESIAN_POINT('Ctrl Pts',(9.38536044591189,0.484905907451574,9.73537374341029));
#16517=CARTESIAN_POINT('Ctrl Pts',(9.38841465793429,0.470716259208911,9.73842722033888));
#16518=CARTESIAN_POINT('Ctrl Pts',(9.3906712123839,0.463844415376524,9.74068339440877));
#16519=CARTESIAN_POINT('Ctrl Pts',(9.39917598444653,0.444578336839922,9.74918694885731));
#16520=CARTESIAN_POINT('Ctrl Pts',(9.40724498111166,0.433555742567313,9.75725502844465));
#16521=CARTESIAN_POINT('Ctrl Pts',(9.42775462309578,0.413177841824429,9.77776185449416));
#16522=CARTESIAN_POINT('Ctrl Pts',(9.44218180052334,0.404997580239067,9.79218757665426));
#16523=CARTESIAN_POINT('Ctrl Pts',(9.46178579744354,0.398161626142863,9.81178200846854));
#16524=CARTESIAN_POINT('Ctrl Pts',(9.46837026118194,0.396633256657596,9.81836319293532));
#16525=CARTESIAN_POINT('Ctrl Pts',(9.47698342452623,0.395323046305091,9.82695774171421));
#16526=CARTESIAN_POINT('Ctrl Pts',(9.47981149912806,0.395020244435079,9.82977867690256));
#16527=CARTESIAN_POINT('Ctrl Pts',(9.48361560979517,0.394744532730765,9.83354794902711));
#16528=CARTESIAN_POINT('Ctrl Pts',(9.48486747159108,0.394677806440068,9.83477251657664));
#16529=CARTESIAN_POINT('Ctrl Pts',(9.48662798730387,0.394611780202356,9.83649468908749));
#16530=CARTESIAN_POINT('Ctrl Pts',(9.48720995420654,0.394595064120868,9.83704498593985));
#16531=CARTESIAN_POINT('Ctrl Pts',(9.48809589664072,0.394576806373033,9.83784661773681));
#16532=CARTESIAN_POINT('Ctrl Pts',(9.48838805731834,0.394571937816373,9.83810385746191));
#16533=CARTESIAN_POINT('Ctrl Pts',(9.48887603689791,0.394566124055138,9.8384799402476));
#16534=CARTESIAN_POINT('Ctrl Pts',(9.48904528285591,0.394564486701233,9.83859736180671));
#16535=CARTESIAN_POINT('Ctrl Pts',(9.48933318576041,0.394562434966868,9.83877191660914));
#16536=CARTESIAN_POINT('Ctrl Pts',(9.4894374814964,0.394561855889164,9.83882257471362));
#16537=CARTESIAN_POINT('Ctrl Pts',(9.48967363148053,0.394560922090621,9.83891126610841));
#16538=CARTESIAN_POINT('Ctrl Pts',(9.48980647874348,0.394560574872752,9.83894663264785));
#16539=CARTESIAN_POINT('Ctrl Pts',(9.49013335480894,0.394560574872752,9.83894663264785));
#16540=CARTESIAN_POINT('Ctrl Pts',(9.49026620207189,0.394560922090621,9.83891126610841));
#16541=CARTESIAN_POINT('Ctrl Pts',(9.49050235205602,0.394561855889164,9.83882257471362));
#16542=CARTESIAN_POINT('Ctrl Pts',(9.49060664779201,0.394562434966868,9.83877191660914));
#16543=CARTESIAN_POINT('Ctrl Pts',(9.49089455069651,0.394564486701233,9.83859736180671));
#16544=CARTESIAN_POINT('Ctrl Pts',(9.49106379665451,0.394566124055138,9.8384799402476));
#16545=CARTESIAN_POINT('Ctrl Pts',(9.49155177623408,0.394571937816373,9.83810385746191));
#16546=CARTESIAN_POINT('Ctrl Pts',(9.4918439369117,0.394576806373033,9.83784661773681));
#16547=CARTESIAN_POINT('Ctrl Pts',(9.49272987934588,0.394595064120868,9.83704498593985));
#16548=CARTESIAN_POINT('Ctrl Pts',(9.49331184624854,0.394611780202356,9.83649468908749));
#16549=CARTESIAN_POINT('Ctrl Pts',(9.49507236196133,0.394677806440068,9.83477251657664));
#16550=CARTESIAN_POINT('Ctrl Pts',(9.49632422375725,0.394744532730765,9.83354794902711));
#16551=CARTESIAN_POINT('Ctrl Pts',(9.50012833442436,0.395020244435079,9.82977867690256));
#16552=CARTESIAN_POINT('Ctrl Pts',(9.50295640902619,0.395323046305091,9.82695774171421));
#16553=CARTESIAN_POINT('Ctrl Pts',(9.51156957237047,0.396633256657596,9.81836319293532));
#16554=CARTESIAN_POINT('Ctrl Pts',(9.51815403610888,0.398161626142863,9.81178200846854));
#16555=CARTESIAN_POINT('Ctrl Pts',(9.52610815567987,0.400935244017032,9.80383176984063));
#16556=CARTESIAN_POINT('Ctrl Pts',(9.5275441786402,0.401470077072404,9.80239632660836));
#16557=CARTESIAN_POINT('Ctrl Pts',(9.52899175201832,0.402046719604073,9.80094930352278));
#16558=CARTESIAN_POINT('',(9.5289917520183,0.402046719604066,4.5));
#16559=CARTESIAN_POINT('Origin',(9.48996991677621,0.500005102414117,4.5));
#16560=CARTESIAN_POINT('',(9.52897894074704,0.40204161718995,5.29975951995441));
#16561=CARTESIAN_POINT('',(9.52899175201832,0.402046719604068,5.29975693427325));
#16562=CARTESIAN_POINT('Ctrl Pts',(9.52897894074704,0.402041617189953,5.29975951995441));
#16563=CARTESIAN_POINT('Ctrl Pts',(9.528983210655,0.40204331746574,5.29975865835635));
#16564=CARTESIAN_POINT('Ctrl Pts',(9.52898748237575,0.402045018787011,5.29975779620087));
#16565=CARTESIAN_POINT('Ctrl Pts',(9.52899175201832,0.402046719604071,5.29975693427325));
#16566=CARTESIAN_POINT('',(9.52899175201832,0.402046719604068,4.9068998698224));
#16567=CARTESIAN_POINT('',(9.5289917520183,0.402046719604066,4.5));
#16568=CARTESIAN_POINT('',(9.43765647289652,0.408452647625245,4.90846178591719));
#16569=CARTESIAN_POINT('Ctrl Pts',(9.52899175201832,0.402046719604073,4.9068998698224));
#16570=CARTESIAN_POINT('Ctrl Pts',(9.51640763850359,0.397033823411289,4.90563374554705));
#16571=CARTESIAN_POINT('Ctrl Pts',(9.50279600114488,0.394560574872752,4.9049318223137));
#16572=CARTESIAN_POINT('Ctrl Pts',(9.47666086281377,0.394560574872752,4.9049318223137));
#16573=CARTESIAN_POINT('Ctrl Pts',(9.46251031432866,0.397233320584943,4.90569219743454));
#16574=CARTESIAN_POINT('Ctrl Pts',(9.44544704276005,0.404319081702259,4.90747067174846));
#16575=CARTESIAN_POINT('Ctrl Pts',(9.44147208229992,0.406272392941175,4.90794918888775));
#16576=CARTESIAN_POINT('Ctrl Pts',(9.4376564728965,0.408452647625254,4.90846178591719));
#16577=CARTESIAN_POINT('',(9.45096089280537,0.40204161718995,5.29975951995441));
#16578=CARTESIAN_POINT('Ctrl Pts',(9.43765647289652,0.408452647625245,4.90846178591719));
#16579=CARTESIAN_POINT('Ctrl Pts',(9.42546220011234,0.415420504537657,4.91228455704153));
#16580=CARTESIAN_POINT('Ctrl Pts',(9.41516589634083,0.424705152215402,4.91793044634171));
#16581=CARTESIAN_POINT('Ctrl Pts',(9.39808875220811,0.446077294749636,4.93384729485352));
#16582=CARTESIAN_POINT('Ctrl Pts',(9.39254140636753,0.458083072497909,4.94470877547147));
#16583=CARTESIAN_POINT('Ctrl Pts',(9.38581193629956,0.479982961932901,4.96991101640121));
#16584=CARTESIAN_POINT('Ctrl Pts',(9.38469525461165,0.489894374419229,4.98425417178044));
#16585=CARTESIAN_POINT('Ctrl Pts',(9.38424040338783,0.514341636310009,5.03095802926848));
#16586=CARTESIAN_POINT('Ctrl Pts',(9.38712445835819,0.523272248161077,5.0671902088122));
#16587=CARTESIAN_POINT('Ctrl Pts',(9.38712445835819,0.523272248161077,5.13764925432638));
#16588=CARTESIAN_POINT('Ctrl Pts',(9.38424040338783,0.514341636310009,5.1738814338701));
#16589=CARTESIAN_POINT('Ctrl Pts',(9.38469525461165,0.48989437441923,5.22058529135814));
#16590=CARTESIAN_POINT('Ctrl Pts',(9.38581193629956,0.479982961932902,5.23492844673737));
#16591=CARTESIAN_POINT('Ctrl Pts',(9.39254140636753,0.458083072497909,5.26013068766711));
#16592=CARTESIAN_POINT('Ctrl Pts',(9.39808875220811,0.446077294749636,5.27099216828506));
#16593=CARTESIAN_POINT('Ctrl Pts',(9.41622764772565,0.423376364348073,5.28789862816385));
#16594=CARTESIAN_POINT('Ctrl Pts',(9.42844214890579,0.412864400068794,5.29406490846124));
#16595=CARTESIAN_POINT('Ctrl Pts',(9.44551380844008,0.404345182589258,5.29858081826185));
#16596=CARTESIAN_POINT('Ctrl Pts',(9.4482097668749,0.403137114528816,5.2992043874351));
#16597=CARTESIAN_POINT('Ctrl Pts',(9.45096089280538,0.402041617189954,5.29975951995441));
#16598=CARTESIAN_POINT('',(9.45096089280537,0.402041617189952,5.39007305483967));
#16599=CARTESIAN_POINT('',(9.45096089280539,0.402041617189948,4.5));
#16600=CARTESIAN_POINT('',(9.52897894074704,0.402041617189952,5.39007305483967));
#16601=CARTESIAN_POINT('Ctrl Pts',(9.45096089280537,0.402041617189956,5.39007305483967));
#16602=CARTESIAN_POINT('Ctrl Pts',(9.45240412755692,0.401466921639979,5.39151574061635));
#16603=CARTESIAN_POINT('Ctrl Pts',(9.4538358652683,0.400933783863509,5.39294690011055));
#16604=CARTESIAN_POINT('Ctrl Pts',(9.46178579744354,0.398161626142863,5.40089295338581));
#16605=CARTESIAN_POINT('Ctrl Pts',(9.46837026118195,0.396633256657596,5.4074741378526));
#16606=CARTESIAN_POINT('Ctrl Pts',(9.47698342452623,0.39532304630509,5.41606868663149));
#16607=CARTESIAN_POINT('Ctrl Pts',(9.47981149912806,0.395020244435079,5.41888962181983));
#16608=CARTESIAN_POINT('Ctrl Pts',(9.48361560979517,0.394744532730765,5.42265889394438));
#16609=CARTESIAN_POINT('Ctrl Pts',(9.48486747159109,0.394677806440068,5.42388346149391));
#16610=CARTESIAN_POINT('Ctrl Pts',(9.48662798730387,0.394611780202356,5.42560563400476));
#16611=CARTESIAN_POINT('Ctrl Pts',(9.48720995420654,0.394595064120868,5.42615593085712));
#16612=CARTESIAN_POINT('Ctrl Pts',(9.48809589664071,0.394576806373033,5.42695756265408));
#16613=CARTESIAN_POINT('Ctrl Pts',(9.48838805731834,0.394571937816373,5.42721480237918));
#16614=CARTESIAN_POINT('Ctrl Pts',(9.48887603689791,0.394566124055138,5.42759088516487));
#16615=CARTESIAN_POINT('Ctrl Pts',(9.48904528285592,0.394564486701233,5.42770830672398));
#16616=CARTESIAN_POINT('Ctrl Pts',(9.48933318576041,0.394562434966868,5.42788286152641));
#16617=CARTESIAN_POINT('Ctrl Pts',(9.4894374814964,0.394561855889164,5.42793351963089));
#16618=CARTESIAN_POINT('Ctrl Pts',(9.48967363148053,0.394560922090621,5.42802221102568));
#16619=CARTESIAN_POINT('Ctrl Pts',(9.48980647874348,0.394560574872752,5.42805757756512));
#16620=CARTESIAN_POINT('Ctrl Pts',(9.49013335480893,0.394560574872752,5.42805757756512));
#16621=CARTESIAN_POINT('Ctrl Pts',(9.49026620207189,0.394560922090621,5.42802221102568));
#16622=CARTESIAN_POINT('Ctrl Pts',(9.49050235205601,0.394561855889164,5.42793351963089));
#16623=CARTESIAN_POINT('Ctrl Pts',(9.49060664779201,0.394562434966868,5.42788286152641));
#16624=CARTESIAN_POINT('Ctrl Pts',(9.49089455069651,0.394564486701233,5.42770830672398));
#16625=CARTESIAN_POINT('Ctrl Pts',(9.49106379665451,0.394566124055138,5.42759088516487));
#16626=CARTESIAN_POINT('Ctrl Pts',(9.49155177623408,0.394571937816373,5.42721480237918));
#16627=CARTESIAN_POINT('Ctrl Pts',(9.4918439369117,0.394576806373033,5.42695756265408));
#16628=CARTESIAN_POINT('Ctrl Pts',(9.49272987934588,0.394595064120868,5.42615593085712));
#16629=CARTESIAN_POINT('Ctrl Pts',(9.49331184624854,0.394611780202356,5.42560563400476));
#16630=CARTESIAN_POINT('Ctrl Pts',(9.49507236196133,0.394677806440068,5.42388346149391));
#16631=CARTESIAN_POINT('Ctrl Pts',(9.49632422375724,0.394744532730765,5.42265889394438));
#16632=CARTESIAN_POINT('Ctrl Pts',(9.50012833442435,0.395020244435079,5.41888962181983));
#16633=CARTESIAN_POINT('Ctrl Pts',(9.50295640902618,0.39532304630509,5.41606868663149));
#16634=CARTESIAN_POINT('Ctrl Pts',(9.51156957237047,0.396633256657596,5.4074741378526));
#16635=CARTESIAN_POINT('Ctrl Pts',(9.51815403610887,0.398161626142863,5.40089295338581));
#16636=CARTESIAN_POINT('Ctrl Pts',(9.52610396828411,0.400933783863509,5.39294690011055));
#16637=CARTESIAN_POINT('Ctrl Pts',(9.5275357059955,0.401466921639978,5.39151574061636));
#16638=CARTESIAN_POINT('Ctrl Pts',(9.52897894074704,0.402041617189955,5.39007305483967));
#16639=CARTESIAN_POINT('',(9.52897894074702,0.402041617189948,4.5));
#16640=CARTESIAN_POINT('Origin',(9.54492382993918,0.402046719604066,4.5));
#16641=CARTESIAN_POINT('',(9.61930528690358,0.402046719604068,5.46812953172352));
#16642=CARTESIAN_POINT('',(10.4000001773238,0.402046719604066,5.4681295317235));
#16643=CARTESIAN_POINT('',(9.61930528690358,0.402046719604068,9.80094930352278));
#16644=CARTESIAN_POINT('',(10.4000001773238,0.402046719604066,9.8009493035228));
#16645=CARTESIAN_POINT('',(9.61930528690358,0.402046719604066,4.5));
#16646=CARTESIAN_POINT('Origin',(9.54492382993918,0.402046719604066,4.5));
#16647=CARTESIAN_POINT('',(9.61930528690358,0.402046719604066,5.29975693427325));
#16648=CARTESIAN_POINT('',(10.4000001773238,0.402046719604066,5.29975693427325));
#16649=CARTESIAN_POINT('',(9.61930528690358,0.402046719604066,4.9068998698224));
#16650=CARTESIAN_POINT('',(9.61930528690358,0.402046719604066,4.5));
#16651=CARTESIAN_POINT('',(10.4000001773238,0.402046719604066,4.9068998698224));
#16652=CARTESIAN_POINT('Origin',(9.8166450752887,0.302046719604066,4.5));
#16653=CARTESIAN_POINT('',(10.0353073083228,0.335659513663123,4.88375828294005));
#16654=CARTESIAN_POINT('',(10.0353073083228,0.335659513663123,5.32108118019852));
#16655=CARTESIAN_POINT('Ctrl Pts',(10.0353073083227,0.335659513663097,4.88375828294013));
#16656=CARTESIAN_POINT('Ctrl Pts',(10.0347369737944,0.339369726546003,4.88432870609141));
#16657=CARTESIAN_POINT('Ctrl Pts',(10.034072696862,0.343061692218907,4.88499307225105));
#16658=CARTESIAN_POINT('Ctrl Pts',(10.0302452840525,0.361622239619901,4.88882094073344));
#16659=CARTESIAN_POINT('Ctrl Pts',(10.0256423288856,0.376073195775346,4.89342427408313));
#16660=CARTESIAN_POINT('Ctrl Pts',(10.0081628244082,0.416637514803179,4.91090498647031));
#16661=CARTESIAN_POINT('Ctrl Pts',(9.99143638939653,0.439920162783841,4.92763232888268));
#16662=CARTESIAN_POINT('Ctrl Pts',(9.94834487968223,0.483498916736437,4.97072663427834));
#16663=CARTESIAN_POINT('Ctrl Pts',(9.917703634503,0.501029121329776,5.00136905457227));
#16664=CARTESIAN_POINT('Ctrl Pts',(9.87610857553734,0.515642280773426,5.04297407813111));
#16665=CARTESIAN_POINT('Ctrl Pts',(9.86208848666334,0.51890947108406,5.05699725664297));
#16666=CARTESIAN_POINT('Ctrl Pts',(9.84383173601317,0.521686810379901,5.07527293948973));
#16667=CARTESIAN_POINT('Ctrl Pts',(9.83780036642933,0.522328578032503,5.08131147744111));
#16668=CARTESIAN_POINT('Ctrl Pts',(9.82979187598493,0.522902592231021,5.08935643617004));
#16669=CARTESIAN_POINT('Ctrl Pts',(9.82714695991219,0.523041286818789,5.0920156138934));
#16670=CARTESIAN_POINT('Ctrl Pts',(9.82350706009016,0.523174237808163,5.09572024918519));
#16671=CARTESIAN_POINT('Ctrl Pts',(9.82231864860812,0.52320763591461,5.09694326566051));
#16672=CARTESIAN_POINT('Ctrl Pts',(9.82060349573708,0.523242628941926,5.09874733803668));
#16673=CARTESIAN_POINT('Ctrl Pts',(9.82005233587124,0.523251780314868,5.0993437266351));
#16674=CARTESIAN_POINT('Ctrl Pts',(9.81923729851599,0.523262328933599,5.10030053870053));
#16675=CARTESIAN_POINT('Ctrl Pts',(9.81897344329181,0.523265243047977,5.10062085038517));
#16676=CARTESIAN_POINT('Ctrl Pts',(9.81859205788007,0.523268819906652,5.10117444014001));
#16677=CARTESIAN_POINT('Ctrl Pts',(9.81847104322704,0.523269854943359,5.10136878119984));
#16678=CARTESIAN_POINT('Ctrl Pts',(9.8182490422395,0.523271553862464,5.10181760099916));
#16679=CARTESIAN_POINT('Ctrl Pts',(9.81814760467442,0.523272248161077,5.10207185628833));
#16680=CARTESIAN_POINT('Ctrl Pts',(9.81814760467442,0.523272248161077,5.10276760685025));
#16681=CARTESIAN_POINT('Ctrl Pts',(9.81824904223951,0.523271553862464,5.10302186213942));
#16682=CARTESIAN_POINT('Ctrl Pts',(9.81847104322705,0.523269854943359,5.10347068193873));
#16683=CARTESIAN_POINT('Ctrl Pts',(9.81859205788007,0.523268819906652,5.10366502299857));
#16684=CARTESIAN_POINT('Ctrl Pts',(9.81897344329181,0.523265243047977,5.1042186127534));
#16685=CARTESIAN_POINT('Ctrl Pts',(9.81923729851599,0.523262328933599,5.10453892443805));
#16686=CARTESIAN_POINT('Ctrl Pts',(9.82005233587124,0.523251780314868,5.10549573650348));
#16687=CARTESIAN_POINT('Ctrl Pts',(9.82060349573708,0.523242628941926,5.1060921251019));
#16688=CARTESIAN_POINT('Ctrl Pts',(9.82231864860812,0.52320763591461,5.10789619747807));
#16689=CARTESIAN_POINT('Ctrl Pts',(9.82350706009016,0.523174237808163,5.10911921395339));
#16690=CARTESIAN_POINT('Ctrl Pts',(9.82714695991219,0.523041286818789,5.11282384924518));
#16691=CARTESIAN_POINT('Ctrl Pts',(9.82979187598493,0.522902592231021,5.11548302696854));
#16692=CARTESIAN_POINT('Ctrl Pts',(9.83780036642933,0.522328578032503,5.12352798569747));
#16693=CARTESIAN_POINT('Ctrl Pts',(9.84383173601318,0.521686810379901,5.12956652364885));
#16694=CARTESIAN_POINT('Ctrl Pts',(9.86208848666335,0.51890947108406,5.14784220649561));
#16695=CARTESIAN_POINT('Ctrl Pts',(9.87610857553734,0.515642280773426,5.16186538500747));
#16696=CARTESIAN_POINT('Ctrl Pts',(9.917703634503,0.501029121329776,5.20347040856631));
#16697=CARTESIAN_POINT('Ctrl Pts',(9.94834487968223,0.483498916736437,5.23411282886024));
#16698=CARTESIAN_POINT('Ctrl Pts',(9.99143638939653,0.439920162783841,5.2772071342559));
#16699=CARTESIAN_POINT('Ctrl Pts',(10.0081628244082,0.41663751480318,5.29393447666826));
#16700=CARTESIAN_POINT('Ctrl Pts',(10.0256423288856,0.376073195775347,5.31141518905545));
#16701=CARTESIAN_POINT('Ctrl Pts',(10.0302452840525,0.361622239619902,5.31601852240514));
#16702=CARTESIAN_POINT('Ctrl Pts',(10.034072696862,0.343061692218907,5.31984639088753));
#16703=CARTESIAN_POINT('Ctrl Pts',(10.0347369737944,0.339369726546004,5.32051075704717));
#16704=CARTESIAN_POINT('Ctrl Pts',(10.0353073083227,0.335659513663098,5.32108118019845));
#16705=CARTESIAN_POINT('',(10.0353073083226,0.335659513663746,4.5));
#16706=CARTESIAN_POINT('Origin',(9.8166450752887,0.302046719604066,4.5));
#16707=CARTESIAN_POINT('',(10.0106030209408,0.408457750039374,9.78765264611158));
#16708=CARTESIAN_POINT('Ctrl Pts',(9.61930528690358,0.402046719604072,9.80094930352278));
#16709=CARTESIAN_POINT('Ctrl Pts',(9.62131763893638,0.40601789084716,9.79098407177185));
#16710=CARTESIAN_POINT('Ctrl Pts',(9.62425923499207,0.411497911638211,9.78186516138673));
#16711=CARTESIAN_POINT('Ctrl Pts',(9.63165535136141,0.423592690681109,9.76665253069568));
#16712=CARTESIAN_POINT('Ctrl Pts',(9.63730503369347,0.431912372991087,9.75898346857706));
#16713=CARTESIAN_POINT('Ctrl Pts',(9.65317386240179,0.452009355899883,9.74478125784344));
#16714=CARTESIAN_POINT('Ctrl Pts',(9.66852039103246,0.467418914043889,9.7390486077176));
#16715=CARTESIAN_POINT('Ctrl Pts',(9.70142720117589,0.492257037925247,9.73390643655293));
#16716=CARTESIAN_POINT('Ctrl Pts',(9.72313275898865,0.504017581176495,9.73432736559955));
#16717=CARTESIAN_POINT('Ctrl Pts',(9.76933395852183,0.519528750522319,9.73607009786212));
#16718=CARTESIAN_POINT('Ctrl Pts',(9.79383941052299,0.523277350575195,9.73714079595845));
#16719=CARTESIAN_POINT('Ctrl Pts',(9.83945074005441,0.523277350575195,9.73714079595845));
#16720=CARTESIAN_POINT('Ctrl Pts',(9.86395619205557,0.519528750522319,9.73607009786212));
#16721=CARTESIAN_POINT('Ctrl Pts',(9.91015739158876,0.504017581176495,9.73432736559955));
#16722=CARTESIAN_POINT('Ctrl Pts',(9.93186294940151,0.492257037925247,9.73390643655293));
#16723=CARTESIAN_POINT('Ctrl Pts',(9.96476975954495,0.467418914043889,9.7390486077176));
#16724=CARTESIAN_POINT('Ctrl Pts',(9.98011628817561,0.452009355899883,9.74478125784344));
#16725=CARTESIAN_POINT('Ctrl Pts',(9.99598511688393,0.431912372991087,9.75898346857706));
#16726=CARTESIAN_POINT('Ctrl Pts',(10.001634799216,0.423592690681109,9.76665253069568));
#16727=CARTESIAN_POINT('Ctrl Pts',(10.0073333660881,0.414273893661526,9.77837357305958));
#16728=CARTESIAN_POINT('Ctrl Pts',(10.0090920687791,0.411211798901196,9.78283503535329));
#16729=CARTESIAN_POINT('Ctrl Pts',(10.0106030209408,0.408457750039398,9.78765264611153));
#16730=CARTESIAN_POINT('',(10.0106030209408,0.4084577500394,5.48142618913476));
#16731=CARTESIAN_POINT('',(10.0106030209408,0.408457750039374,4.5));
#16732=CARTESIAN_POINT('Ctrl Pts',(10.0106030209408,0.408457750039399,5.48142618913476));
#16733=CARTESIAN_POINT('Ctrl Pts',(10.0090920687791,0.411211798901197,5.48624379989301));
#16734=CARTESIAN_POINT('Ctrl Pts',(10.0073333660881,0.414273893661526,5.49070526218672));
#16735=CARTESIAN_POINT('Ctrl Pts',(10.001634799216,0.423592690681109,5.50242630455062));
#16736=CARTESIAN_POINT('Ctrl Pts',(9.99598511688393,0.431912372991087,5.51009536666924));
#16737=CARTESIAN_POINT('Ctrl Pts',(9.98011628817561,0.452009355899883,5.52429757740286));
#16738=CARTESIAN_POINT('Ctrl Pts',(9.96476975954495,0.467418914043889,5.5300302275287));
#16739=CARTESIAN_POINT('Ctrl Pts',(9.93186294940151,0.492257037925247,5.53517239869337));
#16740=CARTESIAN_POINT('Ctrl Pts',(9.91015739158876,0.504017581176495,5.53475146964674));
#16741=CARTESIAN_POINT('Ctrl Pts',(9.86395619205557,0.519528750522319,5.53300873738418));
#16742=CARTESIAN_POINT('Ctrl Pts',(9.83945074005441,0.523277350575195,5.53193803928785));
#16743=CARTESIAN_POINT('Ctrl Pts',(9.79383941052299,0.523277350575195,5.53193803928785));
#16744=CARTESIAN_POINT('Ctrl Pts',(9.76933395852183,0.519528750522319,5.53300873738418));
#16745=CARTESIAN_POINT('Ctrl Pts',(9.72313275898865,0.504017581176495,5.53475146964674));
#16746=CARTESIAN_POINT('Ctrl Pts',(9.70142720117589,0.492257037925247,5.53517239869337));
#16747=CARTESIAN_POINT('Ctrl Pts',(9.66852039103246,0.467418914043889,5.5300302275287));
#16748=CARTESIAN_POINT('Ctrl Pts',(9.65317386240179,0.452009355899883,5.52429757740286));
#16749=CARTESIAN_POINT('Ctrl Pts',(9.63730503369347,0.431912372991087,5.51009536666924));
#16750=CARTESIAN_POINT('Ctrl Pts',(9.63165535136141,0.423592690681109,5.50242630455062));
#16751=CARTESIAN_POINT('Ctrl Pts',(9.62425923499207,0.411497911638211,5.48721367385956));
#16752=CARTESIAN_POINT('Ctrl Pts',(9.62131763893638,0.40601789084716,5.47809476347445));
#16753=CARTESIAN_POINT('Ctrl Pts',(9.61930528690358,0.402046719604073,5.46812953172352));
#16754=CARTESIAN_POINT('Origin',(9.8166450752887,0.302046719604066,4.5));
#16755=CARTESIAN_POINT('',(9.59798205797161,0.335654411249019,10.3853213367111));
#16756=CARTESIAN_POINT('',(9.61930528690358,0.402046719604066,9.96932190097304));
#16757=CARTESIAN_POINT('Ctrl Pts',(9.59798205797168,0.335654411248993,10.385321336711));
#16758=CARTESIAN_POINT('Ctrl Pts',(9.59855256785559,0.339366341658946,10.3847507381641));
#16759=CARTESIAN_POINT('Ctrl Pts',(9.59921710723228,0.343060011993591,10.3840861095196));
#16760=CARTESIAN_POINT('Ctrl Pts',(9.60304486652489,0.361622239619893,10.3802578945129));
#16761=CARTESIAN_POINT('Ctrl Pts',(9.60764782169176,0.376073195775337,10.3756545611632));
#16762=CARTESIAN_POINT('Ctrl Pts',(9.62512732616917,0.41663751480317,10.358173848776));
#16763=CARTESIAN_POINT('Ctrl Pts',(9.64185376118087,0.439920162783831,10.3414465063636));
#16764=CARTESIAN_POINT('Ctrl Pts',(9.68494527089516,0.48349891673643,10.298352200968));
#16765=CARTESIAN_POINT('Ctrl Pts',(9.7155865160744,0.501029121329771,10.267709780674));
#16766=CARTESIAN_POINT('Ctrl Pts',(9.75718157504005,0.515642280773424,10.2261047571152));
#16767=CARTESIAN_POINT('Ctrl Pts',(9.77120166391405,0.518909471084058,10.2120815786033));
#16768=CARTESIAN_POINT('Ctrl Pts',(9.78945841456422,0.5216868103799,10.1938058957566));
#16769=CARTESIAN_POINT('Ctrl Pts',(9.79548978414806,0.522328578032502,10.1877673578052));
#16770=CARTESIAN_POINT('Ctrl Pts',(9.80349827459246,0.52290259223102,10.1797223990763));
#16771=CARTESIAN_POINT('Ctrl Pts',(9.8061431906652,0.523041286818788,10.1770632213529));
#16772=CARTESIAN_POINT('Ctrl Pts',(9.80978309048723,0.523174237808162,10.1733585860611));
#16773=CARTESIAN_POINT('Ctrl Pts',(9.81097150196927,0.52320763591461,10.1721355695858));
#16774=CARTESIAN_POINT('Ctrl Pts',(9.81268665484031,0.523242628941926,10.1703314972096));
#16775=CARTESIAN_POINT('Ctrl Pts',(9.81323781470615,0.523251780314868,10.1697351086112));
#16776=CARTESIAN_POINT('Ctrl Pts',(9.81405285206139,0.523262328933599,10.1687782965458));
#16777=CARTESIAN_POINT('Ctrl Pts',(9.81431670728557,0.523265243047977,10.1684579848611));
#16778=CARTESIAN_POINT('Ctrl Pts',(9.81469809269731,0.523268819906652,10.1679043951063));
#16779=CARTESIAN_POINT('Ctrl Pts',(9.81481910735035,0.523269854943359,10.1677100540465));
#16780=CARTESIAN_POINT('Ctrl Pts',(9.81504110833789,0.523271553862464,10.1672612342471));
#16781=CARTESIAN_POINT('Ctrl Pts',(9.81514254590297,0.523272248161077,10.167006978958));
#16782=CARTESIAN_POINT('Ctrl Pts',(9.81514254590297,0.523272248161077,10.166659103677));
#16783=CARTESIAN_POINT('Ctrl Pts',(9.81514254590297,0.523272248161077,10.166311228396));
#16784=CARTESIAN_POINT('Ctrl Pts',(9.81504110833789,0.523271553862464,10.1660569731069));
#16785=CARTESIAN_POINT('Ctrl Pts',(9.81481910735035,0.523269854943359,10.1656081533076));
#16786=CARTESIAN_POINT('Ctrl Pts',(9.81469809269731,0.523268819906652,10.1654138122477));
#16787=CARTESIAN_POINT('Ctrl Pts',(9.81431670728557,0.523265243047977,10.1648602224929));
#16788=CARTESIAN_POINT('Ctrl Pts',(9.81405285206139,0.523262328933599,10.1645399108082));
#16789=CARTESIAN_POINT('Ctrl Pts',(9.81323781470615,0.523251780314868,10.1635830987428));
#16790=CARTESIAN_POINT('Ctrl Pts',(9.81268665484031,0.523242628941926,10.1629867101444));
#16791=CARTESIAN_POINT('Ctrl Pts',(9.81097150196927,0.52320763591461,10.1611826377682));
#16792=CARTESIAN_POINT('Ctrl Pts',(9.80978309048723,0.523174237808162,10.1599596212929));
#16793=CARTESIAN_POINT('Ctrl Pts',(9.8061431906652,0.523041286818788,10.1562549860011));
#16794=CARTESIAN_POINT('Ctrl Pts',(9.80349827459246,0.52290259223102,10.1535958082777));
#16795=CARTESIAN_POINT('Ctrl Pts',(9.79548978414806,0.522328578032502,10.1455508495488));
#16796=CARTESIAN_POINT('Ctrl Pts',(9.78945841456422,0.5216868103799,10.1395123115974));
#16797=CARTESIAN_POINT('Ctrl Pts',(9.77120166391405,0.518909471084057,10.1212366287507));
#16798=CARTESIAN_POINT('Ctrl Pts',(9.75718157504005,0.515642280773423,10.1072134502388));
#16799=CARTESIAN_POINT('Ctrl Pts',(9.71558651607439,0.50102912132977,10.06560842668));
#16800=CARTESIAN_POINT('Ctrl Pts',(9.68494527089516,0.48349891673643,10.034966006386));
#16801=CARTESIAN_POINT('Ctrl Pts',(9.64459581105833,0.442693217562552,9.99461392876595));
#16802=CARTESIAN_POINT('Ctrl Pts',(9.6303518936297,0.423846069941128,9.98036921609228));
#16803=CARTESIAN_POINT('Ctrl Pts',(9.61930528690358,0.402046719604067,9.96932190097304));
#16804=CARTESIAN_POINT('',(9.61930528690358,0.402046719604066,10.3621789654239));
#16805=CARTESIAN_POINT('',(9.61930528690358,0.402046719604066,4.5));
#16806=CARTESIAN_POINT('Ctrl Pts',(9.59798205797169,0.335654411249041,10.3853213367112));
#16807=CARTESIAN_POINT('Ctrl Pts',(9.59862420942892,0.339832465984109,10.3834384602657));
#16808=CARTESIAN_POINT('Ctrl Pts',(9.59938610122719,0.343990591615614,10.3816510963255));
#16809=CARTESIAN_POINT('Ctrl Pts',(9.60398787994863,0.365606309673481,10.372778660082));
#16810=CARTESIAN_POINT('Ctrl Pts',(9.61027037987129,0.38421725318574,10.36668221452));
#16811=CARTESIAN_POINT('Ctrl Pts',(9.61930528690358,0.402046719604066,10.3621789654239));
#16812=CARTESIAN_POINT('Origin',(9.8166450752887,0.302046719604066,4.5));
#16813=CARTESIAN_POINT('',(9.59798205797161,0.33565441124902,4.88375749853517));
#16814=CARTESIAN_POINT('Ctrl Pts',(9.61930528690358,0.402046719604066,5.29975693427325));
#16815=CARTESIAN_POINT('Ctrl Pts',(9.6303518936297,0.423846069941131,5.28870961915402));
#16816=CARTESIAN_POINT('Ctrl Pts',(9.64459581105833,0.44269321756256,5.27446490648034));
#16817=CARTESIAN_POINT('Ctrl Pts',(9.68494527089517,0.483498916736438,5.23411282886024));
#16818=CARTESIAN_POINT('Ctrl Pts',(9.71558651607441,0.501029121329777,5.20347040856631));
#16819=CARTESIAN_POINT('Ctrl Pts',(9.75718157504006,0.515642280773427,5.16186538500747));
#16820=CARTESIAN_POINT('Ctrl Pts',(9.77120166391406,0.51890947108406,5.14784220649561));
#16821=CARTESIAN_POINT('Ctrl Pts',(9.78945841456423,0.521686810379901,5.12956652364885));
#16822=CARTESIAN_POINT('Ctrl Pts',(9.79548978414807,0.522328578032503,5.12352798569747));
#16823=CARTESIAN_POINT('Ctrl Pts',(9.80349827459247,0.522902592231021,5.11548302696854));
#16824=CARTESIAN_POINT('Ctrl Pts',(9.80614319066521,0.523041286818789,5.11282384924518));
#16825=CARTESIAN_POINT('Ctrl Pts',(9.80978309048724,0.523174237808163,5.10911921395339));
#16826=CARTESIAN_POINT('Ctrl Pts',(9.81097150196929,0.52320763591461,5.10789619747806));
#16827=CARTESIAN_POINT('Ctrl Pts',(9.81268665484033,0.523242628941926,5.10609212510189));
#16828=CARTESIAN_POINT('Ctrl Pts',(9.81323781470616,0.523251780314868,5.10549573650347));
#16829=CARTESIAN_POINT('Ctrl Pts',(9.81405285206141,0.523262328933599,5.10453892443804));
#16830=CARTESIAN_POINT('Ctrl Pts',(9.8143167072856,0.523265243047977,5.1042186127534));
#16831=CARTESIAN_POINT('Ctrl Pts',(9.81469809269733,0.523268819906652,5.10366502299857));
#16832=CARTESIAN_POINT('Ctrl Pts',(9.81481910735035,0.523269854943359,5.10347068193873));
#16833=CARTESIAN_POINT('Ctrl Pts',(9.81504110833789,0.523271553862464,5.10302186213942));
#16834=CARTESIAN_POINT('Ctrl Pts',(9.81514254590298,0.523272248161077,5.10276760685025));
#16835=CARTESIAN_POINT('Ctrl Pts',(9.81514254590298,0.523272248161077,5.10241973156929));
#16836=CARTESIAN_POINT('Ctrl Pts',(9.81514254590298,0.523272248161077,5.10207185628833));
#16837=CARTESIAN_POINT('Ctrl Pts',(9.81504110833789,0.523271553862464,5.10181760099916));
#16838=CARTESIAN_POINT('Ctrl Pts',(9.81481910735035,0.523269854943359,5.10136878119985));
#16839=CARTESIAN_POINT('Ctrl Pts',(9.81469809269733,0.523268819906652,5.10117444014001));
#16840=CARTESIAN_POINT('Ctrl Pts',(9.8143167072856,0.523265243047977,5.10062085038518));
#16841=CARTESIAN_POINT('Ctrl Pts',(9.81405285206141,0.523262328933599,5.10030053870054));
#16842=CARTESIAN_POINT('Ctrl Pts',(9.81323781470616,0.523251780314868,5.09934372663511));
#16843=CARTESIAN_POINT('Ctrl Pts',(9.81268665484033,0.523242628941926,5.09874733803669));
#16844=CARTESIAN_POINT('Ctrl Pts',(9.81097150196929,0.52320763591461,5.09694326566052));
#16845=CARTESIAN_POINT('Ctrl Pts',(9.80978309048724,0.523174237808163,5.09572024918519));
#16846=CARTESIAN_POINT('Ctrl Pts',(9.80614319066521,0.523041286818789,5.0920156138934));
#16847=CARTESIAN_POINT('Ctrl Pts',(9.80349827459247,0.522902592231021,5.08935643617004));
#16848=CARTESIAN_POINT('Ctrl Pts',(9.79548978414807,0.522328578032503,5.08131147744111));
#16849=CARTESIAN_POINT('Ctrl Pts',(9.78945841456423,0.521686810379901,5.07527293948973));
#16850=CARTESIAN_POINT('Ctrl Pts',(9.77120166391406,0.51890947108406,5.05699725664297));
#16851=CARTESIAN_POINT('Ctrl Pts',(9.75718157504006,0.515642280773426,5.04297407813111));
#16852=CARTESIAN_POINT('Ctrl Pts',(9.7155865160744,0.501029121329776,5.00136905457227));
#16853=CARTESIAN_POINT('Ctrl Pts',(9.68494527089517,0.483498916736437,4.97072663427834));
#16854=CARTESIAN_POINT('Ctrl Pts',(9.64185376118087,0.439920162783841,4.92763232888268));
#16855=CARTESIAN_POINT('Ctrl Pts',(9.62512732616918,0.416637514803179,4.91090498647031));
#16856=CARTESIAN_POINT('Ctrl Pts',(9.60764782169176,0.376073195775346,4.89342427408313));
#16857=CARTESIAN_POINT('Ctrl Pts',(9.60304486652489,0.361622239619901,4.88882094073344));
#16858=CARTESIAN_POINT('Ctrl Pts',(9.59921710723228,0.343060011993597,4.88499272572671));
#16859=CARTESIAN_POINT('Ctrl Pts',(9.59855256785559,0.339366341658949,4.88432809708216));
#16860=CARTESIAN_POINT('Ctrl Pts',(9.59798205797168,0.335654411248995,4.88375749853526));
#16861=CARTESIAN_POINT('Ctrl Pts',(9.61930528690358,0.402046719604067,4.9068998698224));
#16862=CARTESIAN_POINT('Ctrl Pts',(9.61027037987129,0.384217253185744,4.90239662072635));
#16863=CARTESIAN_POINT('Ctrl Pts',(9.60398787994863,0.36560630967348,4.89630017516427));
#16864=CARTESIAN_POINT('Ctrl Pts',(9.59938610122719,0.343990591615615,4.88742773892077));
#16865=CARTESIAN_POINT('Ctrl Pts',(9.59862420942892,0.33983246598411,4.88564037498055));
#16866=CARTESIAN_POINT('Ctrl Pts',(9.59798205797169,0.335654411249043,4.88375749853509));
#16867=CARTESIAN_POINT('Origin',(10.3999859716117,0.500005102414117,4.5));
#16868=CARTESIAN_POINT('',(10.0121675146467,0.402041617189948,9.96931931529189));
#16869=CARTESIAN_POINT('',(10.0353073083228,0.335659513663123,9.94799765504777));
#16870=CARTESIAN_POINT('Ctrl Pts',(10.0353073083229,0.335659513663147,9.94799765504785));
#16871=CARTESIAN_POINT('Ctrl Pts',(10.0308117454438,0.34563505285441,9.94953133483411));
#16872=CARTESIAN_POINT('Ctrl Pts',(10.0268430545938,0.355545592335577,9.95176181707772));
#16873=CARTESIAN_POINT('Ctrl Pts',(10.0191672178623,0.3769812650353,9.95814222953069));
#16874=CARTESIAN_POINT('Ctrl Pts',(10.0152844357328,0.389702330532918,9.9630665029432));
#16875=CARTESIAN_POINT('Ctrl Pts',(10.0121675146467,0.402041617189949,9.96931931529189));
#16876=CARTESIAN_POINT('',(10.0353073083228,0.335659513663123,10.3853205523062));
#16877=CARTESIAN_POINT('',(10.0353073083226,0.335659513663746,4.5));
#16878=CARTESIAN_POINT('',(10.0353096078128,0.335654411249033,10.3853213367111));
#16879=CARTESIAN_POINT('Ctrl Pts',(10.0353073083229,0.335659513663146,10.3853205523062));
#16880=CARTESIAN_POINT('Ctrl Pts',(10.0353080745931,0.335657813329239,10.3853208137224));
#16881=CARTESIAN_POINT('Ctrl Pts',(10.0353088415123,0.335656111586771,10.3853210753348));
#16882=CARTESIAN_POINT('Ctrl Pts',(10.0353096078128,0.335654411249037,10.385321336711));
#16883=CARTESIAN_POINT('',(10.2499985857341,0.129190075645217,10.6));
#16884=CARTESIAN_POINT('Ctrl Pts',(10.0353096078128,0.335654411249073,10.3853213367112));
#16885=CARTESIAN_POINT('Ctrl Pts',(10.0566354987441,0.288334571554726,10.4066464310944));
#16886=CARTESIAN_POINT('Ctrl Pts',(10.0865147095078,0.247688841794065,10.4365247424628));
#16887=CARTESIAN_POINT('Ctrl Pts',(10.1580842702096,0.176356041193883,10.5080917167368));
#16888=CARTESIAN_POINT('Ctrl Pts',(10.2053726309702,0.147240396732928,10.5553784120192));
#16889=CARTESIAN_POINT('Ctrl Pts',(10.2499985857341,0.129190075645217,10.6));
#16890=CARTESIAN_POINT('',(10.2999859716117,0.112706767793255,10.6));
#16891=CARTESIAN_POINT('Origin',(10.3999859716117,0.500005102414117,10.6));
#16892=CARTESIAN_POINT('',(10.2999859716117,0.112706767807435,4.61909859489943));
#16893=CARTESIAN_POINT('',(10.2999859716117,0.112706767793375,4.5));
#16894=CARTESIAN_POINT('',(10.0353096078128,0.335654411249034,4.88375749853517));
#16895=CARTESIAN_POINT('Ctrl Pts',(10.2999859715274,0.112706767815141,4.61909859481312));
#16896=CARTESIAN_POINT('Ctrl Pts',(10.2897149479705,0.115358734696472,4.62936745398221));
#16897=CARTESIAN_POINT('Ctrl Pts',(10.2792309962729,0.118507803420328,4.63984999807971));
#16898=CARTESIAN_POINT('Ctrl Pts',(10.2189739266037,0.13942731039394,4.70009845421432));
#16899=CARTESIAN_POINT('Ctrl Pts',(10.1638267459911,0.170632562163723,4.75524485025339));
#16900=CARTESIAN_POINT('Ctrl Pts',(10.0865147095078,0.247688841794066,4.83255409278351));
#16901=CARTESIAN_POINT('Ctrl Pts',(10.0566354987441,0.288334571554725,4.86243240415192));
#16902=CARTESIAN_POINT('Ctrl Pts',(10.0353096078128,0.335654411249074,4.8837574985351));
#16903=CARTESIAN_POINT('Ctrl Pts',(10.0353096078128,0.335654411249038,4.88375749853527));
#16904=CARTESIAN_POINT('Ctrl Pts',(10.0353088415123,0.335656111586825,4.88375775991147));
#16905=CARTESIAN_POINT('Ctrl Pts',(10.0353080745931,0.335657813329184,4.88375802152391));
#16906=CARTESIAN_POINT('Ctrl Pts',(10.0353073083229,0.335659513663147,4.88375828294013));
#16907=CARTESIAN_POINT('',(10.0121675146467,0.402041617189948,5.29975951995441));
#16908=CARTESIAN_POINT('Ctrl Pts',(10.0121675146467,0.40204161718995,5.29975951995441));
#16909=CARTESIAN_POINT('Ctrl Pts',(10.0152844357328,0.389702330532918,5.3060123323031));
#16910=CARTESIAN_POINT('Ctrl Pts',(10.0191672178624,0.376981265035301,5.3109366057156));
#16911=CARTESIAN_POINT('Ctrl Pts',(10.0268430545938,0.355545592335577,5.31731701816857));
#16912=CARTESIAN_POINT('Ctrl Pts',(10.0308117454438,0.345635052854409,5.31954750041219));
#16913=CARTESIAN_POINT('Ctrl Pts',(10.0353073083229,0.335659513663146,5.32108118019845));
#16914=CARTESIAN_POINT('',(10.0121675146467,0.40204161718995,5.39007305483967));
#16915=CARTESIAN_POINT('',(10.0121675146467,0.402041617189948,4.5));
#16916=CARTESIAN_POINT('Ctrl Pts',(10.0121675146467,0.402041617189954,5.39007305483968));
#16917=CARTESIAN_POINT('Ctrl Pts',(10.0134337785043,0.397028723923936,5.4026571610072));
#16918=CARTESIAN_POINT('Ctrl Pts',(10.0141357732934,0.394555472458635,5.41626879843252));
#16919=CARTESIAN_POINT('Ctrl Pts',(10.0141357732934,0.394555472458635,5.42909489008178));
#16920=CARTESIAN_POINT('Ctrl Pts',(10.0141357732934,0.394555472458635,5.44240394876426));
#16921=CARTESIAN_POINT('Ctrl Pts',(10.0133753211773,0.397228220124048,5.45655449378852));
#16922=CARTESIAN_POINT('Ctrl Pts',(10.0115959858919,0.404316621561324,5.4736241280601));
#16923=CARTESIAN_POINT('Ctrl Pts',(10.0111165837286,0.406273387646779,5.47760512121235));
#16924=CARTESIAN_POINT('Ctrl Pts',(10.0106030209408,0.408457750039381,5.48142618913473));
#16925=CARTESIAN_POINT('',(10.0121675146467,0.40204161718995,9.87900578040662));
#16926=CARTESIAN_POINT('Ctrl Pts',(10.0106030209408,0.408457750039386,9.78765264611155));
#16927=CARTESIAN_POINT('Ctrl Pts',(10.0111165837286,0.406273387646782,9.79147371403395));
#16928=CARTESIAN_POINT('Ctrl Pts',(10.0115959858919,0.404316621561325,9.79545470718619));
#16929=CARTESIAN_POINT('Ctrl Pts',(10.0133753211773,0.397228220124048,9.81252434145777));
#16930=CARTESIAN_POINT('Ctrl Pts',(10.0141357732934,0.394555472458635,9.82667488648204));
#16931=CARTESIAN_POINT('Ctrl Pts',(10.0141357732934,0.394555472458635,9.83998394516451));
#16932=CARTESIAN_POINT('Ctrl Pts',(10.0141357732934,0.394555472458635,9.85281003681378));
#16933=CARTESIAN_POINT('Ctrl Pts',(10.0134337785043,0.397028723923936,9.86642167423909));
#16934=CARTESIAN_POINT('Ctrl Pts',(10.0121675146467,0.402041617189953,9.87900578040662));
#16935=CARTESIAN_POINT('',(10.0121675146467,0.402041617189948,4.5));
#16936=CARTESIAN_POINT('Origin',(9.8166450752887,0.302046719604066,4.5));
#16937=CARTESIAN_POINT('Ctrl Pts',(10.0353073083227,0.335659513663098,9.94799765504784));
#16938=CARTESIAN_POINT('Ctrl Pts',(10.0347369737944,0.339369726546,9.94856807819913));
#16939=CARTESIAN_POINT('Ctrl Pts',(10.034072696862,0.343061692218901,9.94923244435877));
#16940=CARTESIAN_POINT('Ctrl Pts',(10.0302452840525,0.361622239619893,9.95306031284115));
#16941=CARTESIAN_POINT('Ctrl Pts',(10.0256423288856,0.376073195775337,9.95766364619085));
#16942=CARTESIAN_POINT('Ctrl Pts',(10.0081628244082,0.41663751480317,9.97514435857803));
#16943=CARTESIAN_POINT('Ctrl Pts',(9.99143638939654,0.439920162783831,9.99187170099039));
#16944=CARTESIAN_POINT('Ctrl Pts',(9.94834487968224,0.48349891673643,10.034966006386));
#16945=CARTESIAN_POINT('Ctrl Pts',(9.91770363450301,0.50102912132977,10.06560842668));
#16946=CARTESIAN_POINT('Ctrl Pts',(9.87610857553735,0.515642280773423,10.1072134502388));
#16947=CARTESIAN_POINT('Ctrl Pts',(9.86208848666336,0.518909471084057,10.1212366287507));
#16948=CARTESIAN_POINT('Ctrl Pts',(9.84383173601318,0.5216868103799,10.1395123115974));
#16949=CARTESIAN_POINT('Ctrl Pts',(9.83780036642934,0.522328578032501,10.1455508495488));
#16950=CARTESIAN_POINT('Ctrl Pts',(9.82979187598494,0.52290259223102,10.1535958082777));
#16951=CARTESIAN_POINT('Ctrl Pts',(9.8271469599122,0.523041286818788,10.1562549860011));
#16952=CARTESIAN_POINT('Ctrl Pts',(9.82350706009017,0.523174237808162,10.1599596212929));
#16953=CARTESIAN_POINT('Ctrl Pts',(9.82231864860813,0.52320763591461,10.1611826377682));
#16954=CARTESIAN_POINT('Ctrl Pts',(9.82060349573709,0.523242628941926,10.1629867101444));
#16955=CARTESIAN_POINT('Ctrl Pts',(9.82005233587126,0.523251780314868,10.1635830987428));
#16956=CARTESIAN_POINT('Ctrl Pts',(9.81923729851601,0.523262328933599,10.1645399108082));
#16957=CARTESIAN_POINT('Ctrl Pts',(9.81897344329183,0.523265243047977,10.1648602224929));
#16958=CARTESIAN_POINT('Ctrl Pts',(9.8185920578801,0.523268819906652,10.1654138122477));
#16959=CARTESIAN_POINT('Ctrl Pts',(9.81847104322705,0.523269854943359,10.1656081533076));
#16960=CARTESIAN_POINT('Ctrl Pts',(9.81824904223951,0.523271553862464,10.1660569731069));
#16961=CARTESIAN_POINT('Ctrl Pts',(9.81814760467443,0.523272248161077,10.166311228396));
#16962=CARTESIAN_POINT('Ctrl Pts',(9.81814760467443,0.523272248161077,10.167006978958));
#16963=CARTESIAN_POINT('Ctrl Pts',(9.81824904223951,0.523271553862464,10.1672612342471));
#16964=CARTESIAN_POINT('Ctrl Pts',(9.81847104322705,0.523269854943359,10.1677100540465));
#16965=CARTESIAN_POINT('Ctrl Pts',(9.8185920578801,0.523268819906652,10.1679043951063));
#16966=CARTESIAN_POINT('Ctrl Pts',(9.81897344329183,0.523265243047977,10.1684579848611));
#16967=CARTESIAN_POINT('Ctrl Pts',(9.81923729851601,0.523262328933599,10.1687782965458));
#16968=CARTESIAN_POINT('Ctrl Pts',(9.82005233587126,0.523251780314868,10.1697351086112));
#16969=CARTESIAN_POINT('Ctrl Pts',(9.82060349573709,0.523242628941926,10.1703314972096));
#16970=CARTESIAN_POINT('Ctrl Pts',(9.82231864860813,0.52320763591461,10.1721355695858));
#16971=CARTESIAN_POINT('Ctrl Pts',(9.82350706009017,0.523174237808162,10.1733585860611));
#16972=CARTESIAN_POINT('Ctrl Pts',(9.8271469599122,0.523041286818788,10.1770632213529));
#16973=CARTESIAN_POINT('Ctrl Pts',(9.82979187598494,0.52290259223102,10.1797223990763));
#16974=CARTESIAN_POINT('Ctrl Pts',(9.83780036642934,0.522328578032502,10.1877673578052));
#16975=CARTESIAN_POINT('Ctrl Pts',(9.84383173601318,0.5216868103799,10.1938058957566));
#16976=CARTESIAN_POINT('Ctrl Pts',(9.86208848666336,0.518909471084057,10.2120815786033));
#16977=CARTESIAN_POINT('Ctrl Pts',(9.87610857553735,0.515642280773423,10.2261047571152));
#16978=CARTESIAN_POINT('Ctrl Pts',(9.91770363450301,0.50102912132977,10.267709780674));
#16979=CARTESIAN_POINT('Ctrl Pts',(9.94834487968224,0.48349891673643,10.298352200968));
#16980=CARTESIAN_POINT('Ctrl Pts',(9.99143638939654,0.439920162783831,10.3414465063636));
#16981=CARTESIAN_POINT('Ctrl Pts',(10.0081628244082,0.41663751480317,10.358173848776));
#16982=CARTESIAN_POINT('Ctrl Pts',(10.0256423288856,0.376073195775337,10.3756545611632));
#16983=CARTESIAN_POINT('Ctrl Pts',(10.0302452840525,0.361622239619893,10.3802578945129));
#16984=CARTESIAN_POINT('Ctrl Pts',(10.034072696862,0.343061692218901,10.3840857629952));
#16985=CARTESIAN_POINT('Ctrl Pts',(10.0347369737944,0.339369726546001,10.3847501291549));
#16986=CARTESIAN_POINT('Ctrl Pts',(10.0353073083227,0.335659513663098,10.3853205523062));
#16987=CARTESIAN_POINT('Origin',(9.54492382993918,0.402046719604066,4.5));
#16988=CARTESIAN_POINT('',(10.4000001773238,0.402046719604066,9.96932190097304));
#16989=CARTESIAN_POINT('',(10.4000001773238,0.402046719604066,10.3621789654239));
#16990=CARTESIAN_POINT('Origin',(10.2999859716117,5.10241411699752E-6,4.5));
#16991=CARTESIAN_POINT('',(10.2999859716117,0.129190075645217,10.6));
#16992=CARTESIAN_POINT('',(10.3000001773238,0.33565441124901,10.385321336711));
#16993=CARTESIAN_POINT('Origin',(10.2999859716117,0.5,10.75));
#16994=CARTESIAN_POINT('',(10.3000001773238,0.402041617189948,9.96931931529189));
#16995=CARTESIAN_POINT('Origin',(10.3000001773238,0.302041617189948,10.166659103677));
#16996=CARTESIAN_POINT('',(10.2999859716117,0.402041617189954,9.87900578040662));
#16997=CARTESIAN_POINT('',(10.3000001773238,0.402041617189948,10.0436037835695));
#16998=CARTESIAN_POINT('',(10.2999859716117,0.6000000074504,9.80653926100781));
#16999=CARTESIAN_POINT('Origin',(10.2999859716117,0.5,9.83998394516451));
#17000=CARTESIAN_POINT('',(10.3000001773238,0.6000000074504,5.46253957423849));
#17001=CARTESIAN_POINT('',(10.2999859716117,0.600000007450581,2.25));
#17002=CARTESIAN_POINT('',(10.3000001773238,0.402041617189954,5.39007305483968));
#17003=CARTESIAN_POINT('Origin',(10.3000001773238,0.5,5.42909489008178));
#17004=CARTESIAN_POINT('',(10.2999859716117,0.402041617189949,5.29975951995441));
#17005=CARTESIAN_POINT('',(10.3000001773238,0.402041617189948,5.15022974448757));
#17006=CARTESIAN_POINT('',(10.2999859716117,0.335654411249011,4.88375749853526));
#17007=CARTESIAN_POINT('Origin',(10.2999859716117,0.302041617189948,5.10241973156929));
#17008=CARTESIAN_POINT('Origin',(10.2999859716117,0.5,4.5190788352463));
#17009=CARTESIAN_POINT('',(10.2999859716117,0.125003652699576,10.6));
#17010=CARTESIAN_POINT('Origin',(9.84225568046418,0.250002202985035,10.6));
#17011=CARTESIAN_POINT('',(10.4000001773238,0.129190075645217,10.6));
#17012=CARTESIAN_POINT('Origin',(-0.600000008940697,0.600000007450581,0.));
#17013=CARTESIAN_POINT('',(11.8000001773238,0.60000000745058,13.6));
#17014=CARTESIAN_POINT('',(12.3000001773238,0.60000000745058,13.6));
#17015=CARTESIAN_POINT('',(5.90000008419156,0.600000007450581,13.6));
#17016=CARTESIAN_POINT('',(11.8000001773238,0.60000000745058,12.9));
#17017=CARTESIAN_POINT('',(11.8000001773238,0.600000007450581,6.625));
#17018=CARTESIAN_POINT('',(12.3000001773238,0.60000000745058,12.9));
#17019=CARTESIAN_POINT('',(5.90000008419156,0.600000007450581,12.9));
#17020=CARTESIAN_POINT('',(12.3000001773238,0.60000000745058,12.6));
#17021=CARTESIAN_POINT('',(12.3000001773238,0.600000007450581,0.25));
#17022=CARTESIAN_POINT('',(11.8000001773238,0.60000000745058,12.6));
#17023=CARTESIAN_POINT('',(5.90000008419156,0.600000007450581,12.6));
#17024=CARTESIAN_POINT('',(11.8000001773238,0.60000000745058,11.9));
#17025=CARTESIAN_POINT('',(11.8000001773238,0.600000007450581,6.125));
#17026=CARTESIAN_POINT('',(12.3000001773238,0.60000000745058,11.9));
#17027=CARTESIAN_POINT('',(5.90000008419156,0.600000007450581,11.9));
#17028=CARTESIAN_POINT('',(12.3000001773238,0.60000000745058,11.6));
#17029=CARTESIAN_POINT('',(12.3000001773238,0.600000007450581,0.25));
#17030=CARTESIAN_POINT('',(11.8000001773238,0.60000000745058,11.6));
#17031=CARTESIAN_POINT('',(5.90000008419156,0.600000007450581,11.6));
#17032=CARTESIAN_POINT('',(11.8000001773238,0.60000000745058,10.9));
#17033=CARTESIAN_POINT('',(11.8000001773238,0.600000007450581,5.625));
#17034=CARTESIAN_POINT('',(12.3000001773238,0.60000000745058,10.9));
#17035=CARTESIAN_POINT('',(5.90000008419156,0.600000007450581,10.9));
#17036=CARTESIAN_POINT('',(12.3000001773238,0.60000000745058,10.6));
#17037=CARTESIAN_POINT('',(12.3000001773238,0.600000007450581,0.25));
#17038=CARTESIAN_POINT('',(11.8000001773238,0.60000000745058,10.6));
#17039=CARTESIAN_POINT('',(5.90000008419156,0.600000007450581,10.6));
#17040=CARTESIAN_POINT('',(11.8000001773238,0.60000000745058,9.9));
#17041=CARTESIAN_POINT('',(11.8000001773238,0.600000007450581,5.125));
#17042=CARTESIAN_POINT('',(12.3000001773238,0.60000000745058,9.9));
#17043=CARTESIAN_POINT('',(5.90000008419156,0.600000007450581,9.9));
#17044=CARTESIAN_POINT('',(12.3000001773238,0.60000000745058,9.60000014156103));
#17045=CARTESIAN_POINT('',(12.3000001773238,0.600000007450581,0.25));
#17046=CARTESIAN_POINT('',(11.8000001773238,0.60000000745058,9.60000014156103));
#17047=CARTESIAN_POINT('',(5.90000008419156,0.600000007450581,9.60000014156103));
#17048=CARTESIAN_POINT('',(11.8000001773238,0.60000000745058,8.90000013411045));
#17049=CARTESIAN_POINT('',(11.8000001773238,0.600000007450581,4.62500006891787));
#17050=CARTESIAN_POINT('',(12.3000001773238,0.60000000745058,8.90000013411045));
#17051=CARTESIAN_POINT('',(5.90000008419156,0.600000007450581,8.90000013411045));
#17052=CARTESIAN_POINT('',(12.3000001773238,0.60000000745058,8.60000012665987));
#17053=CARTESIAN_POINT('',(12.3000001773238,0.600000007450581,0.25));
#17054=CARTESIAN_POINT('',(11.8000001773238,0.60000000745058,8.60000012665987));
#17055=CARTESIAN_POINT('',(5.90000008419156,0.600000007450581,8.60000012665987));
#17056=CARTESIAN_POINT('',(11.8000001773238,0.60000000745058,7.90000011920929));
#17057=CARTESIAN_POINT('',(11.8000001773238,0.600000007450581,4.12500006146729));
#17058=CARTESIAN_POINT('',(12.3000001773238,0.60000000745058,7.90000011920929));
#17059=CARTESIAN_POINT('',(5.90000008419156,0.600000007450581,7.90000011920929));
#17060=CARTESIAN_POINT('',(12.3000001773238,0.60000000745058,7.6));
#17061=CARTESIAN_POINT('',(12.3000001773238,0.600000007450581,0.25));
#17062=CARTESIAN_POINT('',(11.8000001773238,0.60000000745058,7.6));
#17063=CARTESIAN_POINT('',(5.90000008419156,0.600000007450581,7.6));
#17064=CARTESIAN_POINT('',(11.8000001773238,0.60000000745058,6.9));
#17065=CARTESIAN_POINT('',(11.8000001773238,0.600000007450581,3.625));
#17066=CARTESIAN_POINT('',(12.3000001773238,0.60000000745058,6.9));
#17067=CARTESIAN_POINT('',(5.90000008419156,0.600000007450581,6.9));
#17068=CARTESIAN_POINT('',(12.3000001773238,0.60000000745058,6.6));
#17069=CARTESIAN_POINT('',(12.3000001773238,0.600000007450581,0.25));
#17070=CARTESIAN_POINT('',(11.8000001773238,0.60000000745058,6.6));
#17071=CARTESIAN_POINT('',(5.90000008419156,0.600000007450581,6.6));
#17072=CARTESIAN_POINT('',(11.8000001773238,0.60000000745058,5.9));
#17073=CARTESIAN_POINT('',(11.8000001773238,0.600000007450581,3.125));
#17074=CARTESIAN_POINT('',(12.3000001773238,0.60000000745058,5.9));
#17075=CARTESIAN_POINT('',(5.90000008419156,0.600000007450581,5.9));
#17076=CARTESIAN_POINT('',(12.3000001773238,0.60000000745058,5.6));
#17077=CARTESIAN_POINT('',(12.3000001773238,0.600000007450581,0.25));
#17078=CARTESIAN_POINT('',(11.8000001773238,0.60000000745058,5.6));
#17079=CARTESIAN_POINT('',(5.90000008419156,0.600000007450581,5.6));
#17080=CARTESIAN_POINT('',(11.8000001773238,0.60000000745058,4.9));
#17081=CARTESIAN_POINT('',(11.8000001773238,0.600000007450581,2.625));
#17082=CARTESIAN_POINT('',(12.3000001773238,0.60000000745058,4.9));
#17083=CARTESIAN_POINT('',(5.90000008419156,0.600000007450581,4.9));
#17084=CARTESIAN_POINT('',(12.3000001773238,0.60000000745058,4.6));
#17085=CARTESIAN_POINT('',(12.3000001773238,0.600000007450581,0.25));
#17086=CARTESIAN_POINT('',(11.8000001773238,0.60000000745058,4.6));
#17087=CARTESIAN_POINT('',(5.90000008419156,0.600000007450581,4.6));
#17088=CARTESIAN_POINT('',(11.8000001773238,0.60000000745058,3.9));
#17089=CARTESIAN_POINT('',(11.8000001773238,0.600000007450581,2.125));
#17090=CARTESIAN_POINT('',(12.3000001773238,0.60000000745058,3.9));
#17091=CARTESIAN_POINT('',(5.90000008419156,0.600000007450581,3.9));
#17092=CARTESIAN_POINT('',(12.3000001773238,0.60000000745058,3.6));
#17093=CARTESIAN_POINT('',(12.3000001773238,0.600000007450581,0.25));
#17094=CARTESIAN_POINT('',(11.8000001773238,0.60000000745058,3.6));
#17095=CARTESIAN_POINT('',(5.90000008419156,0.600000007450581,3.6));
#17096=CARTESIAN_POINT('',(11.8000001773238,0.60000000745058,2.9));
#17097=CARTESIAN_POINT('',(11.8000001773238,0.600000007450581,1.625));
#17098=CARTESIAN_POINT('',(12.3000001773238,0.60000000745058,2.9));
#17099=CARTESIAN_POINT('',(5.90000008419156,0.600000007450581,2.9));
#17100=CARTESIAN_POINT('',(12.3000001773238,0.60000000745058,2.6));
#17101=CARTESIAN_POINT('',(12.3000001773238,0.600000007450581,0.25));
#17102=CARTESIAN_POINT('',(11.8000001773238,0.60000000745058,2.6));
#17103=CARTESIAN_POINT('',(5.90000008419156,0.600000007450581,2.6));
#17104=CARTESIAN_POINT('',(11.8000001773238,0.60000000745058,1.9));
#17105=CARTESIAN_POINT('',(11.8000001773238,0.600000007450581,1.125));
#17106=CARTESIAN_POINT('',(12.3000001773238,0.60000000745058,1.9));
#17107=CARTESIAN_POINT('',(5.90000008419156,0.600000007450581,1.9));
#17108=CARTESIAN_POINT('',(12.3000001773238,0.60000000745058,1.6));
#17109=CARTESIAN_POINT('',(12.3000001773238,0.600000007450581,0.25));
#17110=CARTESIAN_POINT('',(11.8000001773238,0.60000000745058,1.6));
#17111=CARTESIAN_POINT('',(5.90000008419156,0.600000007450581,1.6));
#17112=CARTESIAN_POINT('',(11.8000001773238,0.60000000745058,0.9));
#17113=CARTESIAN_POINT('',(11.8000001773238,0.600000007450581,0.625));
#17114=CARTESIAN_POINT('',(12.3000001773238,0.60000000745058,0.9));
#17115=CARTESIAN_POINT('',(5.90000008419156,0.600000007450581,0.9));
#17116=CARTESIAN_POINT('',(12.3000001773238,0.60000000745058,0.6));
#17117=CARTESIAN_POINT('',(12.3000001773238,0.600000007450581,0.25));
#17118=CARTESIAN_POINT('',(11.8000001773238,0.60000000745058,0.6));
#17119=CARTESIAN_POINT('',(2.40000008419156,0.600000007450581,0.6));
#17120=CARTESIAN_POINT('',(11.8000001773238,0.60000000745058,0.1));
#17121=CARTESIAN_POINT('',(11.8000001773238,0.600000007450581,0.));
#17122=CARTESIAN_POINT('',(11.5000001698732,0.60000000745058,0.1));
#17123=CARTESIAN_POINT('',(5.52500008232892,0.600000007450581,0.1));
#17124=CARTESIAN_POINT('',(11.5000001698732,0.60000000745058,0.6));
#17125=CARTESIAN_POINT('',(11.5000001698732,0.600000007450581,0.));
#17126=CARTESIAN_POINT('',(10.8000001624227,0.60000000745058,0.6));
#17127=CARTESIAN_POINT('',(2.40000008419156,0.600000007450581,0.6));
#17128=CARTESIAN_POINT('',(10.8000001624227,0.60000000745058,0.1));
#17129=CARTESIAN_POINT('',(10.8000001624227,0.600000007450581,0.));
#17130=CARTESIAN_POINT('',(10.5000001549721,0.60000000745058,0.1));
#17131=CARTESIAN_POINT('',(5.02500007487833,0.600000007450581,0.1));
#17132=CARTESIAN_POINT('',(10.5000001549721,0.60000000745058,0.6));
#17133=CARTESIAN_POINT('',(10.5000001549721,0.600000007450581,0.));
#17134=CARTESIAN_POINT('',(9.8000001475215,0.60000000745058,0.6));
#17135=CARTESIAN_POINT('',(2.40000008419156,0.600000007450581,0.6));
#17136=CARTESIAN_POINT('',(9.8000001475215,0.60000000745058,0.1));
#17137=CARTESIAN_POINT('',(9.8000001475215,0.600000007450581,0.));
#17138=CARTESIAN_POINT('',(9.50000014007091,0.60000000745058,0.1));
#17139=CARTESIAN_POINT('',(4.52500006742775,0.600000007450581,0.1));
#17140=CARTESIAN_POINT('',(9.50000014007091,0.60000000745058,0.6));
#17141=CARTESIAN_POINT('',(9.50000014007091,0.600000007450581,0.));
#17142=CARTESIAN_POINT('',(8.80000013262033,0.60000000745058,0.6));
#17143=CARTESIAN_POINT('',(2.40000008419156,0.600000007450581,0.6));
#17144=CARTESIAN_POINT('',(8.80000013262033,0.60000000745058,0.1));
#17145=CARTESIAN_POINT('',(8.80000013262033,0.600000007450581,0.));
#17146=CARTESIAN_POINT('',(8.50000012516975,0.60000000745058,0.1));
#17147=CARTESIAN_POINT('',(4.02500005997717,0.600000007450581,0.1));
#17148=CARTESIAN_POINT('',(8.50000012516975,0.60000000745058,0.6));
#17149=CARTESIAN_POINT('',(8.50000012516975,0.600000007450581,0.));
#17150=CARTESIAN_POINT('',(7.80000011771917,0.60000000745058,0.6));
#17151=CARTESIAN_POINT('',(2.40000008419156,0.600000007450581,0.6));
#17152=CARTESIAN_POINT('',(7.80000011771917,0.60000000745058,0.1));
#17153=CARTESIAN_POINT('',(7.80000011771917,0.600000007450581,0.));
#17154=CARTESIAN_POINT('',(7.50000011026859,0.60000000745058,0.1));
#17155=CARTESIAN_POINT('',(3.52500005252659,0.600000007450581,0.1));
#17156=CARTESIAN_POINT('',(7.50000011026859,0.60000000745058,0.6));
#17157=CARTESIAN_POINT('',(7.50000011026859,0.600000007450581,0.));
#17158=CARTESIAN_POINT('',(6.80000010281801,0.60000000745058,0.6));
#17159=CARTESIAN_POINT('',(2.40000008419156,0.600000007450581,0.6));
#17160=CARTESIAN_POINT('',(6.80000010281801,0.60000000745058,0.1));
#17161=CARTESIAN_POINT('',(6.80000010281801,0.600000007450581,0.));
#17162=CARTESIAN_POINT('',(6.50000009536743,0.60000000745058,0.1));
#17163=CARTESIAN_POINT('',(3.02500004507601,0.600000007450581,0.1));
#17164=CARTESIAN_POINT('',(6.50000009536743,0.60000000745058,0.6));
#17165=CARTESIAN_POINT('',(6.50000009536743,0.600000007450581,0.));
#17166=CARTESIAN_POINT('',(5.80000008791685,0.60000000745058,0.6));
#17167=CARTESIAN_POINT('',(2.40000008419156,0.600000007450581,0.6));
#17168=CARTESIAN_POINT('',(5.80000008791685,0.60000000745058,0.1));
#17169=CARTESIAN_POINT('',(5.80000008791685,0.600000007450581,0.));
#17170=CARTESIAN_POINT('',(5.50000008046627,0.60000000745058,0.1));
#17171=CARTESIAN_POINT('',(2.52500003762543,0.600000007450581,0.1));
#17172=CARTESIAN_POINT('',(5.50000008046627,0.60000000745058,0.6));
#17173=CARTESIAN_POINT('',(5.50000008046627,0.600000007450581,0.));
#17174=CARTESIAN_POINT('',(4.80000007301569,0.60000000745058,0.6));
#17175=CARTESIAN_POINT('',(2.40000008419156,0.600000007450581,0.6));
#17176=CARTESIAN_POINT('',(4.80000007301569,0.60000000745058,0.1));
#17177=CARTESIAN_POINT('',(4.80000007301569,0.600000007450581,0.));
#17178=CARTESIAN_POINT('',(4.50000006556511,0.60000000745058,0.1));
#17179=CARTESIAN_POINT('',(2.02500003017485,0.600000007450581,0.1));
#17180=CARTESIAN_POINT('',(4.50000006556511,0.60000000745058,0.6));
#17181=CARTESIAN_POINT('',(4.50000006556511,0.600000007450581,0.));
#17182=CARTESIAN_POINT('',(3.80000005811453,0.60000000745058,0.6));
#17183=CARTESIAN_POINT('',(2.40000008419156,0.600000007450581,0.6));
#17184=CARTESIAN_POINT('',(3.80000005811453,0.60000000745058,0.1));
#17185=CARTESIAN_POINT('',(3.80000005811453,0.600000007450581,0.));
#17186=CARTESIAN_POINT('',(3.50000005066395,0.60000000745058,0.1));
#17187=CARTESIAN_POINT('',(1.52500002272427,0.600000007450581,0.1));
#17188=CARTESIAN_POINT('',(3.50000005066395,0.60000000745058,0.6));
#17189=CARTESIAN_POINT('',(3.50000005066395,0.600000007450581,0.));
#17190=CARTESIAN_POINT('',(2.80000004321337,0.60000000745058,0.6));
#17191=CARTESIAN_POINT('',(2.40000008419156,0.600000007450581,0.6));
#17192=CARTESIAN_POINT('',(2.80000004321337,0.60000000745058,0.1));
#17193=CARTESIAN_POINT('',(2.80000004321337,0.600000007450581,0.));
#17194=CARTESIAN_POINT('',(2.50000003576279,0.60000000745058,0.1));
#17195=CARTESIAN_POINT('',(1.02500001527369,0.600000007450581,0.1));
#17196=CARTESIAN_POINT('',(2.50000003576279,0.60000000745058,0.6));
#17197=CARTESIAN_POINT('',(2.50000003576279,0.600000007450581,0.));
#17198=CARTESIAN_POINT('',(1.80000002831221,0.60000000745058,0.6));
#17199=CARTESIAN_POINT('',(2.40000008419156,0.600000007450581,0.6));
#17200=CARTESIAN_POINT('',(1.80000002831221,0.60000000745058,0.1));
#17201=CARTESIAN_POINT('',(1.80000002831221,0.600000007450581,0.));
#17202=CARTESIAN_POINT('',(1.50000002086163,0.60000000745058,0.1));
#17203=CARTESIAN_POINT('',(0.52500000782311,0.600000007450581,0.1));
#17204=CARTESIAN_POINT('',(1.50000002086163,0.60000000745058,0.6));
#17205=CARTESIAN_POINT('',(1.50000002086163,0.600000007450581,0.));
#17206=CARTESIAN_POINT('',(0.800000013411045,0.60000000745058,0.6));
#17207=CARTESIAN_POINT('',(2.40000008419156,0.600000007450581,0.6));
#17208=CARTESIAN_POINT('',(0.800000013411045,0.60000000745058,0.1));
#17209=CARTESIAN_POINT('',(0.800000013411045,0.600000007450581,0.));
#17210=CARTESIAN_POINT('',(0.500000005960465,0.60000000745058,0.1));
#17211=CARTESIAN_POINT('',(0.025000000372529,0.600000007450581,0.1));
#17212=CARTESIAN_POINT('',(0.500000005960464,0.60000000745058,0.6));
#17213=CARTESIAN_POINT('',(0.500000005960465,0.600000007450581,0.));
#17214=CARTESIAN_POINT('',(-0.200000001490116,0.60000000745058,0.6));
#17215=CARTESIAN_POINT('',(2.40000008419156,0.600000007450581,0.6));
#17216=CARTESIAN_POINT('',(-0.200000001490116,0.60000000745058,0.1));
#17217=CARTESIAN_POINT('',(-0.200000001490116,0.600000007450581,0.));
#17218=CARTESIAN_POINT('',(-0.500000008940697,0.60000000745058,0.1));
#17219=CARTESIAN_POINT('',(-0.475000007078052,0.600000007450581,0.1));
#17220=CARTESIAN_POINT('',(-0.500000008940697,0.60000000745058,0.6));
#17221=CARTESIAN_POINT('',(-0.500000008940697,0.600000007450581,0.));
#17222=CARTESIAN_POINT('',(-1.,0.60000000745058,0.6));
#17223=CARTESIAN_POINT('',(2.40000008419156,0.600000007450581,0.6));
#17224=CARTESIAN_POINT('',(-1.,0.60000000745058,1.10000001490116));
#17225=CARTESIAN_POINT('',(-1.,0.600000007450581,0.375000005587935));
#17226=CARTESIAN_POINT('',(-1.49999982267618,0.60000000745058,1.10000001490116));
#17227=CARTESIAN_POINT('',(-1.13800000447035,0.600000007450581,1.10000001490116));
#17228=CARTESIAN_POINT('',(-1.49999982267618,0.60000000745058,1.40000002235174));
#17229=CARTESIAN_POINT('',(-1.49999982267618,0.600000007450581,0.25));
#17230=CARTESIAN_POINT('',(-1.,0.60000000745058,1.40000002235174));
#17231=CARTESIAN_POINT('',(-1.13800000447035,0.600000007450581,1.40000002235174));
#17232=CARTESIAN_POINT('',(-1.,0.60000000745058,2.10000002980232));
#17233=CARTESIAN_POINT('',(-1.,0.600000007450581,0.875000013038516));
#17234=CARTESIAN_POINT('',(-1.49999982267618,0.60000000745058,2.10000002980232));
#17235=CARTESIAN_POINT('',(-1.13800000447035,0.600000007450581,2.10000002980232));
#17236=CARTESIAN_POINT('',(-1.49999982267618,0.60000000745058,2.4000000372529));
#17237=CARTESIAN_POINT('',(-1.49999982267618,0.600000007450581,0.25));
#17238=CARTESIAN_POINT('',(-1.,0.60000000745058,2.4000000372529));
#17239=CARTESIAN_POINT('',(-1.13800000447035,0.600000007450581,2.4000000372529));
#17240=CARTESIAN_POINT('',(-1.,0.60000000745058,3.10000004470348));
#17241=CARTESIAN_POINT('',(-1.,0.600000007450581,1.3750000204891));
#17242=CARTESIAN_POINT('',(-1.49999982267618,0.60000000745058,3.10000004470348));
#17243=CARTESIAN_POINT('',(-1.13800000447035,0.600000007450581,3.10000004470348));
#17244=CARTESIAN_POINT('',(-1.49999982267618,0.60000000745058,3.40000005215406));
#17245=CARTESIAN_POINT('',(-1.49999982267618,0.600000007450581,0.25));
#17246=CARTESIAN_POINT('',(-1.,0.60000000745058,3.40000005215406));
#17247=CARTESIAN_POINT('',(-1.13800000447035,0.600000007450581,3.40000005215406));
#17248=CARTESIAN_POINT('',(-1.,0.60000000745058,4.10000005960464));
#17249=CARTESIAN_POINT('',(-1.,0.600000007450581,1.87500002793968));
#17250=CARTESIAN_POINT('',(-1.49999982267618,0.60000000745058,4.10000005960464));
#17251=CARTESIAN_POINT('',(-1.13800000447035,0.600000007450581,4.10000005960464));
#17252=CARTESIAN_POINT('',(-1.49999982267618,0.60000000745058,4.4));
#17253=CARTESIAN_POINT('',(-1.49999982267618,0.600000007450581,0.25));
#17254=CARTESIAN_POINT('',(-1.,0.60000000745058,4.4));
#17255=CARTESIAN_POINT('',(-1.13800000447035,0.600000007450581,4.4));
#17256=CARTESIAN_POINT('',(-1.,0.60000000745058,5.1));
#17257=CARTESIAN_POINT('',(-1.,0.600000007450581,2.375));
#17258=CARTESIAN_POINT('',(-1.49999982267618,0.60000000745058,5.1));
#17259=CARTESIAN_POINT('',(-1.13800000447035,0.600000007450581,5.1));
#17260=CARTESIAN_POINT('',(-1.49999982267618,0.60000000745058,5.4));
#17261=CARTESIAN_POINT('',(-1.49999982267618,0.600000007450581,0.25));
#17262=CARTESIAN_POINT('',(-1.,0.60000000745058,5.4));
#17263=CARTESIAN_POINT('',(-1.13800000447035,0.600000007450581,5.4));
#17264=CARTESIAN_POINT('',(-1.,0.60000000745058,6.1));
#17265=CARTESIAN_POINT('',(-1.,0.600000007450581,2.875));
#17266=CARTESIAN_POINT('',(-1.49999982267618,0.60000000745058,6.1));
#17267=CARTESIAN_POINT('',(-1.13800000447035,0.600000007450581,6.1));
#17268=CARTESIAN_POINT('',(-1.49999982267618,0.60000000745058,6.4));
#17269=CARTESIAN_POINT('',(-1.49999982267618,0.600000007450581,0.25));
#17270=CARTESIAN_POINT('',(-1.,0.60000000745058,6.4));
#17271=CARTESIAN_POINT('',(-1.13800000447035,0.600000007450581,6.4));
#17272=CARTESIAN_POINT('',(-1.,0.60000000745058,7.10000010430813));
#17273=CARTESIAN_POINT('',(-1.,0.600000007450581,3.37500002607703));
#17274=CARTESIAN_POINT('',(-1.49999982267618,0.60000000745058,7.10000010430813));
#17275=CARTESIAN_POINT('',(-1.13800000447035,0.600000007450581,7.10000010430813));
#17276=CARTESIAN_POINT('',(-1.49999982267618,0.60000000745058,7.40000011175871));
#17277=CARTESIAN_POINT('',(-1.49999982267618,0.600000007450581,0.25));
#17278=CARTESIAN_POINT('',(-1.,0.60000000745058,7.40000011175871));
#17279=CARTESIAN_POINT('',(-1.13800000447035,0.600000007450581,7.40000011175871));
#17280=CARTESIAN_POINT('',(-1.,0.60000000745058,8.10000011920929));
#17281=CARTESIAN_POINT('',(-1.,0.600000007450581,3.875000057742));
#17282=CARTESIAN_POINT('',(-1.49999982267618,0.60000000745058,8.10000011920929));
#17283=CARTESIAN_POINT('',(-1.13800000447035,0.600000007450581,8.10000011920929));
#17284=CARTESIAN_POINT('',(-1.49999982267618,0.60000000745058,8.40000012665987));
#17285=CARTESIAN_POINT('',(-1.49999982267618,0.600000007450581,0.25));
#17286=CARTESIAN_POINT('',(-1.,0.60000000745058,8.40000012665987));
#17287=CARTESIAN_POINT('',(-1.13800000447035,0.600000007450581,8.40000012665987));
#17288=CARTESIAN_POINT('',(-1.,0.60000000745058,9.10000013411045));
#17289=CARTESIAN_POINT('',(-1.,0.600000007450581,4.37500006519258));
#17290=CARTESIAN_POINT('',(-1.49999982267618,0.60000000745058,9.10000013411045));
#17291=CARTESIAN_POINT('',(-1.13800000447035,0.600000007450581,9.10000013411045));
#17292=CARTESIAN_POINT('',(-1.49999982267618,0.60000000745058,9.40000014156103));
#17293=CARTESIAN_POINT('',(-1.49999982267618,0.600000007450581,0.25));
#17294=CARTESIAN_POINT('',(-1.,0.60000000745058,9.40000014156103));
#17295=CARTESIAN_POINT('',(-1.13800000447035,0.600000007450581,9.40000014156103));
#17296=CARTESIAN_POINT('',(-1.,0.60000000745058,10.1000001490116));
#17297=CARTESIAN_POINT('',(-1.,0.600000007450581,4.87500007264316));
#17298=CARTESIAN_POINT('',(-1.49999982267618,0.60000000745058,10.1000001490116));
#17299=CARTESIAN_POINT('',(-1.13800000447035,0.600000007450581,10.1000001490116));
#17300=CARTESIAN_POINT('',(-1.49999982267618,0.60000000745058,10.4000001564622));
#17301=CARTESIAN_POINT('',(-1.49999982267618,0.600000007450581,0.25));
#17302=CARTESIAN_POINT('',(-1.,0.60000000745058,10.4000001564622));
#17303=CARTESIAN_POINT('',(-1.13800000447035,0.600000007450581,10.4000001564622));
#17304=CARTESIAN_POINT('',(-1.,0.60000000745058,11.1000001639128));
#17305=CARTESIAN_POINT('',(-1.,0.600000007450581,5.37500008009374));
#17306=CARTESIAN_POINT('',(-1.49999982267618,0.60000000745058,11.1000001639128));
#17307=CARTESIAN_POINT('',(-1.13800000447035,0.600000007450581,11.1000001639128));
#17308=CARTESIAN_POINT('',(-1.49999982267618,0.60000000745058,11.4000001713634));
#17309=CARTESIAN_POINT('',(-1.49999982267618,0.600000007450581,0.25));
#17310=CARTESIAN_POINT('',(-1.,0.60000000745058,11.4000001713634));
#17311=CARTESIAN_POINT('',(-1.13800000447035,0.600000007450581,11.4000001713634));
#17312=CARTESIAN_POINT('',(-1.,0.60000000745058,12.1000001788139));
#17313=CARTESIAN_POINT('',(-1.,0.600000007450581,5.87500008754432));
#17314=CARTESIAN_POINT('',(-1.49999982267618,0.60000000745058,12.1000001788139));
#17315=CARTESIAN_POINT('',(-1.13800000447035,0.600000007450581,12.1000001788139));
#17316=CARTESIAN_POINT('',(-1.49999982267618,0.60000000745058,12.4000001862645));
#17317=CARTESIAN_POINT('',(-1.49999982267618,0.600000007450581,0.25));
#17318=CARTESIAN_POINT('',(-1.,0.60000000745058,12.4000001862645));
#17319=CARTESIAN_POINT('',(-1.13800000447035,0.600000007450581,12.4000001862645));
#17320=CARTESIAN_POINT('',(-1.,0.60000000745058,13.1000001937151));
#17321=CARTESIAN_POINT('',(-1.,0.600000007450581,6.3750000949949));
#17322=CARTESIAN_POINT('',(-1.49999982267618,0.60000000745058,13.1000001937151));
#17323=CARTESIAN_POINT('',(-1.13800000447035,0.600000007450581,13.1000001937151));
#17324=CARTESIAN_POINT('',(-1.49999982267618,0.60000000745058,13.4));
#17325=CARTESIAN_POINT('',(-1.49999982267618,0.600000007450581,0.25));
#17326=CARTESIAN_POINT('',(-1.00000001639128,0.60000000745058,13.4));
#17327=CARTESIAN_POINT('',(-1.09999991580844,0.600000007450581,13.4));
#17328=CARTESIAN_POINT('',(-1.00000001639128,0.60000000745058,13.9));
#17329=CARTESIAN_POINT('',(-1.00000001639128,0.600000007450581,6.75));
#17330=CARTESIAN_POINT('',(-0.700000001490116,0.60000000745058,13.9));
#17331=CARTESIAN_POINT('',(2.40000008419156,0.600000007450581,13.9));
#17332=CARTESIAN_POINT('',(-0.700000001490116,0.60000000745058,13.4));
#17333=CARTESIAN_POINT('',(-0.700000001490116,0.600000007450581,7.));
#17334=CARTESIAN_POINT('',(-1.49011613233737E-9,0.60000000745058,13.4));
#17335=CARTESIAN_POINT('',(-0.600000005215406,0.600000007450581,13.4));
#17336=CARTESIAN_POINT('',(-1.49011624335967E-9,0.60000000745058,13.9));
#17337=CARTESIAN_POINT('',(-1.49011608607807E-9,0.600000007450581,6.75));
#17338=CARTESIAN_POINT('',(0.300000005960465,0.60000000745058,13.9));
#17339=CARTESIAN_POINT('',(2.40000008419156,0.600000007450581,13.9));
#17340=CARTESIAN_POINT('',(0.300000005960464,0.60000000745058,13.4));
#17341=CARTESIAN_POINT('',(0.300000005960464,0.600000007450581,7.00000010430813));
#17342=CARTESIAN_POINT('',(1.00000001341105,0.60000000745058,13.4));
#17343=CARTESIAN_POINT('',(-0.100000001490116,0.600000007450581,13.4));
#17344=CARTESIAN_POINT('',(1.00000001341104,0.60000000745058,13.9));
#17345=CARTESIAN_POINT('',(1.00000001341105,0.600000007450581,6.75));
#17346=CARTESIAN_POINT('',(1.30000002086163,0.60000000745058,13.9));
#17347=CARTESIAN_POINT('',(2.40000008419156,0.600000007450581,13.9));
#17348=CARTESIAN_POINT('',(1.30000002086163,0.60000000745058,13.4));
#17349=CARTESIAN_POINT('',(1.30000002086163,0.600000007450581,7.00000010430813));
#17350=CARTESIAN_POINT('',(2.00000004321337,0.60000000745058,13.4));
#17351=CARTESIAN_POINT('',(0.400000005960464,0.600000007450581,13.4));
#17352=CARTESIAN_POINT('',(2.00000004321337,0.60000000745058,13.9));
#17353=CARTESIAN_POINT('',(2.00000004321337,0.600000007450581,6.75));
#17354=CARTESIAN_POINT('',(2.30000004321337,0.60000000745058,13.9));
#17355=CARTESIAN_POINT('',(2.40000008419156,0.600000007450581,13.9));
#17356=CARTESIAN_POINT('',(2.30000004321337,0.60000000745058,13.4));
#17357=CARTESIAN_POINT('',(2.30000004321337,0.600000007450581,7.00000010430813));
#17358=CARTESIAN_POINT('',(3.00000004321337,0.60000000745058,13.4));
#17359=CARTESIAN_POINT('',(0.900000017136335,0.600000007450581,13.4));
#17360=CARTESIAN_POINT('',(3.00000004321337,0.60000000745058,13.9));
#17361=CARTESIAN_POINT('',(3.00000004321337,0.600000007450581,6.75));
#17362=CARTESIAN_POINT('',(3.30000006556511,0.60000000745058,13.9));
#17363=CARTESIAN_POINT('',(2.40000008419156,0.600000007450581,13.9));
#17364=CARTESIAN_POINT('',(3.30000006556511,0.60000000745058,13.4000002086163));
#17365=CARTESIAN_POINT('',(3.30000006556511,0.600000007450581,7.00000010430813));
#17366=CARTESIAN_POINT('',(4.00000006556511,0.60000000745058,13.4000002086163));
#17367=CARTESIAN_POINT('',(1.40000002831221,0.600000007450581,13.4000002086163));
#17368=CARTESIAN_POINT('',(4.00000006556511,0.60000000745058,13.9));
#17369=CARTESIAN_POINT('',(4.00000006556511,0.600000007450581,6.75000010430813));
#17370=CARTESIAN_POINT('',(4.30000006556511,0.60000000745058,13.9));
#17371=CARTESIAN_POINT('',(2.40000008419156,0.600000007450581,13.9));
#17372=CARTESIAN_POINT('',(4.30000006556511,0.60000000745058,13.4));
#17373=CARTESIAN_POINT('',(4.30000006556511,0.600000007450581,7.00000010430813));
#17374=CARTESIAN_POINT('',(5.00000007301569,0.60000000745058,13.4));
#17375=CARTESIAN_POINT('',(1.90000002831221,0.600000007450581,13.4));
#17376=CARTESIAN_POINT('',(5.00000007301569,0.60000000745058,13.9));
#17377=CARTESIAN_POINT('',(5.00000007301569,0.600000007450581,6.75));
#17378=CARTESIAN_POINT('',(5.30000017732382,0.60000000745058,13.9));
#17379=CARTESIAN_POINT('',(2.40000008419156,0.600000007450581,13.9));
#17380=CARTESIAN_POINT('',(5.30000017732382,0.60000000745058,13.4));
#17381=CARTESIAN_POINT('',(5.30000017732382,0.600000007450581,7.));
#17382=CARTESIAN_POINT('',(6.00000008791685,0.60000000745058,13.4));
#17383=CARTESIAN_POINT('',(2.40000008419156,0.600000007450581,13.4));
#17384=CARTESIAN_POINT('',(6.00000008791685,0.60000000745058,13.9));
#17385=CARTESIAN_POINT('',(6.00000008791685,0.600000007450581,6.75));
#17386=CARTESIAN_POINT('',(6.30000009536743,0.60000000745058,13.9));
#17387=CARTESIAN_POINT('',(2.40000008419156,0.600000007450581,13.9));
#17388=CARTESIAN_POINT('',(6.30000009536743,0.60000000745058,13.4));
#17389=CARTESIAN_POINT('',(6.30000009536743,0.600000007450581,7.));
#17390=CARTESIAN_POINT('',(7.00000010281801,0.60000000745058,13.4));
#17391=CARTESIAN_POINT('',(2.90000004321337,0.600000007450581,13.4));
#17392=CARTESIAN_POINT('',(7.00000010281801,0.60000000745058,13.9));
#17393=CARTESIAN_POINT('',(7.00000010281801,0.600000007450581,6.75));
#17394=CARTESIAN_POINT('',(7.30000011026859,0.60000000745058,13.9));
#17395=CARTESIAN_POINT('',(2.40000008419156,0.600000007450581,13.9));
#17396=CARTESIAN_POINT('',(7.30000011026859,0.60000000745058,13.4));
#17397=CARTESIAN_POINT('',(7.30000011026859,0.600000007450581,7.));
#17398=CARTESIAN_POINT('',(8.00000011771917,0.60000000745058,13.4));
#17399=CARTESIAN_POINT('',(3.40000005066395,0.600000007450581,13.4));
#17400=CARTESIAN_POINT('',(8.00000011771917,0.60000000745058,13.9));
#17401=CARTESIAN_POINT('',(8.00000011771917,0.600000007450581,6.75));
#17402=CARTESIAN_POINT('',(8.30000012516975,0.60000000745058,13.9));
#17403=CARTESIAN_POINT('',(2.40000008419156,0.600000007450581,13.9));
#17404=CARTESIAN_POINT('',(8.30000012516975,0.60000000745058,13.4));
#17405=CARTESIAN_POINT('',(8.30000012516975,0.600000007450581,7.));
#17406=CARTESIAN_POINT('',(9.00000013262033,0.60000000745058,13.4));
#17407=CARTESIAN_POINT('',(3.90000005811453,0.600000007450581,13.4));
#17408=CARTESIAN_POINT('',(9.00000013262033,0.60000000745058,13.9));
#17409=CARTESIAN_POINT('',(9.00000013262033,0.600000007450581,6.75));
#17410=CARTESIAN_POINT('',(9.30000014007092,0.60000000745058,13.9));
#17411=CARTESIAN_POINT('',(2.40000008419156,0.600000007450581,13.9));
#17412=CARTESIAN_POINT('',(9.30000014007092,0.60000000745058,13.4));
#17413=CARTESIAN_POINT('',(9.30000014007092,0.600000007450581,7.));
#17414=CARTESIAN_POINT('',(10.0000001475215,0.60000000745058,13.4));
#17415=CARTESIAN_POINT('',(4.40000006556511,0.600000007450581,13.4));
#17416=CARTESIAN_POINT('',(10.0000001475215,0.60000000745058,13.9));
#17417=CARTESIAN_POINT('',(10.0000001475215,0.600000007450581,6.75));
#17418=CARTESIAN_POINT('',(10.3000001549721,0.60000000745058,13.9));
#17419=CARTESIAN_POINT('',(2.40000008419156,0.600000007450581,13.9));
#17420=CARTESIAN_POINT('',(10.3000001549721,0.60000000745058,13.4));
#17421=CARTESIAN_POINT('',(10.3000001549721,0.600000007450581,7.));
#17422=CARTESIAN_POINT('',(11.0000001624227,0.60000000745058,13.4));
#17423=CARTESIAN_POINT('',(4.90000007301569,0.600000007450581,13.4));
#17424=CARTESIAN_POINT('',(11.0000001624227,0.60000000745058,13.9));
#17425=CARTESIAN_POINT('',(11.0000001624227,0.600000007450581,6.75));
#17426=CARTESIAN_POINT('',(12.3000001773238,0.60000000745058,13.9));
#17427=CARTESIAN_POINT('',(2.40000008419156,0.600000007450581,13.9));
#17428=CARTESIAN_POINT('',(12.3000001773238,0.600000007450581,0.25));
#17429=CARTESIAN_POINT('',(10.3000001773238,0.60000000745058,10.65));
#17430=CARTESIAN_POINT('',(10.3000001773238,0.600000007450581,5.09613485440579));
#17431=CARTESIAN_POINT('',(0.500000177323818,0.60000000745058,10.65));
#17432=CARTESIAN_POINT('',(4.90000008419156,0.600000007450581,10.65));
#17433=CARTESIAN_POINT('',(0.500000177323818,0.60000000745058,4.6190788352463));
#17434=CARTESIAN_POINT('',(0.500000177323818,0.600000007450581,2.53840456321736));
#17435=CARTESIAN_POINT('',(10.3000001773238,0.60000000745058,4.6190788352463));
#17436=CARTESIAN_POINT('',(4.90000008419156,0.600000007450581,4.6190788352463));
#17437=CARTESIAN_POINT('',(10.3000001773238,0.600000007450581,2.53840456321736));
#17438=CARTESIAN_POINT('Origin',(-0.600000008940697,0.600000007450581,0.));
#17439=CARTESIAN_POINT('',(1.34347599736506,0.600000007450461,5.46253957423853));
#17440=CARTESIAN_POINT('',(10.4000001773238,0.600000007450581,5.46253957423795));
#17441=CARTESIAN_POINT('',(1.34347599736506,0.600000007450461,9.80653926100777));
#17442=CARTESIAN_POINT('',(1.34347599736448,0.600000007450581,4.5));
#17443=CARTESIAN_POINT('',(10.4000001773238,0.600000007450581,9.80653926100835));
#17444=CARTESIAN_POINT('Origin',(0.957730297107969,0.250002202985035,10.6));
#17445=CARTESIAN_POINT('',(0.500000177323818,0.129190075645217,10.6));
#17446=CARTESIAN_POINT('',(0.54998739183801,0.129190075645217,10.6));
#17447=CARTESIAN_POINT('',(10.4000001773238,0.129190075645217,10.6));
#17448=CARTESIAN_POINT('',(0.500000177323804,0.112706812039123,10.6));
#17449=CARTESIAN_POINT('Origin',(0.400000005960464,0.500005102414117,10.6));
#17450=CARTESIAN_POINT('',(0.500000177323818,0.250001101492517,10.6));
#17451=CARTESIAN_POINT('Origin',(0.400000005960464,0.500005102414117,4.5));
#17452=CARTESIAN_POINT('',(0.764676369759371,0.335654411249034,4.88375749853517));
#17453=CARTESIAN_POINT('',(0.50000017732939,0.11270681204212,4.61909876606722));
#17454=CARTESIAN_POINT('Ctrl Pts',(0.764676369759345,0.335654411249075,
4.88375749853511));
#17455=CARTESIAN_POINT('Ctrl Pts',(0.743350478828079,0.288334571554725,
4.86243240415192));
#17456=CARTESIAN_POINT('Ctrl Pts',(0.713471268064376,0.247688841794061,
4.83255409278351));
#17457=CARTESIAN_POINT('Ctrl Pts',(0.636159231581072,0.170632562163717,
4.75524485025338));
#17458=CARTESIAN_POINT('Ctrl Pts',(0.581012050968492,0.139427310393934,
4.7000984542143));
#17459=CARTESIAN_POINT('Ctrl Pts',(0.520755039297679,0.118507823555709,
4.63985005606987));
#17460=CARTESIAN_POINT('Ctrl Pts',(0.510271146172938,0.11535876964047,4.62936757053613));
#17461=CARTESIAN_POINT('Ctrl Pts',(0.500000177334961,0.11270681204212,4.61909876606722));
#17462=CARTESIAN_POINT('',(0.500000177323818,0.112706812039243,4.5));
#17463=CARTESIAN_POINT('',(0.764676369759371,0.335654411249033,10.3853213367111));
#17464=CARTESIAN_POINT('Ctrl Pts',(0.549987391838011,0.129190075645217,
10.6));
#17465=CARTESIAN_POINT('Ctrl Pts',(0.59461334660191,0.147240396732928,10.5553784120192));
#17466=CARTESIAN_POINT('Ctrl Pts',(0.641901707362592,0.176356041193881,
10.5080917167368));
#17467=CARTESIAN_POINT('Ctrl Pts',(0.713471268064374,0.247688841794061,
10.4365247424628));
#17468=CARTESIAN_POINT('Ctrl Pts',(0.743350478828078,0.288334571554724,
10.4066464310944));
#17469=CARTESIAN_POINT('Ctrl Pts',(0.764676369759344,0.335654411249074,
10.3853213367112));
#17470=CARTESIAN_POINT('',(0.764678669249331,0.335659513663124,10.3853205523062));
#17471=CARTESIAN_POINT('Ctrl Pts',(0.764676369759328,0.335654411249037,
10.385321336711));
#17472=CARTESIAN_POINT('Ctrl Pts',(0.764677136059857,0.335656111586826,
10.3853210753348));
#17473=CARTESIAN_POINT('Ctrl Pts',(0.764677902979069,0.335657813329185,
10.3853208137224));
#17474=CARTESIAN_POINT('Ctrl Pts',(0.764678669249253,0.335659513663148,
10.3853205523062));
#17475=CARTESIAN_POINT('',(0.764678669249331,0.335659513663124,9.94799765504777));
#17476=CARTESIAN_POINT('',(0.764678669249522,0.335659513663746,4.5));
#17477=CARTESIAN_POINT('',(0.787818462925491,0.402041617189948,9.96931931529189));
#17478=CARTESIAN_POINT('Ctrl Pts',(0.787818462925491,0.402041617189948,
9.96931931529189));
#17479=CARTESIAN_POINT('Ctrl Pts',(0.784701541839366,0.389702330532917,
9.9630665029432));
#17480=CARTESIAN_POINT('Ctrl Pts',(0.780818759709803,0.3769812650353,9.95814222953069));
#17481=CARTESIAN_POINT('Ctrl Pts',(0.773142922978392,0.355545592335577,
9.95176181707772));
#17482=CARTESIAN_POINT('Ctrl Pts',(0.769174232128395,0.34563505285441,9.94953133483411));
#17483=CARTESIAN_POINT('Ctrl Pts',(0.764678669249253,0.335659513663148,
9.94799765504785));
#17484=CARTESIAN_POINT('',(0.787818462925491,0.40204161718995,9.87900578040662));
#17485=CARTESIAN_POINT('',(0.787818462925491,0.402041617189948,4.5));
#17486=CARTESIAN_POINT('',(0.789382956631362,0.408457750039375,9.78765264611157));
#17487=CARTESIAN_POINT('Ctrl Pts',(0.787818462925492,0.402041617189952,
9.87900578040662));
#17488=CARTESIAN_POINT('Ctrl Pts',(0.786552199067813,0.397028723923935,
9.86642167423909));
#17489=CARTESIAN_POINT('Ctrl Pts',(0.785850204278739,0.394555472458635,
9.85281003681378));
#17490=CARTESIAN_POINT('Ctrl Pts',(0.785850204278739,0.394555472458635,
9.83998394516451));
#17491=CARTESIAN_POINT('Ctrl Pts',(0.785850204278739,0.394555472458635,
9.82667488648204));
#17492=CARTESIAN_POINT('Ctrl Pts',(0.786610656394846,0.397228220124048,
9.81252434145778));
#17493=CARTESIAN_POINT('Ctrl Pts',(0.788389991680289,0.404316621561325,
9.7954547071862));
#17494=CARTESIAN_POINT('Ctrl Pts',(0.78886939384356,0.406273387646779,9.79147371403395));
#17495=CARTESIAN_POINT('Ctrl Pts',(0.789382956631364,0.408457750039383,
9.78765264611156));
#17496=CARTESIAN_POINT('',(0.789382956631365,0.408457750039382,5.48142618913474));
#17497=CARTESIAN_POINT('',(0.789382956631362,0.408457750039375,4.5));
#17498=CARTESIAN_POINT('',(0.787818462925491,0.40204161718995,5.39007305483967));
#17499=CARTESIAN_POINT('Ctrl Pts',(0.789382956631364,0.408457750039383,
5.48142618913474));
#17500=CARTESIAN_POINT('Ctrl Pts',(0.788869393843561,0.40627338764678,5.47760512121235));
#17501=CARTESIAN_POINT('Ctrl Pts',(0.788389991680289,0.404316621561324,
5.4736241280601));
#17502=CARTESIAN_POINT('Ctrl Pts',(0.786610656394846,0.397228220124048,
5.45655449378852));
#17503=CARTESIAN_POINT('Ctrl Pts',(0.785850204278739,0.394555472458635,
5.44240394876426));
#17504=CARTESIAN_POINT('Ctrl Pts',(0.785850204278739,0.394555472458635,
5.42909489008178));
#17505=CARTESIAN_POINT('Ctrl Pts',(0.785850204278739,0.394555472458635,
5.41626879843252));
#17506=CARTESIAN_POINT('Ctrl Pts',(0.786552199067813,0.397028723923937,
5.4026571610072));
#17507=CARTESIAN_POINT('Ctrl Pts',(0.787818462925493,0.402041617189954,
5.39007305483968));
#17508=CARTESIAN_POINT('',(0.787818462925491,0.402041617189948,5.29975951995441));
#17509=CARTESIAN_POINT('',(0.787818462925491,0.402041617189948,4.5));
#17510=CARTESIAN_POINT('',(0.764678669249331,0.335659513663124,5.32108118019853));
#17511=CARTESIAN_POINT('Ctrl Pts',(0.764678669249253,0.335659513663148,
5.32108118019845));
#17512=CARTESIAN_POINT('Ctrl Pts',(0.769174232128395,0.34563505285441,5.31954750041219));
#17513=CARTESIAN_POINT('Ctrl Pts',(0.773142922978392,0.355545592335577,
5.31731701816857));
#17514=CARTESIAN_POINT('Ctrl Pts',(0.780818759709803,0.3769812650353,5.3109366057156));
#17515=CARTESIAN_POINT('Ctrl Pts',(0.784701541839366,0.389702330532917,
5.3060123323031));
#17516=CARTESIAN_POINT('Ctrl Pts',(0.787818462925491,0.402041617189948,
5.29975951995441));
#17517=CARTESIAN_POINT('',(0.764678669249331,0.335659513663124,4.88375828294005));
#17518=CARTESIAN_POINT('',(0.764678669249522,0.335659513663746,4.5));
#17519=CARTESIAN_POINT('Ctrl Pts',(0.764678669249253,0.335659513663148,
4.88375828294013));
#17520=CARTESIAN_POINT('Ctrl Pts',(0.764677902979094,0.33565781332924,4.88375802152391));
#17521=CARTESIAN_POINT('Ctrl Pts',(0.764677136059833,0.335656111586772,
4.88375775991146));
#17522=CARTESIAN_POINT('Ctrl Pts',(0.764676369759328,0.335654411249038,
4.88375749853527));
#17523=CARTESIAN_POINT('Origin',(0.983340902283453,0.302046719604066,4.5));
#17524=CARTESIAN_POINT('',(1.20200391960054,0.335654411249019,10.3853213367111));
#17525=CARTESIAN_POINT('',(1.18068069066857,0.402046719604067,10.3621789654239));
#17526=CARTESIAN_POINT('Ctrl Pts',(1.18068069066857,0.402046719604066,10.3621789654239));
#17527=CARTESIAN_POINT('Ctrl Pts',(1.18971559770087,0.384217253185742,10.36668221452));
#17528=CARTESIAN_POINT('Ctrl Pts',(1.19599809762352,0.365606309673481,10.372778660082));
#17529=CARTESIAN_POINT('Ctrl Pts',(1.20059987634497,0.343990591615615,10.3816510963255));
#17530=CARTESIAN_POINT('Ctrl Pts',(1.20136176814324,0.33983246598411,10.3834384602657));
#17531=CARTESIAN_POINT('Ctrl Pts',(1.20200391960047,0.335654411249042,10.3853213367112));
#17532=CARTESIAN_POINT('',(1.18068069066857,0.402046719604067,9.96932190097304));
#17533=CARTESIAN_POINT('',(1.18068069066857,0.402046719604066,4.5));
#17534=CARTESIAN_POINT('Ctrl Pts',(1.18068069066857,0.402046719604066,9.96932190097304));
#17535=CARTESIAN_POINT('Ctrl Pts',(1.16963408394245,0.423846069941126,9.98036921609228));
#17536=CARTESIAN_POINT('Ctrl Pts',(1.15539016651383,0.442693217562553,9.99461392876595));
#17537=CARTESIAN_POINT('Ctrl Pts',(1.115040706677,0.48349891673643,10.034966006386));
#17538=CARTESIAN_POINT('Ctrl Pts',(1.08439946149776,0.501029121329771,10.06560842668));
#17539=CARTESIAN_POINT('Ctrl Pts',(1.0428044025321,0.515642280773424,10.1072134502388));
#17540=CARTESIAN_POINT('Ctrl Pts',(1.02878431365811,0.518909471084058,10.1212366287507));
#17541=CARTESIAN_POINT('Ctrl Pts',(1.01052756300793,0.5216868103799,10.1395123115974));
#17542=CARTESIAN_POINT('Ctrl Pts',(1.00449619342409,0.522328578032502,10.1455508495488));
#17543=CARTESIAN_POINT('Ctrl Pts',(0.996487702979693,0.52290259223102,10.1535958082777));
#17544=CARTESIAN_POINT('Ctrl Pts',(0.993842786906954,0.523041286818788,
10.1562549860011));
#17545=CARTESIAN_POINT('Ctrl Pts',(0.990202887084923,0.523174237808162,
10.1599596212929));
#17546=CARTESIAN_POINT('Ctrl Pts',(0.989014475602881,0.52320763591461,10.1611826377682));
#17547=CARTESIAN_POINT('Ctrl Pts',(0.987299322731839,0.523242628941926,
10.1629867101444));
#17548=CARTESIAN_POINT('Ctrl Pts',(0.986748162866008,0.523251780314868,
10.1635830987428));
#17549=CARTESIAN_POINT('Ctrl Pts',(0.985933125510758,0.523262328933599,
10.1645399108082));
#17550=CARTESIAN_POINT('Ctrl Pts',(0.985669270286584,0.523265243047977,
10.1648602224929));
#17551=CARTESIAN_POINT('Ctrl Pts',(0.985287884874849,0.523268819906652,
10.1654138122477));
#17552=CARTESIAN_POINT('Ctrl Pts',(0.985166870221801,0.523269854943359,
10.1656081533076));
#17553=CARTESIAN_POINT('Ctrl Pts',(0.984944869234263,0.523271553862464,
10.1660569731069));
#17554=CARTESIAN_POINT('Ctrl Pts',(0.984843431669185,0.523272248161077,
10.166311228396));
#17555=CARTESIAN_POINT('Ctrl Pts',(0.984843431669185,0.523272248161077,
10.167006978958));
#17556=CARTESIAN_POINT('Ctrl Pts',(0.984944869234263,0.523271553862464,
10.1672612342471));
#17557=CARTESIAN_POINT('Ctrl Pts',(0.985166870221801,0.523269854943359,
10.1677100540465));
#17558=CARTESIAN_POINT('Ctrl Pts',(0.985287884874849,0.523268819906652,
10.1679043951063));
#17559=CARTESIAN_POINT('Ctrl Pts',(0.985669270286584,0.523265243047977,
10.1684579848611));
#17560=CARTESIAN_POINT('Ctrl Pts',(0.985933125510758,0.523262328933599,
10.1687782965458));
#17561=CARTESIAN_POINT('Ctrl Pts',(0.986748162866008,0.523251780314868,
10.1697351086112));
#17562=CARTESIAN_POINT('Ctrl Pts',(0.98729932273184,0.523242628941926,10.1703314972096));
#17563=CARTESIAN_POINT('Ctrl Pts',(0.989014475602881,0.52320763591461,10.1721355695858));
#17564=CARTESIAN_POINT('Ctrl Pts',(0.990202887084924,0.523174237808162,
10.1733585860611));
#17565=CARTESIAN_POINT('Ctrl Pts',(0.993842786906954,0.523041286818788,
10.1770632213529));
#17566=CARTESIAN_POINT('Ctrl Pts',(0.996487702979694,0.52290259223102,10.1797223990763));
#17567=CARTESIAN_POINT('Ctrl Pts',(1.00449619342409,0.522328578032502,10.1877673578052));
#17568=CARTESIAN_POINT('Ctrl Pts',(1.01052756300794,0.5216868103799,10.1938058957566));
#17569=CARTESIAN_POINT('Ctrl Pts',(1.02878431365811,0.518909471084057,10.2120815786033));
#17570=CARTESIAN_POINT('Ctrl Pts',(1.0428044025321,0.515642280773423,10.2261047571152));
#17571=CARTESIAN_POINT('Ctrl Pts',(1.08439946149776,0.50102912132977,10.267709780674));
#17572=CARTESIAN_POINT('Ctrl Pts',(1.115040706677,0.48349891673643,10.298352200968));
#17573=CARTESIAN_POINT('Ctrl Pts',(1.15813221639129,0.439920162783831,10.3414465063636));
#17574=CARTESIAN_POINT('Ctrl Pts',(1.17485865140298,0.41663751480317,10.358173848776));
#17575=CARTESIAN_POINT('Ctrl Pts',(1.19233815588039,0.376073195775337,10.3756545611632));
#17576=CARTESIAN_POINT('Ctrl Pts',(1.19694111104726,0.361622239619893,10.3802578945129));
#17577=CARTESIAN_POINT('Ctrl Pts',(1.20076887033987,0.343060011993592,10.3840861095196));
#17578=CARTESIAN_POINT('Ctrl Pts',(1.20143340971656,0.339366341658946,10.3847507381641));
#17579=CARTESIAN_POINT('Ctrl Pts',(1.20200391960047,0.335654411248994,10.385321336711));
#17580=CARTESIAN_POINT('Origin',(0.983340902283453,0.302046719604066,4.5));
#17581=CARTESIAN_POINT('Ctrl Pts',(0.764678669249423,0.335659513663099,
10.3853205523062));
#17582=CARTESIAN_POINT('Ctrl Pts',(0.765249003777785,0.339369726546001,
10.3847501291549));
#17583=CARTESIAN_POINT('Ctrl Pts',(0.76591328071013,0.343061692218902,10.3840857629952));
#17584=CARTESIAN_POINT('Ctrl Pts',(0.769740693519644,0.361622239619893,
10.3802578945129));
#17585=CARTESIAN_POINT('Ctrl Pts',(0.774343648686513,0.376073195775338,
10.3756545611632));
#17586=CARTESIAN_POINT('Ctrl Pts',(0.791823153163927,0.41663751480317,10.358173848776));
#17587=CARTESIAN_POINT('Ctrl Pts',(0.808549588175619,0.439920162783831,
10.3414465063636));
#17588=CARTESIAN_POINT('Ctrl Pts',(0.851641097889912,0.48349891673643,10.298352200968));
#17589=CARTESIAN_POINT('Ctrl Pts',(0.882282343069145,0.50102912132977,10.267709780674));
#17590=CARTESIAN_POINT('Ctrl Pts',(0.923877402034804,0.515642280773423,
10.2261047571152));
#17591=CARTESIAN_POINT('Ctrl Pts',(0.937897490908796,0.518909471084057,
10.2120815786033));
#17592=CARTESIAN_POINT('Ctrl Pts',(0.956154241558971,0.5216868103799,10.1938058957566));
#17593=CARTESIAN_POINT('Ctrl Pts',(0.962185611142813,0.522328578032502,
10.1877673578052));
#17594=CARTESIAN_POINT('Ctrl Pts',(0.970194101587213,0.52290259223102,10.1797223990763));
#17595=CARTESIAN_POINT('Ctrl Pts',(0.972839017659952,0.523041286818788,
10.1770632213529));
#17596=CARTESIAN_POINT('Ctrl Pts',(0.976478917481983,0.523174237808162,
10.1733585860611));
#17597=CARTESIAN_POINT('Ctrl Pts',(0.977667328964026,0.52320763591461,10.1721355695858));
#17598=CARTESIAN_POINT('Ctrl Pts',(0.979382481835067,0.523242628941926,
10.1703314972096));
#17599=CARTESIAN_POINT('Ctrl Pts',(0.979933641700896,0.523251780314868,
10.1697351086112));
#17600=CARTESIAN_POINT('Ctrl Pts',(0.980748679056145,0.523262328933599,
10.1687782965458));
#17601=CARTESIAN_POINT('Ctrl Pts',(0.98101253428032,0.523265243047977,10.1684579848611));
#17602=CARTESIAN_POINT('Ctrl Pts',(0.981393919692056,0.523268819906652,
10.1679043951063));
#17603=CARTESIAN_POINT('Ctrl Pts',(0.981514934345105,0.523269854943359,
10.1677100540465));
#17604=CARTESIAN_POINT('Ctrl Pts',(0.981736935332642,0.523271553862464,
10.1672612342471));
#17605=CARTESIAN_POINT('Ctrl Pts',(0.981838372897722,0.523272248161077,
10.167006978958));
#17606=CARTESIAN_POINT('Ctrl Pts',(0.981838372897722,0.523272248161077,
10.166659103677));
#17607=CARTESIAN_POINT('Ctrl Pts',(0.981838372897722,0.523272248161077,
10.166311228396));
#17608=CARTESIAN_POINT('Ctrl Pts',(0.981736935332644,0.523271553862464,
10.1660569731069));
#17609=CARTESIAN_POINT('Ctrl Pts',(0.981514934345106,0.523269854943359,
10.1656081533076));
#17610=CARTESIAN_POINT('Ctrl Pts',(0.981393919692058,0.523268819906652,
10.1654138122477));
#17611=CARTESIAN_POINT('Ctrl Pts',(0.981012534280323,0.523265243047977,
10.1648602224929));
#17612=CARTESIAN_POINT('Ctrl Pts',(0.980748679056149,0.523262328933599,
10.1645399108082));
#17613=CARTESIAN_POINT('Ctrl Pts',(0.979933641700899,0.523251780314868,
10.1635830987428));
#17614=CARTESIAN_POINT('Ctrl Pts',(0.979382481835067,0.523242628941926,
10.1629867101444));
#17615=CARTESIAN_POINT('Ctrl Pts',(0.977667328964026,0.52320763591461,10.1611826377682));
#17616=CARTESIAN_POINT('Ctrl Pts',(0.976478917481983,0.523174237808162,
10.1599596212929));
#17617=CARTESIAN_POINT('Ctrl Pts',(0.972839017659953,0.523041286818788,
10.1562549860011));
#17618=CARTESIAN_POINT('Ctrl Pts',(0.970194101587213,0.52290259223102,10.1535958082777));
#17619=CARTESIAN_POINT('Ctrl Pts',(0.962185611142813,0.522328578032502,
10.1455508495488));
#17620=CARTESIAN_POINT('Ctrl Pts',(0.956154241558972,0.5216868103799,10.1395123115974));
#17621=CARTESIAN_POINT('Ctrl Pts',(0.937897490908797,0.518909471084057,
10.1212366287507));
#17622=CARTESIAN_POINT('Ctrl Pts',(0.923877402034804,0.515642280773423,
10.1072134502388));
#17623=CARTESIAN_POINT('Ctrl Pts',(0.882282343069145,0.50102912132977,10.06560842668));
#17624=CARTESIAN_POINT('Ctrl Pts',(0.851641097889912,0.48349891673643,10.034966006386));
#17625=CARTESIAN_POINT('Ctrl Pts',(0.808549588175619,0.439920162783831,
9.99187170099039));
#17626=CARTESIAN_POINT('Ctrl Pts',(0.791823153163927,0.41663751480317,9.97514435857803));
#17627=CARTESIAN_POINT('Ctrl Pts',(0.774343648686513,0.376073195775338,
9.95766364619085));
#17628=CARTESIAN_POINT('Ctrl Pts',(0.769740693519644,0.361622239619893,
9.95306031284115));
#17629=CARTESIAN_POINT('Ctrl Pts',(0.76591328071013,0.343061692218901,9.94923244435877));
#17630=CARTESIAN_POINT('Ctrl Pts',(0.765249003777785,0.339369726546002,
9.94856807819913));
#17631=CARTESIAN_POINT('Ctrl Pts',(0.764678669249423,0.335659513663099,
9.94799765504784));
#17632=CARTESIAN_POINT('Origin',(0.983340902283453,0.302046719604066,4.5));
#17633=CARTESIAN_POINT('',(1.18068069066857,0.402046719604068,5.46812953172352));
#17634=CARTESIAN_POINT('Ctrl Pts',(1.18068069066857,0.402046719604072,5.46812953172352));
#17635=CARTESIAN_POINT('Ctrl Pts',(1.17866833863577,0.40601789084716,5.47809476347445));
#17636=CARTESIAN_POINT('Ctrl Pts',(1.17572674258008,0.411497911638211,5.48721367385956));
#17637=CARTESIAN_POINT('Ctrl Pts',(1.16833062621074,0.423592690681109,5.50242630455062));
#17638=CARTESIAN_POINT('Ctrl Pts',(1.16268094387868,0.431912372991087,5.51009536666924));
#17639=CARTESIAN_POINT('Ctrl Pts',(1.14681211517037,0.452009355899883,5.52429757740286));
#17640=CARTESIAN_POINT('Ctrl Pts',(1.1314655865397,0.467418914043889,5.5300302275287));
#17641=CARTESIAN_POINT('Ctrl Pts',(1.09855877639627,0.492257037925247,5.53517239869337));
#17642=CARTESIAN_POINT('Ctrl Pts',(1.07685321858351,0.504017581176495,5.53475146964674));
#17643=CARTESIAN_POINT('Ctrl Pts',(1.03065201905032,0.519528750522319,5.53300873738418));
#17644=CARTESIAN_POINT('Ctrl Pts',(1.00614656704917,0.523277350575195,5.53193803928785));
#17645=CARTESIAN_POINT('Ctrl Pts',(0.96053523751774,0.523277350575195,5.53193803928785));
#17646=CARTESIAN_POINT('Ctrl Pts',(0.936029785516584,0.519528750522318,
5.53300873738418));
#17647=CARTESIAN_POINT('Ctrl Pts',(0.889828585983396,0.504017581176494,
5.53475146964674));
#17648=CARTESIAN_POINT('Ctrl Pts',(0.86812302817064,0.492257037925247,5.53517239869337));
#17649=CARTESIAN_POINT('Ctrl Pts',(0.835216218027209,0.467418914043889,
5.5300302275287));
#17650=CARTESIAN_POINT('Ctrl Pts',(0.819869689396542,0.452009355899883,
5.52429757740286));
#17651=CARTESIAN_POINT('Ctrl Pts',(0.804000860688224,0.431912372991087,
5.51009536666924));
#17652=CARTESIAN_POINT('Ctrl Pts',(0.798351178356168,0.423592690681109,
5.50242630455062));
#17653=CARTESIAN_POINT('Ctrl Pts',(0.792652611484075,0.414273893661527,
5.49070526218672));
#17654=CARTESIAN_POINT('Ctrl Pts',(0.790893908793031,0.411211798901197,
5.48624379989301));
#17655=CARTESIAN_POINT('Ctrl Pts',(0.789382956631376,0.4084577500394,5.48142618913477));
#17656=CARTESIAN_POINT('',(1.18068069066857,0.402046719604068,9.80094930352278));
#17657=CARTESIAN_POINT('Ctrl Pts',(0.789382956631376,0.4084577500394,9.78765264611153));
#17658=CARTESIAN_POINT('Ctrl Pts',(0.790893908793031,0.411211798901197,
9.78283503535329));
#17659=CARTESIAN_POINT('Ctrl Pts',(0.792652611484075,0.414273893661527,
9.77837357305958));
#17660=CARTESIAN_POINT('Ctrl Pts',(0.798351178356168,0.423592690681109,
9.76665253069568));
#17661=CARTESIAN_POINT('Ctrl Pts',(0.804000860688224,0.431912372991088,
9.75898346857706));
#17662=CARTESIAN_POINT('Ctrl Pts',(0.819869689396542,0.452009355899883,
9.74478125784344));
#17663=CARTESIAN_POINT('Ctrl Pts',(0.835216218027209,0.467418914043889,
9.7390486077176));
#17664=CARTESIAN_POINT('Ctrl Pts',(0.868123028170641,0.492257037925247,
9.73390643655293));
#17665=CARTESIAN_POINT('Ctrl Pts',(0.889828585983397,0.504017581176495,
9.73432736559955));
#17666=CARTESIAN_POINT('Ctrl Pts',(0.936029785516584,0.519528750522319,
9.73607009786212));
#17667=CARTESIAN_POINT('Ctrl Pts',(0.96053523751774,0.523277350575195,9.73714079595845));
#17668=CARTESIAN_POINT('Ctrl Pts',(1.00614656704917,0.523277350575195,9.73714079595845));
#17669=CARTESIAN_POINT('Ctrl Pts',(1.03065201905032,0.519528750522318,9.73607009786212));
#17670=CARTESIAN_POINT('Ctrl Pts',(1.07685321858351,0.504017581176495,9.73432736559955));
#17671=CARTESIAN_POINT('Ctrl Pts',(1.09855877639627,0.492257037925247,9.73390643655293));
#17672=CARTESIAN_POINT('Ctrl Pts',(1.1314655865397,0.467418914043889,9.7390486077176));
#17673=CARTESIAN_POINT('Ctrl Pts',(1.14681211517036,0.452009355899883,9.74478125784344));
#17674=CARTESIAN_POINT('Ctrl Pts',(1.16268094387868,0.431912372991088,9.75898346857706));
#17675=CARTESIAN_POINT('Ctrl Pts',(1.16833062621074,0.423592690681109,9.76665253069568));
#17676=CARTESIAN_POINT('Ctrl Pts',(1.17572674258008,0.411497911638211,9.78186516138674));
#17677=CARTESIAN_POINT('Ctrl Pts',(1.17866833863577,0.406017890847159,9.79098407177185));
#17678=CARTESIAN_POINT('Ctrl Pts',(1.18068069066857,0.402046719604072,9.80094930352278));
#17679=CARTESIAN_POINT('',(1.18068069066857,0.402046719604066,4.5));
#17680=CARTESIAN_POINT('Origin',(0.983340902283453,0.302046719604066,4.5));
#17681=CARTESIAN_POINT('',(1.18068069066857,0.402046719604067,4.9068998698224));
#17682=CARTESIAN_POINT('',(1.20200391960054,0.33565441124902,4.88375749853517));
#17683=CARTESIAN_POINT('Ctrl Pts',(1.20200391960047,0.335654411249042,4.88375749853509));
#17684=CARTESIAN_POINT('Ctrl Pts',(1.20136176814324,0.339832465984109,4.88564037498055));
#17685=CARTESIAN_POINT('Ctrl Pts',(1.20059987634497,0.343990591615615,4.88742773892077));
#17686=CARTESIAN_POINT('Ctrl Pts',(1.19599809762352,0.365606309673481,4.89630017516427));
#17687=CARTESIAN_POINT('Ctrl Pts',(1.18971559770087,0.384217253185742,4.90239662072635));
#17688=CARTESIAN_POINT('Ctrl Pts',(1.18068069066857,0.402046719604067,4.9068998698224));
#17689=CARTESIAN_POINT('',(1.18068069066857,0.402046719604067,5.29975693427325));
#17690=CARTESIAN_POINT('Ctrl Pts',(1.20200391960047,0.335654411248994,4.88375749853526));
#17691=CARTESIAN_POINT('Ctrl Pts',(1.20143340971656,0.33936634165895,4.88432809708216));
#17692=CARTESIAN_POINT('Ctrl Pts',(1.20076887033987,0.343060011993598,4.88499272572671));
#17693=CARTESIAN_POINT('Ctrl Pts',(1.19694111104726,0.361622239619902,4.88882094073344));
#17694=CARTESIAN_POINT('Ctrl Pts',(1.19233815588039,0.376073195775347,4.89342427408313));
#17695=CARTESIAN_POINT('Ctrl Pts',(1.17485865140297,0.41663751480318,4.91090498647032));
#17696=CARTESIAN_POINT('Ctrl Pts',(1.15813221639128,0.439920162783841,4.92763232888268));
#17697=CARTESIAN_POINT('Ctrl Pts',(1.11504070667698,0.483498916736438,4.97072663427834));
#17698=CARTESIAN_POINT('Ctrl Pts',(1.08439946149775,0.501029121329776,5.00136905457227));
#17699=CARTESIAN_POINT('Ctrl Pts',(1.04280440253209,0.515642280773427,5.04297407813111));
#17700=CARTESIAN_POINT('Ctrl Pts',(1.0287843136581,0.51890947108406,5.05699725664297));
#17701=CARTESIAN_POINT('Ctrl Pts',(1.01052756300792,0.521686810379901,5.07527293948973));
#17702=CARTESIAN_POINT('Ctrl Pts',(1.00449619342408,0.522328578032503,5.08131147744111));
#17703=CARTESIAN_POINT('Ctrl Pts',(0.99648770297968,0.522902592231021,5.08935643617004));
#17704=CARTESIAN_POINT('Ctrl Pts',(0.993842786906941,0.523041286818789,
5.0920156138934));
#17705=CARTESIAN_POINT('Ctrl Pts',(0.990202887084911,0.523174237808163,
5.09572024918519));
#17706=CARTESIAN_POINT('Ctrl Pts',(0.989014475602867,0.52320763591461,5.09694326566052));
#17707=CARTESIAN_POINT('Ctrl Pts',(0.987299322731826,0.523242628941926,
5.09874733803669));
#17708=CARTESIAN_POINT('Ctrl Pts',(0.986748162865992,0.523251780314868,
5.09934372663511));
#17709=CARTESIAN_POINT('Ctrl Pts',(0.985933125510743,0.523262328933599,
5.10030053870054));
#17710=CARTESIAN_POINT('Ctrl Pts',(0.985669270286559,0.523265243047977,
5.10062085038518));
#17711=CARTESIAN_POINT('Ctrl Pts',(0.985287884874825,0.523268819906652,
5.10117444014001));
#17712=CARTESIAN_POINT('Ctrl Pts',(0.985166870221806,0.523269854943359,
5.10136878119985));
#17713=CARTESIAN_POINT('Ctrl Pts',(0.984944869234266,0.523271553862464,
5.10181760099916));
#17714=CARTESIAN_POINT('Ctrl Pts',(0.984843431669169,0.523272248161077,
5.10207185628833));
#17715=CARTESIAN_POINT('Ctrl Pts',(0.984843431669169,0.523272248161077,
5.10276760685025));
#17716=CARTESIAN_POINT('Ctrl Pts',(0.984944869234266,0.523271553862464,
5.10302186213942));
#17717=CARTESIAN_POINT('Ctrl Pts',(0.985166870221806,0.523269854943359,
5.10347068193873));
#17718=CARTESIAN_POINT('Ctrl Pts',(0.985287884874824,0.523268819906652,
5.10366502299857));
#17719=CARTESIAN_POINT('Ctrl Pts',(0.985669270286559,0.523265243047977,
5.1042186127534));
#17720=CARTESIAN_POINT('Ctrl Pts',(0.985933125510742,0.523262328933599,
5.10453892443805));
#17721=CARTESIAN_POINT('Ctrl Pts',(0.986748162865992,0.523251780314868,
5.10549573650347));
#17722=CARTESIAN_POINT('Ctrl Pts',(0.987299322731824,0.523242628941926,
5.1060921251019));
#17723=CARTESIAN_POINT('Ctrl Pts',(0.989014475602865,0.52320763591461,5.10789619747807));
#17724=CARTESIAN_POINT('Ctrl Pts',(0.990202887084913,0.523174237808163,
5.10911921395339));
#17725=CARTESIAN_POINT('Ctrl Pts',(0.993842786906943,0.523041286818789,
5.11282384924518));
#17726=CARTESIAN_POINT('Ctrl Pts',(0.99648770297968,0.522902592231021,5.11548302696854));
#17727=CARTESIAN_POINT('Ctrl Pts',(1.00449619342408,0.522328578032503,5.12352798569747));
#17728=CARTESIAN_POINT('Ctrl Pts',(1.01052756300792,0.521686810379901,5.12956652364885));
#17729=CARTESIAN_POINT('Ctrl Pts',(1.0287843136581,0.51890947108406,5.14784220649561));
#17730=CARTESIAN_POINT('Ctrl Pts',(1.04280440253209,0.515642280773427,5.16186538500747));
#17731=CARTESIAN_POINT('Ctrl Pts',(1.08439946149775,0.501029121329776,5.20347040856631));
#17732=CARTESIAN_POINT('Ctrl Pts',(1.11504070667698,0.483498916736438,5.23411282886024));
#17733=CARTESIAN_POINT('Ctrl Pts',(1.15539016651382,0.442693217562561,5.27446490648034));
#17734=CARTESIAN_POINT('Ctrl Pts',(1.16963408394245,0.423846069941131,5.28870961915402));
#17735=CARTESIAN_POINT('Ctrl Pts',(1.18068069066857,0.402046719604067,5.29975693427325));
#17736=CARTESIAN_POINT('',(1.18068069066857,0.402046719604066,4.5));
#17737=CARTESIAN_POINT('Origin',(0.983340902283453,0.302046719604066,4.5));
#17738=CARTESIAN_POINT('Ctrl Pts',(0.764678669249423,0.335659513663099,
5.32108118019845));
#17739=CARTESIAN_POINT('Ctrl Pts',(0.765249003777786,0.339369726546005,
5.32051075704717));
#17740=CARTESIAN_POINT('Ctrl Pts',(0.765913280710131,0.343061692218908,
5.31984639088753));
#17741=CARTESIAN_POINT('Ctrl Pts',(0.769740693519647,0.361622239619903,
5.31601852240514));
#17742=CARTESIAN_POINT('Ctrl Pts',(0.774343648686516,0.376073195775347,
5.31141518905545));
#17743=CARTESIAN_POINT('Ctrl Pts',(0.791823153163933,0.41663751480318,5.29393447666826));
#17744=CARTESIAN_POINT('Ctrl Pts',(0.808549588175626,0.439920162783841,
5.2772071342559));
#17745=CARTESIAN_POINT('Ctrl Pts',(0.851641097889922,0.483498916736438,
5.23411282886024));
#17746=CARTESIAN_POINT('Ctrl Pts',(0.882282343069158,0.501029121329776,
5.20347040856631));
#17747=CARTESIAN_POINT('Ctrl Pts',(0.923877402034816,0.515642280773427,
5.16186538500747));
#17748=CARTESIAN_POINT('Ctrl Pts',(0.93789749090881,0.51890947108406,5.14784220649561));
#17749=CARTESIAN_POINT('Ctrl Pts',(0.956154241558984,0.521686810379901,
5.12956652364885));
#17750=CARTESIAN_POINT('Ctrl Pts',(0.962185611142827,0.522328578032503,
5.12352798569747));
#17751=CARTESIAN_POINT('Ctrl Pts',(0.970194101587226,0.522902592231021,
5.11548302696854));
#17752=CARTESIAN_POINT('Ctrl Pts',(0.972839017659964,0.523041286818789,
5.11282384924518));
#17753=CARTESIAN_POINT('Ctrl Pts',(0.976478917481994,0.523174237808163,
5.10911921395339));
#17754=CARTESIAN_POINT('Ctrl Pts',(0.977667328964042,0.52320763591461,5.10789619747807));
#17755=CARTESIAN_POINT('Ctrl Pts',(0.979382481835083,0.523242628941926,
5.1060921251019));
#17756=CARTESIAN_POINT('Ctrl Pts',(0.979933641700915,0.523251780314868,
5.10549573650347));
#17757=CARTESIAN_POINT('Ctrl Pts',(0.980748679056165,0.523262328933599,
5.10453892443805));
#17758=CARTESIAN_POINT('Ctrl Pts',(0.981012534280348,0.523265243047977,
5.1042186127534));
#17759=CARTESIAN_POINT('Ctrl Pts',(0.981393919692082,0.523268819906652,
5.10366502299857));
#17760=CARTESIAN_POINT('Ctrl Pts',(0.981514934345101,0.523269854943359,
5.10347068193873));
#17761=CARTESIAN_POINT('Ctrl Pts',(0.981736935332641,0.523271553862464,
5.10302186213942));
#17762=CARTESIAN_POINT('Ctrl Pts',(0.981838372897738,0.523272248161077,
5.10276760685025));
#17763=CARTESIAN_POINT('Ctrl Pts',(0.981838372897738,0.523272248161077,
5.10241973156929));
#17764=CARTESIAN_POINT('Ctrl Pts',(0.981838372897738,0.523272248161077,
5.10207185628833));
#17765=CARTESIAN_POINT('Ctrl Pts',(0.981736935332641,0.523271553862464,
5.10181760099916));
#17766=CARTESIAN_POINT('Ctrl Pts',(0.981514934345101,0.523269854943359,
5.10136878119985));
#17767=CARTESIAN_POINT('Ctrl Pts',(0.981393919692082,0.523268819906652,
5.10117444014001));
#17768=CARTESIAN_POINT('Ctrl Pts',(0.981012534280348,0.523265243047977,
5.10062085038518));
#17769=CARTESIAN_POINT('Ctrl Pts',(0.980748679056165,0.523262328933599,
5.10030053870053));
#17770=CARTESIAN_POINT('Ctrl Pts',(0.979933641700915,0.523251780314868,
5.09934372663511));
#17771=CARTESIAN_POINT('Ctrl Pts',(0.979382481835082,0.523242628941926,
5.09874733803668));
#17772=CARTESIAN_POINT('Ctrl Pts',(0.977667328964042,0.52320763591461,5.09694326566051));
#17773=CARTESIAN_POINT('Ctrl Pts',(0.976478917481994,0.523174237808163,
5.09572024918519));
#17774=CARTESIAN_POINT('Ctrl Pts',(0.972839017659964,0.523041286818789,
5.0920156138934));
#17775=CARTESIAN_POINT('Ctrl Pts',(0.970194101587227,0.522902592231021,
5.08935643617004));
#17776=CARTESIAN_POINT('Ctrl Pts',(0.962185611142828,0.522328578032503,
5.08131147744111));
#17777=CARTESIAN_POINT('Ctrl Pts',(0.956154241558984,0.521686810379901,
5.07527293948973));
#17778=CARTESIAN_POINT('Ctrl Pts',(0.93789749090881,0.51890947108406,5.05699725664297));
#17779=CARTESIAN_POINT('Ctrl Pts',(0.923877402034816,0.515642280773427,
5.04297407813111));
#17780=CARTESIAN_POINT('Ctrl Pts',(0.882282343069158,0.501029121329776,
5.00136905457227));
#17781=CARTESIAN_POINT('Ctrl Pts',(0.851641097889922,0.483498916736438,
4.97072663427834));
#17782=CARTESIAN_POINT('Ctrl Pts',(0.808549588175626,0.439920162783841,
4.92763232888268));
#17783=CARTESIAN_POINT('Ctrl Pts',(0.791823153163933,0.41663751480318,4.91090498647032));
#17784=CARTESIAN_POINT('Ctrl Pts',(0.774343648686516,0.376073195775348,
4.89342427408313));
#17785=CARTESIAN_POINT('Ctrl Pts',(0.769740693519647,0.361622239619902,
4.88882094073344));
#17786=CARTESIAN_POINT('Ctrl Pts',(0.765913280710131,0.343061692218908,
4.88499307225105));
#17787=CARTESIAN_POINT('Ctrl Pts',(0.765249003777786,0.339369726546005,
4.88432870609141));
#17788=CARTESIAN_POINT('Ctrl Pts',(0.764678669249423,0.335659513663099,
4.88375828294013));
#17789=CARTESIAN_POINT('Origin',(1.10457153325458,0.402046719604066,4.5));
#17790=CARTESIAN_POINT('',(1.27099422555384,0.402046719604068,10.3621789654239));
#17791=CARTESIAN_POINT('',(10.4000001773238,0.402046719604072,10.3621789654239));
#17792=CARTESIAN_POINT('',(1.27099422555384,0.402046719604068,9.96932190097304));
#17793=CARTESIAN_POINT('',(1.27099422555385,0.402046719604067,4.5));
#17794=CARTESIAN_POINT('',(10.4000001773238,0.402046719604072,9.96932190097305));
#17795=CARTESIAN_POINT('Origin',(1.10457153325458,0.402046719604066,4.5));
#17796=CARTESIAN_POINT('',(1.27099422555384,0.40204671960407,5.46812953172352));
#17797=CARTESIAN_POINT('',(10.4000001773238,0.402046719604072,5.46812953172352));
#17798=CARTESIAN_POINT('',(1.27099422555384,0.40204671960407,9.80094930352278));
#17799=CARTESIAN_POINT('',(10.4000001773238,0.402046719604072,9.80094930352278));
#17800=CARTESIAN_POINT('',(1.27099422555385,0.402046719604067,4.5));
#17801=CARTESIAN_POINT('Origin',(1.10457153325458,0.402046719604066,4.5));
#17802=CARTESIAN_POINT('',(1.27099422555384,0.402046719604068,4.9068998698224));
#17803=CARTESIAN_POINT('',(10.4000001773238,0.402046719604072,4.9068998698224));
#17804=CARTESIAN_POINT('',(1.27099422555384,0.402046719604068,5.29975693427325));
#17805=CARTESIAN_POINT('',(10.4000001773238,0.402046719604072,5.29975693427325));
#17806=CARTESIAN_POINT('',(1.27099422555385,0.402046719604067,4.5));
#17807=CARTESIAN_POINT('Origin',(1.31001606079595,0.500005102414117,4.5));
#17808=CARTESIAN_POINT('',(1.36232950467563,0.408452647625244,10.3606170493291));
#17809=CARTESIAN_POINT('Ctrl Pts',(1.27099422555384,0.402046719604072,10.3621789654239));
#17810=CARTESIAN_POINT('Ctrl Pts',(1.28357833906857,0.397033823411288,10.3634450896992));
#17811=CARTESIAN_POINT('Ctrl Pts',(1.29718997642727,0.394560574872752,10.3641470129326));
#17812=CARTESIAN_POINT('Ctrl Pts',(1.32332511475839,0.394560574872752,10.3641470129326));
#17813=CARTESIAN_POINT('Ctrl Pts',(1.33747566324349,0.397233320584942,10.3633866378118));
#17814=CARTESIAN_POINT('Ctrl Pts',(1.3545389348121,0.404319081702256,10.3616081634978));
#17815=CARTESIAN_POINT('Ctrl Pts',(1.35851389527223,0.406272392941172,10.3611296463585));
#17816=CARTESIAN_POINT('Ctrl Pts',(1.36232950467564,0.40845264762525,10.3606170493291));
#17817=CARTESIAN_POINT('',(1.34902508476678,0.40204161718995,9.96931931529189));
#17818=CARTESIAN_POINT('Ctrl Pts',(1.36232950467564,0.408452647625249,10.3606170493291));
#17819=CARTESIAN_POINT('Ctrl Pts',(1.37452377745982,0.415420504537659,10.3567942782048));
#17820=CARTESIAN_POINT('Ctrl Pts',(1.38482008123132,0.424705152215405,10.3511483889046));
#17821=CARTESIAN_POINT('Ctrl Pts',(1.40189722536404,0.446077294749636,10.3352315403928));
#17822=CARTESIAN_POINT('Ctrl Pts',(1.40744457120463,0.458083072497909,10.3243700597748));
#17823=CARTESIAN_POINT('Ctrl Pts',(1.4141740412726,0.479982961932902,10.2991678188451));
#17824=CARTESIAN_POINT('Ctrl Pts',(1.4152907229605,0.489894374419231,10.2848246634659));
#17825=CARTESIAN_POINT('Ctrl Pts',(1.41574557418432,0.51434163631001,10.2381208059778));
#17826=CARTESIAN_POINT('Ctrl Pts',(1.41286151921396,0.523272248161077,10.2018886264341));
#17827=CARTESIAN_POINT('Ctrl Pts',(1.41286151921396,0.523272248161077,10.166659103677));
#17828=CARTESIAN_POINT('Ctrl Pts',(1.41286151921396,0.523272248161077,10.1314295809199));
#17829=CARTESIAN_POINT('Ctrl Pts',(1.41574557418432,0.514341636310009,10.0951974013762));
#17830=CARTESIAN_POINT('Ctrl Pts',(1.4152907229605,0.489894374419229,10.0484935438882));
#17831=CARTESIAN_POINT('Ctrl Pts',(1.4141740412726,0.479982961932901,10.0341503885089));
#17832=CARTESIAN_POINT('Ctrl Pts',(1.40744457120463,0.458083072497909,10.0089481475792));
#17833=CARTESIAN_POINT('Ctrl Pts',(1.40189722536404,0.446077294749636,9.99808666696124));
#17834=CARTESIAN_POINT('Ctrl Pts',(1.3837583298465,0.423376364348073,9.98118020708245));
#17835=CARTESIAN_POINT('Ctrl Pts',(1.37154382866636,0.412864400068794,9.97501392678506));
#17836=CARTESIAN_POINT('Ctrl Pts',(1.35447216913207,0.404345182589257,9.97049801698445));
#17837=CARTESIAN_POINT('Ctrl Pts',(1.35177621069726,0.403137114528817,9.9698744478112));
#17838=CARTESIAN_POINT('Ctrl Pts',(1.34902508476678,0.402041617189954,9.96931931529189));
#17839=CARTESIAN_POINT('',(1.34902508476678,0.402041617189952,9.87900578040662));
#17840=CARTESIAN_POINT('',(1.34902508476676,0.402041617189948,4.5));
#17841=CARTESIAN_POINT('',(1.27100703682511,0.402041617189952,9.87900578040662));
#17842=CARTESIAN_POINT('Ctrl Pts',(1.34902508476678,0.402041617189954,9.87900578040662));
#17843=CARTESIAN_POINT('Ctrl Pts',(1.34758185001524,0.401466921639978,9.87756309462994));
#17844=CARTESIAN_POINT('Ctrl Pts',(1.34615011230385,0.400933783863509,9.87613193513574));
#17845=CARTESIAN_POINT('Ctrl Pts',(1.33820018012861,0.398161626142863,9.86818588186049));
#17846=CARTESIAN_POINT('Ctrl Pts',(1.33161571639021,0.396633256657596,9.8616046973937));
#17847=CARTESIAN_POINT('Ctrl Pts',(1.32300255304592,0.39532304630509,9.85301014861481));
#17848=CARTESIAN_POINT('Ctrl Pts',(1.3201744784441,0.395020244435079,9.85018921342647));
#17849=CARTESIAN_POINT('Ctrl Pts',(1.31637036777699,0.394744532730765,9.84641994130192));
#17850=CARTESIAN_POINT('Ctrl Pts',(1.31511850598107,0.394677806440068,9.84519537375239));
#17851=CARTESIAN_POINT('Ctrl Pts',(1.31335799026828,0.394611780202356,9.84347320124154));
#17852=CARTESIAN_POINT('Ctrl Pts',(1.31277602336562,0.394595064120868,9.84292290438918));
#17853=CARTESIAN_POINT('Ctrl Pts',(1.31189008093144,0.394576806373033,9.84212127259222));
#17854=CARTESIAN_POINT('Ctrl Pts',(1.31159792025382,0.394571937816373,9.84186403286712));
#17855=CARTESIAN_POINT('Ctrl Pts',(1.31110994067425,0.394566124055138,9.84148795008142));
#17856=CARTESIAN_POINT('Ctrl Pts',(1.31094069471624,0.394564486701233,9.84137052852232));
#17857=CARTESIAN_POINT('Ctrl Pts',(1.31065279181175,0.394562434966868,9.84119597371989));
#17858=CARTESIAN_POINT('Ctrl Pts',(1.31054849607575,0.394561855889164,9.84114531561541));
#17859=CARTESIAN_POINT('Ctrl Pts',(1.31031234609163,0.394560922090621,9.84105662422062));
#17860=CARTESIAN_POINT('Ctrl Pts',(1.31017949882867,0.394560574872752,9.84102125768118));
#17861=CARTESIAN_POINT('Ctrl Pts',(1.30985262276322,0.394560574872752,9.84102125768118));
#17862=CARTESIAN_POINT('Ctrl Pts',(1.30971977550027,0.394560922090621,9.84105662422062));
#17863=CARTESIAN_POINT('Ctrl Pts',(1.30948362551614,0.394561855889164,9.84114531561541));
#17864=CARTESIAN_POINT('Ctrl Pts',(1.30937932978015,0.394562434966868,9.84119597371989));
#17865=CARTESIAN_POINT('Ctrl Pts',(1.30909142687565,0.394564486701233,9.84137052852231));
#17866=CARTESIAN_POINT('Ctrl Pts',(1.30892218091765,0.394566124055138,9.84148795008143));
#17867=CARTESIAN_POINT('Ctrl Pts',(1.30843420133808,0.394571937816373,9.84186403286712));
#17868=CARTESIAN_POINT('Ctrl Pts',(1.30814204066045,0.394576806373033,9.84212127259222));
#17869=CARTESIAN_POINT('Ctrl Pts',(1.30725609822627,0.394595064120868,9.84292290438918));
#17870=CARTESIAN_POINT('Ctrl Pts',(1.30667413132361,0.394611780202356,9.84347320124154));
#17871=CARTESIAN_POINT('Ctrl Pts',(1.30491361561082,0.394677806440068,9.84519537375239));
#17872=CARTESIAN_POINT('Ctrl Pts',(1.30366175381491,0.394744532730765,9.84641994130192));
#17873=CARTESIAN_POINT('Ctrl Pts',(1.2998576431478,0.395020244435079,9.85018921342647));
#17874=CARTESIAN_POINT('Ctrl Pts',(1.29702956854597,0.39532304630509,9.85301014861481));
#17875=CARTESIAN_POINT('Ctrl Pts',(1.28841640520169,0.396633256657596,9.8616046973937));
#17876=CARTESIAN_POINT('Ctrl Pts',(1.28183194146328,0.398161626142863,9.86818588186049));
#17877=CARTESIAN_POINT('Ctrl Pts',(1.27388200928804,0.400933783863509,9.87613193513575));
#17878=CARTESIAN_POINT('Ctrl Pts',(1.27245027157666,0.401466921639978,9.87756309462994));
#17879=CARTESIAN_POINT('Ctrl Pts',(1.27100703682511,0.402041617189955,9.87900578040662));
#17880=CARTESIAN_POINT('',(1.27100703682512,0.40204161718995,9.96931931529189));
#17881=CARTESIAN_POINT('',(1.27100703682513,0.402041617189948,4.5));
#17882=CARTESIAN_POINT('Ctrl Pts',(1.27100703682512,0.402041617189954,9.96931931529189));
#17883=CARTESIAN_POINT('Ctrl Pts',(1.27100276691716,0.402043317465741,9.96932017688995));
#17884=CARTESIAN_POINT('Ctrl Pts',(1.2709984951964,0.402045018787011,9.96932103904543));
#17885=CARTESIAN_POINT('Ctrl Pts',(1.27099422555384,0.402046719604072,9.96932190097305));
#17886=CARTESIAN_POINT('Origin',(1.31001606079595,0.500005102414117,4.5));
#17887=CARTESIAN_POINT('Ctrl Pts',(1.34347599736505,0.600000007450391,5.46253957423851));
#17888=CARTESIAN_POINT('Ctrl Pts',(1.3440499388165,0.599807957219903,5.46311380673506));
#17889=CARTESIAN_POINT('Ctrl Pts',(1.34462409229908,0.599610339552476,5.46368822812592));
#17890=CARTESIAN_POINT('Ctrl Pts',(1.35841936028182,0.594727692989281,5.47749008026042));
#17891=CARTESIAN_POINT('Ctrl Pts',(1.37300087000655,0.586336345461951,5.49207302489962));
#17892=CARTESIAN_POINT('Ctrl Pts',(1.3934828412863,0.565518206265474,5.51255777757751));
#17893=CARTESIAN_POINT('Ctrl Pts',(1.40142042027671,0.554413878741527,5.52049626063376));
#17894=CARTESIAN_POINT('Ctrl Pts',(1.40970101888303,0.535084853710541,5.52877806356827));
#17895=CARTESIAN_POINT('Ctrl Pts',(1.4118786985351,0.528201514396977,5.53095612038437));
#17896=CARTESIAN_POINT('Ctrl Pts',(1.41477545003488,0.514016884744248,5.53385360187961));
#17897=CARTESIAN_POINT('Ctrl Pts',(1.41549487276279,0.506715737688475,5.53457337718823));
#17898=CARTESIAN_POINT('Ctrl Pts',(1.41542358740685,0.492223540412752,5.53450279312852));
#17899=CARTESIAN_POINT('Ctrl Pts',(1.41462553166026,0.484905907451574,5.53370509183601));
#17900=CARTESIAN_POINT('Ctrl Pts',(1.41157131963787,0.470716259208912,5.53065161490742));
#17901=CARTESIAN_POINT('Ctrl Pts',(1.40931476518825,0.463844415376525,5.52839544083753));
#17902=CARTESIAN_POINT('Ctrl Pts',(1.40080999312563,0.444578336839922,5.51989188638899));
#17903=CARTESIAN_POINT('Ctrl Pts',(1.3927409964605,0.433555742567312,5.51182380680165));
#17904=CARTESIAN_POINT('Ctrl Pts',(1.37223135447638,0.413177841824429,5.49131698075214));
#17905=CARTESIAN_POINT('Ctrl Pts',(1.35780417704882,0.404997580239067,5.47689125859204));
#17906=CARTESIAN_POINT('Ctrl Pts',(1.33820018012861,0.398161626142863,5.45729682677776));
#17907=CARTESIAN_POINT('Ctrl Pts',(1.33161571639021,0.396633256657596,5.45071564231097));
#17908=CARTESIAN_POINT('Ctrl Pts',(1.32300255304592,0.39532304630509,5.44212109353208));
#17909=CARTESIAN_POINT('Ctrl Pts',(1.3201744784441,0.395020244435079,5.43930015834374));
#17910=CARTESIAN_POINT('Ctrl Pts',(1.31637036777698,0.394744532730765,5.43553088621918));
#17911=CARTESIAN_POINT('Ctrl Pts',(1.31511850598107,0.394677806440068,5.43430631866966));
#17912=CARTESIAN_POINT('Ctrl Pts',(1.31335799026828,0.394611780202356,5.43258414615881));
#17913=CARTESIAN_POINT('Ctrl Pts',(1.31277602336562,0.394595064120868,5.43203384930645));
#17914=CARTESIAN_POINT('Ctrl Pts',(1.31189008093144,0.394576806373033,5.43123221750949));
#17915=CARTESIAN_POINT('Ctrl Pts',(1.31159792025382,0.394571937816373,5.43097497778439));
#17916=CARTESIAN_POINT('Ctrl Pts',(1.31110994067425,0.394566124055138,5.43059889499869));
#17917=CARTESIAN_POINT('Ctrl Pts',(1.31094069471624,0.394564486701233,5.43048147343959));
#17918=CARTESIAN_POINT('Ctrl Pts',(1.31065279181175,0.394562434966868,5.43030691863716));
#17919=CARTESIAN_POINT('Ctrl Pts',(1.31054849607575,0.394561855889164,5.43025626053268));
#17920=CARTESIAN_POINT('Ctrl Pts',(1.31031234609163,0.394560922090621,5.43016756913789));
#17921=CARTESIAN_POINT('Ctrl Pts',(1.31017949882867,0.394560574872752,5.43013220259845));
#17922=CARTESIAN_POINT('Ctrl Pts',(1.30985262276322,0.394560574872752,5.43013220259845));
#17923=CARTESIAN_POINT('Ctrl Pts',(1.30971977550026,0.394560922090621,5.43016756913789));
#17924=CARTESIAN_POINT('Ctrl Pts',(1.30948362551614,0.394561855889164,5.43025626053268));
#17925=CARTESIAN_POINT('Ctrl Pts',(1.30937932978015,0.394562434966868,5.43030691863716));
#17926=CARTESIAN_POINT('Ctrl Pts',(1.30909142687565,0.394564486701233,5.43048147343958));
#17927=CARTESIAN_POINT('Ctrl Pts',(1.30892218091765,0.394566124055138,5.4305988949987));
#17928=CARTESIAN_POINT('Ctrl Pts',(1.30843420133807,0.394571937816373,5.43097497778439));
#17929=CARTESIAN_POINT('Ctrl Pts',(1.30814204066045,0.394576806373033,5.43123221750949));
#17930=CARTESIAN_POINT('Ctrl Pts',(1.30725609822628,0.394595064120868,5.43203384930645));
#17931=CARTESIAN_POINT('Ctrl Pts',(1.30667413132361,0.394611780202356,5.43258414615881));
#17932=CARTESIAN_POINT('Ctrl Pts',(1.30491361561082,0.394677806440068,5.43430631866966));
#17933=CARTESIAN_POINT('Ctrl Pts',(1.30366175381491,0.394744532730765,5.43553088621918));
#17934=CARTESIAN_POINT('Ctrl Pts',(1.2998576431478,0.395020244435079,5.43930015834374));
#17935=CARTESIAN_POINT('Ctrl Pts',(1.29702956854597,0.39532304630509,5.44212109353208));
#17936=CARTESIAN_POINT('Ctrl Pts',(1.28841640520169,0.396633256657596,5.45071564231097));
#17937=CARTESIAN_POINT('Ctrl Pts',(1.28183194146328,0.398161626142863,5.45729682677776));
#17938=CARTESIAN_POINT('Ctrl Pts',(1.27387782189229,0.400935244017032,5.46524706540567));
#17939=CARTESIAN_POINT('Ctrl Pts',(1.27244179893195,0.401470077072403,5.46668250863794));
#17940=CARTESIAN_POINT('Ctrl Pts',(1.27099422555384,0.402046719604073,5.46812953172352));
#17941=CARTESIAN_POINT('Ctrl Pts',(1.27099422555384,0.402046719604073,9.80094930352278));
#17942=CARTESIAN_POINT('Ctrl Pts',(1.27244179893195,0.401470077072404,9.80239632660836));
#17943=CARTESIAN_POINT('Ctrl Pts',(1.27387782189229,0.400935244017032,9.80383176984063));
#17944=CARTESIAN_POINT('Ctrl Pts',(1.28183194146328,0.398161626142863,9.81178200846854));
#17945=CARTESIAN_POINT('Ctrl Pts',(1.28841640520169,0.396633256657596,9.81836319293532));
#17946=CARTESIAN_POINT('Ctrl Pts',(1.29702956854597,0.39532304630509,9.82695774171421));
#17947=CARTESIAN_POINT('Ctrl Pts',(1.2998576431478,0.395020244435079,9.82977867690256));
#17948=CARTESIAN_POINT('Ctrl Pts',(1.30366175381491,0.394744532730765,9.83354794902711));
#17949=CARTESIAN_POINT('Ctrl Pts',(1.30491361561082,0.394677806440068,9.83477251657664));
#17950=CARTESIAN_POINT('Ctrl Pts',(1.30667413132361,0.394611780202356,9.83649468908749));
#17951=CARTESIAN_POINT('Ctrl Pts',(1.30725609822628,0.394595064120868,9.83704498593985));
#17952=CARTESIAN_POINT('Ctrl Pts',(1.30814204066045,0.394576806373033,9.83784661773681));
#17953=CARTESIAN_POINT('Ctrl Pts',(1.30843420133808,0.394571937816373,9.83810385746191));
#17954=CARTESIAN_POINT('Ctrl Pts',(1.30892218091765,0.394566124055138,9.8384799402476));
#17955=CARTESIAN_POINT('Ctrl Pts',(1.30909142687565,0.394564486701233,9.83859736180671));
#17956=CARTESIAN_POINT('Ctrl Pts',(1.30937932978015,0.394562434966868,9.83877191660914));
#17957=CARTESIAN_POINT('Ctrl Pts',(1.30948362551614,0.394561855889164,9.83882257471362));
#17958=CARTESIAN_POINT('Ctrl Pts',(1.30971977550026,0.394560922090621,9.83891126610841));
#17959=CARTESIAN_POINT('Ctrl Pts',(1.30985262276322,0.394560574872752,9.83894663264785));
#17960=CARTESIAN_POINT('Ctrl Pts',(1.31017949882867,0.394560574872752,9.83894663264785));
#17961=CARTESIAN_POINT('Ctrl Pts',(1.31031234609163,0.394560922090621,9.83891126610841));
#17962=CARTESIAN_POINT('Ctrl Pts',(1.31054849607575,0.394561855889164,9.83882257471362));
#17963=CARTESIAN_POINT('Ctrl Pts',(1.31065279181175,0.394562434966868,9.83877191660914));
#17964=CARTESIAN_POINT('Ctrl Pts',(1.31094069471624,0.394564486701233,9.83859736180671));
#17965=CARTESIAN_POINT('Ctrl Pts',(1.31110994067425,0.394566124055138,9.8384799402476));
#17966=CARTESIAN_POINT('Ctrl Pts',(1.31159792025382,0.394571937816373,9.83810385746191));
#17967=CARTESIAN_POINT('Ctrl Pts',(1.31189008093144,0.394576806373033,9.83784661773681));
#17968=CARTESIAN_POINT('Ctrl Pts',(1.31277602336562,0.394595064120868,9.83704498593985));
#17969=CARTESIAN_POINT('Ctrl Pts',(1.31335799026828,0.394611780202356,9.83649468908749));
#17970=CARTESIAN_POINT('Ctrl Pts',(1.31511850598107,0.394677806440068,9.83477251657664));
#17971=CARTESIAN_POINT('Ctrl Pts',(1.31637036777699,0.394744532730765,9.83354794902711));
#17972=CARTESIAN_POINT('Ctrl Pts',(1.3201744784441,0.395020244435079,9.82977867690256));
#17973=CARTESIAN_POINT('Ctrl Pts',(1.32300255304592,0.39532304630509,9.82695774171421));
#17974=CARTESIAN_POINT('Ctrl Pts',(1.33161571639021,0.396633256657596,9.81836319293532));
#17975=CARTESIAN_POINT('Ctrl Pts',(1.33820018012861,0.398161626142863,9.81178200846854));
#17976=CARTESIAN_POINT('Ctrl Pts',(1.35780417704882,0.404997580239066,9.79218757665426));
#17977=CARTESIAN_POINT('Ctrl Pts',(1.37223135447638,0.413177841824429,9.77776185449416));
#17978=CARTESIAN_POINT('Ctrl Pts',(1.3927409964605,0.433555742567312,9.75725502844465));
#17979=CARTESIAN_POINT('Ctrl Pts',(1.40080999312563,0.444578336839921,9.74918694885731));
#17980=CARTESIAN_POINT('Ctrl Pts',(1.40931476518825,0.463844415376524,9.74068339440877));
#17981=CARTESIAN_POINT('Ctrl Pts',(1.41157131963787,0.470716259208911,9.73842722033888));
#17982=CARTESIAN_POINT('Ctrl Pts',(1.41462553166026,0.484905907451574,9.73537374341029));
#17983=CARTESIAN_POINT('Ctrl Pts',(1.41542358740685,0.492223540412752,9.73457604211778));
#17984=CARTESIAN_POINT('Ctrl Pts',(1.41549487276279,0.506715737688475,9.73450545805807));
#17985=CARTESIAN_POINT('Ctrl Pts',(1.41477545003488,0.514016884744248,9.73522523336668));
#17986=CARTESIAN_POINT('Ctrl Pts',(1.4118786985351,0.528201514396977,9.73812271486193));
#17987=CARTESIAN_POINT('Ctrl Pts',(1.40970101888303,0.535084853710541,9.74030077167803));
#17988=CARTESIAN_POINT('Ctrl Pts',(1.40142042027671,0.554413878741527,9.74858257461253));
#17989=CARTESIAN_POINT('Ctrl Pts',(1.3934828412863,0.565518206265474,9.75652105766879));
#17990=CARTESIAN_POINT('Ctrl Pts',(1.37300087000655,0.586336345461951,9.77700581034668));
#17991=CARTESIAN_POINT('Ctrl Pts',(1.35841936028182,0.594727692989281,9.79158875498588));
#17992=CARTESIAN_POINT('Ctrl Pts',(1.34462409229908,0.599610339552476,9.80539060712038));
#17993=CARTESIAN_POINT('Ctrl Pts',(1.3440499388165,0.599807957219903,9.80596502851123));
#17994=CARTESIAN_POINT('Ctrl Pts',(1.34347599736505,0.600000007450391,9.80653926100778));
#17995=CARTESIAN_POINT('Origin',(1.31001606079595,0.500005102414117,4.5));
#17996=CARTESIAN_POINT('',(1.36232950467563,0.408452647625245,4.90846178591719));
#17997=CARTESIAN_POINT('Ctrl Pts',(1.36232950467565,0.408452647625253,4.90846178591719));
#17998=CARTESIAN_POINT('Ctrl Pts',(1.35851389527223,0.406272392941173,4.90794918888775));
#17999=CARTESIAN_POINT('Ctrl Pts',(1.3545389348121,0.404319081702257,4.90747067174846));
#18000=CARTESIAN_POINT('Ctrl Pts',(1.33747566324349,0.397233320584942,4.90569219743454));
#18001=CARTESIAN_POINT('Ctrl Pts',(1.32332511475839,0.394560574872752,4.9049318223137));
#18002=CARTESIAN_POINT('Ctrl Pts',(1.29718997642727,0.394560574872752,4.9049318223137));
#18003=CARTESIAN_POINT('Ctrl Pts',(1.28357833906857,0.397033823411288,4.90563374554705));
#18004=CARTESIAN_POINT('Ctrl Pts',(1.27099422555384,0.402046719604072,4.9068998698224));
#18005=CARTESIAN_POINT('',(1.27100703682511,0.40204161718995,5.29975951995441));
#18006=CARTESIAN_POINT('Ctrl Pts',(1.27099422555384,0.402046719604072,5.29975693427325));
#18007=CARTESIAN_POINT('Ctrl Pts',(1.27099849519478,0.402045018787658,5.29975779620054));
#18008=CARTESIAN_POINT('Ctrl Pts',(1.27100276691872,0.40204331746512,5.29975865835666));
#18009=CARTESIAN_POINT('Ctrl Pts',(1.27100703682512,0.402041617189954,5.29975951995441));
#18010=CARTESIAN_POINT('',(1.27100703682511,0.402041617189952,5.39007305483967));
#18011=CARTESIAN_POINT('',(1.27100703682513,0.402041617189948,4.5));
#18012=CARTESIAN_POINT('',(1.34902508476678,0.402041617189952,5.39007305483967));
#18013=CARTESIAN_POINT('Ctrl Pts',(1.27100703682511,0.402041617189955,5.39007305483967));
#18014=CARTESIAN_POINT('Ctrl Pts',(1.27245027157666,0.401466921639978,5.39151574061636));
#18015=CARTESIAN_POINT('Ctrl Pts',(1.27388200928804,0.400933783863509,5.39294690011055));
#18016=CARTESIAN_POINT('Ctrl Pts',(1.28183194146328,0.398161626142863,5.40089295338581));
#18017=CARTESIAN_POINT('Ctrl Pts',(1.28841640520169,0.396633256657596,5.40747413785259));
#18018=CARTESIAN_POINT('Ctrl Pts',(1.29702956854597,0.39532304630509,5.41606868663149));
#18019=CARTESIAN_POINT('Ctrl Pts',(1.2998576431478,0.395020244435079,5.41888962181983));
#18020=CARTESIAN_POINT('Ctrl Pts',(1.30366175381491,0.394744532730765,5.42265889394438));
#18021=CARTESIAN_POINT('Ctrl Pts',(1.30491361561082,0.394677806440068,5.42388346149391));
#18022=CARTESIAN_POINT('Ctrl Pts',(1.30667413132361,0.394611780202356,5.42560563400476));
#18023=CARTESIAN_POINT('Ctrl Pts',(1.30725609822628,0.394595064120868,5.42615593085712));
#18024=CARTESIAN_POINT('Ctrl Pts',(1.30814204066046,0.394576806373033,5.42695756265408));
#18025=CARTESIAN_POINT('Ctrl Pts',(1.30843420133807,0.394571937816373,5.42721480237918));
#18026=CARTESIAN_POINT('Ctrl Pts',(1.30892218091765,0.394566124055138,5.42759088516487));
#18027=CARTESIAN_POINT('Ctrl Pts',(1.30909142687565,0.394564486701233,5.42770830672398));
#18028=CARTESIAN_POINT('Ctrl Pts',(1.30937932978015,0.394562434966868,5.42788286152641));
#18029=CARTESIAN_POINT('Ctrl Pts',(1.30948362551614,0.394561855889164,5.42793351963089));
#18030=CARTESIAN_POINT('Ctrl Pts',(1.30971977550027,0.394560922090621,5.42802221102568));
#18031=CARTESIAN_POINT('Ctrl Pts',(1.30985262276322,0.394560574872752,5.42805757756512));
#18032=CARTESIAN_POINT('Ctrl Pts',(1.31017949882867,0.394560574872752,5.42805757756512));
#18033=CARTESIAN_POINT('Ctrl Pts',(1.31031234609163,0.394560922090621,5.42802221102568));
#18034=CARTESIAN_POINT('Ctrl Pts',(1.31054849607575,0.394561855889164,5.42793351963089));
#18035=CARTESIAN_POINT('Ctrl Pts',(1.31065279181175,0.394562434966868,5.42788286152641));
#18036=CARTESIAN_POINT('Ctrl Pts',(1.31094069471624,0.394564486701233,5.42770830672398));
#18037=CARTESIAN_POINT('Ctrl Pts',(1.31110994067425,0.394566124055138,5.42759088516487));
#18038=CARTESIAN_POINT('Ctrl Pts',(1.31159792025382,0.394571937816373,5.42721480237918));
#18039=CARTESIAN_POINT('Ctrl Pts',(1.31189008093144,0.394576806373033,5.42695756265408));
#18040=CARTESIAN_POINT('Ctrl Pts',(1.31277602336562,0.394595064120868,5.42615593085712));
#18041=CARTESIAN_POINT('Ctrl Pts',(1.31335799026828,0.394611780202356,5.42560563400476));
#18042=CARTESIAN_POINT('Ctrl Pts',(1.31511850598107,0.394677806440068,5.42388346149391));
#18043=CARTESIAN_POINT('Ctrl Pts',(1.31637036777698,0.394744532730765,5.42265889394438));
#18044=CARTESIAN_POINT('Ctrl Pts',(1.3201744784441,0.395020244435079,5.41888962181983));
#18045=CARTESIAN_POINT('Ctrl Pts',(1.32300255304592,0.39532304630509,5.41606868663149));
#18046=CARTESIAN_POINT('Ctrl Pts',(1.33161571639021,0.396633256657596,5.40747413785259));
#18047=CARTESIAN_POINT('Ctrl Pts',(1.33820018012861,0.398161626142863,5.40089295338581));
#18048=CARTESIAN_POINT('Ctrl Pts',(1.34615011230385,0.400933783863509,5.39294690011055));
#18049=CARTESIAN_POINT('Ctrl Pts',(1.34758185001523,0.401466921639978,5.39151574061636));
#18050=CARTESIAN_POINT('Ctrl Pts',(1.34902508476678,0.402041617189954,5.39007305483967));
#18051=CARTESIAN_POINT('',(1.34902508476678,0.40204161718995,5.29975951995441));
#18052=CARTESIAN_POINT('',(1.34902508476676,0.402041617189948,4.5));
#18053=CARTESIAN_POINT('Ctrl Pts',(1.34902508476678,0.402041617189954,5.29975951995441));
#18054=CARTESIAN_POINT('Ctrl Pts',(1.35177621069726,0.403137114528817,5.2992043874351));
#18055=CARTESIAN_POINT('Ctrl Pts',(1.35447216913207,0.404345182589257,5.29858081826185));
#18056=CARTESIAN_POINT('Ctrl Pts',(1.37154382866636,0.412864400068794,5.29406490846124));
#18057=CARTESIAN_POINT('Ctrl Pts',(1.3837583298465,0.423376364348073,5.28789862816385));
#18058=CARTESIAN_POINT('Ctrl Pts',(1.40189722536404,0.446077294749636,5.27099216828506));
#18059=CARTESIAN_POINT('Ctrl Pts',(1.40744457120463,0.458083072497909,5.26013068766711));
#18060=CARTESIAN_POINT('Ctrl Pts',(1.4141740412726,0.479982961932902,5.23492844673737));
#18061=CARTESIAN_POINT('Ctrl Pts',(1.4152907229605,0.48989437441923,5.22058529135814));
#18062=CARTESIAN_POINT('Ctrl Pts',(1.41574557418432,0.51434163631001,5.1738814338701));
#18063=CARTESIAN_POINT('Ctrl Pts',(1.41286151921396,0.523272248161077,5.13764925432638));
#18064=CARTESIAN_POINT('Ctrl Pts',(1.41286151921396,0.523272248161077,5.10241973156929));
#18065=CARTESIAN_POINT('Ctrl Pts',(1.41286151921396,0.523272248161077,5.0671902088122));
#18066=CARTESIAN_POINT('Ctrl Pts',(1.41574557418432,0.514341636310009,5.03095802926848));
#18067=CARTESIAN_POINT('Ctrl Pts',(1.4152907229605,0.48989437441923,4.98425417178044));
#18068=CARTESIAN_POINT('Ctrl Pts',(1.4141740412726,0.479982961932902,4.96991101640121));
#18069=CARTESIAN_POINT('Ctrl Pts',(1.40744457120463,0.458083072497909,4.94470877547147));
#18070=CARTESIAN_POINT('Ctrl Pts',(1.40189722536404,0.446077294749636,4.93384729485352));
#18071=CARTESIAN_POINT('Ctrl Pts',(1.38482008123132,0.424705152215404,4.91793044634171));
#18072=CARTESIAN_POINT('Ctrl Pts',(1.37452377745981,0.415420504537656,4.91228455704153));
#18073=CARTESIAN_POINT('Ctrl Pts',(1.36232950467564,0.408452647625246,4.90846178591719));
#18074=CARTESIAN_POINT('Origin',(0.500000177323818,0.25,5.07680912643472));
#18075=CARTESIAN_POINT('',(0.500000177323818,0.112701665379138,4.61907883524628));
#18076=CARTESIAN_POINT('',(0.500000177323818,0.375,4.6190788352463));
#18077=CARTESIAN_POINT('',(0.500000177323818,0.112701665379138,10.65));
#18078=CARTESIAN_POINT('',(0.500000177323818,0.125,10.65));
#18079=CARTESIAN_POINT('Origin',(0.500000177323818,0.5,10.75));
#18080=CARTESIAN_POINT('Origin',(0.500000177323818,0.5,4.5190788352463));
#18081=CARTESIAN_POINT('Origin',(10.4000001773238,0.5,4.6190788352463));
#18082=CARTESIAN_POINT('',(10.3000001773238,0.112701665379138,4.61907883524628));
#18083=CARTESIAN_POINT('',(10.4000001773238,0.112701665379258,4.6190788352463));
#18084=CARTESIAN_POINT('',(10.3000001773238,0.375,4.6190788352463));
#18085=CARTESIAN_POINT('Origin',(10.4000001773238,0.5,4.5190788352463));
#18086=CARTESIAN_POINT('Origin',(10.3000001773238,0.5,4.5190788352463));
#18087=CARTESIAN_POINT('',(10.4000001773238,0.335654411249641,4.88375749853536));
#18088=CARTESIAN_POINT('',(10.4000001773238,0.408452647625245,4.90846178591719));
#18089=CARTESIAN_POINT('',(10.4000001773238,0.335654411249641,4.88375749853536));
#18090=CARTESIAN_POINT('Origin',(10.4000001773238,0.302041617189948,5.10241973156929));
#18091=CARTESIAN_POINT('',(10.4000001773238,0.402041617189948,5.29975951995441));
#18092=CARTESIAN_POINT('Origin',(10.4000001773238,0.302041617189948,5.10241973156929));
#18093=CARTESIAN_POINT('',(10.4000001773238,0.402041617189948,5.29975951995441));
#18094=CARTESIAN_POINT('Origin',(10.4000001773238,0.302041617189948,5.10241973156929));
#18095=CARTESIAN_POINT('',(10.4000001773238,0.402041617189948,5.29975951995441));
#18096=CARTESIAN_POINT('Origin',(10.4000001773238,0.402041617189948,5.22365036254042));
#18097=CARTESIAN_POINT('',(10.4000001773238,0.402041617189948,5.39007305483969));
#18098=CARTESIAN_POINT('Origin',(10.4000001773238,0.402041617189948,5.22365036254042));
#18099=CARTESIAN_POINT('',(10.4000001773238,0.402041617189948,5.39007305483969));
#18100=CARTESIAN_POINT('Origin',(10.4000001773238,0.5,9.83998394516451));
#18101=CARTESIAN_POINT('',(10.4000001773238,0.402041617189948,9.87900578040661));
#18102=CARTESIAN_POINT('',(10.4000001773238,0.402041617189948,9.87900578040661));
#18103=CARTESIAN_POINT('',(10.4000001773238,0.402041617189948,9.87900578040661));
#18104=CARTESIAN_POINT('Origin',(10.4000001773238,0.402041617189948,9.89493785832749));
#18105=CARTESIAN_POINT('',(10.4000001773238,0.402041617189948,9.96931931529189));
#18106=CARTESIAN_POINT('Origin',(10.4000001773238,0.402041617189948,9.89493785832749));
#18107=CARTESIAN_POINT('',(10.4000001773238,0.402041617189948,9.96931931529189));
#18108=CARTESIAN_POINT('Origin',(10.4000001773238,0.402041617189948,9.89493785832749));
#18109=CARTESIAN_POINT('',(10.4000001773238,0.402041617189948,9.96931931529189));
#18110=CARTESIAN_POINT('Origin',(10.4000001773238,0.302041617189948,10.166659103677));
#18111=CARTESIAN_POINT('',(10.4000001773238,0.335654411249642,10.3853213367109));
#18112=CARTESIAN_POINT('Origin',(10.4000001773238,0.302041617189948,10.166659103677));
#18113=CARTESIAN_POINT('',(10.4000001773238,0.335654411249642,10.3853213367109));
#18114=CARTESIAN_POINT('Origin',(10.4000001773238,0.302041617189948,10.166659103677));
#18115=CARTESIAN_POINT('',(10.4000001773238,0.408452647625244,10.3606170493291));
#18116=CARTESIAN_POINT('Origin',(10.4000001773238,0.5,10.75));
#18117=CARTESIAN_POINT('',(10.3000001773238,0.112701665379138,10.65));
#18118=CARTESIAN_POINT('',(10.4000001773238,0.112701665379258,10.65));
#18119=CARTESIAN_POINT('Origin',(10.3000001773238,0.5,10.75));
#18120=CARTESIAN_POINT('Origin',(10.4000001773238,0.,10.65));
#18121=CARTESIAN_POINT('',(10.3000001773238,0.125,10.65));
#18122=CARTESIAN_POINT('Origin',(10.3000001773238,0.25,10.1922697088116));
#18123=CARTESIAN_POINT('Origin',(10.4000001773238,0.5,5.42909489008178));
#18124=CARTESIAN_POINT('',(10.4000001773238,0.402041617189948,5.39007305483969));
#18125=CARTESIAN_POINT('Origin',(10.4000001773238,0.402041617189948,5.22365036254042));
#18126=CARTESIAN_POINT('Origin',(10.3000001773238,0.25,5.07680912643472));
#18127=CARTESIAN_POINT('Origin',(4.00000006556511,1.00000000745058,13.5000002086163));
#18128=CARTESIAN_POINT('',(4.00000006556511,0.900000014901161,13.4000002086163));
#18129=CARTESIAN_POINT('',(4.00000006556511,0.900000014901161,13.9));
#18130=CARTESIAN_POINT('',(4.00000006556511,0.900000014901161,6.75000010430813));
#18131=CARTESIAN_POINT('',(4.00000006556511,0.875000011175871,13.9));
#18132=CARTESIAN_POINT('',(4.00000006556511,1.00000000745058,13.4000002086163));
#18133=CARTESIAN_POINT('Origin',(3.40000006556511,1.00000000745058,13.4000002086163));
#18134=CARTESIAN_POINT('',(3.30000006556511,0.900000014901161,13.4000002086163));
#18135=CARTESIAN_POINT('',(1.6500000320375,0.900000014901161,13.4000002086163));
#18136=CARTESIAN_POINT('',(3.30000006556511,1.00000000745058,13.4000002086163));
#18137=CARTESIAN_POINT('Origin',(3.30000006556511,1.00000000745058,14.0000002086163));
#18138=CARTESIAN_POINT('',(3.30000006556511,0.900000014901161,13.9));
#18139=CARTESIAN_POINT('',(3.30000006556511,0.900000014901161,7.00000010430813));
#18140=CARTESIAN_POINT('',(3.30000006556511,0.875000011175871,13.9));
#18141=CARTESIAN_POINT('Origin',(3.00000004321337,1.00000000745058,13.5));
#18142=CARTESIAN_POINT('',(3.00000004321337,0.900000014901161,13.4));
#18143=CARTESIAN_POINT('',(3.00000004321337,0.900000014901161,13.9));
#18144=CARTESIAN_POINT('',(3.00000004321337,0.900000014901161,6.75));
#18145=CARTESIAN_POINT('',(3.00000004321337,0.875000011175871,13.9));
#18146=CARTESIAN_POINT('',(3.00000004321337,1.00000000745058,13.4));
#18147=CARTESIAN_POINT('Origin',(2.40000004321337,1.00000000745058,13.4));
#18148=CARTESIAN_POINT('',(2.30000004321337,0.900000014901161,13.4));
#18149=CARTESIAN_POINT('',(1.15000002086163,0.900000014901161,13.4));
#18150=CARTESIAN_POINT('',(2.30000004321337,1.00000000745058,13.4));
#18151=CARTESIAN_POINT('Origin',(2.30000004321337,1.00000000745058,14.0000002086163));
#18152=CARTESIAN_POINT('',(2.30000004321337,0.900000014901161,13.9));
#18153=CARTESIAN_POINT('',(2.30000004321337,0.900000014901161,7.00000010430813));
#18154=CARTESIAN_POINT('',(2.30000004321337,0.875000011175871,13.9));
#18155=CARTESIAN_POINT('Origin',(2.00000004321337,1.00000000745058,13.5));
#18156=CARTESIAN_POINT('',(2.00000004321337,0.900000014901161,13.4));
#18157=CARTESIAN_POINT('',(2.00000004321337,0.900000014901161,13.9));
#18158=CARTESIAN_POINT('',(2.00000004321337,0.900000014901161,6.75));
#18159=CARTESIAN_POINT('',(2.00000004321337,0.875000011175871,13.9));
#18160=CARTESIAN_POINT('',(2.00000004321337,1.00000000745058,13.4));
#18161=CARTESIAN_POINT('Origin',(1.40000002086163,1.00000000745058,13.4));
#18162=CARTESIAN_POINT('',(1.30000002086163,0.900000014901161,13.4));
#18163=CARTESIAN_POINT('',(0.650000009685755,0.900000014901161,13.4));
#18164=CARTESIAN_POINT('',(1.30000002086163,1.00000000745058,13.4));
#18165=CARTESIAN_POINT('Origin',(1.30000002086163,1.00000000745058,14.0000002086163));
#18166=CARTESIAN_POINT('',(1.30000002086163,0.900000014901161,13.9));
#18167=CARTESIAN_POINT('',(1.30000002086163,0.900000014901161,7.00000010430813));
#18168=CARTESIAN_POINT('',(1.30000002086163,0.875000011175871,13.9));
#18169=CARTESIAN_POINT('Origin',(1.00000001341105,1.00000000745058,13.5));
#18170=CARTESIAN_POINT('',(1.00000001341105,0.900000014901161,13.4));
#18171=CARTESIAN_POINT('',(1.00000001341104,0.900000014901161,13.9));
#18172=CARTESIAN_POINT('',(1.00000001341105,0.900000014901161,6.75));
#18173=CARTESIAN_POINT('',(1.00000001341104,0.875000011175871,13.9));
#18174=CARTESIAN_POINT('',(1.00000001341105,1.00000000745058,13.4));
#18175=CARTESIAN_POINT('Origin',(0.400000005960464,1.00000000745058,13.4));
#18176=CARTESIAN_POINT('',(0.300000005960464,0.900000014901161,13.4));
#18177=CARTESIAN_POINT('',(0.150000002235174,0.900000014901161,13.4));
#18178=CARTESIAN_POINT('',(0.300000005960464,1.00000000745058,13.4));
#18179=CARTESIAN_POINT('Origin',(0.300000005960464,1.00000000745058,14.0000002086163));
#18180=CARTESIAN_POINT('',(0.300000005960465,0.900000014901161,13.9));
#18181=CARTESIAN_POINT('',(0.300000005960464,0.900000014901161,7.00000010430813));
#18182=CARTESIAN_POINT('',(0.300000005960465,0.875000011175871,13.9));
#18183=CARTESIAN_POINT('Origin',(-1.49011611383365E-9,1.00000000745058,
13.5));
#18184=CARTESIAN_POINT('',(-1.49011612308551E-9,0.900000014901161,13.4));
#18185=CARTESIAN_POINT('',(-1.49011623410781E-9,0.900000014901161,13.9));
#18186=CARTESIAN_POINT('',(-1.49011611383365E-9,0.900000014901161,6.75));
#18187=CARTESIAN_POINT('',(-1.49011647465613E-9,0.875000011175871,13.9));
#18188=CARTESIAN_POINT('',(-1.49011614158923E-9,1.00000000745058,13.4));
#18189=CARTESIAN_POINT('Origin',(-0.600000001490116,1.00000000745058,13.4));
#18190=CARTESIAN_POINT('',(-0.700000001490116,0.900000014901161,13.4));
#18191=CARTESIAN_POINT('',(-0.350000001490116,0.900000014901161,13.4));
#18192=CARTESIAN_POINT('',(-0.700000001490116,1.00000000745058,13.4));
#18193=CARTESIAN_POINT('Origin',(-0.700000001490116,1.00000000745058,14.));
#18194=CARTESIAN_POINT('',(-0.700000001490116,0.900000014901161,13.9));
#18195=CARTESIAN_POINT('',(-0.700000001490116,0.900000014901161,7.));
#18196=CARTESIAN_POINT('',(-0.700000001490116,0.875000011175871,13.9));
#18197=CARTESIAN_POINT('Origin',(-1.00000001639128,1.00000000745058,13.5));
#18198=CARTESIAN_POINT('',(-1.00000001639128,0.900000014901161,13.4));
#18199=CARTESIAN_POINT('',(-1.00000001639128,0.900000014901161,13.9));
#18200=CARTESIAN_POINT('',(-1.00000001639128,0.900000014901161,6.75));
#18201=CARTESIAN_POINT('',(-1.00000001639128,0.875000011175871,13.9));
#18202=CARTESIAN_POINT('',(-1.00000001639128,1.00000000745058,13.4));
#18203=CARTESIAN_POINT('Origin',(-1.59999982267618,1.00000000745058,13.4));
#18204=CARTESIAN_POINT('',(-1.49999982267618,0.900000014901161,13.4));
#18205=CARTESIAN_POINT('',(-0.849999912083149,0.900000014901161,13.4));
#18206=CARTESIAN_POINT('',(-1.49999982267618,1.00000001117587,13.4));
#18207=CARTESIAN_POINT('Origin',(11.0000001624227,1.00000000745058,13.5));
#18208=CARTESIAN_POINT('',(11.0000001624227,0.900000014901161,13.4));
#18209=CARTESIAN_POINT('',(11.0000001624227,0.900000014901161,13.9));
#18210=CARTESIAN_POINT('',(11.0000001624227,0.900000014901161,6.75));
#18211=CARTESIAN_POINT('',(11.0000001624227,0.875000011175871,13.9));
#18212=CARTESIAN_POINT('',(11.0000001624227,1.00000000745058,13.4));
#18213=CARTESIAN_POINT('Origin',(10.4000001549721,1.00000000745058,13.4));
#18214=CARTESIAN_POINT('',(10.3000001549721,0.900000014901161,13.4));
#18215=CARTESIAN_POINT('',(5.15000007674098,0.900000014901161,13.4));
#18216=CARTESIAN_POINT('',(10.3000001549721,1.00000000745058,13.4));
#18217=CARTESIAN_POINT('Origin',(10.3000001549721,1.00000000745058,14.));
#18218=CARTESIAN_POINT('',(10.3000001549721,0.900000014901161,13.9));
#18219=CARTESIAN_POINT('',(10.3000001549721,0.900000014901161,7.));
#18220=CARTESIAN_POINT('',(10.3000001549721,0.875000011175871,13.9));
#18221=CARTESIAN_POINT('Origin',(10.0000001475215,1.00000000745058,13.5));
#18222=CARTESIAN_POINT('',(10.0000001475215,0.900000014901161,13.4));
#18223=CARTESIAN_POINT('',(10.0000001475215,0.900000014901161,13.9));
#18224=CARTESIAN_POINT('',(10.0000001475215,0.900000014901161,6.75));
#18225=CARTESIAN_POINT('',(10.0000001475215,0.875000011175871,13.9));
#18226=CARTESIAN_POINT('',(10.0000001475215,1.00000000745058,13.4));
#18227=CARTESIAN_POINT('Origin',(9.40000014007092,1.00000000745058,13.4));
#18228=CARTESIAN_POINT('',(9.30000014007092,0.900000014901161,13.4));
#18229=CARTESIAN_POINT('',(4.6500000692904,0.900000014901161,13.4));
#18230=CARTESIAN_POINT('',(9.30000014007092,1.00000000745058,13.4));
#18231=CARTESIAN_POINT('Origin',(9.30000014007092,1.00000000745058,14.));
#18232=CARTESIAN_POINT('',(9.30000014007092,0.900000014901161,13.9));
#18233=CARTESIAN_POINT('',(9.30000014007092,0.900000014901161,7.));
#18234=CARTESIAN_POINT('',(9.30000014007092,0.875000011175871,13.9));
#18235=CARTESIAN_POINT('Origin',(9.00000013262033,1.00000000745058,13.5));
#18236=CARTESIAN_POINT('',(9.00000013262033,0.900000014901161,13.4));
#18237=CARTESIAN_POINT('',(9.00000013262033,0.900000014901161,13.9));
#18238=CARTESIAN_POINT('',(9.00000013262033,0.900000014901161,6.75));
#18239=CARTESIAN_POINT('',(9.00000013262033,0.875000011175871,13.9));
#18240=CARTESIAN_POINT('',(9.00000013262034,1.00000000745058,13.4));
#18241=CARTESIAN_POINT('Origin',(8.40000012516975,1.00000000745058,13.4));
#18242=CARTESIAN_POINT('',(8.30000012516975,0.900000014901161,13.4));
#18243=CARTESIAN_POINT('',(4.15000006183982,0.900000014901161,13.4));
#18244=CARTESIAN_POINT('',(8.30000012516975,1.00000000745058,13.4));
#18245=CARTESIAN_POINT('Origin',(8.30000012516975,1.00000000745058,14.));
#18246=CARTESIAN_POINT('',(8.30000012516975,0.900000014901161,13.9));
#18247=CARTESIAN_POINT('',(8.30000012516975,0.900000014901161,7.));
#18248=CARTESIAN_POINT('',(8.30000012516975,0.875000011175871,13.9));
#18249=CARTESIAN_POINT('Origin',(8.00000011771917,1.00000000745058,13.5));
#18250=CARTESIAN_POINT('',(8.00000011771917,0.900000014901161,13.4));
#18251=CARTESIAN_POINT('',(8.00000011771917,0.900000014901161,13.9));
#18252=CARTESIAN_POINT('',(8.00000011771917,0.900000014901161,6.75));
#18253=CARTESIAN_POINT('',(8.00000011771917,0.875000011175871,13.9));
#18254=CARTESIAN_POINT('',(8.00000011771917,1.00000000745058,13.4));
#18255=CARTESIAN_POINT('Origin',(7.40000011026859,1.00000000745058,13.4));
#18256=CARTESIAN_POINT('',(7.30000011026859,0.900000014901161,13.4));
#18257=CARTESIAN_POINT('',(3.65000005438924,0.900000014901161,13.4));
#18258=CARTESIAN_POINT('',(7.30000011026859,1.00000000745058,13.4));
#18259=CARTESIAN_POINT('Origin',(7.30000011026859,1.00000000745058,14.));
#18260=CARTESIAN_POINT('',(7.30000011026859,0.900000014901161,13.9));
#18261=CARTESIAN_POINT('',(7.30000011026859,0.900000014901161,7.));
#18262=CARTESIAN_POINT('',(7.30000011026859,0.875000011175871,13.9));
#18263=CARTESIAN_POINT('Origin',(7.00000010281801,1.00000000745058,13.5));
#18264=CARTESIAN_POINT('',(7.00000010281801,0.900000014901161,13.4));
#18265=CARTESIAN_POINT('',(7.00000010281801,0.900000014901161,13.9));
#18266=CARTESIAN_POINT('',(7.00000010281801,0.900000014901161,6.75));
#18267=CARTESIAN_POINT('',(7.00000010281801,0.875000011175871,13.9));
#18268=CARTESIAN_POINT('',(7.00000010281801,1.00000000745058,13.4));
#18269=CARTESIAN_POINT('Origin',(6.40000009536743,1.00000000745058,13.4));
#18270=CARTESIAN_POINT('',(6.30000009536743,0.900000014901161,13.4));
#18271=CARTESIAN_POINT('',(3.15000004693866,0.900000014901161,13.4));
#18272=CARTESIAN_POINT('',(6.30000009536743,1.00000000745058,13.4));
#18273=CARTESIAN_POINT('Origin',(6.30000009536743,1.00000000745058,14.));
#18274=CARTESIAN_POINT('',(6.30000009536743,0.900000014901161,13.9));
#18275=CARTESIAN_POINT('',(6.30000009536743,0.900000014901161,7.));
#18276=CARTESIAN_POINT('',(6.30000009536743,0.875000011175871,13.9));
#18277=CARTESIAN_POINT('Origin',(6.00000008791685,1.00000000745058,13.5));
#18278=CARTESIAN_POINT('',(6.00000008791685,0.900000014901161,13.4));
#18279=CARTESIAN_POINT('',(6.00000008791685,0.900000014901161,13.9));
#18280=CARTESIAN_POINT('',(6.00000008791685,0.900000014901161,6.75));
#18281=CARTESIAN_POINT('',(6.00000008791685,0.875000011175871,13.9));
#18282=CARTESIAN_POINT('',(6.00000008791685,1.00000000745058,13.4));
#18283=CARTESIAN_POINT('Origin',(5.40000017732382,1.00000000745058,13.4));
#18284=CARTESIAN_POINT('',(5.30000017732382,0.900000014901161,13.4));
#18285=CARTESIAN_POINT('',(2.65000008791685,0.900000014901161,13.4));
#18286=CARTESIAN_POINT('',(5.30000017732382,1.00000000745058,13.4));
#18287=CARTESIAN_POINT('Origin',(5.30000017732382,1.00000000745058,14.));
#18288=CARTESIAN_POINT('',(5.30000017732382,0.900000014901161,13.9));
#18289=CARTESIAN_POINT('',(5.30000017732382,0.900000014901161,7.));
#18290=CARTESIAN_POINT('',(5.30000017732382,0.875000011175871,13.9));
#18291=CARTESIAN_POINT('Origin',(5.00000007301569,1.00000000745058,13.5));
#18292=CARTESIAN_POINT('',(5.00000007301569,0.900000014901161,13.4));
#18293=CARTESIAN_POINT('',(5.00000007301569,0.900000014901161,13.9));
#18294=CARTESIAN_POINT('',(5.00000007301569,0.900000014901161,6.75));
#18295=CARTESIAN_POINT('',(5.00000007301569,0.875000011175871,13.9));
#18296=CARTESIAN_POINT('',(5.00000007301569,1.00000000745058,13.4));
#18297=CARTESIAN_POINT('Origin',(4.40000006556511,1.00000000745058,13.4));
#18298=CARTESIAN_POINT('',(4.30000006556511,0.900000014901161,13.4));
#18299=CARTESIAN_POINT('',(2.1500000320375,0.900000014901161,13.4));
#18300=CARTESIAN_POINT('',(4.30000006556511,1.00000000745058,13.4));
#18301=CARTESIAN_POINT('Origin',(4.30000006556511,1.00000000745058,14.0000002086163));
#18302=CARTESIAN_POINT('',(4.30000006556511,0.900000014901161,13.9));
#18303=CARTESIAN_POINT('',(4.30000006556511,0.900000014901161,7.00000010430813));
#18304=CARTESIAN_POINT('',(4.30000006556511,0.875000011175871,13.9));
#18305=CARTESIAN_POINT('Origin',(-1.49999982267618,1.00000001490116,0.5));
#18306=CARTESIAN_POINT('',(-1.49999982267618,0.900000014901161,13.1000001937151));
#18307=CARTESIAN_POINT('',(-1.49999982267618,1.00000001490116,13.1000001937151));
#18308=CARTESIAN_POINT('',(-1.49999982267618,0.900000014901161,0.25));
#18309=CARTESIAN_POINT('Origin',(-0.100000001490116,0.900000014901161,0.));
#18310=CARTESIAN_POINT('',(12.3000001773238,0.900000014901161,13.9));
#18311=CARTESIAN_POINT('',(2.65000008791685,0.900000014901161,13.9));
#18312=CARTESIAN_POINT('',(2.65000008791685,0.900000014901161,13.9));
#18313=CARTESIAN_POINT('',(2.65000008791685,0.900000014901161,13.9));
#18314=CARTESIAN_POINT('',(2.65000008791685,0.900000014901161,13.9));
#18315=CARTESIAN_POINT('',(2.65000008791685,0.900000014901161,13.9));
#18316=CARTESIAN_POINT('',(2.65000008791685,0.900000014901161,13.9));
#18317=CARTESIAN_POINT('',(2.65000008791685,0.900000014901161,13.9));
#18318=CARTESIAN_POINT('',(2.65000008791685,0.900000014901161,13.9));
#18319=CARTESIAN_POINT('',(2.65000008791685,0.900000014901161,13.9));
#18320=CARTESIAN_POINT('',(2.65000008791685,0.900000014901161,13.9));
#18321=CARTESIAN_POINT('',(2.65000008791685,0.900000014901161,13.9));
#18322=CARTESIAN_POINT('',(2.65000008791685,0.900000014901161,13.9));
#18323=CARTESIAN_POINT('',(2.65000008791685,0.900000014901161,13.9));
#18324=CARTESIAN_POINT('',(-1.,0.900000014901161,13.1000001937151));
#18325=CARTESIAN_POINT('',(-0.888000000745058,0.900000014901161,13.1000001937151));
#18326=CARTESIAN_POINT('',(-1.,0.900000014901161,12.4000001862645));
#18327=CARTESIAN_POINT('',(-1.,0.900000014901161,6.3750000949949));
#18328=CARTESIAN_POINT('',(-1.49999982267618,0.900000014901161,12.4000001862645));
#18329=CARTESIAN_POINT('',(-0.888000000745058,0.900000014901161,12.4000001862645));
#18330=CARTESIAN_POINT('',(-1.49999982267618,0.900000014901161,12.1000001788139));
#18331=CARTESIAN_POINT('',(-1.49999982267618,0.900000014901161,0.25));
#18332=CARTESIAN_POINT('',(-1.,0.900000014901161,12.1000001788139));
#18333=CARTESIAN_POINT('',(-0.888000000745058,0.900000014901161,12.1000001788139));
#18334=CARTESIAN_POINT('',(-1.,0.900000014901161,11.4000001713634));
#18335=CARTESIAN_POINT('',(-1.,0.900000014901161,5.87500008754432));
#18336=CARTESIAN_POINT('',(-1.49999982267618,0.900000014901161,11.4000001713634));
#18337=CARTESIAN_POINT('',(-0.888000000745058,0.900000014901161,11.4000001713634));
#18338=CARTESIAN_POINT('',(-1.49999982267618,0.900000014901161,11.1000001639128));
#18339=CARTESIAN_POINT('',(-1.49999982267618,0.900000014901161,0.25));
#18340=CARTESIAN_POINT('',(-1.,0.900000014901161,11.1000001639128));
#18341=CARTESIAN_POINT('',(-0.888000000745058,0.900000014901161,11.1000001639128));
#18342=CARTESIAN_POINT('',(-1.,0.900000014901161,10.4000001564622));
#18343=CARTESIAN_POINT('',(-1.,0.900000014901161,5.37500008009374));
#18344=CARTESIAN_POINT('',(-1.49999982267618,0.900000014901161,10.4000001564622));
#18345=CARTESIAN_POINT('',(-0.888000000745058,0.900000014901161,10.4000001564622));
#18346=CARTESIAN_POINT('',(-1.49999982267618,0.900000014901161,10.1000001490116));
#18347=CARTESIAN_POINT('',(-1.49999982267618,0.900000014901161,0.25));
#18348=CARTESIAN_POINT('',(-1.,0.900000014901161,10.1000001490116));
#18349=CARTESIAN_POINT('',(-0.888000000745058,0.900000014901161,10.1000001490116));
#18350=CARTESIAN_POINT('',(-1.,0.900000014901161,9.40000014156103));
#18351=CARTESIAN_POINT('',(-1.,0.900000014901161,4.87500007264316));
#18352=CARTESIAN_POINT('',(-1.49999982267618,0.900000014901161,9.40000014156103));
#18353=CARTESIAN_POINT('',(-0.888000000745058,0.900000014901161,9.40000014156103));
#18354=CARTESIAN_POINT('',(-1.49999982267618,0.900000014901161,9.10000013411045));
#18355=CARTESIAN_POINT('',(-1.49999982267618,0.900000014901161,0.25));
#18356=CARTESIAN_POINT('',(-1.,0.900000014901161,9.10000013411045));
#18357=CARTESIAN_POINT('',(-0.888000000745058,0.900000014901161,9.10000013411045));
#18358=CARTESIAN_POINT('',(-1.,0.900000014901161,8.40000012665987));
#18359=CARTESIAN_POINT('',(-1.,0.900000014901161,4.37500006519258));
#18360=CARTESIAN_POINT('',(-1.49999982267618,0.900000014901161,8.40000012665987));
#18361=CARTESIAN_POINT('',(-0.888000000745058,0.900000014901161,8.40000012665987));
#18362=CARTESIAN_POINT('',(-1.49999982267618,0.900000014901161,8.10000011920929));
#18363=CARTESIAN_POINT('',(-1.49999982267618,0.900000014901161,0.25));
#18364=CARTESIAN_POINT('',(-1.,0.900000014901161,8.10000011920929));
#18365=CARTESIAN_POINT('',(-0.888000000745058,0.900000014901161,8.10000011920929));
#18366=CARTESIAN_POINT('',(-1.,0.900000014901161,7.40000011175871));
#18367=CARTESIAN_POINT('',(-1.,0.900000014901161,3.875000057742));
#18368=CARTESIAN_POINT('',(-1.49999982267618,0.900000014901161,7.40000011175871));
#18369=CARTESIAN_POINT('',(-0.888000000745058,0.900000014901161,7.40000011175871));
#18370=CARTESIAN_POINT('',(-1.49999982267618,0.900000014901161,7.10000010430813));
#18371=CARTESIAN_POINT('',(-1.49999982267618,0.900000014901161,0.25));
#18372=CARTESIAN_POINT('',(-1.,0.900000014901161,7.10000010430813));
#18373=CARTESIAN_POINT('',(-0.888000000745058,0.900000014901161,7.10000010430813));
#18374=CARTESIAN_POINT('',(-1.,0.900000014901161,6.4));
#18375=CARTESIAN_POINT('',(-1.,0.900000014901161,3.37500002607703));
#18376=CARTESIAN_POINT('',(-1.49999982267618,0.900000014901161,6.4));
#18377=CARTESIAN_POINT('',(-0.888000000745058,0.900000014901161,6.4));
#18378=CARTESIAN_POINT('',(-1.49999982267618,0.900000014901161,6.1));
#18379=CARTESIAN_POINT('',(-1.49999982267618,0.900000014901161,0.25));
#18380=CARTESIAN_POINT('',(-1.,0.900000014901161,6.1));
#18381=CARTESIAN_POINT('',(-0.888000000745058,0.900000014901161,6.1));
#18382=CARTESIAN_POINT('',(-1.,0.900000014901161,5.4));
#18383=CARTESIAN_POINT('',(-1.,0.900000014901161,2.875));
#18384=CARTESIAN_POINT('',(-1.49999982267618,0.900000014901161,5.4));
#18385=CARTESIAN_POINT('',(-0.888000000745058,0.900000014901161,5.4));
#18386=CARTESIAN_POINT('',(-1.49999982267618,0.900000014901161,5.1));
#18387=CARTESIAN_POINT('',(-1.49999982267618,0.900000014901161,0.25));
#18388=CARTESIAN_POINT('',(-1.,0.900000014901161,5.1));
#18389=CARTESIAN_POINT('',(-0.888000000745058,0.900000014901161,5.1));
#18390=CARTESIAN_POINT('',(-1.,0.900000014901161,4.4));
#18391=CARTESIAN_POINT('',(-1.,0.900000014901161,2.375));
#18392=CARTESIAN_POINT('',(-1.49999982267618,0.900000014901161,4.4));
#18393=CARTESIAN_POINT('',(-0.888000000745058,0.900000014901161,4.4));
#18394=CARTESIAN_POINT('',(-1.49999982267618,0.900000014901161,4.10000005960464));
#18395=CARTESIAN_POINT('',(-1.49999982267618,0.900000014901161,0.25));
#18396=CARTESIAN_POINT('',(-1.,0.900000014901161,4.10000005960464));
#18397=CARTESIAN_POINT('',(-0.888000000745058,0.900000014901161,4.10000005960464));
#18398=CARTESIAN_POINT('',(-1.,0.900000014901161,3.40000005215406));
#18399=CARTESIAN_POINT('',(-1.,0.900000014901161,1.87500002793968));
#18400=CARTESIAN_POINT('',(-1.49999982267618,0.900000014901161,3.40000005215406));
#18401=CARTESIAN_POINT('',(-0.888000000745058,0.900000014901161,3.40000005215406));
#18402=CARTESIAN_POINT('',(-1.49999982267618,0.900000014901161,3.10000004470348));
#18403=CARTESIAN_POINT('',(-1.49999982267618,0.900000014901161,0.25));
#18404=CARTESIAN_POINT('',(-1.,0.900000014901161,3.10000004470348));
#18405=CARTESIAN_POINT('',(-0.888000000745058,0.900000014901161,3.10000004470348));
#18406=CARTESIAN_POINT('',(-1.,0.900000014901161,2.4000000372529));
#18407=CARTESIAN_POINT('',(-1.,0.900000014901161,1.3750000204891));
#18408=CARTESIAN_POINT('',(-1.49999982267618,0.900000014901161,2.4000000372529));
#18409=CARTESIAN_POINT('',(-0.888000000745058,0.900000014901161,2.4000000372529));
#18410=CARTESIAN_POINT('',(-1.49999982267618,0.900000014901161,2.10000002980232));
#18411=CARTESIAN_POINT('',(-1.49999982267618,0.900000014901161,0.25));
#18412=CARTESIAN_POINT('',(-1.,0.900000014901161,2.10000002980232));
#18413=CARTESIAN_POINT('',(-0.888000000745058,0.900000014901161,2.10000002980232));
#18414=CARTESIAN_POINT('',(-1.,0.900000014901161,1.40000002235174));
#18415=CARTESIAN_POINT('',(-1.,0.900000014901161,0.875000013038516));
#18416=CARTESIAN_POINT('',(-1.49999982267618,0.900000014901161,1.40000002235174));
#18417=CARTESIAN_POINT('',(-0.888000000745058,0.900000014901161,1.40000002235174));
#18418=CARTESIAN_POINT('',(-1.49999982267618,0.900000014901161,1.10000001490116));
#18419=CARTESIAN_POINT('',(-1.49999982267618,0.900000014901161,0.25));
#18420=CARTESIAN_POINT('',(-1.,0.900000014901161,1.10000001490116));
#18421=CARTESIAN_POINT('',(-0.888000000745058,0.900000014901161,1.10000001490116));
#18422=CARTESIAN_POINT('',(-1.,0.900000014901161,0.6));
#18423=CARTESIAN_POINT('',(-1.,0.900000014901161,0.375000005587935));
#18424=CARTESIAN_POINT('',(-0.500000008940697,0.900000014901161,0.6));
#18425=CARTESIAN_POINT('',(2.65000008791685,0.900000014901161,0.6));
#18426=CARTESIAN_POINT('',(-0.500000008940697,0.900000014901161,0.1));
#18427=CARTESIAN_POINT('',(-0.500000008940697,0.900000014901161,0.));
#18428=CARTESIAN_POINT('',(-0.200000001490116,0.900000014901161,0.1));
#18429=CARTESIAN_POINT('',(-0.225000003352761,0.900000014901161,0.1));
#18430=CARTESIAN_POINT('',(-0.200000001490116,0.900000014901161,0.6));
#18431=CARTESIAN_POINT('',(-0.200000001490116,0.900000014901161,0.));
#18432=CARTESIAN_POINT('',(0.500000005960464,0.900000014901161,0.6));
#18433=CARTESIAN_POINT('',(2.65000008791685,0.900000014901161,0.6));
#18434=CARTESIAN_POINT('',(0.500000005960464,0.900000014901161,0.1));
#18435=CARTESIAN_POINT('',(0.500000005960464,0.900000014901161,0.));
#18436=CARTESIAN_POINT('',(0.800000013411045,0.900000014901161,0.1));
#18437=CARTESIAN_POINT('',(0.275000004097819,0.900000014901161,0.1));
#18438=CARTESIAN_POINT('',(0.800000013411045,0.900000014901161,0.6));
#18439=CARTESIAN_POINT('',(0.800000013411045,0.900000014901161,0.));
#18440=CARTESIAN_POINT('',(1.50000002086163,0.900000014901161,0.6));
#18441=CARTESIAN_POINT('',(2.65000008791685,0.900000014901161,0.6));
#18442=CARTESIAN_POINT('',(1.50000002086163,0.900000014901161,0.1));
#18443=CARTESIAN_POINT('',(1.50000002086163,0.900000014901161,0.));
#18444=CARTESIAN_POINT('',(1.80000002831221,0.900000014901161,0.1));
#18445=CARTESIAN_POINT('',(0.7750000115484,0.900000014901161,0.1));
#18446=CARTESIAN_POINT('',(1.80000002831221,0.900000014901161,0.6));
#18447=CARTESIAN_POINT('',(1.80000002831221,0.900000014901161,0.));
#18448=CARTESIAN_POINT('',(2.50000003576279,0.900000014901161,0.6));
#18449=CARTESIAN_POINT('',(2.65000008791685,0.900000014901161,0.6));
#18450=CARTESIAN_POINT('',(2.50000003576279,0.900000014901161,0.1));
#18451=CARTESIAN_POINT('',(2.50000003576279,0.900000014901161,0.));
#18452=CARTESIAN_POINT('',(2.80000004321337,0.900000014901161,0.1));
#18453=CARTESIAN_POINT('',(1.27500001899898,0.900000014901161,0.1));
#18454=CARTESIAN_POINT('',(2.80000004321337,0.900000014901161,0.6));
#18455=CARTESIAN_POINT('',(2.80000004321337,0.900000014901161,0.));
#18456=CARTESIAN_POINT('',(3.50000005066395,0.900000014901161,0.6));
#18457=CARTESIAN_POINT('',(2.65000008791685,0.900000014901161,0.6));
#18458=CARTESIAN_POINT('',(3.50000005066395,0.900000014901161,0.1));
#18459=CARTESIAN_POINT('',(3.50000005066395,0.900000014901161,0.));
#18460=CARTESIAN_POINT('',(3.80000005811453,0.900000014901161,0.1));
#18461=CARTESIAN_POINT('',(1.77500002644956,0.900000014901161,0.1));
#18462=CARTESIAN_POINT('',(3.80000005811453,0.900000014901161,0.6));
#18463=CARTESIAN_POINT('',(3.80000005811453,0.900000014901161,0.));
#18464=CARTESIAN_POINT('',(4.50000006556511,0.900000014901161,0.6));
#18465=CARTESIAN_POINT('',(2.65000008791685,0.900000014901161,0.6));
#18466=CARTESIAN_POINT('',(4.50000006556511,0.900000014901161,0.1));
#18467=CARTESIAN_POINT('',(4.50000006556511,0.900000014901161,0.));
#18468=CARTESIAN_POINT('',(4.80000007301569,0.900000014901161,0.1));
#18469=CARTESIAN_POINT('',(2.27500003390014,0.900000014901161,0.1));
#18470=CARTESIAN_POINT('',(4.80000007301569,0.900000014901161,0.6));
#18471=CARTESIAN_POINT('',(4.80000007301569,0.900000014901161,0.));
#18472=CARTESIAN_POINT('',(5.50000008046627,0.900000014901161,0.6));
#18473=CARTESIAN_POINT('',(2.65000008791685,0.900000014901161,0.6));
#18474=CARTESIAN_POINT('',(5.50000008046627,0.900000014901161,0.1));
#18475=CARTESIAN_POINT('',(5.50000008046627,0.900000014901161,0.));
#18476=CARTESIAN_POINT('',(5.80000008791685,0.900000014901161,0.1));
#18477=CARTESIAN_POINT('',(2.77500004135072,0.900000014901161,0.1));
#18478=CARTESIAN_POINT('',(5.80000008791685,0.900000014901161,0.6));
#18479=CARTESIAN_POINT('',(5.80000008791685,0.900000014901161,0.));
#18480=CARTESIAN_POINT('',(6.50000009536743,0.900000014901161,0.6));
#18481=CARTESIAN_POINT('',(2.65000008791685,0.900000014901161,0.6));
#18482=CARTESIAN_POINT('',(6.50000009536743,0.900000014901161,0.1));
#18483=CARTESIAN_POINT('',(6.50000009536743,0.900000014901161,0.));
#18484=CARTESIAN_POINT('',(6.80000010281801,0.900000014901161,0.1));
#18485=CARTESIAN_POINT('',(3.2750000488013,0.900000014901161,0.1));
#18486=CARTESIAN_POINT('',(6.80000010281801,0.900000014901161,0.6));
#18487=CARTESIAN_POINT('',(6.80000010281801,0.900000014901161,0.));
#18488=CARTESIAN_POINT('',(7.50000011026859,0.900000014901161,0.6));
#18489=CARTESIAN_POINT('',(2.65000008791685,0.900000014901161,0.6));
#18490=CARTESIAN_POINT('',(7.50000011026859,0.900000014901161,0.1));
#18491=CARTESIAN_POINT('',(7.50000011026859,0.900000014901161,0.));
#18492=CARTESIAN_POINT('',(7.80000011771917,0.900000014901161,0.1));
#18493=CARTESIAN_POINT('',(3.77500005625188,0.900000014901161,0.1));
#18494=CARTESIAN_POINT('',(7.80000011771917,0.900000014901161,0.6));
#18495=CARTESIAN_POINT('',(7.80000011771917,0.900000014901161,0.));
#18496=CARTESIAN_POINT('',(8.50000012516975,0.900000014901161,0.6));
#18497=CARTESIAN_POINT('',(2.65000008791685,0.900000014901161,0.6));
#18498=CARTESIAN_POINT('',(8.50000012516975,0.900000014901161,0.1));
#18499=CARTESIAN_POINT('',(8.50000012516975,0.900000014901161,0.));
#18500=CARTESIAN_POINT('',(8.80000013262033,0.900000014901161,0.1));
#18501=CARTESIAN_POINT('',(4.27500006370246,0.900000014901161,0.1));
#18502=CARTESIAN_POINT('',(8.80000013262033,0.900000014901161,0.6));
#18503=CARTESIAN_POINT('',(8.80000013262033,0.900000014901161,0.));
#18504=CARTESIAN_POINT('',(9.50000014007091,0.900000014901161,0.6));
#18505=CARTESIAN_POINT('',(2.65000008791685,0.900000014901161,0.6));
#18506=CARTESIAN_POINT('',(9.50000014007091,0.900000014901161,0.1));
#18507=CARTESIAN_POINT('',(9.50000014007091,0.900000014901161,0.));
#18508=CARTESIAN_POINT('',(9.8000001475215,0.900000014901161,0.1));
#18509=CARTESIAN_POINT('',(4.77500007115304,0.900000014901161,0.1));
#18510=CARTESIAN_POINT('',(9.8000001475215,0.900000014901161,0.6));
#18511=CARTESIAN_POINT('',(9.8000001475215,0.900000014901161,0.));
#18512=CARTESIAN_POINT('',(10.5000001549721,0.900000014901161,0.6));
#18513=CARTESIAN_POINT('',(2.65000008791685,0.900000014901161,0.6));
#18514=CARTESIAN_POINT('',(10.5000001549721,0.900000014901161,0.1));
#18515=CARTESIAN_POINT('',(10.5000001549721,0.900000014901161,0.));
#18516=CARTESIAN_POINT('',(10.8000001624227,0.900000014901161,0.1));
#18517=CARTESIAN_POINT('',(5.27500007860363,0.900000014901161,0.1));
#18518=CARTESIAN_POINT('',(10.8000001624227,0.900000014901161,0.6));
#18519=CARTESIAN_POINT('',(10.8000001624227,0.900000014901161,0.));
#18520=CARTESIAN_POINT('',(11.5000001698732,0.900000014901161,0.6));
#18521=CARTESIAN_POINT('',(2.65000008791685,0.900000014901161,0.6));
#18522=CARTESIAN_POINT('',(11.5000001698732,0.900000014901161,0.1));
#18523=CARTESIAN_POINT('',(11.5000001698732,0.900000014901161,0.));
#18524=CARTESIAN_POINT('',(11.8000001773238,0.900000014901161,0.1));
#18525=CARTESIAN_POINT('',(5.77500008605421,0.900000014901161,0.1));
#18526=CARTESIAN_POINT('',(11.8000001773238,0.900000014901161,0.6));
#18527=CARTESIAN_POINT('',(11.8000001773238,0.900000014901161,0.));
#18528=CARTESIAN_POINT('',(12.3000001773238,0.900000014901161,0.6));
#18529=CARTESIAN_POINT('',(2.65000008791685,0.900000014901161,0.6));
#18530=CARTESIAN_POINT('',(12.3000001773238,0.900000014901161,0.9));
#18531=CARTESIAN_POINT('',(12.3000001773238,0.900000014901161,0.25));
#18532=CARTESIAN_POINT('',(11.8000001773238,0.900000014901161,0.9));
#18533=CARTESIAN_POINT('',(6.15000008791685,0.900000014901161,0.9));
#18534=CARTESIAN_POINT('',(11.8000001773238,0.900000014901161,1.6));
#18535=CARTESIAN_POINT('',(11.8000001773238,0.900000014901161,0.625));
#18536=CARTESIAN_POINT('',(12.3000001773238,0.900000014901161,1.6));
#18537=CARTESIAN_POINT('',(6.15000008791685,0.900000014901161,1.6));
#18538=CARTESIAN_POINT('',(12.3000001773238,0.900000014901161,1.9));
#18539=CARTESIAN_POINT('',(12.3000001773238,0.900000014901161,0.25));
#18540=CARTESIAN_POINT('',(11.8000001773238,0.900000014901161,1.9));
#18541=CARTESIAN_POINT('',(6.15000008791685,0.900000014901161,1.9));
#18542=CARTESIAN_POINT('',(11.8000001773238,0.900000014901161,2.6));
#18543=CARTESIAN_POINT('',(11.8000001773238,0.900000014901161,1.125));
#18544=CARTESIAN_POINT('',(12.3000001773238,0.900000014901161,2.6));
#18545=CARTESIAN_POINT('',(6.15000008791685,0.900000014901161,2.6));
#18546=CARTESIAN_POINT('',(12.3000001773238,0.900000014901161,2.9));
#18547=CARTESIAN_POINT('',(12.3000001773238,0.900000014901161,0.25));
#18548=CARTESIAN_POINT('',(11.8000001773238,0.900000014901161,2.9));
#18549=CARTESIAN_POINT('',(6.15000008791685,0.900000014901161,2.9));
#18550=CARTESIAN_POINT('',(11.8000001773238,0.900000014901161,3.6));
#18551=CARTESIAN_POINT('',(11.8000001773238,0.900000014901161,1.625));
#18552=CARTESIAN_POINT('',(12.3000001773238,0.900000014901161,3.6));
#18553=CARTESIAN_POINT('',(6.15000008791685,0.900000014901161,3.6));
#18554=CARTESIAN_POINT('',(12.3000001773238,0.900000014901161,3.9));
#18555=CARTESIAN_POINT('',(12.3000001773238,0.900000014901161,0.25));
#18556=CARTESIAN_POINT('',(11.8000001773238,0.900000014901161,3.9));
#18557=CARTESIAN_POINT('',(6.15000008791685,0.900000014901161,3.9));
#18558=CARTESIAN_POINT('',(11.8000001773238,0.900000014901161,4.6));
#18559=CARTESIAN_POINT('',(11.8000001773238,0.900000014901161,2.125));
#18560=CARTESIAN_POINT('',(12.3000001773238,0.900000014901161,4.6));
#18561=CARTESIAN_POINT('',(6.15000008791685,0.900000014901161,4.6));
#18562=CARTESIAN_POINT('',(12.3000001773238,0.900000014901161,4.9));
#18563=CARTESIAN_POINT('',(12.3000001773238,0.900000014901161,0.25));
#18564=CARTESIAN_POINT('',(11.8000001773238,0.900000014901161,4.9));
#18565=CARTESIAN_POINT('',(6.15000008791685,0.900000014901161,4.9));
#18566=CARTESIAN_POINT('',(11.8000001773238,0.900000014901161,5.6));
#18567=CARTESIAN_POINT('',(11.8000001773238,0.900000014901161,2.625));
#18568=CARTESIAN_POINT('',(12.3000001773238,0.900000014901161,5.6));
#18569=CARTESIAN_POINT('',(6.15000008791685,0.900000014901161,5.6));
#18570=CARTESIAN_POINT('',(12.3000001773238,0.900000014901161,5.9));
#18571=CARTESIAN_POINT('',(12.3000001773238,0.900000014901161,0.25));
#18572=CARTESIAN_POINT('',(11.8000001773238,0.900000014901161,5.9));
#18573=CARTESIAN_POINT('',(6.15000008791685,0.900000014901161,5.9));
#18574=CARTESIAN_POINT('',(11.8000001773238,0.900000014901161,6.6));
#18575=CARTESIAN_POINT('',(11.8000001773238,0.900000014901161,3.125));
#18576=CARTESIAN_POINT('',(12.3000001773238,0.900000014901161,6.6));
#18577=CARTESIAN_POINT('',(6.15000008791685,0.900000014901161,6.6));
#18578=CARTESIAN_POINT('',(12.3000001773238,0.900000014901161,6.9));
#18579=CARTESIAN_POINT('',(12.3000001773238,0.900000014901161,0.25));
#18580=CARTESIAN_POINT('',(11.8000001773238,0.900000014901161,6.9));
#18581=CARTESIAN_POINT('',(6.15000008791685,0.900000014901161,6.9));
#18582=CARTESIAN_POINT('',(11.8000001773238,0.900000014901161,7.6));
#18583=CARTESIAN_POINT('',(11.8000001773238,0.900000014901161,3.625));
#18584=CARTESIAN_POINT('',(12.3000001773238,0.900000014901161,7.6));
#18585=CARTESIAN_POINT('',(6.15000008791685,0.900000014901161,7.6));
#18586=CARTESIAN_POINT('',(12.3000001773238,0.900000014901161,7.90000011920929));
#18587=CARTESIAN_POINT('',(12.3000001773238,0.900000014901161,0.25));
#18588=CARTESIAN_POINT('',(11.8000001773238,0.900000014901161,7.90000011920929));
#18589=CARTESIAN_POINT('',(6.15000008791685,0.900000014901161,7.90000011920929));
#18590=CARTESIAN_POINT('',(11.8000001773238,0.900000014901161,8.60000012665987));
#18591=CARTESIAN_POINT('',(11.8000001773238,0.900000014901161,4.12500006146729));
#18592=CARTESIAN_POINT('',(12.3000001773238,0.900000014901161,8.60000012665987));
#18593=CARTESIAN_POINT('',(6.15000008791685,0.900000014901161,8.60000012665987));
#18594=CARTESIAN_POINT('',(12.3000001773238,0.900000014901161,8.90000013411045));
#18595=CARTESIAN_POINT('',(12.3000001773238,0.900000014901161,0.25));
#18596=CARTESIAN_POINT('',(11.8000001773238,0.900000014901161,8.90000013411045));
#18597=CARTESIAN_POINT('',(6.15000008791685,0.900000014901161,8.90000013411045));
#18598=CARTESIAN_POINT('',(11.8000001773238,0.900000014901161,9.60000014156103));
#18599=CARTESIAN_POINT('',(11.8000001773238,0.900000014901161,4.62500006891787));
#18600=CARTESIAN_POINT('',(12.3000001773238,0.900000014901161,9.60000014156103));
#18601=CARTESIAN_POINT('',(6.15000008791685,0.900000014901161,9.60000014156103));
#18602=CARTESIAN_POINT('',(12.3000001773238,0.900000014901161,9.9));
#18603=CARTESIAN_POINT('',(12.3000001773238,0.900000014901161,0.25));
#18604=CARTESIAN_POINT('',(11.8000001773238,0.900000014901161,9.9));
#18605=CARTESIAN_POINT('',(6.15000008791685,0.900000014901161,9.9));
#18606=CARTESIAN_POINT('',(11.8000001773238,0.900000014901161,10.6));
#18607=CARTESIAN_POINT('',(11.8000001773238,0.900000014901161,5.125));
#18608=CARTESIAN_POINT('',(12.3000001773238,0.900000014901161,10.6));
#18609=CARTESIAN_POINT('',(6.15000008791685,0.900000014901161,10.6));
#18610=CARTESIAN_POINT('',(12.3000001773238,0.900000014901161,10.9));
#18611=CARTESIAN_POINT('',(12.3000001773238,0.900000014901161,0.25));
#18612=CARTESIAN_POINT('',(11.8000001773238,0.900000014901161,10.9));
#18613=CARTESIAN_POINT('',(6.15000008791685,0.900000014901161,10.9));
#18614=CARTESIAN_POINT('',(11.8000001773238,0.900000014901161,11.6));
#18615=CARTESIAN_POINT('',(11.8000001773238,0.900000014901161,5.625));
#18616=CARTESIAN_POINT('',(12.3000001773238,0.900000014901161,11.6));
#18617=CARTESIAN_POINT('',(6.15000008791685,0.900000014901161,11.6));
#18618=CARTESIAN_POINT('',(12.3000001773238,0.900000014901161,11.9));
#18619=CARTESIAN_POINT('',(12.3000001773238,0.900000014901161,0.25));
#18620=CARTESIAN_POINT('',(11.8000001773238,0.900000014901161,11.9));
#18621=CARTESIAN_POINT('',(6.15000008791685,0.900000014901161,11.9));
#18622=CARTESIAN_POINT('',(11.8000001773238,0.900000014901161,12.6));
#18623=CARTESIAN_POINT('',(11.8000001773238,0.900000014901161,6.125));
#18624=CARTESIAN_POINT('',(12.3000001773238,0.900000014901161,12.6));
#18625=CARTESIAN_POINT('',(6.15000008791685,0.900000014901161,12.6));
#18626=CARTESIAN_POINT('',(12.3000001773238,0.900000014901161,12.9));
#18627=CARTESIAN_POINT('',(12.3000001773238,0.900000014901161,0.25));
#18628=CARTESIAN_POINT('',(11.8000001773238,0.900000014901161,12.9));
#18629=CARTESIAN_POINT('',(6.15000008791685,0.900000014901161,12.9));
#18630=CARTESIAN_POINT('',(11.8000001773238,0.900000014901161,13.6));
#18631=CARTESIAN_POINT('',(11.8000001773238,0.900000014901161,6.625));
#18632=CARTESIAN_POINT('',(12.3000001773238,0.900000014901161,13.6));
#18633=CARTESIAN_POINT('',(6.15000008791685,0.900000014901161,13.6));
#18634=CARTESIAN_POINT('',(12.3000001773238,0.900000014901161,0.25));
#18635=CARTESIAN_POINT('Origin',(5.40000017732382,0.750000014901161,13.9));
#18636=CARTESIAN_POINT('',(12.3000001773238,0.625000014901161,13.9));
#18637=CARTESIAN_POINT('Origin',(5.40000017732382,0.750000014901161,13.9));
#18638=CARTESIAN_POINT('Origin',(5.40000017732382,0.750000014901161,13.9));
#18639=CARTESIAN_POINT('Origin',(5.40000017732382,0.750000014901161,13.9));
#18640=CARTESIAN_POINT('Origin',(5.40000017732382,0.750000014901161,13.9));
#18641=CARTESIAN_POINT('Origin',(5.40000017732382,0.750000014901161,13.9));
#18642=CARTESIAN_POINT('Origin',(5.40000017732382,0.750000014901161,13.9));
#18643=CARTESIAN_POINT('Origin',(5.40000017732382,0.750000014901161,13.9));
#18644=CARTESIAN_POINT('Origin',(5.40000017732382,0.750000014901161,13.9));
#18645=CARTESIAN_POINT('Origin',(5.40000017732382,0.750000014901161,13.9));
#18646=CARTESIAN_POINT('Origin',(5.40000017732382,0.750000014901161,13.9));
#18647=CARTESIAN_POINT('Origin',(5.40000017732382,0.750000014901161,13.9));
#18648=CARTESIAN_POINT('Origin',(-1.,0.750000011175871,1.75000002607703));
#18649=CARTESIAN_POINT('',(-1.,0.875000013038516,2.10000002980232));
#18650=CARTESIAN_POINT('',(-1.,0.625000009313226,1.40000002235174));
#18651=CARTESIAN_POINT('Origin',(-1.,0.750000011175871,3.75000005587935));
#18652=CARTESIAN_POINT('',(-1.,0.625000009313226,3.40000005215406));
#18653=CARTESIAN_POINT('',(-1.,0.875000013038516,4.10000005960464));
#18654=CARTESIAN_POINT('Origin',(-1.,0.75,5.75));
#18655=CARTESIAN_POINT('',(-1.,0.625,5.4));
#18656=CARTESIAN_POINT('',(-1.,0.875,6.1));
#18657=CARTESIAN_POINT('Origin',(-1.,0.750000011175871,7.750000115484));
#18658=CARTESIAN_POINT('',(-1.,0.875000013038516,8.10000011920929));
#18659=CARTESIAN_POINT('',(-1.,0.625000009313226,7.40000011175871));
#18660=CARTESIAN_POINT('Origin',(-1.,0.750000011175871,9.75000014528632));
#18661=CARTESIAN_POINT('',(-1.,0.625000009313226,9.40000014156103));
#18662=CARTESIAN_POINT('',(-1.,0.875000013038516,10.1000001490116));
#18663=CARTESIAN_POINT('Origin',(-1.,0.750000011175871,11.7500001750886));
#18664=CARTESIAN_POINT('',(-1.,0.625000009313226,11.4000001713634));
#18665=CARTESIAN_POINT('',(-1.,0.875000013038516,12.1000001788139));
#18666=CARTESIAN_POINT('Origin',(-1.,0.750000011175871,12.7500001899898));
#18667=CARTESIAN_POINT('',(-1.,0.875000013038516,13.1000001937151));
#18668=CARTESIAN_POINT('',(-1.,0.625000009313226,12.4000001862645));
#18669=CARTESIAN_POINT('Origin',(-1.,0.750000011175871,10.7500001601875));
#18670=CARTESIAN_POINT('',(-1.,0.625000009313226,10.4000001564622));
#18671=CARTESIAN_POINT('',(-1.,0.875000013038516,11.1000001639128));
#18672=CARTESIAN_POINT('Origin',(-1.,0.750000011175871,8.75000013038516));
#18673=CARTESIAN_POINT('',(-1.,0.875000013038516,9.10000013411045));
#18674=CARTESIAN_POINT('',(-1.,0.625000009313226,8.40000012665987));
#18675=CARTESIAN_POINT('Origin',(-1.,0.750000007450581,6.75000005215406));
#18676=CARTESIAN_POINT('',(-1.,0.62500000372529,6.4));
#18677=CARTESIAN_POINT('',(-1.,0.875000011175871,7.10000010430813));
#18678=CARTESIAN_POINT('Origin',(-1.,0.75,4.75));
#18679=CARTESIAN_POINT('',(-1.,0.625,4.4));
#18680=CARTESIAN_POINT('',(-1.,0.875,5.1));
#18681=CARTESIAN_POINT('Origin',(-1.,0.750000011175871,0.750000011175871));
#18682=CARTESIAN_POINT('',(-1.,0.875000013038516,1.10000001490116));
#18683=CARTESIAN_POINT('',(-1.,0.750000013038516,0.6));
#18684=CARTESIAN_POINT('Origin',(-1.,0.750000011175871,2.75000004097819));
#18685=CARTESIAN_POINT('',(-1.,0.625000009313226,2.4000000372529));
#18686=CARTESIAN_POINT('',(-1.,0.875000013038516,3.10000004470348));
#18687=CARTESIAN_POINT('Origin',(-1.676,1.00000001490116,1.10000001490116));
#18688=CARTESIAN_POINT('',(-1.49999982267618,1.00000001490116,1.10000001490116));
#18689=CARTESIAN_POINT('Origin',(-1.676,0.500000007450581,7.40000011175871));
#18690=CARTESIAN_POINT('',(-1.49999982267618,0.750000011175871,7.40000011175871));
#18691=CARTESIAN_POINT('Origin',(-1.676,1.00000001490116,8.10000011920929));
#18692=CARTESIAN_POINT('',(-1.49999982267618,1.00000001490116,8.10000011920929));
#18693=CARTESIAN_POINT('Origin',(-1.676,0.500000007450581,1.40000002235174));
#18694=CARTESIAN_POINT('',(-1.49999982267618,0.750000011175871,1.40000002235174));
#18695=CARTESIAN_POINT('Origin',(-1.676,1.00000001490116,2.10000002980232));
#18696=CARTESIAN_POINT('',(-1.49999982267618,1.00000001490116,2.10000002980232));
#18697=CARTESIAN_POINT('Origin',(-1.676,0.500000007450581,12.4000001862645));
#18698=CARTESIAN_POINT('',(-1.49999982267618,0.750000011175871,12.4000001862645));
#18699=CARTESIAN_POINT('Origin',(-1.676,1.00000001490116,13.1000001937151));
#18700=CARTESIAN_POINT('Origin',(-1.676,1.,5.1));
#18701=CARTESIAN_POINT('',(-1.49999982267618,1.00000000745058,5.1));
#18702=CARTESIAN_POINT('Origin',(-1.676,0.5,4.4));
#18703=CARTESIAN_POINT('',(-1.49999982267618,0.750000007450581,4.4));
#18704=CARTESIAN_POINT('Origin',(-1.676,1.00000001490116,4.10000005960464));
#18705=CARTESIAN_POINT('',(-1.49999982267618,1.00000001490116,4.10000005960464));
#18706=CARTESIAN_POINT('Origin',(-1.676,0.500000007450581,3.40000005215406));
#18707=CARTESIAN_POINT('',(-1.49999982267618,0.750000011175871,3.40000005215406));
#18708=CARTESIAN_POINT('Origin',(-1.676,1.00000001490116,7.10000010430813));
#18709=CARTESIAN_POINT('',(-1.49999982267618,1.00000001490116,7.10000010430813));
#18710=CARTESIAN_POINT('Origin',(-1.676,0.5,6.4));
#18711=CARTESIAN_POINT('',(-1.49999982267618,0.750000007450581,6.4));
#18712=CARTESIAN_POINT('Origin',(-1.676,1.00000001490116,10.1000001490116));
#18713=CARTESIAN_POINT('',(-1.49999982267618,1.00000001490116,10.1000001490116));
#18714=CARTESIAN_POINT('Origin',(-1.676,0.500000007450581,9.40000014156103));
#18715=CARTESIAN_POINT('',(-1.49999982267618,0.750000011175871,9.40000014156103));
#18716=CARTESIAN_POINT('Origin',(-1.676,1.00000001490116,3.10000004470348));
#18717=CARTESIAN_POINT('',(-1.49999982267618,1.00000001490116,3.10000004470348));
#18718=CARTESIAN_POINT('Origin',(-1.676,0.500000007450581,2.4000000372529));
#18719=CARTESIAN_POINT('',(-1.49999982267618,0.750000011175871,2.4000000372529));
#18720=CARTESIAN_POINT('Origin',(-1.676,1.00000001490116,12.1000001788139));
#18721=CARTESIAN_POINT('',(-1.49999982267618,1.00000001490116,12.1000001788139));
#18722=CARTESIAN_POINT('Origin',(-1.676,0.500000007450581,11.4000001713634));
#18723=CARTESIAN_POINT('',(-1.49999982267618,0.750000011175871,11.4000001713634));
#18724=CARTESIAN_POINT('Origin',(-1.676,1.,6.1));
#18725=CARTESIAN_POINT('',(-1.49999982267618,1.00000000745058,6.1));
#18726=CARTESIAN_POINT('Origin',(-1.676,0.5,5.4));
#18727=CARTESIAN_POINT('',(-1.49999982267618,0.750000007450581,5.4));
#18728=CARTESIAN_POINT('Origin',(-1.676,1.00000001490116,11.1000001639128));
#18729=CARTESIAN_POINT('',(-1.49999982267618,1.00000001490116,11.1000001639128));
#18730=CARTESIAN_POINT('Origin',(-1.676,0.500000007450581,10.4000001564622));
#18731=CARTESIAN_POINT('',(-1.49999982267618,0.750000011175871,10.4000001564622));
#18732=CARTESIAN_POINT('Origin',(-1.676,0.500000007450581,8.40000012665987));
#18733=CARTESIAN_POINT('',(-1.49999982267618,0.750000011175871,8.40000012665987));
#18734=CARTESIAN_POINT('Origin',(-1.676,1.00000001490116,9.10000013411045));
#18735=CARTESIAN_POINT('',(-1.49999982267618,1.00000001490116,9.10000013411045));
#18736=CARTESIAN_POINT('Origin',(5.40000017732382,0.750000014901161,0.6));
#18737=CARTESIAN_POINT('',(-0.500000008940697,0.875000014901161,0.6));
#18738=CARTESIAN_POINT('Origin',(-1.49999982267618,1.00000001490116,0.5));
#18739=CARTESIAN_POINT('Origin',(-1.49999982267618,1.00000001490116,0.5));
#18740=CARTESIAN_POINT('Origin',(-1.49999982267618,1.00000001490116,0.5));
#18741=CARTESIAN_POINT('Origin',(-1.49999982267618,1.00000001490116,0.5));
#18742=CARTESIAN_POINT('Origin',(-1.49999982267618,1.00000001490116,0.5));
#18743=CARTESIAN_POINT('Origin',(-1.49999982267618,1.00000001490116,0.5));
#18744=CARTESIAN_POINT('Origin',(-1.49999982267618,1.00000001490116,0.5));
#18745=CARTESIAN_POINT('Origin',(-1.49999982267618,1.00000001490116,0.5));
#18746=CARTESIAN_POINT('Origin',(-1.49999982267618,1.00000001490116,0.5));
#18747=CARTESIAN_POINT('Origin',(-1.49999982267618,1.00000001490116,0.5));
#18748=CARTESIAN_POINT('Origin',(-1.49999982267618,1.00000001490116,0.5));
#18749=CARTESIAN_POINT('Origin',(-1.49999982267618,1.00000001490116,0.5));
#18750=CARTESIAN_POINT('Origin',(12.4000001773238,0.5,3.6));
#18751=CARTESIAN_POINT('',(12.3000001773238,0.500000007450581,3.6));
#18752=CARTESIAN_POINT('',(11.8000001773238,0.625,3.6));
#18753=CARTESIAN_POINT('Origin',(12.4000001773238,1.,2.9));
#18754=CARTESIAN_POINT('',(12.3000001773238,0.750000007450581,2.9));
#18755=CARTESIAN_POINT('',(11.8000001773238,0.875,2.9));
#18756=CARTESIAN_POINT('Origin',(11.8000001773238,0.75,3.25));
#18757=CARTESIAN_POINT('Origin',(12.4000001773238,0.5,7.6));
#18758=CARTESIAN_POINT('',(12.3000001773238,0.500000007450581,7.6));
#18759=CARTESIAN_POINT('',(11.8000001773238,0.625,7.6));
#18760=CARTESIAN_POINT('Origin',(12.4000001773238,1.,6.9));
#18761=CARTESIAN_POINT('',(12.3000001773238,0.750000007450581,6.9));
#18762=CARTESIAN_POINT('',(11.8000001773238,0.875,6.9));
#18763=CARTESIAN_POINT('Origin',(11.8000001773238,0.75,7.25));
#18764=CARTESIAN_POINT('Origin',(12.4000001773238,0.5,11.6));
#18765=CARTESIAN_POINT('',(12.3000001773238,0.500000007450581,11.6));
#18766=CARTESIAN_POINT('',(11.8000001773238,0.625,11.6));
#18767=CARTESIAN_POINT('Origin',(12.4000001773238,1.,10.9));
#18768=CARTESIAN_POINT('',(12.3000001773238,0.750000007450581,10.9));
#18769=CARTESIAN_POINT('',(11.8000001773238,0.875,10.9));
#18770=CARTESIAN_POINT('Origin',(11.8000001773238,0.75,11.25));
#18771=CARTESIAN_POINT('Origin',(12.4000001773238,0.5,12.6));
#18772=CARTESIAN_POINT('',(12.3000001773238,0.500000007450581,12.6));
#18773=CARTESIAN_POINT('',(11.8000001773238,0.625,12.6));
#18774=CARTESIAN_POINT('Origin',(12.4000001773238,1.,11.9));
#18775=CARTESIAN_POINT('',(12.3000001773238,0.750000007450581,11.9));
#18776=CARTESIAN_POINT('',(11.8000001773238,0.875,11.9));
#18777=CARTESIAN_POINT('Origin',(11.8000001773238,0.75,12.25));
#18778=CARTESIAN_POINT('Origin',(12.4000001773238,0.500000007450581,8.60000012665987));
#18779=CARTESIAN_POINT('',(12.3000001773238,0.500000011175871,8.60000012665987));
#18780=CARTESIAN_POINT('',(11.8000001773238,0.625000009313226,8.60000012665987));
#18781=CARTESIAN_POINT('Origin',(12.4000001773238,1.00000001490116,7.90000011920929));
#18782=CARTESIAN_POINT('',(12.3000001773238,0.750000014901161,7.90000011920929));
#18783=CARTESIAN_POINT('',(11.8000001773238,0.875000013038516,7.90000011920929));
#18784=CARTESIAN_POINT('Origin',(11.8000001773238,0.750000011175871,8.25000012293458));
#18785=CARTESIAN_POINT('Origin',(12.4000001773238,0.5,4.6));
#18786=CARTESIAN_POINT('',(12.3000001773238,0.500000007450581,4.6));
#18787=CARTESIAN_POINT('',(11.8000001773238,0.625,4.6));
#18788=CARTESIAN_POINT('Origin',(12.4000001773238,1.,3.9));
#18789=CARTESIAN_POINT('',(12.3000001773238,0.750000007450581,3.9));
#18790=CARTESIAN_POINT('',(11.8000001773238,0.875,3.9));
#18791=CARTESIAN_POINT('Origin',(11.8000001773238,0.75,4.25));
#18792=CARTESIAN_POINT('Origin',(12.4000001773238,0.5,2.6));
#18793=CARTESIAN_POINT('',(12.3000001773238,0.500000007450581,2.6));
#18794=CARTESIAN_POINT('',(11.8000001773238,0.625,2.6));
#18795=CARTESIAN_POINT('Origin',(12.4000001773238,1.,1.9));
#18796=CARTESIAN_POINT('',(12.3000001773238,0.750000007450581,1.9));
#18797=CARTESIAN_POINT('',(11.8000001773238,0.875,1.9));
#18798=CARTESIAN_POINT('Origin',(11.8000001773238,0.75,2.25));
#18799=CARTESIAN_POINT('Origin',(12.4000001773238,0.5,6.6));
#18800=CARTESIAN_POINT('',(12.3000001773238,0.500000007450581,6.6));
#18801=CARTESIAN_POINT('',(11.8000001773238,0.625,6.6));
#18802=CARTESIAN_POINT('Origin',(12.4000001773238,1.,5.9));
#18803=CARTESIAN_POINT('',(12.3000001773238,0.750000007450581,5.9));
#18804=CARTESIAN_POINT('',(11.8000001773238,0.875,5.9));
#18805=CARTESIAN_POINT('Origin',(11.8000001773238,0.75,6.25));
#18806=CARTESIAN_POINT('Origin',(12.4000001773238,0.5,10.6));
#18807=CARTESIAN_POINT('',(12.3000001773238,0.500000007450581,10.6));
#18808=CARTESIAN_POINT('',(11.8000001773238,0.625,10.6));
#18809=CARTESIAN_POINT('Origin',(12.4000001773238,1.,9.9));
#18810=CARTESIAN_POINT('',(12.3000001773238,0.750000007450581,9.9));
#18811=CARTESIAN_POINT('',(11.8000001773238,0.875,9.9));
#18812=CARTESIAN_POINT('Origin',(11.8000001773238,0.75,10.25));
#18813=CARTESIAN_POINT('Origin',(12.4000001773238,0.5,13.6));
#18814=CARTESIAN_POINT('',(12.3000001773238,0.500000007450581,13.6));
#18815=CARTESIAN_POINT('',(11.8000001773238,0.625,13.6));
#18816=CARTESIAN_POINT('Origin',(12.4000001773238,1.,12.9));
#18817=CARTESIAN_POINT('',(12.3000001773238,0.750000007450581,12.9));
#18818=CARTESIAN_POINT('',(11.8000001773238,0.875,12.9));
#18819=CARTESIAN_POINT('Origin',(11.8000001773238,0.75,13.25));
#18820=CARTESIAN_POINT('Origin',(12.4000001773238,0.500000007450581,9.60000014156103));
#18821=CARTESIAN_POINT('',(12.3000001773238,0.500000011175871,9.60000014156103));
#18822=CARTESIAN_POINT('',(11.8000001773238,0.625000009313226,9.60000014156103));
#18823=CARTESIAN_POINT('Origin',(12.4000001773238,1.00000001490116,8.90000013411045));
#18824=CARTESIAN_POINT('',(12.3000001773238,0.750000014901161,8.90000013411045));
#18825=CARTESIAN_POINT('',(11.8000001773238,0.875000013038516,8.90000013411045));
#18826=CARTESIAN_POINT('Origin',(11.8000001773238,0.750000011175871,9.25000013783574));
#18827=CARTESIAN_POINT('Origin',(12.4000001773238,0.5,5.6));
#18828=CARTESIAN_POINT('',(12.3000001773238,0.500000007450581,5.6));
#18829=CARTESIAN_POINT('',(11.8000001773238,0.625,5.6));
#18830=CARTESIAN_POINT('Origin',(12.4000001773238,1.,4.9));
#18831=CARTESIAN_POINT('',(12.3000001773238,0.750000007450581,4.9));
#18832=CARTESIAN_POINT('',(11.8000001773238,0.875,4.9));
#18833=CARTESIAN_POINT('Origin',(11.8000001773238,0.75,5.25));
#18834=CARTESIAN_POINT('Origin',(12.4000001773238,0.5,1.6));
#18835=CARTESIAN_POINT('',(12.3000001773238,0.500000007450581,1.6));
#18836=CARTESIAN_POINT('',(11.8000001773238,0.625,1.6));
#18837=CARTESIAN_POINT('Origin',(12.4000001773238,1.,0.9));
#18838=CARTESIAN_POINT('',(12.3000001773238,0.750000007450581,0.9));
#18839=CARTESIAN_POINT('',(11.8000001773238,0.875,0.9));
#18840=CARTESIAN_POINT('Origin',(11.8000001773238,0.75,1.25));
#18841=CARTESIAN_POINT('Origin',(12.3000001773238,0.500000014901161,0.5));
#18842=CARTESIAN_POINT('',(12.3000001773238,0.625000014901161,0.6));
#18843=CARTESIAN_POINT('Origin',(12.3000001773238,0.500000014901161,0.5));
#18844=CARTESIAN_POINT('Origin',(12.3000001773238,0.500000014901161,0.5));
#18845=CARTESIAN_POINT('Origin',(12.3000001773238,0.500000014901161,0.5));
#18846=CARTESIAN_POINT('Origin',(12.3000001773238,0.500000014901161,0.5));
#18847=CARTESIAN_POINT('Origin',(12.3000001773238,0.500000014901161,0.5));
#18848=CARTESIAN_POINT('Origin',(12.3000001773238,0.500000014901161,0.5));
#18849=CARTESIAN_POINT('Origin',(12.3000001773238,0.500000014901161,0.5));
#18850=CARTESIAN_POINT('Origin',(12.3000001773238,0.500000014901161,0.5));
#18851=CARTESIAN_POINT('Origin',(12.3000001773238,0.500000014901161,0.5));
#18852=CARTESIAN_POINT('Origin',(12.3000001773238,0.500000014901161,0.5));
#18853=CARTESIAN_POINT('Origin',(12.3000001773238,0.500000014901161,0.5));
#18854=CARTESIAN_POINT('Origin',(12.3000001773238,0.500000014901161,0.5));
#18855=CARTESIAN_POINT('Origin',(12.3000001773238,0.500000014901161,0.5));
#18856=CARTESIAN_POINT('Origin',(5.40000017732382,0.750000014901161,0.6));
#18857=CARTESIAN_POINT('',(11.8000001773238,0.625000011175871,0.6));
#18858=CARTESIAN_POINT('Origin',(5.40000017732382,0.750000014901161,0.6));
#18859=CARTESIAN_POINT('',(3.50000005066395,0.875000014901161,0.6));
#18860=CARTESIAN_POINT('',(2.80000004321337,0.625000011175871,0.6));
#18861=CARTESIAN_POINT('Origin',(5.40000017732382,0.750000014901161,0.6));
#18862=CARTESIAN_POINT('',(9.50000014007091,0.875000014901161,0.6));
#18863=CARTESIAN_POINT('',(8.80000013262033,0.625000011175871,0.6));
#18864=CARTESIAN_POINT('Origin',(5.40000017732382,0.750000014901161,0.6));
#18865=CARTESIAN_POINT('',(10.8000001624227,0.625000011175871,0.6));
#18866=CARTESIAN_POINT('',(11.5000001698732,0.875000014901161,0.6));
#18867=CARTESIAN_POINT('Origin',(5.40000017732382,0.750000014901161,0.6));
#18868=CARTESIAN_POINT('',(9.8000001475215,0.625000011175871,0.6));
#18869=CARTESIAN_POINT('',(10.5000001549721,0.875000014901161,0.6));
#18870=CARTESIAN_POINT('Origin',(5.40000017732382,0.750000014901161,0.6));
#18871=CARTESIAN_POINT('',(5.50000008046627,0.875000014901161,0.6));
#18872=CARTESIAN_POINT('',(4.80000007301569,0.625000011175871,0.6));
#18873=CARTESIAN_POINT('Origin',(5.40000017732382,0.750000014901161,0.6));
#18874=CARTESIAN_POINT('',(1.50000002086163,0.875000014901161,0.6));
#18875=CARTESIAN_POINT('',(0.800000013411045,0.625000011175871,0.6));
#18876=CARTESIAN_POINT('Origin',(5.40000017732382,0.750000014901161,0.6));
#18877=CARTESIAN_POINT('',(1.80000002831221,0.625000011175871,0.6));
#18878=CARTESIAN_POINT('',(2.50000003576279,0.875000014901161,0.6));
#18879=CARTESIAN_POINT('Origin',(5.40000017732382,0.750000014901161,0.6));
#18880=CARTESIAN_POINT('',(7.80000011771917,0.625000011175871,0.6));
#18881=CARTESIAN_POINT('',(8.50000012516975,0.875000014901161,0.6));
#18882=CARTESIAN_POINT('Origin',(5.40000017732382,0.750000014901161,0.6));
#18883=CARTESIAN_POINT('',(6.80000010281801,0.625000011175871,0.6));
#18884=CARTESIAN_POINT('',(7.50000011026859,0.875000014901161,0.6));
#18885=CARTESIAN_POINT('Origin',(5.40000017732382,0.750000014901161,0.6));
#18886=CARTESIAN_POINT('',(5.80000008791685,0.625000011175871,0.6));
#18887=CARTESIAN_POINT('',(6.50000009536743,0.875000014901161,0.6));
#18888=CARTESIAN_POINT('Origin',(5.40000017732382,0.750000014901161,0.6));
#18889=CARTESIAN_POINT('',(3.80000005811453,0.625000011175871,0.6));
#18890=CARTESIAN_POINT('',(4.50000006556511,0.875000014901161,0.6));
#18891=CARTESIAN_POINT('Origin',(5.40000017732382,0.750000014901161,0.6));
#18892=CARTESIAN_POINT('',(-0.200000001490116,0.625000011175871,0.6));
#18893=CARTESIAN_POINT('',(0.500000005960465,0.875000014901161,0.6));
#18894=CARTESIAN_POINT('Origin',(5.40000017732382,0.750000014901161,13.9));
#18895=CARTESIAN_POINT('Origin',(11.5000001698732,1.00000001490116,0.));
#18896=CARTESIAN_POINT('',(11.5000001698732,0.875000013038516,0.1));
#18897=CARTESIAN_POINT('Origin',(11.8000001773238,0.500000007450581,0.));
#18898=CARTESIAN_POINT('',(11.8000001773238,0.625000009313226,0.1));
#18899=CARTESIAN_POINT('Origin',(11.6500001735985,0.750000011175871,0.1));
#18900=CARTESIAN_POINT('Origin',(2.50000003576279,1.00000001490116,0.));
#18901=CARTESIAN_POINT('',(2.50000003576279,0.875000013038516,0.1));
#18902=CARTESIAN_POINT('Origin',(2.80000004321337,0.500000007450581,0.));
#18903=CARTESIAN_POINT('',(2.80000004321337,0.625000009313226,0.1));
#18904=CARTESIAN_POINT('Origin',(2.65000003948808,0.750000011175871,0.1));
#18905=CARTESIAN_POINT('Origin',(8.50000012516975,1.00000001490116,0.));
#18906=CARTESIAN_POINT('',(8.50000012516976,0.875000013038516,0.1));
#18907=CARTESIAN_POINT('Origin',(8.80000013262033,0.500000007450581,0.));
#18908=CARTESIAN_POINT('',(8.80000013262033,0.625000009313226,0.1));
#18909=CARTESIAN_POINT('Origin',(8.65000012889504,0.750000011175871,0.1));
#18910=CARTESIAN_POINT('Origin',(10.5000001549721,1.00000001490116,0.));
#18911=CARTESIAN_POINT('',(10.5000001549721,0.875000013038516,0.1));
#18912=CARTESIAN_POINT('Origin',(10.8000001624227,0.500000007450581,0.));
#18913=CARTESIAN_POINT('',(10.8000001624227,0.625000009313226,0.1));
#18914=CARTESIAN_POINT('Origin',(10.6500001586974,0.750000011175871,0.1));
#18915=CARTESIAN_POINT('Origin',(9.50000014007091,1.00000001490116,0.));
#18916=CARTESIAN_POINT('',(9.50000014007092,0.875000013038516,0.1));
#18917=CARTESIAN_POINT('Origin',(9.8000001475215,0.500000007450581,0.));
#18918=CARTESIAN_POINT('',(9.80000014752149,0.625000009313226,0.1));
#18919=CARTESIAN_POINT('Origin',(9.65000014379621,0.750000011175871,0.1));
#18920=CARTESIAN_POINT('Origin',(4.50000006556511,1.00000001490116,0.));
#18921=CARTESIAN_POINT('',(4.50000006556511,0.875000013038516,0.1));
#18922=CARTESIAN_POINT('Origin',(4.80000007301569,0.500000007450581,0.));
#18923=CARTESIAN_POINT('',(4.80000007301569,0.625000009313226,0.1));
#18924=CARTESIAN_POINT('Origin',(4.6500000692904,0.750000011175871,0.1));
#18925=CARTESIAN_POINT('Origin',(0.500000005960464,1.00000001490116,0.));
#18926=CARTESIAN_POINT('',(0.500000005960465,0.875000013038516,0.1));
#18927=CARTESIAN_POINT('Origin',(0.800000013411045,0.500000007450581,0.));
#18928=CARTESIAN_POINT('',(0.800000013411045,0.625000009313226,0.1));
#18929=CARTESIAN_POINT('Origin',(0.650000009685755,0.750000011175871,0.1));
#18930=CARTESIAN_POINT('Origin',(1.50000002086163,1.00000001490116,0.));
#18931=CARTESIAN_POINT('',(1.50000002086163,0.875000013038516,0.1));
#18932=CARTESIAN_POINT('Origin',(1.80000002831221,0.500000007450581,0.));
#18933=CARTESIAN_POINT('',(1.80000002831221,0.625000009313226,0.1));
#18934=CARTESIAN_POINT('Origin',(1.65000002458692,0.750000011175871,0.1));
#18935=CARTESIAN_POINT('Origin',(7.50000011026859,1.00000001490116,0.));
#18936=CARTESIAN_POINT('',(7.50000011026859,0.875000013038516,0.1));
#18937=CARTESIAN_POINT('Origin',(7.80000011771917,0.500000007450581,0.));
#18938=CARTESIAN_POINT('',(7.80000011771917,0.625000009313226,0.1));
#18939=CARTESIAN_POINT('Origin',(7.65000011399388,0.750000011175871,0.1));
#18940=CARTESIAN_POINT('Origin',(6.50000009536743,1.00000001490116,0.));
#18941=CARTESIAN_POINT('',(6.50000009536743,0.875000013038516,0.1));
#18942=CARTESIAN_POINT('Origin',(6.80000010281801,0.500000007450581,0.));
#18943=CARTESIAN_POINT('',(6.80000010281801,0.625000009313226,0.1));
#18944=CARTESIAN_POINT('Origin',(6.65000009909272,0.750000011175871,0.1));
#18945=CARTESIAN_POINT('Origin',(5.50000008046627,1.00000001490116,0.));
#18946=CARTESIAN_POINT('',(5.50000008046627,0.875000013038516,0.1));
#18947=CARTESIAN_POINT('Origin',(5.80000008791685,0.500000007450581,0.));
#18948=CARTESIAN_POINT('',(5.80000008791685,0.625000009313226,0.1));
#18949=CARTESIAN_POINT('Origin',(5.65000008419156,0.750000011175871,0.1));
#18950=CARTESIAN_POINT('Origin',(3.50000005066395,1.00000001490116,0.));
#18951=CARTESIAN_POINT('',(3.50000005066395,0.875000013038516,0.1));
#18952=CARTESIAN_POINT('Origin',(3.80000005811453,0.500000007450581,0.));
#18953=CARTESIAN_POINT('',(3.80000005811453,0.625000009313226,0.1));
#18954=CARTESIAN_POINT('Origin',(3.65000005438924,0.750000011175871,0.1));
#18955=CARTESIAN_POINT('Origin',(-0.200000001490116,0.500000007450581,0.));
#18956=CARTESIAN_POINT('',(-0.200000001490116,0.625000009313226,0.1));
#18957=CARTESIAN_POINT('Origin',(-0.500000008940697,1.00000001490116,0.));
#18958=CARTESIAN_POINT('',(-0.500000008940697,0.875000013038516,0.1));
#18959=CARTESIAN_POINT('Origin',(-0.350000005215406,0.750000011175871,0.1));
#18960=UNCERTAINTY_MEASURE_WITH_UNIT(LENGTH_MEASURE(0.001),#18964,
'DISTANCE_ACCURACY_VALUE',
'Maximum model space distance between geometric entities at asserted c
onnectivities');
#18961=UNCERTAINTY_MEASURE_WITH_UNIT(LENGTH_MEASURE(0.001),#18964,
'DISTANCE_ACCURACY_VALUE',
'Maximum model space distance between geometric entities at asserted c
onnectivities');
#18962=(
GEOMETRIC_REPRESENTATION_CONTEXT(3)
GLOBAL_UNCERTAINTY_ASSIGNED_CONTEXT((#18960))
GLOBAL_UNIT_ASSIGNED_CONTEXT((#18964,#18966,#18967))
REPRESENTATION_CONTEXT('','3D')
);
#18963=(
GEOMETRIC_REPRESENTATION_CONTEXT(3)
GLOBAL_UNCERTAINTY_ASSIGNED_CONTEXT((#18961))
GLOBAL_UNIT_ASSIGNED_CONTEXT((#18964,#18966,#18967))
REPRESENTATION_CONTEXT('','3D')
);
#18964=(
LENGTH_UNIT()
NAMED_UNIT(*)
SI_UNIT(.CENTI.,.METRE.)
);
#18965=(
LENGTH_UNIT()
NAMED_UNIT(*)
SI_UNIT($,.METRE.)
);
#18966=(
NAMED_UNIT(*)
PLANE_ANGLE_UNIT()
SI_UNIT($,.RADIAN.)
);
#18967=(
NAMED_UNIT(*)
SI_UNIT($,.STERADIAN.)
SOLID_ANGLE_UNIT()
);
#18968=SHAPE_DEFINITION_REPRESENTATION(#18969,#18970);
#18969=PRODUCT_DEFINITION_SHAPE('',$,#18972);
#18970=SHAPE_REPRESENTATION('',(#10746),#18962);
#18971=PRODUCT_DEFINITION_CONTEXT('part definition',#18976,'design');
#18972=PRODUCT_DEFINITION('2026-08-26-00-51-53-560','obroom',#18973,#18971);
#18973=PRODUCT_DEFINITION_FORMATION('',$,#18978);
#18974=PRODUCT_RELATED_PRODUCT_CATEGORY('obroom','obroom',(#18978));
#18975=APPLICATION_PROTOCOL_DEFINITION('international standard',
'automotive_design',2009,#18976);
#18976=APPLICATION_CONTEXT(
'Core Data for Automotive Mechanical Design Process');
#18977=PRODUCT_CONTEXT('part definition',#18976,'mechanical');
#18978=PRODUCT('2026-08-26-00-51-53-560','obroom',$,(#18977));
#18979=PRESENTATION_STYLE_ASSIGNMENT((#18986));
#18980=PRESENTATION_STYLE_ASSIGNMENT((#18987));
#18981=PRESENTATION_STYLE_ASSIGNMENT((#18988));
#18982=PRESENTATION_STYLE_ASSIGNMENT((#18989));
#18983=PRESENTATION_STYLE_ASSIGNMENT((#18990));
#18984=PRESENTATION_STYLE_ASSIGNMENT((#18991));
#18985=PRESENTATION_STYLE_ASSIGNMENT((#18992));
#18986=SURFACE_STYLE_USAGE(.BOTH.,#18993);
#18987=SURFACE_STYLE_USAGE(.BOTH.,#18994);
#18988=SURFACE_STYLE_USAGE(.BOTH.,#18995);
#18989=SURFACE_STYLE_USAGE(.BOTH.,#18996);
#18990=SURFACE_STYLE_USAGE(.BOTH.,#18997);
#18991=SURFACE_STYLE_USAGE(.BOTH.,#18998);
#18992=SURFACE_STYLE_USAGE(.BOTH.,#18999);
#18993=SURFACE_SIDE_STYLE('',(#19000));
#18994=SURFACE_SIDE_STYLE('',(#19001));
#18995=SURFACE_SIDE_STYLE('',(#19002));
#18996=SURFACE_SIDE_STYLE('',(#19003));
#18997=SURFACE_SIDE_STYLE('',(#19004));
#18998=SURFACE_SIDE_STYLE('',(#19005));
#18999=SURFACE_SIDE_STYLE('',(#19006));
#19000=SURFACE_STYLE_FILL_AREA(#19007);
#19001=SURFACE_STYLE_FILL_AREA(#19008);
#19002=SURFACE_STYLE_FILL_AREA(#19009);
#19003=SURFACE_STYLE_FILL_AREA(#19010);
#19004=SURFACE_STYLE_FILL_AREA(#19011);
#19005=SURFACE_STYLE_FILL_AREA(#19012);
#19006=SURFACE_STYLE_FILL_AREA(#19013);
#19007=FILL_AREA_STYLE('Steel - Satin',(#19014));
#19008=FILL_AREA_STYLE('PEEK',(#19015));
#19009=FILL_AREA_STYLE('Paek (Beige)',(#19016));
#19010=FILL_AREA_STYLE('Paint - Metallic (Yellow)',(#19017));
#19011=FILL_AREA_STYLE('Plastic - Translucent Glossy (Blue)',(#19018));
#19012=FILL_AREA_STYLE('Granite - Black and White',(#19019));
#19013=FILL_AREA_STYLE('Paint - Metallic (Silver)',(#19020));
#19014=FILL_AREA_STYLE_COLOUR('Steel - Satin',#19021);
#19015=FILL_AREA_STYLE_COLOUR('PEEK',#19022);
#19016=FILL_AREA_STYLE_COLOUR('Paek (Beige)',#19023);
#19017=FILL_AREA_STYLE_COLOUR('Paint - Metallic (Yellow)',#19024);
#19018=FILL_AREA_STYLE_COLOUR('Plastic - Translucent Glossy (Blue)',#19025);
#19019=FILL_AREA_STYLE_COLOUR('Granite - Black and White',#19026);
#19020=FILL_AREA_STYLE_COLOUR('Paint - Metallic (Silver)',#19027);
#19021=COLOUR_RGB('Steel - Satin',0.627450980392157,0.627450980392157,0.627450980392157);
#19022=COLOUR_RGB('PEEK',0.6,0.509803921568627,0.368627450980392);
#19023=COLOUR_RGB('Paek (Beige)',0.898039215686275,0.792156862745098,0.619607843137255);
#19024=COLOUR_RGB('Paint - Metallic (Yellow)',0.909803921568627,0.67843137254902,
0.137254901960784);
#19025=COLOUR_RGB('Plastic - Translucent Glossy (Blue)',0.188235294117647,
0.231372549019608,0.588235294117647);
#19026=COLOUR_RGB('Granite - Black and White',0.,0.,0.);
#19027=COLOUR_RGB('Paint - Metallic (Silver)',0.984313725490196,0.980392156862745,
0.96078431372549);
ENDSEC;
END-ISO-10303-21;
