ISO-10303-21;
HEADER;
/* Generated by software containing ST-Developer
 * from STEP Tools, Inc. (www.steptools.com) 
 */

FILE_DESCRIPTION(
/* description */ (''),
/* implementation_level */ '2;1');

FILE_NAME(
/* name */ 'Body93.step',
/* time_stamp */ '2026-09-03T17:15:16+01:00',
/* author */ (''),
/* organization */ (''),
/* preprocessor_version */ 'ST-DEVELOPER v20.1',
/* originating_system */ 'Autodesk Translation Framework v15.8.0.0',
/* authorisation */ '');

FILE_SCHEMA (('AUTOMOTIVE_DESIGN { 1 0 10303 214 3 1 1 }'));
ENDSEC;

DATA;
#10=MECHANICAL_DESIGN_GEOMETRIC_PRESENTATION_REPRESENTATION('',(#13),#3045);
#11=SHAPE_REPRESENTATION_RELATIONSHIP('SRR','None',#3052,#12);
#12=ADVANCED_BREP_SHAPE_REPRESENTATION('',(#1953),#3044);
#13=STYLED_ITEM('',(#3061),#1953);
#14=ORIENTED_CLOSED_SHELL('',*,#1952,.F.);
#15=FACE_BOUND('',#185,.T.);
#16=FACE_BOUND('',#186,.T.);
#17=FACE_BOUND('',#187,.T.);
#18=FACE_BOUND('',#188,.T.);
#19=FACE_BOUND('',#189,.T.);
#20=FACE_BOUND('',#190,.T.);
#21=FACE_BOUND('',#191,.T.);
#22=FACE_BOUND('',#192,.T.);
#23=FACE_BOUND('',#193,.T.);
#24=FACE_BOUND('',#198,.T.);
#25=FACE_BOUND('',#199,.T.);
#26=FACE_BOUND('',#200,.T.);
#27=FACE_BOUND('',#201,.T.);
#28=FACE_BOUND('',#202,.T.);
#29=FACE_BOUND('',#203,.T.);
#30=FACE_BOUND('',#204,.T.);
#31=FACE_BOUND('',#205,.T.);
#32=FACE_BOUND('',#206,.T.);
#33=FACE_BOUND('',#249,.T.);
#34=FACE_BOUND('',#250,.T.);
#35=FACE_BOUND('',#251,.T.);
#36=FACE_BOUND('',#252,.T.);
#37=FACE_BOUND('',#253,.T.);
#38=FACE_BOUND('',#254,.T.);
#39=FACE_BOUND('',#255,.T.);
#40=FACE_BOUND('',#256,.T.);
#41=FACE_BOUND('',#257,.T.);
#42=FACE_BOUND('',#262,.T.);
#43=FACE_BOUND('',#263,.T.);
#44=FACE_BOUND('',#264,.T.);
#45=FACE_BOUND('',#265,.T.);
#46=FACE_BOUND('',#266,.T.);
#47=FACE_BOUND('',#267,.T.);
#48=FACE_BOUND('',#268,.T.);
#49=FACE_BOUND('',#269,.T.);
#50=FACE_BOUND('',#270,.T.);
#51=FACE_OUTER_BOUND('',#143,.T.);
#52=FACE_OUTER_BOUND('',#144,.T.);
#53=FACE_OUTER_BOUND('',#145,.T.);
#54=FACE_OUTER_BOUND('',#146,.T.);
#55=FACE_OUTER_BOUND('',#147,.T.);
#56=FACE_OUTER_BOUND('',#148,.T.);
#57=FACE_OUTER_BOUND('',#149,.T.);
#58=FACE_OUTER_BOUND('',#150,.T.);
#59=FACE_OUTER_BOUND('',#151,.T.);
#60=FACE_OUTER_BOUND('',#152,.T.);
#61=FACE_OUTER_BOUND('',#153,.T.);
#62=FACE_OUTER_BOUND('',#154,.T.);
#63=FACE_OUTER_BOUND('',#155,.T.);
#64=FACE_OUTER_BOUND('',#156,.T.);
#65=FACE_OUTER_BOUND('',#157,.T.);
#66=FACE_OUTER_BOUND('',#158,.T.);
#67=FACE_OUTER_BOUND('',#159,.T.);
#68=FACE_OUTER_BOUND('',#160,.T.);
#69=FACE_OUTER_BOUND('',#161,.T.);
#70=FACE_OUTER_BOUND('',#162,.T.);
#71=FACE_OUTER_BOUND('',#163,.T.);
#72=FACE_OUTER_BOUND('',#164,.T.);
#73=FACE_OUTER_BOUND('',#165,.T.);
#74=FACE_OUTER_BOUND('',#166,.T.);
#75=FACE_OUTER_BOUND('',#167,.T.);
#76=FACE_OUTER_BOUND('',#168,.T.);
#77=FACE_OUTER_BOUND('',#169,.T.);
#78=FACE_OUTER_BOUND('',#170,.T.);
#79=FACE_OUTER_BOUND('',#171,.T.);
#80=FACE_OUTER_BOUND('',#172,.T.);
#81=FACE_OUTER_BOUND('',#173,.T.);
#82=FACE_OUTER_BOUND('',#174,.T.);
#83=FACE_OUTER_BOUND('',#175,.T.);
#84=FACE_OUTER_BOUND('',#176,.T.);
#85=FACE_OUTER_BOUND('',#177,.T.);
#86=FACE_OUTER_BOUND('',#178,.T.);
#87=FACE_OUTER_BOUND('',#179,.T.);
#88=FACE_OUTER_BOUND('',#180,.T.);
#89=FACE_OUTER_BOUND('',#181,.T.);
#90=FACE_OUTER_BOUND('',#182,.T.);
#91=FACE_OUTER_BOUND('',#183,.T.);
#92=FACE_OUTER_BOUND('',#184,.T.);
#93=FACE_OUTER_BOUND('',#194,.T.);
#94=FACE_OUTER_BOUND('',#195,.T.);
#95=FACE_OUTER_BOUND('',#196,.T.);
#96=FACE_OUTER_BOUND('',#197,.T.);
#97=FACE_OUTER_BOUND('',#207,.T.);
#98=FACE_OUTER_BOUND('',#208,.T.);
#99=FACE_OUTER_BOUND('',#209,.T.);
#100=FACE_OUTER_BOUND('',#210,.T.);
#101=FACE_OUTER_BOUND('',#211,.T.);
#102=FACE_OUTER_BOUND('',#212,.T.);
#103=FACE_OUTER_BOUND('',#213,.T.);
#104=FACE_OUTER_BOUND('',#214,.T.);
#105=FACE_OUTER_BOUND('',#215,.T.);
#106=FACE_OUTER_BOUND('',#216,.T.);
#107=FACE_OUTER_BOUND('',#217,.T.);
#108=FACE_OUTER_BOUND('',#218,.T.);
#109=FACE_OUTER_BOUND('',#219,.T.);
#110=FACE_OUTER_BOUND('',#220,.T.);
#111=FACE_OUTER_BOUND('',#221,.T.);
#112=FACE_OUTER_BOUND('',#222,.T.);
#113=FACE_OUTER_BOUND('',#223,.T.);
#114=FACE_OUTER_BOUND('',#224,.T.);
#115=FACE_OUTER_BOUND('',#225,.T.);
#116=FACE_OUTER_BOUND('',#226,.T.);
#117=FACE_OUTER_BOUND('',#227,.T.);
#118=FACE_OUTER_BOUND('',#228,.T.);
#119=FACE_OUTER_BOUND('',#229,.T.);
#120=FACE_OUTER_BOUND('',#230,.T.);
#121=FACE_OUTER_BOUND('',#231,.T.);
#122=FACE_OUTER_BOUND('',#232,.T.);
#123=FACE_OUTER_BOUND('',#233,.T.);
#124=FACE_OUTER_BOUND('',#234,.T.);
#125=FACE_OUTER_BOUND('',#235,.T.);
#126=FACE_OUTER_BOUND('',#236,.T.);
#127=FACE_OUTER_BOUND('',#237,.T.);
#128=FACE_OUTER_BOUND('',#238,.T.);
#129=FACE_OUTER_BOUND('',#239,.T.);
#130=FACE_OUTER_BOUND('',#240,.T.);
#131=FACE_OUTER_BOUND('',#241,.T.);
#132=FACE_OUTER_BOUND('',#242,.T.);
#133=FACE_OUTER_BOUND('',#243,.T.);
#134=FACE_OUTER_BOUND('',#244,.T.);
#135=FACE_OUTER_BOUND('',#245,.T.);
#136=FACE_OUTER_BOUND('',#246,.T.);
#137=FACE_OUTER_BOUND('',#247,.T.);
#138=FACE_OUTER_BOUND('',#248,.T.);
#139=FACE_OUTER_BOUND('',#258,.T.);
#140=FACE_OUTER_BOUND('',#259,.T.);
#141=FACE_OUTER_BOUND('',#260,.T.);
#142=FACE_OUTER_BOUND('',#261,.T.);
#143=EDGE_LOOP('',(#1239,#1240,#1241,#1242));
#144=EDGE_LOOP('',(#1243,#1244,#1245,#1246));
#145=EDGE_LOOP('',(#1247,#1248,#1249,#1250));
#146=EDGE_LOOP('',(#1251,#1252,#1253,#1254));
#147=EDGE_LOOP('',(#1255,#1256,#1257,#1258));
#148=EDGE_LOOP('',(#1259,#1260,#1261,#1262));
#149=EDGE_LOOP('',(#1263,#1264,#1265,#1266));
#150=EDGE_LOOP('',(#1267,#1268,#1269,#1270));
#151=EDGE_LOOP('',(#1271,#1272,#1273,#1274));
#152=EDGE_LOOP('',(#1275,#1276,#1277,#1278));
#153=EDGE_LOOP('',(#1279,#1280,#1281,#1282));
#154=EDGE_LOOP('',(#1283,#1284,#1285,#1286));
#155=EDGE_LOOP('',(#1287,#1288,#1289,#1290));
#156=EDGE_LOOP('',(#1291,#1292,#1293,#1294));
#157=EDGE_LOOP('',(#1295,#1296,#1297,#1298));
#158=EDGE_LOOP('',(#1299,#1300,#1301,#1302));
#159=EDGE_LOOP('',(#1303,#1304,#1305,#1306));
#160=EDGE_LOOP('',(#1307,#1308,#1309,#1310));
#161=EDGE_LOOP('',(#1311,#1312,#1313,#1314));
#162=EDGE_LOOP('',(#1315,#1316,#1317,#1318));
#163=EDGE_LOOP('',(#1319,#1320,#1321,#1322));
#164=EDGE_LOOP('',(#1323,#1324,#1325,#1326));
#165=EDGE_LOOP('',(#1327,#1328,#1329,#1330));
#166=EDGE_LOOP('',(#1331,#1332,#1333,#1334));
#167=EDGE_LOOP('',(#1335,#1336,#1337,#1338));
#168=EDGE_LOOP('',(#1339,#1340,#1341,#1342));
#169=EDGE_LOOP('',(#1343,#1344,#1345,#1346));
#170=EDGE_LOOP('',(#1347,#1348,#1349,#1350));
#171=EDGE_LOOP('',(#1351,#1352,#1353,#1354));
#172=EDGE_LOOP('',(#1355,#1356,#1357,#1358));
#173=EDGE_LOOP('',(#1359,#1360,#1361,#1362));
#174=EDGE_LOOP('',(#1363,#1364,#1365,#1366));
#175=EDGE_LOOP('',(#1367,#1368,#1369,#1370));
#176=EDGE_LOOP('',(#1371,#1372,#1373,#1374));
#177=EDGE_LOOP('',(#1375,#1376,#1377,#1378));
#178=EDGE_LOOP('',(#1379,#1380,#1381,#1382));
#179=EDGE_LOOP('',(#1383,#1384,#1385,#1386));
#180=EDGE_LOOP('',(#1387,#1388,#1389,#1390));
#181=EDGE_LOOP('',(#1391,#1392,#1393,#1394));
#182=EDGE_LOOP('',(#1395,#1396,#1397,#1398));
#183=EDGE_LOOP('',(#1399,#1400,#1401,#1402));
#184=EDGE_LOOP('',(#1403,#1404,#1405,#1406,#1407,#1408,#1409,#1410));
#185=EDGE_LOOP('',(#1411,#1412,#1413,#1414));
#186=EDGE_LOOP('',(#1415,#1416,#1417,#1418));
#187=EDGE_LOOP('',(#1419,#1420,#1421,#1422));
#188=EDGE_LOOP('',(#1423,#1424,#1425,#1426));
#189=EDGE_LOOP('',(#1427,#1428,#1429,#1430));
#190=EDGE_LOOP('',(#1431,#1432,#1433,#1434));
#191=EDGE_LOOP('',(#1435,#1436,#1437,#1438));
#192=EDGE_LOOP('',(#1439,#1440,#1441,#1442));
#193=EDGE_LOOP('',(#1443,#1444,#1445,#1446));
#194=EDGE_LOOP('',(#1447,#1448,#1449,#1450));
#195=EDGE_LOOP('',(#1451,#1452,#1453,#1454));
#196=EDGE_LOOP('',(#1455,#1456,#1457,#1458));
#197=EDGE_LOOP('',(#1459,#1460,#1461,#1462,#1463,#1464,#1465,#1466));
#198=EDGE_LOOP('',(#1467,#1468,#1469,#1470));
#199=EDGE_LOOP('',(#1471,#1472,#1473,#1474));
#200=EDGE_LOOP('',(#1475,#1476,#1477,#1478));
#201=EDGE_LOOP('',(#1479,#1480,#1481,#1482));
#202=EDGE_LOOP('',(#1483,#1484,#1485,#1486));
#203=EDGE_LOOP('',(#1487,#1488,#1489,#1490));
#204=EDGE_LOOP('',(#1491,#1492,#1493,#1494));
#205=EDGE_LOOP('',(#1495,#1496,#1497,#1498));
#206=EDGE_LOOP('',(#1499,#1500,#1501,#1502));
#207=EDGE_LOOP('',(#1503,#1504,#1505,#1506));
#208=EDGE_LOOP('',(#1507,#1508,#1509,#1510));
#209=EDGE_LOOP('',(#1511,#1512,#1513,#1514));
#210=EDGE_LOOP('',(#1515,#1516,#1517,#1518));
#211=EDGE_LOOP('',(#1519,#1520,#1521,#1522));
#212=EDGE_LOOP('',(#1523,#1524,#1525,#1526));
#213=EDGE_LOOP('',(#1527,#1528,#1529,#1530));
#214=EDGE_LOOP('',(#1531,#1532,#1533,#1534));
#215=EDGE_LOOP('',(#1535,#1536,#1537,#1538));
#216=EDGE_LOOP('',(#1539,#1540,#1541,#1542));
#217=EDGE_LOOP('',(#1543,#1544,#1545,#1546));
#218=EDGE_LOOP('',(#1547,#1548,#1549,#1550));
#219=EDGE_LOOP('',(#1551,#1552,#1553,#1554));
#220=EDGE_LOOP('',(#1555,#1556,#1557,#1558));
#221=EDGE_LOOP('',(#1559,#1560,#1561,#1562));
#222=EDGE_LOOP('',(#1563,#1564,#1565,#1566));
#223=EDGE_LOOP('',(#1567,#1568,#1569,#1570));
#224=EDGE_LOOP('',(#1571,#1572,#1573,#1574));
#225=EDGE_LOOP('',(#1575,#1576,#1577,#1578));
#226=EDGE_LOOP('',(#1579,#1580,#1581,#1582));
#227=EDGE_LOOP('',(#1583,#1584,#1585,#1586));
#228=EDGE_LOOP('',(#1587,#1588,#1589,#1590));
#229=EDGE_LOOP('',(#1591,#1592,#1593,#1594));
#230=EDGE_LOOP('',(#1595,#1596,#1597,#1598));
#231=EDGE_LOOP('',(#1599,#1600,#1601,#1602));
#232=EDGE_LOOP('',(#1603,#1604,#1605,#1606));
#233=EDGE_LOOP('',(#1607,#1608,#1609,#1610));
#234=EDGE_LOOP('',(#1611,#1612,#1613,#1614));
#235=EDGE_LOOP('',(#1615,#1616,#1617,#1618));
#236=EDGE_LOOP('',(#1619,#1620,#1621,#1622));
#237=EDGE_LOOP('',(#1623,#1624,#1625,#1626));
#238=EDGE_LOOP('',(#1627,#1628,#1629,#1630));
#239=EDGE_LOOP('',(#1631,#1632,#1633,#1634));
#240=EDGE_LOOP('',(#1635,#1636,#1637,#1638));
#241=EDGE_LOOP('',(#1639,#1640,#1641,#1642));
#242=EDGE_LOOP('',(#1643,#1644,#1645,#1646));
#243=EDGE_LOOP('',(#1647,#1648,#1649,#1650));
#244=EDGE_LOOP('',(#1651,#1652,#1653,#1654));
#245=EDGE_LOOP('',(#1655,#1656,#1657,#1658));
#246=EDGE_LOOP('',(#1659,#1660,#1661,#1662));
#247=EDGE_LOOP('',(#1663,#1664,#1665,#1666));
#248=EDGE_LOOP('',(#1667,#1668,#1669,#1670,#1671,#1672,#1673,#1674));
#249=EDGE_LOOP('',(#1675,#1676,#1677,#1678));
#250=EDGE_LOOP('',(#1679,#1680,#1681,#1682));
#251=EDGE_LOOP('',(#1683,#1684,#1685,#1686));
#252=EDGE_LOOP('',(#1687,#1688,#1689,#1690));
#253=EDGE_LOOP('',(#1691,#1692,#1693,#1694));
#254=EDGE_LOOP('',(#1695,#1696,#1697,#1698));
#255=EDGE_LOOP('',(#1699,#1700,#1701,#1702));
#256=EDGE_LOOP('',(#1703,#1704,#1705,#1706));
#257=EDGE_LOOP('',(#1707,#1708,#1709,#1710));
#258=EDGE_LOOP('',(#1711,#1712,#1713,#1714));
#259=EDGE_LOOP('',(#1715,#1716,#1717,#1718));
#260=EDGE_LOOP('',(#1719,#1720,#1721,#1722));
#261=EDGE_LOOP('',(#1723,#1724,#1725,#1726,#1727,#1728,#1729,#1730));
#262=EDGE_LOOP('',(#1731,#1732,#1733,#1734));
#263=EDGE_LOOP('',(#1735,#1736,#1737,#1738));
#264=EDGE_LOOP('',(#1739,#1740,#1741,#1742));
#265=EDGE_LOOP('',(#1743,#1744,#1745,#1746));
#266=EDGE_LOOP('',(#1747,#1748,#1749,#1750));
#267=EDGE_LOOP('',(#1751,#1752,#1753,#1754));
#268=EDGE_LOOP('',(#1755,#1756,#1757,#1758));
#269=EDGE_LOOP('',(#1759,#1760,#1761,#1762));
#270=EDGE_LOOP('',(#1763,#1764,#1765,#1766));
#271=LINE('',#2513,#535);
#272=LINE('',#2515,#536);
#273=LINE('',#2517,#537);
#274=LINE('',#2518,#538);
#275=LINE('',#2521,#539);
#276=LINE('',#2523,#540);
#277=LINE('',#2524,#541);
#278=LINE('',#2527,#542);
#279=LINE('',#2529,#543);
#280=LINE('',#2530,#544);
#281=LINE('',#2532,#545);
#282=LINE('',#2533,#546);
#283=LINE('',#2537,#547);
#284=LINE('',#2539,#548);
#285=LINE('',#2541,#549);
#286=LINE('',#2542,#550);
#287=LINE('',#2545,#551);
#288=LINE('',#2547,#552);
#289=LINE('',#2548,#553);
#290=LINE('',#2551,#554);
#291=LINE('',#2553,#555);
#292=LINE('',#2554,#556);
#293=LINE('',#2556,#557);
#294=LINE('',#2557,#558);
#295=LINE('',#2561,#559);
#296=LINE('',#2563,#560);
#297=LINE('',#2565,#561);
#298=LINE('',#2566,#562);
#299=LINE('',#2569,#563);
#300=LINE('',#2571,#564);
#301=LINE('',#2572,#565);
#302=LINE('',#2575,#566);
#303=LINE('',#2577,#567);
#304=LINE('',#2578,#568);
#305=LINE('',#2580,#569);
#306=LINE('',#2581,#570);
#307=LINE('',#2585,#571);
#308=LINE('',#2587,#572);
#309=LINE('',#2589,#573);
#310=LINE('',#2590,#574);
#311=LINE('',#2593,#575);
#312=LINE('',#2595,#576);
#313=LINE('',#2596,#577);
#314=LINE('',#2599,#578);
#315=LINE('',#2601,#579);
#316=LINE('',#2602,#580);
#317=LINE('',#2604,#581);
#318=LINE('',#2605,#582);
#319=LINE('',#2609,#583);
#320=LINE('',#2611,#584);
#321=LINE('',#2613,#585);
#322=LINE('',#2614,#586);
#323=LINE('',#2617,#587);
#324=LINE('',#2619,#588);
#325=LINE('',#2620,#589);
#326=LINE('',#2623,#590);
#327=LINE('',#2625,#591);
#328=LINE('',#2626,#592);
#329=LINE('',#2628,#593);
#330=LINE('',#2629,#594);
#331=LINE('',#2633,#595);
#332=LINE('',#2635,#596);
#333=LINE('',#2637,#597);
#334=LINE('',#2638,#598);
#335=LINE('',#2641,#599);
#336=LINE('',#2643,#600);
#337=LINE('',#2644,#601);
#338=LINE('',#2647,#602);
#339=LINE('',#2649,#603);
#340=LINE('',#2650,#604);
#341=LINE('',#2652,#605);
#342=LINE('',#2653,#606);
#343=LINE('',#2657,#607);
#344=LINE('',#2659,#608);
#345=LINE('',#2661,#609);
#346=LINE('',#2662,#610);
#347=LINE('',#2665,#611);
#348=LINE('',#2667,#612);
#349=LINE('',#2668,#613);
#350=LINE('',#2671,#614);
#351=LINE('',#2673,#615);
#352=LINE('',#2674,#616);
#353=LINE('',#2676,#617);
#354=LINE('',#2677,#618);
#355=LINE('',#2681,#619);
#356=LINE('',#2683,#620);
#357=LINE('',#2685,#621);
#358=LINE('',#2686,#622);
#359=LINE('',#2689,#623);
#360=LINE('',#2691,#624);
#361=LINE('',#2692,#625);
#362=LINE('',#2695,#626);
#363=LINE('',#2697,#627);
#364=LINE('',#2698,#628);
#365=LINE('',#2700,#629);
#366=LINE('',#2701,#630);
#367=LINE('',#2705,#631);
#368=LINE('',#2707,#632);
#369=LINE('',#2709,#633);
#370=LINE('',#2710,#634);
#371=LINE('',#2713,#635);
#372=LINE('',#2715,#636);
#373=LINE('',#2716,#637);
#374=LINE('',#2719,#638);
#375=LINE('',#2721,#639);
#376=LINE('',#2722,#640);
#377=LINE('',#2724,#641);
#378=LINE('',#2725,#642);
#379=LINE('',#2729,#643);
#380=LINE('',#2731,#644);
#381=LINE('',#2733,#645);
#382=LINE('',#2734,#646);
#383=LINE('',#2738,#647);
#384=LINE('',#2740,#648);
#385=LINE('',#2742,#649);
#386=LINE('',#2743,#650);
#387=LINE('',#2745,#651);
#388=LINE('',#2746,#652);
#389=LINE('',#2749,#653);
#390=LINE('',#2751,#654);
#391=LINE('',#2752,#655);
#392=LINE('',#2755,#656);
#393=LINE('',#2757,#657);
#394=LINE('',#2758,#658);
#395=LINE('',#2761,#659);
#396=LINE('',#2763,#660);
#397=LINE('',#2764,#661);
#398=LINE('',#2767,#662);
#399=LINE('',#2768,#663);
#400=LINE('',#2771,#664);
#401=LINE('',#2772,#665);
#402=LINE('',#2774,#666);
#403=LINE('',#2779,#667);
#404=LINE('',#2781,#668);
#405=LINE('',#2783,#669);
#406=LINE('',#2784,#670);
#407=LINE('',#2787,#671);
#408=LINE('',#2789,#672);
#409=LINE('',#2790,#673);
#410=LINE('',#2793,#674);
#411=LINE('',#2795,#675);
#412=LINE('',#2796,#676);
#413=LINE('',#2798,#677);
#414=LINE('',#2799,#678);
#415=LINE('',#2803,#679);
#416=LINE('',#2805,#680);
#417=LINE('',#2807,#681);
#418=LINE('',#2808,#682);
#419=LINE('',#2811,#683);
#420=LINE('',#2813,#684);
#421=LINE('',#2814,#685);
#422=LINE('',#2817,#686);
#423=LINE('',#2819,#687);
#424=LINE('',#2820,#688);
#425=LINE('',#2822,#689);
#426=LINE('',#2823,#690);
#427=LINE('',#2827,#691);
#428=LINE('',#2829,#692);
#429=LINE('',#2831,#693);
#430=LINE('',#2832,#694);
#431=LINE('',#2835,#695);
#432=LINE('',#2837,#696);
#433=LINE('',#2838,#697);
#434=LINE('',#2841,#698);
#435=LINE('',#2843,#699);
#436=LINE('',#2844,#700);
#437=LINE('',#2846,#701);
#438=LINE('',#2847,#702);
#439=LINE('',#2851,#703);
#440=LINE('',#2853,#704);
#441=LINE('',#2855,#705);
#442=LINE('',#2856,#706);
#443=LINE('',#2859,#707);
#444=LINE('',#2861,#708);
#445=LINE('',#2862,#709);
#446=LINE('',#2865,#710);
#447=LINE('',#2867,#711);
#448=LINE('',#2868,#712);
#449=LINE('',#2870,#713);
#450=LINE('',#2871,#714);
#451=LINE('',#2875,#715);
#452=LINE('',#2877,#716);
#453=LINE('',#2879,#717);
#454=LINE('',#2880,#718);
#455=LINE('',#2883,#719);
#456=LINE('',#2885,#720);
#457=LINE('',#2886,#721);
#458=LINE('',#2889,#722);
#459=LINE('',#2891,#723);
#460=LINE('',#2892,#724);
#461=LINE('',#2894,#725);
#462=LINE('',#2895,#726);
#463=LINE('',#2899,#727);
#464=LINE('',#2901,#728);
#465=LINE('',#2903,#729);
#466=LINE('',#2904,#730);
#467=LINE('',#2907,#731);
#468=LINE('',#2909,#732);
#469=LINE('',#2910,#733);
#470=LINE('',#2913,#734);
#471=LINE('',#2915,#735);
#472=LINE('',#2916,#736);
#473=LINE('',#2918,#737);
#474=LINE('',#2919,#738);
#475=LINE('',#2923,#739);
#476=LINE('',#2925,#740);
#477=LINE('',#2927,#741);
#478=LINE('',#2928,#742);
#479=LINE('',#2931,#743);
#480=LINE('',#2933,#744);
#481=LINE('',#2934,#745);
#482=LINE('',#2937,#746);
#483=LINE('',#2939,#747);
#484=LINE('',#2940,#748);
#485=LINE('',#2942,#749);
#486=LINE('',#2943,#750);
#487=LINE('',#2947,#751);
#488=LINE('',#2949,#752);
#489=LINE('',#2951,#753);
#490=LINE('',#2952,#754);
#491=LINE('',#2955,#755);
#492=LINE('',#2957,#756);
#493=LINE('',#2958,#757);
#494=LINE('',#2961,#758);
#495=LINE('',#2963,#759);
#496=LINE('',#2964,#760);
#497=LINE('',#2966,#761);
#498=LINE('',#2967,#762);
#499=LINE('',#2971,#763);
#500=LINE('',#2973,#764);
#501=LINE('',#2975,#765);
#502=LINE('',#2976,#766);
#503=LINE('',#2979,#767);
#504=LINE('',#2981,#768);
#505=LINE('',#2982,#769);
#506=LINE('',#2985,#770);
#507=LINE('',#2987,#771);
#508=LINE('',#2988,#772);
#509=LINE('',#2990,#773);
#510=LINE('',#2991,#774);
#511=LINE('',#2995,#775);
#512=LINE('',#2997,#776);
#513=LINE('',#2999,#777);
#514=LINE('',#3000,#778);
#515=LINE('',#3004,#779);
#516=LINE('',#3006,#780);
#517=LINE('',#3008,#781);
#518=LINE('',#3009,#782);
#519=LINE('',#3011,#783);
#520=LINE('',#3012,#784);
#521=LINE('',#3015,#785);
#522=LINE('',#3017,#786);
#523=LINE('',#3018,#787);
#524=LINE('',#3021,#788);
#525=LINE('',#3023,#789);
#526=LINE('',#3024,#790);
#527=LINE('',#3027,#791);
#528=LINE('',#3029,#792);
#529=LINE('',#3030,#793);
#530=LINE('',#3033,#794);
#531=LINE('',#3034,#795);
#532=LINE('',#3037,#796);
#533=LINE('',#3038,#797);
#534=LINE('',#3040,#798);
#535=VECTOR('',#2063,1.);
#536=VECTOR('',#2064,1.);
#537=VECTOR('',#2065,1.);
#538=VECTOR('',#2066,1.);
#539=VECTOR('',#2069,1.);
#540=VECTOR('',#2070,1.);
#541=VECTOR('',#2071,1.);
#542=VECTOR('',#2074,1.);
#543=VECTOR('',#2075,1.);
#544=VECTOR('',#2076,1.);
#545=VECTOR('',#2079,1.);
#546=VECTOR('',#2080,1.);
#547=VECTOR('',#2083,1.);
#548=VECTOR('',#2084,1.);
#549=VECTOR('',#2085,1.);
#550=VECTOR('',#2086,1.);
#551=VECTOR('',#2089,1.);
#552=VECTOR('',#2090,1.);
#553=VECTOR('',#2091,1.);
#554=VECTOR('',#2094,1.);
#555=VECTOR('',#2095,1.);
#556=VECTOR('',#2096,1.);
#557=VECTOR('',#2099,1.);
#558=VECTOR('',#2100,1.);
#559=VECTOR('',#2103,1.);
#560=VECTOR('',#2104,1.);
#561=VECTOR('',#2105,1.);
#562=VECTOR('',#2106,1.);
#563=VECTOR('',#2109,1.);
#564=VECTOR('',#2110,1.);
#565=VECTOR('',#2111,1.);
#566=VECTOR('',#2114,1.);
#567=VECTOR('',#2115,1.);
#568=VECTOR('',#2116,1.);
#569=VECTOR('',#2119,1.);
#570=VECTOR('',#2120,1.);
#571=VECTOR('',#2123,1.);
#572=VECTOR('',#2124,1.);
#573=VECTOR('',#2125,1.);
#574=VECTOR('',#2126,1.);
#575=VECTOR('',#2129,1.);
#576=VECTOR('',#2130,1.);
#577=VECTOR('',#2131,1.);
#578=VECTOR('',#2134,1.);
#579=VECTOR('',#2135,1.);
#580=VECTOR('',#2136,1.);
#581=VECTOR('',#2139,1.);
#582=VECTOR('',#2140,1.);
#583=VECTOR('',#2143,1.);
#584=VECTOR('',#2144,1.);
#585=VECTOR('',#2145,1.);
#586=VECTOR('',#2146,1.);
#587=VECTOR('',#2149,1.);
#588=VECTOR('',#2150,1.);
#589=VECTOR('',#2151,1.);
#590=VECTOR('',#2154,1.);
#591=VECTOR('',#2155,1.);
#592=VECTOR('',#2156,1.);
#593=VECTOR('',#2159,1.);
#594=VECTOR('',#2160,1.);
#595=VECTOR('',#2163,1.);
#596=VECTOR('',#2164,1.);
#597=VECTOR('',#2165,1.);
#598=VECTOR('',#2166,1.);
#599=VECTOR('',#2169,1.);
#600=VECTOR('',#2170,1.);
#601=VECTOR('',#2171,1.);
#602=VECTOR('',#2174,1.);
#603=VECTOR('',#2175,1.);
#604=VECTOR('',#2176,1.);
#605=VECTOR('',#2179,1.);
#606=VECTOR('',#2180,1.);
#607=VECTOR('',#2183,1.);
#608=VECTOR('',#2184,1.);
#609=VECTOR('',#2185,1.);
#610=VECTOR('',#2186,1.);
#611=VECTOR('',#2189,1.);
#612=VECTOR('',#2190,1.);
#613=VECTOR('',#2191,1.);
#614=VECTOR('',#2194,1.);
#615=VECTOR('',#2195,1.);
#616=VECTOR('',#2196,1.);
#617=VECTOR('',#2199,1.);
#618=VECTOR('',#2200,1.);
#619=VECTOR('',#2203,1.);
#620=VECTOR('',#2204,1.);
#621=VECTOR('',#2205,1.);
#622=VECTOR('',#2206,1.);
#623=VECTOR('',#2209,1.);
#624=VECTOR('',#2210,1.);
#625=VECTOR('',#2211,1.);
#626=VECTOR('',#2214,1.);
#627=VECTOR('',#2215,1.);
#628=VECTOR('',#2216,1.);
#629=VECTOR('',#2219,1.);
#630=VECTOR('',#2220,1.);
#631=VECTOR('',#2223,1.);
#632=VECTOR('',#2224,1.);
#633=VECTOR('',#2225,1.);
#634=VECTOR('',#2226,1.);
#635=VECTOR('',#2229,1.);
#636=VECTOR('',#2230,1.);
#637=VECTOR('',#2231,1.);
#638=VECTOR('',#2234,1.);
#639=VECTOR('',#2235,1.);
#640=VECTOR('',#2236,1.);
#641=VECTOR('',#2239,1.);
#642=VECTOR('',#2240,1.);
#643=VECTOR('',#2243,1.);
#644=VECTOR('',#2244,1.);
#645=VECTOR('',#2245,1.);
#646=VECTOR('',#2246,1.);
#647=VECTOR('',#2249,1.);
#648=VECTOR('',#2250,1.);
#649=VECTOR('',#2251,1.);
#650=VECTOR('',#2252,1.);
#651=VECTOR('',#2255,1.);
#652=VECTOR('',#2256,1.);
#653=VECTOR('',#2259,1.);
#654=VECTOR('',#2260,1.);
#655=VECTOR('',#2261,1.);
#656=VECTOR('',#2264,1.);
#657=VECTOR('',#2265,1.);
#658=VECTOR('',#2266,1.);
#659=VECTOR('',#2269,1.);
#660=VECTOR('',#2270,1.);
#661=VECTOR('',#2271,1.);
#662=VECTOR('',#2274,1.);
#663=VECTOR('',#2275,1.);
#664=VECTOR('',#2278,1.);
#665=VECTOR('',#2279,1.);
#666=VECTOR('',#2282,1.);
#667=VECTOR('',#2287,1.);
#668=VECTOR('',#2288,1.);
#669=VECTOR('',#2289,1.);
#670=VECTOR('',#2290,1.);
#671=VECTOR('',#2293,1.);
#672=VECTOR('',#2294,1.);
#673=VECTOR('',#2295,1.);
#674=VECTOR('',#2298,1.);
#675=VECTOR('',#2299,1.);
#676=VECTOR('',#2300,1.);
#677=VECTOR('',#2303,1.);
#678=VECTOR('',#2304,1.);
#679=VECTOR('',#2307,1.);
#680=VECTOR('',#2308,1.);
#681=VECTOR('',#2309,1.);
#682=VECTOR('',#2310,1.);
#683=VECTOR('',#2313,1.);
#684=VECTOR('',#2314,1.);
#685=VECTOR('',#2315,1.);
#686=VECTOR('',#2318,1.);
#687=VECTOR('',#2319,1.);
#688=VECTOR('',#2320,1.);
#689=VECTOR('',#2323,1.);
#690=VECTOR('',#2324,1.);
#691=VECTOR('',#2327,1.);
#692=VECTOR('',#2328,1.);
#693=VECTOR('',#2329,1.);
#694=VECTOR('',#2330,1.);
#695=VECTOR('',#2333,1.);
#696=VECTOR('',#2334,1.);
#697=VECTOR('',#2335,1.);
#698=VECTOR('',#2338,1.);
#699=VECTOR('',#2339,1.);
#700=VECTOR('',#2340,1.);
#701=VECTOR('',#2343,1.);
#702=VECTOR('',#2344,1.);
#703=VECTOR('',#2347,1.);
#704=VECTOR('',#2348,1.);
#705=VECTOR('',#2349,1.);
#706=VECTOR('',#2350,1.);
#707=VECTOR('',#2353,1.);
#708=VECTOR('',#2354,1.);
#709=VECTOR('',#2355,1.);
#710=VECTOR('',#2358,1.);
#711=VECTOR('',#2359,1.);
#712=VECTOR('',#2360,1.);
#713=VECTOR('',#2363,1.);
#714=VECTOR('',#2364,1.);
#715=VECTOR('',#2367,1.);
#716=VECTOR('',#2368,1.);
#717=VECTOR('',#2369,1.);
#718=VECTOR('',#2370,1.);
#719=VECTOR('',#2373,1.);
#720=VECTOR('',#2374,1.);
#721=VECTOR('',#2375,1.);
#722=VECTOR('',#2378,1.);
#723=VECTOR('',#2379,1.);
#724=VECTOR('',#2380,1.);
#725=VECTOR('',#2383,1.);
#726=VECTOR('',#2384,1.);
#727=VECTOR('',#2387,1.);
#728=VECTOR('',#2388,1.);
#729=VECTOR('',#2389,1.);
#730=VECTOR('',#2390,1.);
#731=VECTOR('',#2393,1.);
#732=VECTOR('',#2394,1.);
#733=VECTOR('',#2395,1.);
#734=VECTOR('',#2398,1.);
#735=VECTOR('',#2399,1.);
#736=VECTOR('',#2400,1.);
#737=VECTOR('',#2403,1.);
#738=VECTOR('',#2404,1.);
#739=VECTOR('',#2407,1.);
#740=VECTOR('',#2408,1.);
#741=VECTOR('',#2409,1.);
#742=VECTOR('',#2410,1.);
#743=VECTOR('',#2413,1.);
#744=VECTOR('',#2414,1.);
#745=VECTOR('',#2415,1.);
#746=VECTOR('',#2418,1.);
#747=VECTOR('',#2419,1.);
#748=VECTOR('',#2420,1.);
#749=VECTOR('',#2423,1.);
#750=VECTOR('',#2424,1.);
#751=VECTOR('',#2427,1.);
#752=VECTOR('',#2428,1.);
#753=VECTOR('',#2429,1.);
#754=VECTOR('',#2430,1.);
#755=VECTOR('',#2433,1.);
#756=VECTOR('',#2434,1.);
#757=VECTOR('',#2435,1.);
#758=VECTOR('',#2438,1.);
#759=VECTOR('',#2439,1.);
#760=VECTOR('',#2440,1.);
#761=VECTOR('',#2443,1.);
#762=VECTOR('',#2444,1.);
#763=VECTOR('',#2447,1.);
#764=VECTOR('',#2448,1.);
#765=VECTOR('',#2449,1.);
#766=VECTOR('',#2450,1.);
#767=VECTOR('',#2453,1.);
#768=VECTOR('',#2454,1.);
#769=VECTOR('',#2455,1.);
#770=VECTOR('',#2458,1.);
#771=VECTOR('',#2459,1.);
#772=VECTOR('',#2460,1.);
#773=VECTOR('',#2463,1.);
#774=VECTOR('',#2464,1.);
#775=VECTOR('',#2467,1.);
#776=VECTOR('',#2468,1.);
#777=VECTOR('',#2469,1.);
#778=VECTOR('',#2470,1.);
#779=VECTOR('',#2473,1.);
#780=VECTOR('',#2474,1.);
#781=VECTOR('',#2475,1.);
#782=VECTOR('',#2476,1.);
#783=VECTOR('',#2479,1.);
#784=VECTOR('',#2480,1.);
#785=VECTOR('',#2483,1.);
#786=VECTOR('',#2484,1.);
#787=VECTOR('',#2485,1.);
#788=VECTOR('',#2488,1.);
#789=VECTOR('',#2489,1.);
#790=VECTOR('',#2490,1.);
#791=VECTOR('',#2493,1.);
#792=VECTOR('',#2494,1.);
#793=VECTOR('',#2495,1.);
#794=VECTOR('',#2498,1.);
#795=VECTOR('',#2499,1.);
#796=VECTOR('',#2502,1.);
#797=VECTOR('',#2503,1.);
#798=VECTOR('',#2506,1.);
#799=VERTEX_POINT('',#2511);
#800=VERTEX_POINT('',#2512);
#801=VERTEX_POINT('',#2514);
#802=VERTEX_POINT('',#2516);
#803=VERTEX_POINT('',#2520);
#804=VERTEX_POINT('',#2522);
#805=VERTEX_POINT('',#2526);
#806=VERTEX_POINT('',#2528);
#807=VERTEX_POINT('',#2535);
#808=VERTEX_POINT('',#2536);
#809=VERTEX_POINT('',#2538);
#810=VERTEX_POINT('',#2540);
#811=VERTEX_POINT('',#2544);
#812=VERTEX_POINT('',#2546);
#813=VERTEX_POINT('',#2550);
#814=VERTEX_POINT('',#2552);
#815=VERTEX_POINT('',#2559);
#816=VERTEX_POINT('',#2560);
#817=VERTEX_POINT('',#2562);
#818=VERTEX_POINT('',#2564);
#819=VERTEX_POINT('',#2568);
#820=VERTEX_POINT('',#2570);
#821=VERTEX_POINT('',#2574);
#822=VERTEX_POINT('',#2576);
#823=VERTEX_POINT('',#2583);
#824=VERTEX_POINT('',#2584);
#825=VERTEX_POINT('',#2586);
#826=VERTEX_POINT('',#2588);
#827=VERTEX_POINT('',#2592);
#828=VERTEX_POINT('',#2594);
#829=VERTEX_POINT('',#2598);
#830=VERTEX_POINT('',#2600);
#831=VERTEX_POINT('',#2607);
#832=VERTEX_POINT('',#2608);
#833=VERTEX_POINT('',#2610);
#834=VERTEX_POINT('',#2612);
#835=VERTEX_POINT('',#2616);
#836=VERTEX_POINT('',#2618);
#837=VERTEX_POINT('',#2622);
#838=VERTEX_POINT('',#2624);
#839=VERTEX_POINT('',#2631);
#840=VERTEX_POINT('',#2632);
#841=VERTEX_POINT('',#2634);
#842=VERTEX_POINT('',#2636);
#843=VERTEX_POINT('',#2640);
#844=VERTEX_POINT('',#2642);
#845=VERTEX_POINT('',#2646);
#846=VERTEX_POINT('',#2648);
#847=VERTEX_POINT('',#2655);
#848=VERTEX_POINT('',#2656);
#849=VERTEX_POINT('',#2658);
#850=VERTEX_POINT('',#2660);
#851=VERTEX_POINT('',#2664);
#852=VERTEX_POINT('',#2666);
#853=VERTEX_POINT('',#2670);
#854=VERTEX_POINT('',#2672);
#855=VERTEX_POINT('',#2679);
#856=VERTEX_POINT('',#2680);
#857=VERTEX_POINT('',#2682);
#858=VERTEX_POINT('',#2684);
#859=VERTEX_POINT('',#2688);
#860=VERTEX_POINT('',#2690);
#861=VERTEX_POINT('',#2694);
#862=VERTEX_POINT('',#2696);
#863=VERTEX_POINT('',#2703);
#864=VERTEX_POINT('',#2704);
#865=VERTEX_POINT('',#2706);
#866=VERTEX_POINT('',#2708);
#867=VERTEX_POINT('',#2712);
#868=VERTEX_POINT('',#2714);
#869=VERTEX_POINT('',#2718);
#870=VERTEX_POINT('',#2720);
#871=VERTEX_POINT('',#2727);
#872=VERTEX_POINT('',#2728);
#873=VERTEX_POINT('',#2730);
#874=VERTEX_POINT('',#2732);
#875=VERTEX_POINT('',#2736);
#876=VERTEX_POINT('',#2737);
#877=VERTEX_POINT('',#2739);
#878=VERTEX_POINT('',#2741);
#879=VERTEX_POINT('',#2748);
#880=VERTEX_POINT('',#2750);
#881=VERTEX_POINT('',#2754);
#882=VERTEX_POINT('',#2756);
#883=VERTEX_POINT('',#2760);
#884=VERTEX_POINT('',#2762);
#885=VERTEX_POINT('',#2766);
#886=VERTEX_POINT('',#2770);
#887=VERTEX_POINT('',#2777);
#888=VERTEX_POINT('',#2778);
#889=VERTEX_POINT('',#2780);
#890=VERTEX_POINT('',#2782);
#891=VERTEX_POINT('',#2786);
#892=VERTEX_POINT('',#2788);
#893=VERTEX_POINT('',#2792);
#894=VERTEX_POINT('',#2794);
#895=VERTEX_POINT('',#2801);
#896=VERTEX_POINT('',#2802);
#897=VERTEX_POINT('',#2804);
#898=VERTEX_POINT('',#2806);
#899=VERTEX_POINT('',#2810);
#900=VERTEX_POINT('',#2812);
#901=VERTEX_POINT('',#2816);
#902=VERTEX_POINT('',#2818);
#903=VERTEX_POINT('',#2825);
#904=VERTEX_POINT('',#2826);
#905=VERTEX_POINT('',#2828);
#906=VERTEX_POINT('',#2830);
#907=VERTEX_POINT('',#2834);
#908=VERTEX_POINT('',#2836);
#909=VERTEX_POINT('',#2840);
#910=VERTEX_POINT('',#2842);
#911=VERTEX_POINT('',#2849);
#912=VERTEX_POINT('',#2850);
#913=VERTEX_POINT('',#2852);
#914=VERTEX_POINT('',#2854);
#915=VERTEX_POINT('',#2858);
#916=VERTEX_POINT('',#2860);
#917=VERTEX_POINT('',#2864);
#918=VERTEX_POINT('',#2866);
#919=VERTEX_POINT('',#2873);
#920=VERTEX_POINT('',#2874);
#921=VERTEX_POINT('',#2876);
#922=VERTEX_POINT('',#2878);
#923=VERTEX_POINT('',#2882);
#924=VERTEX_POINT('',#2884);
#925=VERTEX_POINT('',#2888);
#926=VERTEX_POINT('',#2890);
#927=VERTEX_POINT('',#2897);
#928=VERTEX_POINT('',#2898);
#929=VERTEX_POINT('',#2900);
#930=VERTEX_POINT('',#2902);
#931=VERTEX_POINT('',#2906);
#932=VERTEX_POINT('',#2908);
#933=VERTEX_POINT('',#2912);
#934=VERTEX_POINT('',#2914);
#935=VERTEX_POINT('',#2921);
#936=VERTEX_POINT('',#2922);
#937=VERTEX_POINT('',#2924);
#938=VERTEX_POINT('',#2926);
#939=VERTEX_POINT('',#2930);
#940=VERTEX_POINT('',#2932);
#941=VERTEX_POINT('',#2936);
#942=VERTEX_POINT('',#2938);
#943=VERTEX_POINT('',#2945);
#944=VERTEX_POINT('',#2946);
#945=VERTEX_POINT('',#2948);
#946=VERTEX_POINT('',#2950);
#947=VERTEX_POINT('',#2954);
#948=VERTEX_POINT('',#2956);
#949=VERTEX_POINT('',#2960);
#950=VERTEX_POINT('',#2962);
#951=VERTEX_POINT('',#2969);
#952=VERTEX_POINT('',#2970);
#953=VERTEX_POINT('',#2972);
#954=VERTEX_POINT('',#2974);
#955=VERTEX_POINT('',#2978);
#956=VERTEX_POINT('',#2980);
#957=VERTEX_POINT('',#2984);
#958=VERTEX_POINT('',#2986);
#959=VERTEX_POINT('',#2993);
#960=VERTEX_POINT('',#2994);
#961=VERTEX_POINT('',#2996);
#962=VERTEX_POINT('',#2998);
#963=VERTEX_POINT('',#3002);
#964=VERTEX_POINT('',#3003);
#965=VERTEX_POINT('',#3005);
#966=VERTEX_POINT('',#3007);
#967=VERTEX_POINT('',#3014);
#968=VERTEX_POINT('',#3016);
#969=VERTEX_POINT('',#3020);
#970=VERTEX_POINT('',#3022);
#971=VERTEX_POINT('',#3026);
#972=VERTEX_POINT('',#3028);
#973=VERTEX_POINT('',#3032);
#974=VERTEX_POINT('',#3036);
#975=EDGE_CURVE('',#799,#800,#271,.T.);
#976=EDGE_CURVE('',#801,#799,#272,.T.);
#977=EDGE_CURVE('',#802,#801,#273,.T.);
#978=EDGE_CURVE('',#802,#800,#274,.T.);
#979=EDGE_CURVE('',#800,#803,#275,.T.);
#980=EDGE_CURVE('',#804,#802,#276,.T.);
#981=EDGE_CURVE('',#804,#803,#277,.T.);
#982=EDGE_CURVE('',#803,#805,#278,.T.);
#983=EDGE_CURVE('',#806,#804,#279,.T.);
#984=EDGE_CURVE('',#806,#805,#280,.T.);
#985=EDGE_CURVE('',#805,#799,#281,.T.);
#986=EDGE_CURVE('',#801,#806,#282,.T.);
#987=EDGE_CURVE('',#807,#808,#283,.T.);
#988=EDGE_CURVE('',#809,#807,#284,.T.);
#989=EDGE_CURVE('',#810,#809,#285,.T.);
#990=EDGE_CURVE('',#810,#808,#286,.T.);
#991=EDGE_CURVE('',#808,#811,#287,.T.);
#992=EDGE_CURVE('',#812,#810,#288,.T.);
#993=EDGE_CURVE('',#812,#811,#289,.T.);
#994=EDGE_CURVE('',#811,#813,#290,.T.);
#995=EDGE_CURVE('',#814,#812,#291,.T.);
#996=EDGE_CURVE('',#814,#813,#292,.T.);
#997=EDGE_CURVE('',#813,#807,#293,.T.);
#998=EDGE_CURVE('',#809,#814,#294,.T.);
#999=EDGE_CURVE('',#815,#816,#295,.T.);
#1000=EDGE_CURVE('',#817,#815,#296,.T.);
#1001=EDGE_CURVE('',#818,#817,#297,.T.);
#1002=EDGE_CURVE('',#818,#816,#298,.T.);
#1003=EDGE_CURVE('',#816,#819,#299,.T.);
#1004=EDGE_CURVE('',#820,#818,#300,.T.);
#1005=EDGE_CURVE('',#820,#819,#301,.T.);
#1006=EDGE_CURVE('',#819,#821,#302,.T.);
#1007=EDGE_CURVE('',#822,#820,#303,.T.);
#1008=EDGE_CURVE('',#822,#821,#304,.T.);
#1009=EDGE_CURVE('',#821,#815,#305,.T.);
#1010=EDGE_CURVE('',#817,#822,#306,.T.);
#1011=EDGE_CURVE('',#823,#824,#307,.T.);
#1012=EDGE_CURVE('',#825,#823,#308,.T.);
#1013=EDGE_CURVE('',#826,#825,#309,.T.);
#1014=EDGE_CURVE('',#826,#824,#310,.T.);
#1015=EDGE_CURVE('',#824,#827,#311,.T.);
#1016=EDGE_CURVE('',#828,#826,#312,.T.);
#1017=EDGE_CURVE('',#828,#827,#313,.T.);
#1018=EDGE_CURVE('',#827,#829,#314,.T.);
#1019=EDGE_CURVE('',#830,#828,#315,.T.);
#1020=EDGE_CURVE('',#830,#829,#316,.T.);
#1021=EDGE_CURVE('',#829,#823,#317,.T.);
#1022=EDGE_CURVE('',#825,#830,#318,.T.);
#1023=EDGE_CURVE('',#831,#832,#319,.T.);
#1024=EDGE_CURVE('',#833,#831,#320,.T.);
#1025=EDGE_CURVE('',#834,#833,#321,.T.);
#1026=EDGE_CURVE('',#834,#832,#322,.T.);
#1027=EDGE_CURVE('',#832,#835,#323,.T.);
#1028=EDGE_CURVE('',#836,#834,#324,.T.);
#1029=EDGE_CURVE('',#836,#835,#325,.T.);
#1030=EDGE_CURVE('',#835,#837,#326,.T.);
#1031=EDGE_CURVE('',#838,#836,#327,.T.);
#1032=EDGE_CURVE('',#838,#837,#328,.T.);
#1033=EDGE_CURVE('',#837,#831,#329,.T.);
#1034=EDGE_CURVE('',#833,#838,#330,.T.);
#1035=EDGE_CURVE('',#839,#840,#331,.T.);
#1036=EDGE_CURVE('',#841,#839,#332,.T.);
#1037=EDGE_CURVE('',#842,#841,#333,.T.);
#1038=EDGE_CURVE('',#842,#840,#334,.T.);
#1039=EDGE_CURVE('',#840,#843,#335,.T.);
#1040=EDGE_CURVE('',#844,#842,#336,.T.);
#1041=EDGE_CURVE('',#844,#843,#337,.T.);
#1042=EDGE_CURVE('',#843,#845,#338,.T.);
#1043=EDGE_CURVE('',#846,#844,#339,.T.);
#1044=EDGE_CURVE('',#846,#845,#340,.T.);
#1045=EDGE_CURVE('',#845,#839,#341,.T.);
#1046=EDGE_CURVE('',#841,#846,#342,.T.);
#1047=EDGE_CURVE('',#847,#848,#343,.T.);
#1048=EDGE_CURVE('',#849,#847,#344,.T.);
#1049=EDGE_CURVE('',#850,#849,#345,.T.);
#1050=EDGE_CURVE('',#850,#848,#346,.T.);
#1051=EDGE_CURVE('',#848,#851,#347,.T.);
#1052=EDGE_CURVE('',#852,#850,#348,.T.);
#1053=EDGE_CURVE('',#852,#851,#349,.T.);
#1054=EDGE_CURVE('',#851,#853,#350,.T.);
#1055=EDGE_CURVE('',#854,#852,#351,.T.);
#1056=EDGE_CURVE('',#854,#853,#352,.T.);
#1057=EDGE_CURVE('',#853,#847,#353,.T.);
#1058=EDGE_CURVE('',#849,#854,#354,.T.);
#1059=EDGE_CURVE('',#855,#856,#355,.T.);
#1060=EDGE_CURVE('',#857,#855,#356,.T.);
#1061=EDGE_CURVE('',#858,#857,#357,.T.);
#1062=EDGE_CURVE('',#858,#856,#358,.T.);
#1063=EDGE_CURVE('',#856,#859,#359,.T.);
#1064=EDGE_CURVE('',#860,#858,#360,.T.);
#1065=EDGE_CURVE('',#860,#859,#361,.T.);
#1066=EDGE_CURVE('',#859,#861,#362,.T.);
#1067=EDGE_CURVE('',#862,#860,#363,.T.);
#1068=EDGE_CURVE('',#862,#861,#364,.T.);
#1069=EDGE_CURVE('',#861,#855,#365,.T.);
#1070=EDGE_CURVE('',#857,#862,#366,.T.);
#1071=EDGE_CURVE('',#863,#864,#367,.T.);
#1072=EDGE_CURVE('',#865,#863,#368,.T.);
#1073=EDGE_CURVE('',#866,#865,#369,.T.);
#1074=EDGE_CURVE('',#866,#864,#370,.T.);
#1075=EDGE_CURVE('',#864,#867,#371,.T.);
#1076=EDGE_CURVE('',#868,#866,#372,.T.);
#1077=EDGE_CURVE('',#868,#867,#373,.T.);
#1078=EDGE_CURVE('',#867,#869,#374,.T.);
#1079=EDGE_CURVE('',#870,#868,#375,.T.);
#1080=EDGE_CURVE('',#870,#869,#376,.T.);
#1081=EDGE_CURVE('',#869,#863,#377,.T.);
#1082=EDGE_CURVE('',#865,#870,#378,.T.);
#1083=EDGE_CURVE('',#871,#872,#379,.T.);
#1084=EDGE_CURVE('',#873,#871,#380,.T.);
#1085=EDGE_CURVE('',#874,#873,#381,.T.);
#1086=EDGE_CURVE('',#872,#874,#382,.T.);
#1087=EDGE_CURVE('',#875,#876,#383,.T.);
#1088=EDGE_CURVE('',#877,#875,#384,.T.);
#1089=EDGE_CURVE('',#878,#877,#385,.T.);
#1090=EDGE_CURVE('',#878,#876,#386,.T.);
#1091=EDGE_CURVE('',#876,#871,#387,.T.);
#1092=EDGE_CURVE('',#873,#878,#388,.T.);
#1093=EDGE_CURVE('',#879,#874,#389,.T.);
#1094=EDGE_CURVE('',#880,#879,#390,.T.);
#1095=EDGE_CURVE('',#880,#872,#391,.T.);
#1096=EDGE_CURVE('',#875,#881,#392,.T.);
#1097=EDGE_CURVE('',#881,#882,#393,.T.);
#1098=EDGE_CURVE('',#877,#882,#394,.T.);
#1099=EDGE_CURVE('',#883,#880,#395,.T.);
#1100=EDGE_CURVE('',#883,#884,#396,.T.);
#1101=EDGE_CURVE('',#881,#884,#397,.T.);
#1102=EDGE_CURVE('',#885,#879,#398,.T.);
#1103=EDGE_CURVE('',#883,#885,#399,.T.);
#1104=EDGE_CURVE('',#886,#885,#400,.T.);
#1105=EDGE_CURVE('',#884,#886,#401,.T.);
#1106=EDGE_CURVE('',#882,#886,#402,.T.);
#1107=EDGE_CURVE('',#887,#888,#403,.F.);
#1108=EDGE_CURVE('',#889,#888,#404,.F.);
#1109=EDGE_CURVE('',#889,#890,#405,.T.);
#1110=EDGE_CURVE('',#890,#887,#406,.T.);
#1111=EDGE_CURVE('',#888,#891,#407,.F.);
#1112=EDGE_CURVE('',#892,#891,#408,.F.);
#1113=EDGE_CURVE('',#892,#889,#409,.T.);
#1114=EDGE_CURVE('',#891,#893,#410,.F.);
#1115=EDGE_CURVE('',#894,#893,#411,.F.);
#1116=EDGE_CURVE('',#894,#892,#412,.T.);
#1117=EDGE_CURVE('',#893,#887,#413,.F.);
#1118=EDGE_CURVE('',#890,#894,#414,.T.);
#1119=EDGE_CURVE('',#895,#896,#415,.F.);
#1120=EDGE_CURVE('',#897,#896,#416,.F.);
#1121=EDGE_CURVE('',#897,#898,#417,.T.);
#1122=EDGE_CURVE('',#898,#895,#418,.T.);
#1123=EDGE_CURVE('',#896,#899,#419,.F.);
#1124=EDGE_CURVE('',#900,#899,#420,.F.);
#1125=EDGE_CURVE('',#900,#897,#421,.T.);
#1126=EDGE_CURVE('',#899,#901,#422,.F.);
#1127=EDGE_CURVE('',#902,#901,#423,.F.);
#1128=EDGE_CURVE('',#902,#900,#424,.T.);
#1129=EDGE_CURVE('',#901,#895,#425,.F.);
#1130=EDGE_CURVE('',#898,#902,#426,.T.);
#1131=EDGE_CURVE('',#903,#904,#427,.F.);
#1132=EDGE_CURVE('',#905,#904,#428,.F.);
#1133=EDGE_CURVE('',#905,#906,#429,.T.);
#1134=EDGE_CURVE('',#906,#903,#430,.T.);
#1135=EDGE_CURVE('',#904,#907,#431,.F.);
#1136=EDGE_CURVE('',#908,#907,#432,.F.);
#1137=EDGE_CURVE('',#908,#905,#433,.T.);
#1138=EDGE_CURVE('',#907,#909,#434,.F.);
#1139=EDGE_CURVE('',#910,#909,#435,.F.);
#1140=EDGE_CURVE('',#910,#908,#436,.T.);
#1141=EDGE_CURVE('',#909,#903,#437,.F.);
#1142=EDGE_CURVE('',#906,#910,#438,.T.);
#1143=EDGE_CURVE('',#911,#912,#439,.F.);
#1144=EDGE_CURVE('',#913,#912,#440,.F.);
#1145=EDGE_CURVE('',#913,#914,#441,.T.);
#1146=EDGE_CURVE('',#914,#911,#442,.T.);
#1147=EDGE_CURVE('',#912,#915,#443,.F.);
#1148=EDGE_CURVE('',#916,#915,#444,.F.);
#1149=EDGE_CURVE('',#916,#913,#445,.T.);
#1150=EDGE_CURVE('',#915,#917,#446,.F.);
#1151=EDGE_CURVE('',#918,#917,#447,.F.);
#1152=EDGE_CURVE('',#918,#916,#448,.T.);
#1153=EDGE_CURVE('',#917,#911,#449,.F.);
#1154=EDGE_CURVE('',#914,#918,#450,.T.);
#1155=EDGE_CURVE('',#919,#920,#451,.F.);
#1156=EDGE_CURVE('',#921,#920,#452,.F.);
#1157=EDGE_CURVE('',#921,#922,#453,.T.);
#1158=EDGE_CURVE('',#922,#919,#454,.T.);
#1159=EDGE_CURVE('',#920,#923,#455,.F.);
#1160=EDGE_CURVE('',#924,#923,#456,.F.);
#1161=EDGE_CURVE('',#924,#921,#457,.T.);
#1162=EDGE_CURVE('',#923,#925,#458,.F.);
#1163=EDGE_CURVE('',#926,#925,#459,.F.);
#1164=EDGE_CURVE('',#926,#924,#460,.T.);
#1165=EDGE_CURVE('',#925,#919,#461,.F.);
#1166=EDGE_CURVE('',#922,#926,#462,.T.);
#1167=EDGE_CURVE('',#927,#928,#463,.F.);
#1168=EDGE_CURVE('',#929,#928,#464,.F.);
#1169=EDGE_CURVE('',#929,#930,#465,.T.);
#1170=EDGE_CURVE('',#930,#927,#466,.T.);
#1171=EDGE_CURVE('',#928,#931,#467,.F.);
#1172=EDGE_CURVE('',#932,#931,#468,.F.);
#1173=EDGE_CURVE('',#932,#929,#469,.T.);
#1174=EDGE_CURVE('',#931,#933,#470,.F.);
#1175=EDGE_CURVE('',#934,#933,#471,.F.);
#1176=EDGE_CURVE('',#934,#932,#472,.T.);
#1177=EDGE_CURVE('',#933,#927,#473,.F.);
#1178=EDGE_CURVE('',#930,#934,#474,.T.);
#1179=EDGE_CURVE('',#935,#936,#475,.F.);
#1180=EDGE_CURVE('',#937,#936,#476,.F.);
#1181=EDGE_CURVE('',#937,#938,#477,.T.);
#1182=EDGE_CURVE('',#938,#935,#478,.T.);
#1183=EDGE_CURVE('',#936,#939,#479,.F.);
#1184=EDGE_CURVE('',#940,#939,#480,.F.);
#1185=EDGE_CURVE('',#940,#937,#481,.T.);
#1186=EDGE_CURVE('',#939,#941,#482,.F.);
#1187=EDGE_CURVE('',#942,#941,#483,.F.);
#1188=EDGE_CURVE('',#942,#940,#484,.T.);
#1189=EDGE_CURVE('',#941,#935,#485,.F.);
#1190=EDGE_CURVE('',#938,#942,#486,.T.);
#1191=EDGE_CURVE('',#943,#944,#487,.F.);
#1192=EDGE_CURVE('',#945,#944,#488,.F.);
#1193=EDGE_CURVE('',#945,#946,#489,.T.);
#1194=EDGE_CURVE('',#946,#943,#490,.T.);
#1195=EDGE_CURVE('',#944,#947,#491,.F.);
#1196=EDGE_CURVE('',#948,#947,#492,.F.);
#1197=EDGE_CURVE('',#948,#945,#493,.T.);
#1198=EDGE_CURVE('',#947,#949,#494,.F.);
#1199=EDGE_CURVE('',#950,#949,#495,.F.);
#1200=EDGE_CURVE('',#950,#948,#496,.T.);
#1201=EDGE_CURVE('',#949,#943,#497,.F.);
#1202=EDGE_CURVE('',#946,#950,#498,.T.);
#1203=EDGE_CURVE('',#951,#952,#499,.F.);
#1204=EDGE_CURVE('',#953,#952,#500,.F.);
#1205=EDGE_CURVE('',#953,#954,#501,.T.);
#1206=EDGE_CURVE('',#954,#951,#502,.T.);
#1207=EDGE_CURVE('',#952,#955,#503,.F.);
#1208=EDGE_CURVE('',#956,#955,#504,.F.);
#1209=EDGE_CURVE('',#956,#953,#505,.T.);
#1210=EDGE_CURVE('',#955,#957,#506,.F.);
#1211=EDGE_CURVE('',#958,#957,#507,.F.);
#1212=EDGE_CURVE('',#958,#956,#508,.T.);
#1213=EDGE_CURVE('',#957,#951,#509,.F.);
#1214=EDGE_CURVE('',#954,#958,#510,.T.);
#1215=EDGE_CURVE('',#959,#960,#511,.F.);
#1216=EDGE_CURVE('',#960,#961,#512,.T.);
#1217=EDGE_CURVE('',#961,#962,#513,.T.);
#1218=EDGE_CURVE('',#962,#959,#514,.T.);
#1219=EDGE_CURVE('',#963,#964,#515,.F.);
#1220=EDGE_CURVE('',#965,#964,#516,.F.);
#1221=EDGE_CURVE('',#965,#966,#517,.T.);
#1222=EDGE_CURVE('',#966,#963,#518,.T.);
#1223=EDGE_CURVE('',#964,#959,#519,.F.);
#1224=EDGE_CURVE('',#962,#965,#520,.T.);
#1225=EDGE_CURVE('',#967,#960,#521,.F.);
#1226=EDGE_CURVE('',#967,#968,#522,.F.);
#1227=EDGE_CURVE('',#968,#961,#523,.F.);
#1228=EDGE_CURVE('',#966,#969,#524,.F.);
#1229=EDGE_CURVE('',#970,#969,#525,.T.);
#1230=EDGE_CURVE('',#963,#970,#526,.F.);
#1231=EDGE_CURVE('',#970,#971,#527,.T.);
#1232=EDGE_CURVE('',#972,#971,#528,.F.);
#1233=EDGE_CURVE('',#972,#967,#529,.T.);
#1234=EDGE_CURVE('',#972,#973,#530,.F.);
#1235=EDGE_CURVE('',#973,#968,#531,.F.);
#1236=EDGE_CURVE('',#971,#974,#532,.F.);
#1237=EDGE_CURVE('',#974,#973,#533,.F.);
#1238=EDGE_CURVE('',#969,#974,#534,.F.);
#1239=ORIENTED_EDGE('',*,*,#975,.F.);
#1240=ORIENTED_EDGE('',*,*,#976,.F.);
#1241=ORIENTED_EDGE('',*,*,#977,.F.);
#1242=ORIENTED_EDGE('',*,*,#978,.T.);
#1243=ORIENTED_EDGE('',*,*,#979,.F.);
#1244=ORIENTED_EDGE('',*,*,#978,.F.);
#1245=ORIENTED_EDGE('',*,*,#980,.F.);
#1246=ORIENTED_EDGE('',*,*,#981,.T.);
#1247=ORIENTED_EDGE('',*,*,#982,.F.);
#1248=ORIENTED_EDGE('',*,*,#981,.F.);
#1249=ORIENTED_EDGE('',*,*,#983,.F.);
#1250=ORIENTED_EDGE('',*,*,#984,.T.);
#1251=ORIENTED_EDGE('',*,*,#985,.F.);
#1252=ORIENTED_EDGE('',*,*,#984,.F.);
#1253=ORIENTED_EDGE('',*,*,#986,.F.);
#1254=ORIENTED_EDGE('',*,*,#976,.T.);
#1255=ORIENTED_EDGE('',*,*,#987,.F.);
#1256=ORIENTED_EDGE('',*,*,#988,.F.);
#1257=ORIENTED_EDGE('',*,*,#989,.F.);
#1258=ORIENTED_EDGE('',*,*,#990,.T.);
#1259=ORIENTED_EDGE('',*,*,#991,.F.);
#1260=ORIENTED_EDGE('',*,*,#990,.F.);
#1261=ORIENTED_EDGE('',*,*,#992,.F.);
#1262=ORIENTED_EDGE('',*,*,#993,.T.);
#1263=ORIENTED_EDGE('',*,*,#994,.F.);
#1264=ORIENTED_EDGE('',*,*,#993,.F.);
#1265=ORIENTED_EDGE('',*,*,#995,.F.);
#1266=ORIENTED_EDGE('',*,*,#996,.T.);
#1267=ORIENTED_EDGE('',*,*,#997,.F.);
#1268=ORIENTED_EDGE('',*,*,#996,.F.);
#1269=ORIENTED_EDGE('',*,*,#998,.F.);
#1270=ORIENTED_EDGE('',*,*,#988,.T.);
#1271=ORIENTED_EDGE('',*,*,#999,.F.);
#1272=ORIENTED_EDGE('',*,*,#1000,.F.);
#1273=ORIENTED_EDGE('',*,*,#1001,.F.);
#1274=ORIENTED_EDGE('',*,*,#1002,.T.);
#1275=ORIENTED_EDGE('',*,*,#1003,.F.);
#1276=ORIENTED_EDGE('',*,*,#1002,.F.);
#1277=ORIENTED_EDGE('',*,*,#1004,.F.);
#1278=ORIENTED_EDGE('',*,*,#1005,.T.);
#1279=ORIENTED_EDGE('',*,*,#1006,.F.);
#1280=ORIENTED_EDGE('',*,*,#1005,.F.);
#1281=ORIENTED_EDGE('',*,*,#1007,.F.);
#1282=ORIENTED_EDGE('',*,*,#1008,.T.);
#1283=ORIENTED_EDGE('',*,*,#1009,.F.);
#1284=ORIENTED_EDGE('',*,*,#1008,.F.);
#1285=ORIENTED_EDGE('',*,*,#1010,.F.);
#1286=ORIENTED_EDGE('',*,*,#1000,.T.);
#1287=ORIENTED_EDGE('',*,*,#1011,.F.);
#1288=ORIENTED_EDGE('',*,*,#1012,.F.);
#1289=ORIENTED_EDGE('',*,*,#1013,.F.);
#1290=ORIENTED_EDGE('',*,*,#1014,.T.);
#1291=ORIENTED_EDGE('',*,*,#1015,.F.);
#1292=ORIENTED_EDGE('',*,*,#1014,.F.);
#1293=ORIENTED_EDGE('',*,*,#1016,.F.);
#1294=ORIENTED_EDGE('',*,*,#1017,.T.);
#1295=ORIENTED_EDGE('',*,*,#1018,.F.);
#1296=ORIENTED_EDGE('',*,*,#1017,.F.);
#1297=ORIENTED_EDGE('',*,*,#1019,.F.);
#1298=ORIENTED_EDGE('',*,*,#1020,.T.);
#1299=ORIENTED_EDGE('',*,*,#1021,.F.);
#1300=ORIENTED_EDGE('',*,*,#1020,.F.);
#1301=ORIENTED_EDGE('',*,*,#1022,.F.);
#1302=ORIENTED_EDGE('',*,*,#1012,.T.);
#1303=ORIENTED_EDGE('',*,*,#1023,.F.);
#1304=ORIENTED_EDGE('',*,*,#1024,.F.);
#1305=ORIENTED_EDGE('',*,*,#1025,.F.);
#1306=ORIENTED_EDGE('',*,*,#1026,.T.);
#1307=ORIENTED_EDGE('',*,*,#1027,.F.);
#1308=ORIENTED_EDGE('',*,*,#1026,.F.);
#1309=ORIENTED_EDGE('',*,*,#1028,.F.);
#1310=ORIENTED_EDGE('',*,*,#1029,.T.);
#1311=ORIENTED_EDGE('',*,*,#1030,.F.);
#1312=ORIENTED_EDGE('',*,*,#1029,.F.);
#1313=ORIENTED_EDGE('',*,*,#1031,.F.);
#1314=ORIENTED_EDGE('',*,*,#1032,.T.);
#1315=ORIENTED_EDGE('',*,*,#1033,.F.);
#1316=ORIENTED_EDGE('',*,*,#1032,.F.);
#1317=ORIENTED_EDGE('',*,*,#1034,.F.);
#1318=ORIENTED_EDGE('',*,*,#1024,.T.);
#1319=ORIENTED_EDGE('',*,*,#1035,.F.);
#1320=ORIENTED_EDGE('',*,*,#1036,.F.);
#1321=ORIENTED_EDGE('',*,*,#1037,.F.);
#1322=ORIENTED_EDGE('',*,*,#1038,.T.);
#1323=ORIENTED_EDGE('',*,*,#1039,.F.);
#1324=ORIENTED_EDGE('',*,*,#1038,.F.);
#1325=ORIENTED_EDGE('',*,*,#1040,.F.);
#1326=ORIENTED_EDGE('',*,*,#1041,.T.);
#1327=ORIENTED_EDGE('',*,*,#1042,.F.);
#1328=ORIENTED_EDGE('',*,*,#1041,.F.);
#1329=ORIENTED_EDGE('',*,*,#1043,.F.);
#1330=ORIENTED_EDGE('',*,*,#1044,.T.);
#1331=ORIENTED_EDGE('',*,*,#1045,.F.);
#1332=ORIENTED_EDGE('',*,*,#1044,.F.);
#1333=ORIENTED_EDGE('',*,*,#1046,.F.);
#1334=ORIENTED_EDGE('',*,*,#1036,.T.);
#1335=ORIENTED_EDGE('',*,*,#1047,.F.);
#1336=ORIENTED_EDGE('',*,*,#1048,.F.);
#1337=ORIENTED_EDGE('',*,*,#1049,.F.);
#1338=ORIENTED_EDGE('',*,*,#1050,.T.);
#1339=ORIENTED_EDGE('',*,*,#1051,.F.);
#1340=ORIENTED_EDGE('',*,*,#1050,.F.);
#1341=ORIENTED_EDGE('',*,*,#1052,.F.);
#1342=ORIENTED_EDGE('',*,*,#1053,.T.);
#1343=ORIENTED_EDGE('',*,*,#1054,.F.);
#1344=ORIENTED_EDGE('',*,*,#1053,.F.);
#1345=ORIENTED_EDGE('',*,*,#1055,.F.);
#1346=ORIENTED_EDGE('',*,*,#1056,.T.);
#1347=ORIENTED_EDGE('',*,*,#1057,.F.);
#1348=ORIENTED_EDGE('',*,*,#1056,.F.);
#1349=ORIENTED_EDGE('',*,*,#1058,.F.);
#1350=ORIENTED_EDGE('',*,*,#1048,.T.);
#1351=ORIENTED_EDGE('',*,*,#1059,.F.);
#1352=ORIENTED_EDGE('',*,*,#1060,.F.);
#1353=ORIENTED_EDGE('',*,*,#1061,.F.);
#1354=ORIENTED_EDGE('',*,*,#1062,.T.);
#1355=ORIENTED_EDGE('',*,*,#1063,.F.);
#1356=ORIENTED_EDGE('',*,*,#1062,.F.);
#1357=ORIENTED_EDGE('',*,*,#1064,.F.);
#1358=ORIENTED_EDGE('',*,*,#1065,.T.);
#1359=ORIENTED_EDGE('',*,*,#1066,.F.);
#1360=ORIENTED_EDGE('',*,*,#1065,.F.);
#1361=ORIENTED_EDGE('',*,*,#1067,.F.);
#1362=ORIENTED_EDGE('',*,*,#1068,.T.);
#1363=ORIENTED_EDGE('',*,*,#1069,.F.);
#1364=ORIENTED_EDGE('',*,*,#1068,.F.);
#1365=ORIENTED_EDGE('',*,*,#1070,.F.);
#1366=ORIENTED_EDGE('',*,*,#1060,.T.);
#1367=ORIENTED_EDGE('',*,*,#1071,.F.);
#1368=ORIENTED_EDGE('',*,*,#1072,.F.);
#1369=ORIENTED_EDGE('',*,*,#1073,.F.);
#1370=ORIENTED_EDGE('',*,*,#1074,.T.);
#1371=ORIENTED_EDGE('',*,*,#1075,.F.);
#1372=ORIENTED_EDGE('',*,*,#1074,.F.);
#1373=ORIENTED_EDGE('',*,*,#1076,.F.);
#1374=ORIENTED_EDGE('',*,*,#1077,.T.);
#1375=ORIENTED_EDGE('',*,*,#1078,.F.);
#1376=ORIENTED_EDGE('',*,*,#1077,.F.);
#1377=ORIENTED_EDGE('',*,*,#1079,.F.);
#1378=ORIENTED_EDGE('',*,*,#1080,.T.);
#1379=ORIENTED_EDGE('',*,*,#1081,.F.);
#1380=ORIENTED_EDGE('',*,*,#1080,.F.);
#1381=ORIENTED_EDGE('',*,*,#1082,.F.);
#1382=ORIENTED_EDGE('',*,*,#1072,.T.);
#1383=ORIENTED_EDGE('',*,*,#1083,.F.);
#1384=ORIENTED_EDGE('',*,*,#1084,.F.);
#1385=ORIENTED_EDGE('',*,*,#1085,.F.);
#1386=ORIENTED_EDGE('',*,*,#1086,.F.);
#1387=ORIENTED_EDGE('',*,*,#1087,.F.);
#1388=ORIENTED_EDGE('',*,*,#1088,.F.);
#1389=ORIENTED_EDGE('',*,*,#1089,.F.);
#1390=ORIENTED_EDGE('',*,*,#1090,.T.);
#1391=ORIENTED_EDGE('',*,*,#1091,.F.);
#1392=ORIENTED_EDGE('',*,*,#1090,.F.);
#1393=ORIENTED_EDGE('',*,*,#1092,.F.);
#1394=ORIENTED_EDGE('',*,*,#1084,.T.);
#1395=ORIENTED_EDGE('',*,*,#1086,.T.);
#1396=ORIENTED_EDGE('',*,*,#1093,.F.);
#1397=ORIENTED_EDGE('',*,*,#1094,.F.);
#1398=ORIENTED_EDGE('',*,*,#1095,.T.);
#1399=ORIENTED_EDGE('',*,*,#1088,.T.);
#1400=ORIENTED_EDGE('',*,*,#1096,.T.);
#1401=ORIENTED_EDGE('',*,*,#1097,.T.);
#1402=ORIENTED_EDGE('',*,*,#1098,.F.);
#1403=ORIENTED_EDGE('',*,*,#1087,.T.);
#1404=ORIENTED_EDGE('',*,*,#1091,.T.);
#1405=ORIENTED_EDGE('',*,*,#1083,.T.);
#1406=ORIENTED_EDGE('',*,*,#1095,.F.);
#1407=ORIENTED_EDGE('',*,*,#1099,.F.);
#1408=ORIENTED_EDGE('',*,*,#1100,.T.);
#1409=ORIENTED_EDGE('',*,*,#1101,.F.);
#1410=ORIENTED_EDGE('',*,*,#1096,.F.);
#1411=ORIENTED_EDGE('',*,*,#1078,.T.);
#1412=ORIENTED_EDGE('',*,*,#1081,.T.);
#1413=ORIENTED_EDGE('',*,*,#1071,.T.);
#1414=ORIENTED_EDGE('',*,*,#1075,.T.);
#1415=ORIENTED_EDGE('',*,*,#1066,.T.);
#1416=ORIENTED_EDGE('',*,*,#1069,.T.);
#1417=ORIENTED_EDGE('',*,*,#1059,.T.);
#1418=ORIENTED_EDGE('',*,*,#1063,.T.);
#1419=ORIENTED_EDGE('',*,*,#1054,.T.);
#1420=ORIENTED_EDGE('',*,*,#1057,.T.);
#1421=ORIENTED_EDGE('',*,*,#1047,.T.);
#1422=ORIENTED_EDGE('',*,*,#1051,.T.);
#1423=ORIENTED_EDGE('',*,*,#1042,.T.);
#1424=ORIENTED_EDGE('',*,*,#1045,.T.);
#1425=ORIENTED_EDGE('',*,*,#1035,.T.);
#1426=ORIENTED_EDGE('',*,*,#1039,.T.);
#1427=ORIENTED_EDGE('',*,*,#1030,.T.);
#1428=ORIENTED_EDGE('',*,*,#1033,.T.);
#1429=ORIENTED_EDGE('',*,*,#1023,.T.);
#1430=ORIENTED_EDGE('',*,*,#1027,.T.);
#1431=ORIENTED_EDGE('',*,*,#1018,.T.);
#1432=ORIENTED_EDGE('',*,*,#1021,.T.);
#1433=ORIENTED_EDGE('',*,*,#1011,.T.);
#1434=ORIENTED_EDGE('',*,*,#1015,.T.);
#1435=ORIENTED_EDGE('',*,*,#1006,.T.);
#1436=ORIENTED_EDGE('',*,*,#1009,.T.);
#1437=ORIENTED_EDGE('',*,*,#999,.T.);
#1438=ORIENTED_EDGE('',*,*,#1003,.T.);
#1439=ORIENTED_EDGE('',*,*,#994,.T.);
#1440=ORIENTED_EDGE('',*,*,#997,.T.);
#1441=ORIENTED_EDGE('',*,*,#987,.T.);
#1442=ORIENTED_EDGE('',*,*,#991,.T.);
#1443=ORIENTED_EDGE('',*,*,#982,.T.);
#1444=ORIENTED_EDGE('',*,*,#985,.T.);
#1445=ORIENTED_EDGE('',*,*,#975,.T.);
#1446=ORIENTED_EDGE('',*,*,#979,.T.);
#1447=ORIENTED_EDGE('',*,*,#1099,.T.);
#1448=ORIENTED_EDGE('',*,*,#1094,.T.);
#1449=ORIENTED_EDGE('',*,*,#1102,.F.);
#1450=ORIENTED_EDGE('',*,*,#1103,.F.);
#1451=ORIENTED_EDGE('',*,*,#1100,.F.);
#1452=ORIENTED_EDGE('',*,*,#1103,.T.);
#1453=ORIENTED_EDGE('',*,*,#1104,.F.);
#1454=ORIENTED_EDGE('',*,*,#1105,.F.);
#1455=ORIENTED_EDGE('',*,*,#1101,.T.);
#1456=ORIENTED_EDGE('',*,*,#1105,.T.);
#1457=ORIENTED_EDGE('',*,*,#1106,.F.);
#1458=ORIENTED_EDGE('',*,*,#1097,.F.);
#1459=ORIENTED_EDGE('',*,*,#1089,.T.);
#1460=ORIENTED_EDGE('',*,*,#1098,.T.);
#1461=ORIENTED_EDGE('',*,*,#1106,.T.);
#1462=ORIENTED_EDGE('',*,*,#1104,.T.);
#1463=ORIENTED_EDGE('',*,*,#1102,.T.);
#1464=ORIENTED_EDGE('',*,*,#1093,.T.);
#1465=ORIENTED_EDGE('',*,*,#1085,.T.);
#1466=ORIENTED_EDGE('',*,*,#1092,.T.);
#1467=ORIENTED_EDGE('',*,*,#1079,.T.);
#1468=ORIENTED_EDGE('',*,*,#1076,.T.);
#1469=ORIENTED_EDGE('',*,*,#1073,.T.);
#1470=ORIENTED_EDGE('',*,*,#1082,.T.);
#1471=ORIENTED_EDGE('',*,*,#1067,.T.);
#1472=ORIENTED_EDGE('',*,*,#1064,.T.);
#1473=ORIENTED_EDGE('',*,*,#1061,.T.);
#1474=ORIENTED_EDGE('',*,*,#1070,.T.);
#1475=ORIENTED_EDGE('',*,*,#1055,.T.);
#1476=ORIENTED_EDGE('',*,*,#1052,.T.);
#1477=ORIENTED_EDGE('',*,*,#1049,.T.);
#1478=ORIENTED_EDGE('',*,*,#1058,.T.);
#1479=ORIENTED_EDGE('',*,*,#1043,.T.);
#1480=ORIENTED_EDGE('',*,*,#1040,.T.);
#1481=ORIENTED_EDGE('',*,*,#1037,.T.);
#1482=ORIENTED_EDGE('',*,*,#1046,.T.);
#1483=ORIENTED_EDGE('',*,*,#1031,.T.);
#1484=ORIENTED_EDGE('',*,*,#1028,.T.);
#1485=ORIENTED_EDGE('',*,*,#1025,.T.);
#1486=ORIENTED_EDGE('',*,*,#1034,.T.);
#1487=ORIENTED_EDGE('',*,*,#1019,.T.);
#1488=ORIENTED_EDGE('',*,*,#1016,.T.);
#1489=ORIENTED_EDGE('',*,*,#1013,.T.);
#1490=ORIENTED_EDGE('',*,*,#1022,.T.);
#1491=ORIENTED_EDGE('',*,*,#1007,.T.);
#1492=ORIENTED_EDGE('',*,*,#1004,.T.);
#1493=ORIENTED_EDGE('',*,*,#1001,.T.);
#1494=ORIENTED_EDGE('',*,*,#1010,.T.);
#1495=ORIENTED_EDGE('',*,*,#995,.T.);
#1496=ORIENTED_EDGE('',*,*,#992,.T.);
#1497=ORIENTED_EDGE('',*,*,#989,.T.);
#1498=ORIENTED_EDGE('',*,*,#998,.T.);
#1499=ORIENTED_EDGE('',*,*,#983,.T.);
#1500=ORIENTED_EDGE('',*,*,#980,.T.);
#1501=ORIENTED_EDGE('',*,*,#977,.T.);
#1502=ORIENTED_EDGE('',*,*,#986,.T.);
#1503=ORIENTED_EDGE('',*,*,#1107,.T.);
#1504=ORIENTED_EDGE('',*,*,#1108,.F.);
#1505=ORIENTED_EDGE('',*,*,#1109,.T.);
#1506=ORIENTED_EDGE('',*,*,#1110,.T.);
#1507=ORIENTED_EDGE('',*,*,#1111,.T.);
#1508=ORIENTED_EDGE('',*,*,#1112,.F.);
#1509=ORIENTED_EDGE('',*,*,#1113,.T.);
#1510=ORIENTED_EDGE('',*,*,#1108,.T.);
#1511=ORIENTED_EDGE('',*,*,#1114,.T.);
#1512=ORIENTED_EDGE('',*,*,#1115,.F.);
#1513=ORIENTED_EDGE('',*,*,#1116,.T.);
#1514=ORIENTED_EDGE('',*,*,#1112,.T.);
#1515=ORIENTED_EDGE('',*,*,#1117,.T.);
#1516=ORIENTED_EDGE('',*,*,#1110,.F.);
#1517=ORIENTED_EDGE('',*,*,#1118,.T.);
#1518=ORIENTED_EDGE('',*,*,#1115,.T.);
#1519=ORIENTED_EDGE('',*,*,#1119,.T.);
#1520=ORIENTED_EDGE('',*,*,#1120,.F.);
#1521=ORIENTED_EDGE('',*,*,#1121,.T.);
#1522=ORIENTED_EDGE('',*,*,#1122,.T.);
#1523=ORIENTED_EDGE('',*,*,#1123,.T.);
#1524=ORIENTED_EDGE('',*,*,#1124,.F.);
#1525=ORIENTED_EDGE('',*,*,#1125,.T.);
#1526=ORIENTED_EDGE('',*,*,#1120,.T.);
#1527=ORIENTED_EDGE('',*,*,#1126,.T.);
#1528=ORIENTED_EDGE('',*,*,#1127,.F.);
#1529=ORIENTED_EDGE('',*,*,#1128,.T.);
#1530=ORIENTED_EDGE('',*,*,#1124,.T.);
#1531=ORIENTED_EDGE('',*,*,#1129,.T.);
#1532=ORIENTED_EDGE('',*,*,#1122,.F.);
#1533=ORIENTED_EDGE('',*,*,#1130,.T.);
#1534=ORIENTED_EDGE('',*,*,#1127,.T.);
#1535=ORIENTED_EDGE('',*,*,#1131,.T.);
#1536=ORIENTED_EDGE('',*,*,#1132,.F.);
#1537=ORIENTED_EDGE('',*,*,#1133,.T.);
#1538=ORIENTED_EDGE('',*,*,#1134,.T.);
#1539=ORIENTED_EDGE('',*,*,#1135,.T.);
#1540=ORIENTED_EDGE('',*,*,#1136,.F.);
#1541=ORIENTED_EDGE('',*,*,#1137,.T.);
#1542=ORIENTED_EDGE('',*,*,#1132,.T.);
#1543=ORIENTED_EDGE('',*,*,#1138,.T.);
#1544=ORIENTED_EDGE('',*,*,#1139,.F.);
#1545=ORIENTED_EDGE('',*,*,#1140,.T.);
#1546=ORIENTED_EDGE('',*,*,#1136,.T.);
#1547=ORIENTED_EDGE('',*,*,#1141,.T.);
#1548=ORIENTED_EDGE('',*,*,#1134,.F.);
#1549=ORIENTED_EDGE('',*,*,#1142,.T.);
#1550=ORIENTED_EDGE('',*,*,#1139,.T.);
#1551=ORIENTED_EDGE('',*,*,#1143,.T.);
#1552=ORIENTED_EDGE('',*,*,#1144,.F.);
#1553=ORIENTED_EDGE('',*,*,#1145,.T.);
#1554=ORIENTED_EDGE('',*,*,#1146,.T.);
#1555=ORIENTED_EDGE('',*,*,#1147,.T.);
#1556=ORIENTED_EDGE('',*,*,#1148,.F.);
#1557=ORIENTED_EDGE('',*,*,#1149,.T.);
#1558=ORIENTED_EDGE('',*,*,#1144,.T.);
#1559=ORIENTED_EDGE('',*,*,#1150,.T.);
#1560=ORIENTED_EDGE('',*,*,#1151,.F.);
#1561=ORIENTED_EDGE('',*,*,#1152,.T.);
#1562=ORIENTED_EDGE('',*,*,#1148,.T.);
#1563=ORIENTED_EDGE('',*,*,#1153,.T.);
#1564=ORIENTED_EDGE('',*,*,#1146,.F.);
#1565=ORIENTED_EDGE('',*,*,#1154,.T.);
#1566=ORIENTED_EDGE('',*,*,#1151,.T.);
#1567=ORIENTED_EDGE('',*,*,#1155,.T.);
#1568=ORIENTED_EDGE('',*,*,#1156,.F.);
#1569=ORIENTED_EDGE('',*,*,#1157,.T.);
#1570=ORIENTED_EDGE('',*,*,#1158,.T.);
#1571=ORIENTED_EDGE('',*,*,#1159,.T.);
#1572=ORIENTED_EDGE('',*,*,#1160,.F.);
#1573=ORIENTED_EDGE('',*,*,#1161,.T.);
#1574=ORIENTED_EDGE('',*,*,#1156,.T.);
#1575=ORIENTED_EDGE('',*,*,#1162,.T.);
#1576=ORIENTED_EDGE('',*,*,#1163,.F.);
#1577=ORIENTED_EDGE('',*,*,#1164,.T.);
#1578=ORIENTED_EDGE('',*,*,#1160,.T.);
#1579=ORIENTED_EDGE('',*,*,#1165,.T.);
#1580=ORIENTED_EDGE('',*,*,#1158,.F.);
#1581=ORIENTED_EDGE('',*,*,#1166,.T.);
#1582=ORIENTED_EDGE('',*,*,#1163,.T.);
#1583=ORIENTED_EDGE('',*,*,#1167,.T.);
#1584=ORIENTED_EDGE('',*,*,#1168,.F.);
#1585=ORIENTED_EDGE('',*,*,#1169,.T.);
#1586=ORIENTED_EDGE('',*,*,#1170,.T.);
#1587=ORIENTED_EDGE('',*,*,#1171,.T.);
#1588=ORIENTED_EDGE('',*,*,#1172,.F.);
#1589=ORIENTED_EDGE('',*,*,#1173,.T.);
#1590=ORIENTED_EDGE('',*,*,#1168,.T.);
#1591=ORIENTED_EDGE('',*,*,#1174,.T.);
#1592=ORIENTED_EDGE('',*,*,#1175,.F.);
#1593=ORIENTED_EDGE('',*,*,#1176,.T.);
#1594=ORIENTED_EDGE('',*,*,#1172,.T.);
#1595=ORIENTED_EDGE('',*,*,#1177,.T.);
#1596=ORIENTED_EDGE('',*,*,#1170,.F.);
#1597=ORIENTED_EDGE('',*,*,#1178,.T.);
#1598=ORIENTED_EDGE('',*,*,#1175,.T.);
#1599=ORIENTED_EDGE('',*,*,#1179,.T.);
#1600=ORIENTED_EDGE('',*,*,#1180,.F.);
#1601=ORIENTED_EDGE('',*,*,#1181,.T.);
#1602=ORIENTED_EDGE('',*,*,#1182,.T.);
#1603=ORIENTED_EDGE('',*,*,#1183,.T.);
#1604=ORIENTED_EDGE('',*,*,#1184,.F.);
#1605=ORIENTED_EDGE('',*,*,#1185,.T.);
#1606=ORIENTED_EDGE('',*,*,#1180,.T.);
#1607=ORIENTED_EDGE('',*,*,#1186,.T.);
#1608=ORIENTED_EDGE('',*,*,#1187,.F.);
#1609=ORIENTED_EDGE('',*,*,#1188,.T.);
#1610=ORIENTED_EDGE('',*,*,#1184,.T.);
#1611=ORIENTED_EDGE('',*,*,#1189,.T.);
#1612=ORIENTED_EDGE('',*,*,#1182,.F.);
#1613=ORIENTED_EDGE('',*,*,#1190,.T.);
#1614=ORIENTED_EDGE('',*,*,#1187,.T.);
#1615=ORIENTED_EDGE('',*,*,#1191,.T.);
#1616=ORIENTED_EDGE('',*,*,#1192,.F.);
#1617=ORIENTED_EDGE('',*,*,#1193,.T.);
#1618=ORIENTED_EDGE('',*,*,#1194,.T.);
#1619=ORIENTED_EDGE('',*,*,#1195,.T.);
#1620=ORIENTED_EDGE('',*,*,#1196,.F.);
#1621=ORIENTED_EDGE('',*,*,#1197,.T.);
#1622=ORIENTED_EDGE('',*,*,#1192,.T.);
#1623=ORIENTED_EDGE('',*,*,#1198,.T.);
#1624=ORIENTED_EDGE('',*,*,#1199,.F.);
#1625=ORIENTED_EDGE('',*,*,#1200,.T.);
#1626=ORIENTED_EDGE('',*,*,#1196,.T.);
#1627=ORIENTED_EDGE('',*,*,#1201,.T.);
#1628=ORIENTED_EDGE('',*,*,#1194,.F.);
#1629=ORIENTED_EDGE('',*,*,#1202,.T.);
#1630=ORIENTED_EDGE('',*,*,#1199,.T.);
#1631=ORIENTED_EDGE('',*,*,#1203,.T.);
#1632=ORIENTED_EDGE('',*,*,#1204,.F.);
#1633=ORIENTED_EDGE('',*,*,#1205,.T.);
#1634=ORIENTED_EDGE('',*,*,#1206,.T.);
#1635=ORIENTED_EDGE('',*,*,#1207,.T.);
#1636=ORIENTED_EDGE('',*,*,#1208,.F.);
#1637=ORIENTED_EDGE('',*,*,#1209,.T.);
#1638=ORIENTED_EDGE('',*,*,#1204,.T.);
#1639=ORIENTED_EDGE('',*,*,#1210,.T.);
#1640=ORIENTED_EDGE('',*,*,#1211,.F.);
#1641=ORIENTED_EDGE('',*,*,#1212,.T.);
#1642=ORIENTED_EDGE('',*,*,#1208,.T.);
#1643=ORIENTED_EDGE('',*,*,#1213,.T.);
#1644=ORIENTED_EDGE('',*,*,#1206,.F.);
#1645=ORIENTED_EDGE('',*,*,#1214,.T.);
#1646=ORIENTED_EDGE('',*,*,#1211,.T.);
#1647=ORIENTED_EDGE('',*,*,#1215,.T.);
#1648=ORIENTED_EDGE('',*,*,#1216,.T.);
#1649=ORIENTED_EDGE('',*,*,#1217,.T.);
#1650=ORIENTED_EDGE('',*,*,#1218,.T.);
#1651=ORIENTED_EDGE('',*,*,#1219,.T.);
#1652=ORIENTED_EDGE('',*,*,#1220,.F.);
#1653=ORIENTED_EDGE('',*,*,#1221,.T.);
#1654=ORIENTED_EDGE('',*,*,#1222,.T.);
#1655=ORIENTED_EDGE('',*,*,#1223,.T.);
#1656=ORIENTED_EDGE('',*,*,#1218,.F.);
#1657=ORIENTED_EDGE('',*,*,#1224,.T.);
#1658=ORIENTED_EDGE('',*,*,#1220,.T.);
#1659=ORIENTED_EDGE('',*,*,#1216,.F.);
#1660=ORIENTED_EDGE('',*,*,#1225,.F.);
#1661=ORIENTED_EDGE('',*,*,#1226,.T.);
#1662=ORIENTED_EDGE('',*,*,#1227,.T.);
#1663=ORIENTED_EDGE('',*,*,#1222,.F.);
#1664=ORIENTED_EDGE('',*,*,#1228,.T.);
#1665=ORIENTED_EDGE('',*,*,#1229,.F.);
#1666=ORIENTED_EDGE('',*,*,#1230,.F.);
#1667=ORIENTED_EDGE('',*,*,#1219,.F.);
#1668=ORIENTED_EDGE('',*,*,#1230,.T.);
#1669=ORIENTED_EDGE('',*,*,#1231,.T.);
#1670=ORIENTED_EDGE('',*,*,#1232,.F.);
#1671=ORIENTED_EDGE('',*,*,#1233,.T.);
#1672=ORIENTED_EDGE('',*,*,#1225,.T.);
#1673=ORIENTED_EDGE('',*,*,#1215,.F.);
#1674=ORIENTED_EDGE('',*,*,#1223,.F.);
#1675=ORIENTED_EDGE('',*,*,#1210,.F.);
#1676=ORIENTED_EDGE('',*,*,#1207,.F.);
#1677=ORIENTED_EDGE('',*,*,#1203,.F.);
#1678=ORIENTED_EDGE('',*,*,#1213,.F.);
#1679=ORIENTED_EDGE('',*,*,#1198,.F.);
#1680=ORIENTED_EDGE('',*,*,#1195,.F.);
#1681=ORIENTED_EDGE('',*,*,#1191,.F.);
#1682=ORIENTED_EDGE('',*,*,#1201,.F.);
#1683=ORIENTED_EDGE('',*,*,#1186,.F.);
#1684=ORIENTED_EDGE('',*,*,#1183,.F.);
#1685=ORIENTED_EDGE('',*,*,#1179,.F.);
#1686=ORIENTED_EDGE('',*,*,#1189,.F.);
#1687=ORIENTED_EDGE('',*,*,#1174,.F.);
#1688=ORIENTED_EDGE('',*,*,#1171,.F.);
#1689=ORIENTED_EDGE('',*,*,#1167,.F.);
#1690=ORIENTED_EDGE('',*,*,#1177,.F.);
#1691=ORIENTED_EDGE('',*,*,#1162,.F.);
#1692=ORIENTED_EDGE('',*,*,#1159,.F.);
#1693=ORIENTED_EDGE('',*,*,#1155,.F.);
#1694=ORIENTED_EDGE('',*,*,#1165,.F.);
#1695=ORIENTED_EDGE('',*,*,#1150,.F.);
#1696=ORIENTED_EDGE('',*,*,#1147,.F.);
#1697=ORIENTED_EDGE('',*,*,#1143,.F.);
#1698=ORIENTED_EDGE('',*,*,#1153,.F.);
#1699=ORIENTED_EDGE('',*,*,#1138,.F.);
#1700=ORIENTED_EDGE('',*,*,#1135,.F.);
#1701=ORIENTED_EDGE('',*,*,#1131,.F.);
#1702=ORIENTED_EDGE('',*,*,#1141,.F.);
#1703=ORIENTED_EDGE('',*,*,#1126,.F.);
#1704=ORIENTED_EDGE('',*,*,#1123,.F.);
#1705=ORIENTED_EDGE('',*,*,#1119,.F.);
#1706=ORIENTED_EDGE('',*,*,#1129,.F.);
#1707=ORIENTED_EDGE('',*,*,#1114,.F.);
#1708=ORIENTED_EDGE('',*,*,#1111,.F.);
#1709=ORIENTED_EDGE('',*,*,#1107,.F.);
#1710=ORIENTED_EDGE('',*,*,#1117,.F.);
#1711=ORIENTED_EDGE('',*,*,#1233,.F.);
#1712=ORIENTED_EDGE('',*,*,#1234,.T.);
#1713=ORIENTED_EDGE('',*,*,#1235,.T.);
#1714=ORIENTED_EDGE('',*,*,#1226,.F.);
#1715=ORIENTED_EDGE('',*,*,#1232,.T.);
#1716=ORIENTED_EDGE('',*,*,#1236,.T.);
#1717=ORIENTED_EDGE('',*,*,#1237,.T.);
#1718=ORIENTED_EDGE('',*,*,#1234,.F.);
#1719=ORIENTED_EDGE('',*,*,#1231,.F.);
#1720=ORIENTED_EDGE('',*,*,#1229,.T.);
#1721=ORIENTED_EDGE('',*,*,#1238,.T.);
#1722=ORIENTED_EDGE('',*,*,#1236,.F.);
#1723=ORIENTED_EDGE('',*,*,#1221,.F.);
#1724=ORIENTED_EDGE('',*,*,#1224,.F.);
#1725=ORIENTED_EDGE('',*,*,#1217,.F.);
#1726=ORIENTED_EDGE('',*,*,#1227,.F.);
#1727=ORIENTED_EDGE('',*,*,#1235,.F.);
#1728=ORIENTED_EDGE('',*,*,#1237,.F.);
#1729=ORIENTED_EDGE('',*,*,#1238,.F.);
#1730=ORIENTED_EDGE('',*,*,#1228,.F.);
#1731=ORIENTED_EDGE('',*,*,#1212,.F.);
#1732=ORIENTED_EDGE('',*,*,#1214,.F.);
#1733=ORIENTED_EDGE('',*,*,#1205,.F.);
#1734=ORIENTED_EDGE('',*,*,#1209,.F.);
#1735=ORIENTED_EDGE('',*,*,#1200,.F.);
#1736=ORIENTED_EDGE('',*,*,#1202,.F.);
#1737=ORIENTED_EDGE('',*,*,#1193,.F.);
#1738=ORIENTED_EDGE('',*,*,#1197,.F.);
#1739=ORIENTED_EDGE('',*,*,#1188,.F.);
#1740=ORIENTED_EDGE('',*,*,#1190,.F.);
#1741=ORIENTED_EDGE('',*,*,#1181,.F.);
#1742=ORIENTED_EDGE('',*,*,#1185,.F.);
#1743=ORIENTED_EDGE('',*,*,#1176,.F.);
#1744=ORIENTED_EDGE('',*,*,#1178,.F.);
#1745=ORIENTED_EDGE('',*,*,#1169,.F.);
#1746=ORIENTED_EDGE('',*,*,#1173,.F.);
#1747=ORIENTED_EDGE('',*,*,#1164,.F.);
#1748=ORIENTED_EDGE('',*,*,#1166,.F.);
#1749=ORIENTED_EDGE('',*,*,#1157,.F.);
#1750=ORIENTED_EDGE('',*,*,#1161,.F.);
#1751=ORIENTED_EDGE('',*,*,#1152,.F.);
#1752=ORIENTED_EDGE('',*,*,#1154,.F.);
#1753=ORIENTED_EDGE('',*,*,#1145,.F.);
#1754=ORIENTED_EDGE('',*,*,#1149,.F.);
#1755=ORIENTED_EDGE('',*,*,#1140,.F.);
#1756=ORIENTED_EDGE('',*,*,#1142,.F.);
#1757=ORIENTED_EDGE('',*,*,#1133,.F.);
#1758=ORIENTED_EDGE('',*,*,#1137,.F.);
#1759=ORIENTED_EDGE('',*,*,#1128,.F.);
#1760=ORIENTED_EDGE('',*,*,#1130,.F.);
#1761=ORIENTED_EDGE('',*,*,#1121,.F.);
#1762=ORIENTED_EDGE('',*,*,#1125,.F.);
#1763=ORIENTED_EDGE('',*,*,#1116,.F.);
#1764=ORIENTED_EDGE('',*,*,#1118,.F.);
#1765=ORIENTED_EDGE('',*,*,#1109,.F.);
#1766=ORIENTED_EDGE('',*,*,#1113,.F.);
#1767=PLANE('',#1967);
#1768=PLANE('',#1968);
#1769=PLANE('',#1969);
#1770=PLANE('',#1970);
#1771=PLANE('',#1971);
#1772=PLANE('',#1972);
#1773=PLANE('',#1973);
#1774=PLANE('',#1974);
#1775=PLANE('',#1975);
#1776=PLANE('',#1976);
#1777=PLANE('',#1977);
#1778=PLANE('',#1978);
#1779=PLANE('',#1979);
#1780=PLANE('',#1980);
#1781=PLANE('',#1981);
#1782=PLANE('',#1982);
#1783=PLANE('',#1983);
#1784=PLANE('',#1984);
#1785=PLANE('',#1985);
#1786=PLANE('',#1986);
#1787=PLANE('',#1987);
#1788=PLANE('',#1988);
#1789=PLANE('',#1989);
#1790=PLANE('',#1990);
#1791=PLANE('',#1991);
#1792=PLANE('',#1992);
#1793=PLANE('',#1993);
#1794=PLANE('',#1994);
#1795=PLANE('',#1995);
#1796=PLANE('',#1996);
#1797=PLANE('',#1997);
#1798=PLANE('',#1998);
#1799=PLANE('',#1999);
#1800=PLANE('',#2000);
#1801=PLANE('',#2001);
#1802=PLANE('',#2002);
#1803=PLANE('',#2003);
#1804=PLANE('',#2004);
#1805=PLANE('',#2005);
#1806=PLANE('',#2006);
#1807=PLANE('',#2007);
#1808=PLANE('',#2008);
#1809=PLANE('',#2009);
#1810=PLANE('',#2010);
#1811=PLANE('',#2011);
#1812=PLANE('',#2012);
#1813=PLANE('',#2013);
#1814=PLANE('',#2014);
#1815=PLANE('',#2015);
#1816=PLANE('',#2016);
#1817=PLANE('',#2017);
#1818=PLANE('',#2018);
#1819=PLANE('',#2019);
#1820=PLANE('',#2020);
#1821=PLANE('',#2021);
#1822=PLANE('',#2022);
#1823=PLANE('',#2023);
#1824=PLANE('',#2024);
#1825=PLANE('',#2025);
#1826=PLANE('',#2026);
#1827=PLANE('',#2027);
#1828=PLANE('',#2028);
#1829=PLANE('',#2029);
#1830=PLANE('',#2030);
#1831=PLANE('',#2031);
#1832=PLANE('',#2032);
#1833=PLANE('',#2033);
#1834=PLANE('',#2034);
#1835=PLANE('',#2035);
#1836=PLANE('',#2036);
#1837=PLANE('',#2037);
#1838=PLANE('',#2038);
#1839=PLANE('',#2039);
#1840=PLANE('',#2040);
#1841=PLANE('',#2041);
#1842=PLANE('',#2042);
#1843=PLANE('',#2043);
#1844=PLANE('',#2044);
#1845=PLANE('',#2045);
#1846=PLANE('',#2046);
#1847=PLANE('',#2047);
#1848=PLANE('',#2048);
#1849=PLANE('',#2049);
#1850=PLANE('',#2050);
#1851=PLANE('',#2051);
#1852=PLANE('',#2052);
#1853=PLANE('',#2053);
#1854=PLANE('',#2054);
#1855=PLANE('',#2055);
#1856=PLANE('',#2056);
#1857=PLANE('',#2057);
#1858=PLANE('',#2058);
#1859=ADVANCED_FACE('',(#51),#1767,.F.);
#1860=ADVANCED_FACE('',(#52),#1768,.F.);
#1861=ADVANCED_FACE('',(#53),#1769,.F.);
#1862=ADVANCED_FACE('',(#54),#1770,.F.);
#1863=ADVANCED_FACE('',(#55),#1771,.F.);
#1864=ADVANCED_FACE('',(#56),#1772,.F.);
#1865=ADVANCED_FACE('',(#57),#1773,.F.);
#1866=ADVANCED_FACE('',(#58),#1774,.F.);
#1867=ADVANCED_FACE('',(#59),#1775,.F.);
#1868=ADVANCED_FACE('',(#60),#1776,.F.);
#1869=ADVANCED_FACE('',(#61),#1777,.F.);
#1870=ADVANCED_FACE('',(#62),#1778,.F.);
#1871=ADVANCED_FACE('',(#63),#1779,.F.);
#1872=ADVANCED_FACE('',(#64),#1780,.F.);
#1873=ADVANCED_FACE('',(#65),#1781,.F.);
#1874=ADVANCED_FACE('',(#66),#1782,.F.);
#1875=ADVANCED_FACE('',(#67),#1783,.F.);
#1876=ADVANCED_FACE('',(#68),#1784,.F.);
#1877=ADVANCED_FACE('',(#69),#1785,.F.);
#1878=ADVANCED_FACE('',(#70),#1786,.F.);
#1879=ADVANCED_FACE('',(#71),#1787,.F.);
#1880=ADVANCED_FACE('',(#72),#1788,.F.);
#1881=ADVANCED_FACE('',(#73),#1789,.F.);
#1882=ADVANCED_FACE('',(#74),#1790,.F.);
#1883=ADVANCED_FACE('',(#75),#1791,.F.);
#1884=ADVANCED_FACE('',(#76),#1792,.F.);
#1885=ADVANCED_FACE('',(#77),#1793,.F.);
#1886=ADVANCED_FACE('',(#78),#1794,.F.);
#1887=ADVANCED_FACE('',(#79),#1795,.F.);
#1888=ADVANCED_FACE('',(#80),#1796,.F.);
#1889=ADVANCED_FACE('',(#81),#1797,.F.);
#1890=ADVANCED_FACE('',(#82),#1798,.F.);
#1891=ADVANCED_FACE('',(#83),#1799,.F.);
#1892=ADVANCED_FACE('',(#84),#1800,.F.);
#1893=ADVANCED_FACE('',(#85),#1801,.F.);
#1894=ADVANCED_FACE('',(#86),#1802,.F.);
#1895=ADVANCED_FACE('',(#87),#1803,.F.);
#1896=ADVANCED_FACE('',(#88),#1804,.F.);
#1897=ADVANCED_FACE('',(#89),#1805,.F.);
#1898=ADVANCED_FACE('',(#90),#1806,.T.);
#1899=ADVANCED_FACE('',(#91),#1807,.T.);
#1900=ADVANCED_FACE('',(#92,#15,#16,#17,#18,#19,#20,#21,#22,#23),#1808,
 .F.);
#1901=ADVANCED_FACE('',(#93),#1809,.T.);
#1902=ADVANCED_FACE('',(#94),#1810,.T.);
#1903=ADVANCED_FACE('',(#95),#1811,.T.);
#1904=ADVANCED_FACE('',(#96,#24,#25,#26,#27,#28,#29,#30,#31,#32),#1812,
 .T.);
#1905=ADVANCED_FACE('',(#97),#1813,.T.);
#1906=ADVANCED_FACE('',(#98),#1814,.T.);
#1907=ADVANCED_FACE('',(#99),#1815,.T.);
#1908=ADVANCED_FACE('',(#100),#1816,.T.);
#1909=ADVANCED_FACE('',(#101),#1817,.T.);
#1910=ADVANCED_FACE('',(#102),#1818,.T.);
#1911=ADVANCED_FACE('',(#103),#1819,.T.);
#1912=ADVANCED_FACE('',(#104),#1820,.T.);
#1913=ADVANCED_FACE('',(#105),#1821,.T.);
#1914=ADVANCED_FACE('',(#106),#1822,.T.);
#1915=ADVANCED_FACE('',(#107),#1823,.T.);
#1916=ADVANCED_FACE('',(#108),#1824,.T.);
#1917=ADVANCED_FACE('',(#109),#1825,.T.);
#1918=ADVANCED_FACE('',(#110),#1826,.T.);
#1919=ADVANCED_FACE('',(#111),#1827,.T.);
#1920=ADVANCED_FACE('',(#112),#1828,.T.);
#1921=ADVANCED_FACE('',(#113),#1829,.T.);
#1922=ADVANCED_FACE('',(#114),#1830,.T.);
#1923=ADVANCED_FACE('',(#115),#1831,.T.);
#1924=ADVANCED_FACE('',(#116),#1832,.T.);
#1925=ADVANCED_FACE('',(#117),#1833,.T.);
#1926=ADVANCED_FACE('',(#118),#1834,.T.);
#1927=ADVANCED_FACE('',(#119),#1835,.T.);
#1928=ADVANCED_FACE('',(#120),#1836,.T.);
#1929=ADVANCED_FACE('',(#121),#1837,.T.);
#1930=ADVANCED_FACE('',(#122),#1838,.T.);
#1931=ADVANCED_FACE('',(#123),#1839,.T.);
#1932=ADVANCED_FACE('',(#124),#1840,.T.);
#1933=ADVANCED_FACE('',(#125),#1841,.T.);
#1934=ADVANCED_FACE('',(#126),#1842,.T.);
#1935=ADVANCED_FACE('',(#127),#1843,.T.);
#1936=ADVANCED_FACE('',(#128),#1844,.T.);
#1937=ADVANCED_FACE('',(#129),#1845,.T.);
#1938=ADVANCED_FACE('',(#130),#1846,.T.);
#1939=ADVANCED_FACE('',(#131),#1847,.T.);
#1940=ADVANCED_FACE('',(#132),#1848,.T.);
#1941=ADVANCED_FACE('',(#133),#1849,.T.);
#1942=ADVANCED_FACE('',(#134),#1850,.T.);
#1943=ADVANCED_FACE('',(#135),#1851,.T.);
#1944=ADVANCED_FACE('',(#136),#1852,.F.);
#1945=ADVANCED_FACE('',(#137),#1853,.F.);
#1946=ADVANCED_FACE('',(#138,#33,#34,#35,#36,#37,#38,#39,#40,#41),#1854,
 .T.);
#1947=ADVANCED_FACE('',(#139),#1855,.F.);
#1948=ADVANCED_FACE('',(#140),#1856,.F.);
#1949=ADVANCED_FACE('',(#141),#1857,.F.);
#1950=ADVANCED_FACE('',(#142,#42,#43,#44,#45,#46,#47,#48,#49,#50),#1858,
 .F.);
#1951=CLOSED_SHELL('',(#1859,#1860,#1861,#1862,#1863,#1864,#1865,#1866,
#1867,#1868,#1869,#1870,#1871,#1872,#1873,#1874,#1875,#1876,#1877,#1878,
#1879,#1880,#1881,#1882,#1883,#1884,#1885,#1886,#1887,#1888,#1889,#1890,
#1891,#1892,#1893,#1894,#1895,#1896,#1897,#1898,#1899,#1900,#1901,#1902,
#1903,#1904));
#1952=CLOSED_SHELL('',(#1905,#1906,#1907,#1908,#1909,#1910,#1911,#1912,
#1913,#1914,#1915,#1916,#1917,#1918,#1919,#1920,#1921,#1922,#1923,#1924,
#1925,#1926,#1927,#1928,#1929,#1930,#1931,#1932,#1933,#1934,#1935,#1936,
#1937,#1938,#1939,#1940,#1941,#1942,#1943,#1944,#1945,#1946,#1947,#1948,
#1949,#1950));
#1953=BREP_WITH_VOIDS('Body93',#1951,(#14));
#1954=DERIVED_UNIT_ELEMENT(#1956,1.);
#1955=DERIVED_UNIT_ELEMENT(#3047,-3.);
#1956=(
MASS_UNIT()
NAMED_UNIT(*)
SI_UNIT(.KILO.,.GRAM.)
);
#1957=DERIVED_UNIT((#1954,#1955));
#1958=MEASURE_REPRESENTATION_ITEM('density measure',
POSITIVE_RATIO_MEASURE(7850.),#1957);
#1959=PROPERTY_DEFINITION_REPRESENTATION(#1964,#1961);
#1960=PROPERTY_DEFINITION_REPRESENTATION(#1965,#1962);
#1961=REPRESENTATION('material name',(#1963),#3044);
#1962=REPRESENTATION('density',(#1958),#3044);
#1963=DESCRIPTIVE_REPRESENTATION_ITEM('Steel','Steel');
#1964=PROPERTY_DEFINITION('material property','material name',#3054);
#1965=PROPERTY_DEFINITION('material property','density of part',#3054);
#1966=AXIS2_PLACEMENT_3D('',#2509,#2059,#2060);
#1967=AXIS2_PLACEMENT_3D('',#2510,#2061,#2062);
#1968=AXIS2_PLACEMENT_3D('',#2519,#2067,#2068);
#1969=AXIS2_PLACEMENT_3D('',#2525,#2072,#2073);
#1970=AXIS2_PLACEMENT_3D('',#2531,#2077,#2078);
#1971=AXIS2_PLACEMENT_3D('',#2534,#2081,#2082);
#1972=AXIS2_PLACEMENT_3D('',#2543,#2087,#2088);
#1973=AXIS2_PLACEMENT_3D('',#2549,#2092,#2093);
#1974=AXIS2_PLACEMENT_3D('',#2555,#2097,#2098);
#1975=AXIS2_PLACEMENT_3D('',#2558,#2101,#2102);
#1976=AXIS2_PLACEMENT_3D('',#2567,#2107,#2108);
#1977=AXIS2_PLACEMENT_3D('',#2573,#2112,#2113);
#1978=AXIS2_PLACEMENT_3D('',#2579,#2117,#2118);
#1979=AXIS2_PLACEMENT_3D('',#2582,#2121,#2122);
#1980=AXIS2_PLACEMENT_3D('',#2591,#2127,#2128);
#1981=AXIS2_PLACEMENT_3D('',#2597,#2132,#2133);
#1982=AXIS2_PLACEMENT_3D('',#2603,#2137,#2138);
#1983=AXIS2_PLACEMENT_3D('',#2606,#2141,#2142);
#1984=AXIS2_PLACEMENT_3D('',#2615,#2147,#2148);
#1985=AXIS2_PLACEMENT_3D('',#2621,#2152,#2153);
#1986=AXIS2_PLACEMENT_3D('',#2627,#2157,#2158);
#1987=AXIS2_PLACEMENT_3D('',#2630,#2161,#2162);
#1988=AXIS2_PLACEMENT_3D('',#2639,#2167,#2168);
#1989=AXIS2_PLACEMENT_3D('',#2645,#2172,#2173);
#1990=AXIS2_PLACEMENT_3D('',#2651,#2177,#2178);
#1991=AXIS2_PLACEMENT_3D('',#2654,#2181,#2182);
#1992=AXIS2_PLACEMENT_3D('',#2663,#2187,#2188);
#1993=AXIS2_PLACEMENT_3D('',#2669,#2192,#2193);
#1994=AXIS2_PLACEMENT_3D('',#2675,#2197,#2198);
#1995=AXIS2_PLACEMENT_3D('',#2678,#2201,#2202);
#1996=AXIS2_PLACEMENT_3D('',#2687,#2207,#2208);
#1997=AXIS2_PLACEMENT_3D('',#2693,#2212,#2213);
#1998=AXIS2_PLACEMENT_3D('',#2699,#2217,#2218);
#1999=AXIS2_PLACEMENT_3D('',#2702,#2221,#2222);
#2000=AXIS2_PLACEMENT_3D('',#2711,#2227,#2228);
#2001=AXIS2_PLACEMENT_3D('',#2717,#2232,#2233);
#2002=AXIS2_PLACEMENT_3D('',#2723,#2237,#2238);
#2003=AXIS2_PLACEMENT_3D('',#2726,#2241,#2242);
#2004=AXIS2_PLACEMENT_3D('',#2735,#2247,#2248);
#2005=AXIS2_PLACEMENT_3D('',#2744,#2253,#2254);
#2006=AXIS2_PLACEMENT_3D('',#2747,#2257,#2258);
#2007=AXIS2_PLACEMENT_3D('',#2753,#2262,#2263);
#2008=AXIS2_PLACEMENT_3D('',#2759,#2267,#2268);
#2009=AXIS2_PLACEMENT_3D('',#2765,#2272,#2273);
#2010=AXIS2_PLACEMENT_3D('',#2769,#2276,#2277);
#2011=AXIS2_PLACEMENT_3D('',#2773,#2280,#2281);
#2012=AXIS2_PLACEMENT_3D('',#2775,#2283,#2284);
#2013=AXIS2_PLACEMENT_3D('',#2776,#2285,#2286);
#2014=AXIS2_PLACEMENT_3D('',#2785,#2291,#2292);
#2015=AXIS2_PLACEMENT_3D('',#2791,#2296,#2297);
#2016=AXIS2_PLACEMENT_3D('',#2797,#2301,#2302);
#2017=AXIS2_PLACEMENT_3D('',#2800,#2305,#2306);
#2018=AXIS2_PLACEMENT_3D('',#2809,#2311,#2312);
#2019=AXIS2_PLACEMENT_3D('',#2815,#2316,#2317);
#2020=AXIS2_PLACEMENT_3D('',#2821,#2321,#2322);
#2021=AXIS2_PLACEMENT_3D('',#2824,#2325,#2326);
#2022=AXIS2_PLACEMENT_3D('',#2833,#2331,#2332);
#2023=AXIS2_PLACEMENT_3D('',#2839,#2336,#2337);
#2024=AXIS2_PLACEMENT_3D('',#2845,#2341,#2342);
#2025=AXIS2_PLACEMENT_3D('',#2848,#2345,#2346);
#2026=AXIS2_PLACEMENT_3D('',#2857,#2351,#2352);
#2027=AXIS2_PLACEMENT_3D('',#2863,#2356,#2357);
#2028=AXIS2_PLACEMENT_3D('',#2869,#2361,#2362);
#2029=AXIS2_PLACEMENT_3D('',#2872,#2365,#2366);
#2030=AXIS2_PLACEMENT_3D('',#2881,#2371,#2372);
#2031=AXIS2_PLACEMENT_3D('',#2887,#2376,#2377);
#2032=AXIS2_PLACEMENT_3D('',#2893,#2381,#2382);
#2033=AXIS2_PLACEMENT_3D('',#2896,#2385,#2386);
#2034=AXIS2_PLACEMENT_3D('',#2905,#2391,#2392);
#2035=AXIS2_PLACEMENT_3D('',#2911,#2396,#2397);
#2036=AXIS2_PLACEMENT_3D('',#2917,#2401,#2402);
#2037=AXIS2_PLACEMENT_3D('',#2920,#2405,#2406);
#2038=AXIS2_PLACEMENT_3D('',#2929,#2411,#2412);
#2039=AXIS2_PLACEMENT_3D('',#2935,#2416,#2417);
#2040=AXIS2_PLACEMENT_3D('',#2941,#2421,#2422);
#2041=AXIS2_PLACEMENT_3D('',#2944,#2425,#2426);
#2042=AXIS2_PLACEMENT_3D('',#2953,#2431,#2432);
#2043=AXIS2_PLACEMENT_3D('',#2959,#2436,#2437);
#2044=AXIS2_PLACEMENT_3D('',#2965,#2441,#2442);
#2045=AXIS2_PLACEMENT_3D('',#2968,#2445,#2446);
#2046=AXIS2_PLACEMENT_3D('',#2977,#2451,#2452);
#2047=AXIS2_PLACEMENT_3D('',#2983,#2456,#2457);
#2048=AXIS2_PLACEMENT_3D('',#2989,#2461,#2462);
#2049=AXIS2_PLACEMENT_3D('',#2992,#2465,#2466);
#2050=AXIS2_PLACEMENT_3D('',#3001,#2471,#2472);
#2051=AXIS2_PLACEMENT_3D('',#3010,#2477,#2478);
#2052=AXIS2_PLACEMENT_3D('',#3013,#2481,#2482);
#2053=AXIS2_PLACEMENT_3D('',#3019,#2486,#2487);
#2054=AXIS2_PLACEMENT_3D('',#3025,#2491,#2492);
#2055=AXIS2_PLACEMENT_3D('',#3031,#2496,#2497);
#2056=AXIS2_PLACEMENT_3D('',#3035,#2500,#2501);
#2057=AXIS2_PLACEMENT_3D('',#3039,#2504,#2505);
#2058=AXIS2_PLACEMENT_3D('',#3041,#2507,#2508);
#2059=DIRECTION('axis',(0.,0.,1.));
#2060=DIRECTION('refdir',(1.,0.,0.));
#2061=DIRECTION('center_axis',(0.,1.,0.));
#2062=DIRECTION('ref_axis',(0.,0.,1.));
#2063=DIRECTION('',(0.,0.,-1.));
#2064=DIRECTION('',(1.,0.,0.));
#2065=DIRECTION('',(0.,0.,1.));
#2066=DIRECTION('',(1.,0.,0.));
#2067=DIRECTION('center_axis',(0.,0.,-1.));
#2068=DIRECTION('ref_axis',(0.,1.,0.));
#2069=DIRECTION('',(0.,-1.,0.));
#2070=DIRECTION('',(0.,1.,0.));
#2071=DIRECTION('',(1.,0.,0.));
#2072=DIRECTION('center_axis',(0.,-1.,0.));
#2073=DIRECTION('ref_axis',(0.,0.,-1.));
#2074=DIRECTION('',(0.,0.,1.));
#2075=DIRECTION('',(0.,0.,-1.));
#2076=DIRECTION('',(1.,0.,0.));
#2077=DIRECTION('center_axis',(0.,0.,1.));
#2078=DIRECTION('ref_axis',(0.,-1.,0.));
#2079=DIRECTION('',(0.,1.,0.));
#2080=DIRECTION('',(0.,-1.,0.));
#2081=DIRECTION('center_axis',(0.,1.,0.));
#2082=DIRECTION('ref_axis',(0.,0.,1.));
#2083=DIRECTION('',(0.,0.,-1.));
#2084=DIRECTION('',(1.,0.,0.));
#2085=DIRECTION('',(0.,0.,1.));
#2086=DIRECTION('',(1.,0.,0.));
#2087=DIRECTION('center_axis',(0.,0.,-1.));
#2088=DIRECTION('ref_axis',(0.,1.,0.));
#2089=DIRECTION('',(0.,-1.,0.));
#2090=DIRECTION('',(0.,1.,0.));
#2091=DIRECTION('',(1.,0.,0.));
#2092=DIRECTION('center_axis',(0.,-1.,0.));
#2093=DIRECTION('ref_axis',(0.,0.,-1.));
#2094=DIRECTION('',(0.,0.,1.));
#2095=DIRECTION('',(0.,0.,-1.));
#2096=DIRECTION('',(1.,0.,0.));
#2097=DIRECTION('center_axis',(0.,0.,1.));
#2098=DIRECTION('ref_axis',(0.,-1.,0.));
#2099=DIRECTION('',(0.,1.,0.));
#2100=DIRECTION('',(0.,-1.,0.));
#2101=DIRECTION('center_axis',(0.,1.,0.));
#2102=DIRECTION('ref_axis',(0.,0.,1.));
#2103=DIRECTION('',(0.,0.,-1.));
#2104=DIRECTION('',(1.,0.,0.));
#2105=DIRECTION('',(0.,0.,1.));
#2106=DIRECTION('',(1.,0.,0.));
#2107=DIRECTION('center_axis',(0.,0.,-1.));
#2108=DIRECTION('ref_axis',(0.,1.,0.));
#2109=DIRECTION('',(0.,-1.,0.));
#2110=DIRECTION('',(0.,1.,0.));
#2111=DIRECTION('',(1.,0.,0.));
#2112=DIRECTION('center_axis',(0.,-1.,0.));
#2113=DIRECTION('ref_axis',(0.,0.,-1.));
#2114=DIRECTION('',(0.,0.,1.));
#2115=DIRECTION('',(0.,0.,-1.));
#2116=DIRECTION('',(1.,0.,0.));
#2117=DIRECTION('center_axis',(0.,0.,1.));
#2118=DIRECTION('ref_axis',(0.,-1.,0.));
#2119=DIRECTION('',(0.,1.,0.));
#2120=DIRECTION('',(0.,-1.,0.));
#2121=DIRECTION('center_axis',(0.,1.,0.));
#2122=DIRECTION('ref_axis',(0.,0.,1.));
#2123=DIRECTION('',(0.,0.,-1.));
#2124=DIRECTION('',(1.,0.,0.));
#2125=DIRECTION('',(0.,0.,1.));
#2126=DIRECTION('',(1.,0.,0.));
#2127=DIRECTION('center_axis',(0.,0.,-1.));
#2128=DIRECTION('ref_axis',(0.,1.,0.));
#2129=DIRECTION('',(0.,-1.,0.));
#2130=DIRECTION('',(0.,1.,0.));
#2131=DIRECTION('',(1.,0.,0.));
#2132=DIRECTION('center_axis',(0.,-1.,0.));
#2133=DIRECTION('ref_axis',(0.,0.,-1.));
#2134=DIRECTION('',(0.,0.,1.));
#2135=DIRECTION('',(0.,0.,-1.));
#2136=DIRECTION('',(1.,0.,0.));
#2137=DIRECTION('center_axis',(0.,0.,1.));
#2138=DIRECTION('ref_axis',(0.,-1.,0.));
#2139=DIRECTION('',(0.,1.,0.));
#2140=DIRECTION('',(0.,-1.,0.));
#2141=DIRECTION('center_axis',(0.,1.,0.));
#2142=DIRECTION('ref_axis',(0.,0.,1.));
#2143=DIRECTION('',(0.,0.,-1.));
#2144=DIRECTION('',(1.,0.,0.));
#2145=DIRECTION('',(0.,0.,1.));
#2146=DIRECTION('',(1.,0.,0.));
#2147=DIRECTION('center_axis',(0.,0.,-1.));
#2148=DIRECTION('ref_axis',(0.,1.,0.));
#2149=DIRECTION('',(0.,-1.,0.));
#2150=DIRECTION('',(0.,1.,0.));
#2151=DIRECTION('',(1.,0.,0.));
#2152=DIRECTION('center_axis',(0.,-1.,0.));
#2153=DIRECTION('ref_axis',(0.,0.,-1.));
#2154=DIRECTION('',(0.,0.,1.));
#2155=DIRECTION('',(0.,0.,-1.));
#2156=DIRECTION('',(1.,0.,0.));
#2157=DIRECTION('center_axis',(0.,0.,1.));
#2158=DIRECTION('ref_axis',(0.,-1.,0.));
#2159=DIRECTION('',(0.,1.,0.));
#2160=DIRECTION('',(0.,-1.,0.));
#2161=DIRECTION('center_axis',(0.,1.,0.));
#2162=DIRECTION('ref_axis',(0.,0.,1.));
#2163=DIRECTION('',(0.,0.,-1.));
#2164=DIRECTION('',(1.,0.,0.));
#2165=DIRECTION('',(0.,0.,1.));
#2166=DIRECTION('',(1.,0.,0.));
#2167=DIRECTION('center_axis',(0.,0.,-1.));
#2168=DIRECTION('ref_axis',(0.,1.,0.));
#2169=DIRECTION('',(0.,-1.,0.));
#2170=DIRECTION('',(0.,1.,0.));
#2171=DIRECTION('',(1.,0.,0.));
#2172=DIRECTION('center_axis',(0.,-1.,0.));
#2173=DIRECTION('ref_axis',(0.,0.,-1.));
#2174=DIRECTION('',(0.,0.,1.));
#2175=DIRECTION('',(0.,0.,-1.));
#2176=DIRECTION('',(1.,0.,0.));
#2177=DIRECTION('center_axis',(0.,0.,1.));
#2178=DIRECTION('ref_axis',(0.,-1.,0.));
#2179=DIRECTION('',(0.,1.,0.));
#2180=DIRECTION('',(0.,-1.,0.));
#2181=DIRECTION('center_axis',(0.,1.,0.));
#2182=DIRECTION('ref_axis',(0.,0.,1.));
#2183=DIRECTION('',(0.,0.,-1.));
#2184=DIRECTION('',(1.,0.,0.));
#2185=DIRECTION('',(0.,0.,1.));
#2186=DIRECTION('',(1.,0.,0.));
#2187=DIRECTION('center_axis',(0.,0.,-1.));
#2188=DIRECTION('ref_axis',(0.,1.,0.));
#2189=DIRECTION('',(0.,-1.,0.));
#2190=DIRECTION('',(0.,1.,0.));
#2191=DIRECTION('',(1.,0.,0.));
#2192=DIRECTION('center_axis',(0.,-1.,0.));
#2193=DIRECTION('ref_axis',(0.,0.,-1.));
#2194=DIRECTION('',(0.,0.,1.));
#2195=DIRECTION('',(0.,0.,-1.));
#2196=DIRECTION('',(1.,0.,0.));
#2197=DIRECTION('center_axis',(0.,0.,1.));
#2198=DIRECTION('ref_axis',(0.,-1.,0.));
#2199=DIRECTION('',(0.,1.,0.));
#2200=DIRECTION('',(0.,-1.,0.));
#2201=DIRECTION('center_axis',(0.,1.,0.));
#2202=DIRECTION('ref_axis',(0.,0.,1.));
#2203=DIRECTION('',(0.,0.,-1.));
#2204=DIRECTION('',(1.,0.,0.));
#2205=DIRECTION('',(0.,0.,1.));
#2206=DIRECTION('',(1.,0.,0.));
#2207=DIRECTION('center_axis',(0.,0.,-1.));
#2208=DIRECTION('ref_axis',(0.,1.,0.));
#2209=DIRECTION('',(0.,-1.,0.));
#2210=DIRECTION('',(0.,1.,0.));
#2211=DIRECTION('',(1.,0.,0.));
#2212=DIRECTION('center_axis',(0.,-1.,0.));
#2213=DIRECTION('ref_axis',(0.,0.,-1.));
#2214=DIRECTION('',(0.,0.,1.));
#2215=DIRECTION('',(0.,0.,-1.));
#2216=DIRECTION('',(1.,0.,0.));
#2217=DIRECTION('center_axis',(0.,0.,1.));
#2218=DIRECTION('ref_axis',(0.,-1.,0.));
#2219=DIRECTION('',(0.,1.,0.));
#2220=DIRECTION('',(0.,-1.,0.));
#2221=DIRECTION('center_axis',(0.,1.,0.));
#2222=DIRECTION('ref_axis',(0.,0.,1.));
#2223=DIRECTION('',(0.,0.,-1.));
#2224=DIRECTION('',(1.,0.,0.));
#2225=DIRECTION('',(0.,0.,1.));
#2226=DIRECTION('',(1.,0.,0.));
#2227=DIRECTION('center_axis',(0.,0.,-1.));
#2228=DIRECTION('ref_axis',(0.,1.,0.));
#2229=DIRECTION('',(0.,-1.,0.));
#2230=DIRECTION('',(0.,1.,0.));
#2231=DIRECTION('',(1.,0.,0.));
#2232=DIRECTION('center_axis',(0.,-1.,0.));
#2233=DIRECTION('ref_axis',(0.,0.,-1.));
#2234=DIRECTION('',(0.,0.,1.));
#2235=DIRECTION('',(0.,0.,-1.));
#2236=DIRECTION('',(1.,0.,0.));
#2237=DIRECTION('center_axis',(0.,0.,1.));
#2238=DIRECTION('ref_axis',(0.,-1.,0.));
#2239=DIRECTION('',(0.,1.,0.));
#2240=DIRECTION('',(0.,-1.,0.));
#2241=DIRECTION('center_axis',(0.,1.,0.));
#2242=DIRECTION('ref_axis',(0.,0.,1.));
#2243=DIRECTION('',(0.,0.,-1.));
#2244=DIRECTION('',(1.,0.,0.));
#2245=DIRECTION('',(0.,0.,1.));
#2246=DIRECTION('',(-1.,0.,0.));
#2247=DIRECTION('center_axis',(0.,-1.,0.));
#2248=DIRECTION('ref_axis',(0.,0.,-1.));
#2249=DIRECTION('',(0.,0.,1.));
#2250=DIRECTION('',(1.,0.,0.));
#2251=DIRECTION('',(0.,0.,-1.));
#2252=DIRECTION('',(1.,0.,0.));
#2253=DIRECTION('center_axis',(0.,0.,1.));
#2254=DIRECTION('ref_axis',(0.,-1.,0.));
#2255=DIRECTION('',(0.,1.,0.));
#2256=DIRECTION('',(0.,-1.,0.));
#2257=DIRECTION('center_axis',(0.,0.,-1.));
#2258=DIRECTION('ref_axis',(0.,-1.,0.));
#2259=DIRECTION('',(0.,-1.,0.));
#2260=DIRECTION('',(-1.,0.,0.));
#2261=DIRECTION('',(0.,-1.,0.));
#2262=DIRECTION('center_axis',(0.,0.,-1.));
#2263=DIRECTION('ref_axis',(0.,-1.,0.));
#2264=DIRECTION('',(0.,-1.,0.));
#2265=DIRECTION('',(-1.,0.,0.));
#2266=DIRECTION('',(0.,-1.,0.));
#2267=DIRECTION('center_axis',(-1.,0.,0.));
#2268=DIRECTION('ref_axis',(0.,-1.,0.));
#2269=DIRECTION('',(0.,0.,-1.));
#2270=DIRECTION('',(0.,-1.,0.));
#2271=DIRECTION('',(0.,0.,1.));
#2272=DIRECTION('center_axis',(0.,1.,0.));
#2273=DIRECTION('ref_axis',(0.,0.,-1.));
#2274=DIRECTION('',(0.,0.,-1.));
#2275=DIRECTION('',(-1.,0.,0.));
#2276=DIRECTION('center_axis',(0.,0.,1.));
#2277=DIRECTION('ref_axis',(0.,1.,0.));
#2278=DIRECTION('',(0.,1.,0.));
#2279=DIRECTION('',(-1.,0.,0.));
#2280=DIRECTION('center_axis',(0.,-1.,0.));
#2281=DIRECTION('ref_axis',(0.,0.,1.));
#2282=DIRECTION('',(0.,0.,1.));
#2283=DIRECTION('center_axis',(-1.,0.,0.));
#2284=DIRECTION('ref_axis',(0.,0.,1.));
#2285=DIRECTION('center_axis',(0.,1.,0.));
#2286=DIRECTION('ref_axis',(0.,0.,1.));
#2287=DIRECTION('',(0.,0.,1.));
#2288=DIRECTION('',(-1.,0.,0.));
#2289=DIRECTION('',(0.,0.,1.));
#2290=DIRECTION('',(1.,0.,0.));
#2291=DIRECTION('center_axis',(0.,0.,-1.));
#2292=DIRECTION('ref_axis',(0.,1.,0.));
#2293=DIRECTION('',(0.,1.,0.));
#2294=DIRECTION('',(-1.,0.,0.));
#2295=DIRECTION('',(0.,1.,0.));
#2296=DIRECTION('center_axis',(0.,-1.,0.));
#2297=DIRECTION('ref_axis',(0.,0.,-1.));
#2298=DIRECTION('',(0.,0.,-1.));
#2299=DIRECTION('',(-1.,0.,0.));
#2300=DIRECTION('',(0.,0.,-1.));
#2301=DIRECTION('center_axis',(0.,0.,1.));
#2302=DIRECTION('ref_axis',(0.,-1.,0.));
#2303=DIRECTION('',(0.,-1.,0.));
#2304=DIRECTION('',(0.,-1.,0.));
#2305=DIRECTION('center_axis',(0.,1.,0.));
#2306=DIRECTION('ref_axis',(0.,0.,1.));
#2307=DIRECTION('',(0.,0.,1.));
#2308=DIRECTION('',(-1.,0.,0.));
#2309=DIRECTION('',(0.,0.,1.));
#2310=DIRECTION('',(1.,0.,0.));
#2311=DIRECTION('center_axis',(0.,0.,-1.));
#2312=DIRECTION('ref_axis',(0.,1.,0.));
#2313=DIRECTION('',(0.,1.,0.));
#2314=DIRECTION('',(-1.,0.,0.));
#2315=DIRECTION('',(0.,1.,0.));
#2316=DIRECTION('center_axis',(0.,-1.,0.));
#2317=DIRECTION('ref_axis',(0.,0.,-1.));
#2318=DIRECTION('',(0.,0.,-1.));
#2319=DIRECTION('',(-1.,0.,0.));
#2320=DIRECTION('',(0.,0.,-1.));
#2321=DIRECTION('center_axis',(0.,0.,1.));
#2322=DIRECTION('ref_axis',(0.,-1.,0.));
#2323=DIRECTION('',(0.,-1.,0.));
#2324=DIRECTION('',(0.,-1.,0.));
#2325=DIRECTION('center_axis',(0.,1.,0.));
#2326=DIRECTION('ref_axis',(0.,0.,1.));
#2327=DIRECTION('',(0.,0.,1.));
#2328=DIRECTION('',(-1.,0.,0.));
#2329=DIRECTION('',(0.,0.,1.));
#2330=DIRECTION('',(1.,0.,0.));
#2331=DIRECTION('center_axis',(0.,0.,-1.));
#2332=DIRECTION('ref_axis',(0.,1.,0.));
#2333=DIRECTION('',(0.,1.,0.));
#2334=DIRECTION('',(-1.,0.,0.));
#2335=DIRECTION('',(0.,1.,0.));
#2336=DIRECTION('center_axis',(0.,-1.,0.));
#2337=DIRECTION('ref_axis',(0.,0.,-1.));
#2338=DIRECTION('',(0.,0.,-1.));
#2339=DIRECTION('',(-1.,0.,0.));
#2340=DIRECTION('',(0.,0.,-1.));
#2341=DIRECTION('center_axis',(0.,0.,1.));
#2342=DIRECTION('ref_axis',(0.,-1.,0.));
#2343=DIRECTION('',(0.,-1.,0.));
#2344=DIRECTION('',(0.,-1.,0.));
#2345=DIRECTION('center_axis',(0.,1.,0.));
#2346=DIRECTION('ref_axis',(0.,0.,1.));
#2347=DIRECTION('',(0.,0.,1.));
#2348=DIRECTION('',(-1.,0.,0.));
#2349=DIRECTION('',(0.,0.,1.));
#2350=DIRECTION('',(1.,0.,0.));
#2351=DIRECTION('center_axis',(0.,0.,-1.));
#2352=DIRECTION('ref_axis',(0.,1.,0.));
#2353=DIRECTION('',(0.,1.,0.));
#2354=DIRECTION('',(-1.,0.,0.));
#2355=DIRECTION('',(0.,1.,0.));
#2356=DIRECTION('center_axis',(0.,-1.,0.));
#2357=DIRECTION('ref_axis',(0.,0.,-1.));
#2358=DIRECTION('',(0.,0.,-1.));
#2359=DIRECTION('',(-1.,0.,0.));
#2360=DIRECTION('',(0.,0.,-1.));
#2361=DIRECTION('center_axis',(0.,0.,1.));
#2362=DIRECTION('ref_axis',(0.,-1.,0.));
#2363=DIRECTION('',(0.,-1.,0.));
#2364=DIRECTION('',(0.,-1.,0.));
#2365=DIRECTION('center_axis',(0.,1.,0.));
#2366=DIRECTION('ref_axis',(0.,0.,1.));
#2367=DIRECTION('',(0.,0.,1.));
#2368=DIRECTION('',(-1.,0.,0.));
#2369=DIRECTION('',(0.,0.,1.));
#2370=DIRECTION('',(1.,0.,0.));
#2371=DIRECTION('center_axis',(0.,0.,-1.));
#2372=DIRECTION('ref_axis',(0.,1.,0.));
#2373=DIRECTION('',(0.,1.,0.));
#2374=DIRECTION('',(-1.,0.,0.));
#2375=DIRECTION('',(0.,1.,0.));
#2376=DIRECTION('center_axis',(0.,-1.,0.));
#2377=DIRECTION('ref_axis',(0.,0.,-1.));
#2378=DIRECTION('',(0.,0.,-1.));
#2379=DIRECTION('',(-1.,0.,0.));
#2380=DIRECTION('',(0.,0.,-1.));
#2381=DIRECTION('center_axis',(0.,0.,1.));
#2382=DIRECTION('ref_axis',(0.,-1.,0.));
#2383=DIRECTION('',(0.,-1.,0.));
#2384=DIRECTION('',(0.,-1.,0.));
#2385=DIRECTION('center_axis',(0.,1.,0.));
#2386=DIRECTION('ref_axis',(0.,0.,1.));
#2387=DIRECTION('',(0.,0.,1.));
#2388=DIRECTION('',(-1.,0.,0.));
#2389=DIRECTION('',(0.,0.,1.));
#2390=DIRECTION('',(1.,0.,0.));
#2391=DIRECTION('center_axis',(0.,0.,-1.));
#2392=DIRECTION('ref_axis',(0.,1.,0.));
#2393=DIRECTION('',(0.,1.,0.));
#2394=DIRECTION('',(-1.,0.,0.));
#2395=DIRECTION('',(0.,1.,0.));
#2396=DIRECTION('center_axis',(0.,-1.,0.));
#2397=DIRECTION('ref_axis',(0.,0.,-1.));
#2398=DIRECTION('',(0.,0.,-1.));
#2399=DIRECTION('',(-1.,0.,0.));
#2400=DIRECTION('',(0.,0.,-1.));
#2401=DIRECTION('center_axis',(0.,0.,1.));
#2402=DIRECTION('ref_axis',(0.,-1.,0.));
#2403=DIRECTION('',(0.,-1.,0.));
#2404=DIRECTION('',(0.,-1.,0.));
#2405=DIRECTION('center_axis',(0.,1.,0.));
#2406=DIRECTION('ref_axis',(0.,0.,1.));
#2407=DIRECTION('',(0.,0.,1.));
#2408=DIRECTION('',(-1.,0.,0.));
#2409=DIRECTION('',(0.,0.,1.));
#2410=DIRECTION('',(1.,0.,0.));
#2411=DIRECTION('center_axis',(0.,0.,-1.));
#2412=DIRECTION('ref_axis',(0.,1.,0.));
#2413=DIRECTION('',(0.,1.,0.));
#2414=DIRECTION('',(-1.,0.,0.));
#2415=DIRECTION('',(0.,1.,0.));
#2416=DIRECTION('center_axis',(0.,-1.,0.));
#2417=DIRECTION('ref_axis',(0.,0.,-1.));
#2418=DIRECTION('',(0.,0.,-1.));
#2419=DIRECTION('',(-1.,0.,0.));
#2420=DIRECTION('',(0.,0.,-1.));
#2421=DIRECTION('center_axis',(0.,0.,1.));
#2422=DIRECTION('ref_axis',(0.,-1.,0.));
#2423=DIRECTION('',(0.,-1.,0.));
#2424=DIRECTION('',(0.,-1.,0.));
#2425=DIRECTION('center_axis',(0.,1.,0.));
#2426=DIRECTION('ref_axis',(0.,0.,1.));
#2427=DIRECTION('',(0.,0.,1.));
#2428=DIRECTION('',(-1.,0.,0.));
#2429=DIRECTION('',(0.,0.,1.));
#2430=DIRECTION('',(1.,0.,0.));
#2431=DIRECTION('center_axis',(0.,0.,-1.));
#2432=DIRECTION('ref_axis',(0.,1.,0.));
#2433=DIRECTION('',(0.,1.,0.));
#2434=DIRECTION('',(-1.,0.,0.));
#2435=DIRECTION('',(0.,1.,0.));
#2436=DIRECTION('center_axis',(0.,-1.,0.));
#2437=DIRECTION('ref_axis',(0.,0.,-1.));
#2438=DIRECTION('',(0.,0.,-1.));
#2439=DIRECTION('',(-1.,0.,0.));
#2440=DIRECTION('',(0.,0.,-1.));
#2441=DIRECTION('center_axis',(0.,0.,1.));
#2442=DIRECTION('ref_axis',(0.,-1.,0.));
#2443=DIRECTION('',(0.,-1.,0.));
#2444=DIRECTION('',(0.,-1.,0.));
#2445=DIRECTION('center_axis',(0.,1.,0.));
#2446=DIRECTION('ref_axis',(0.,0.,1.));
#2447=DIRECTION('',(0.,0.,1.));
#2448=DIRECTION('',(-1.,0.,0.));
#2449=DIRECTION('',(0.,0.,1.));
#2450=DIRECTION('',(1.,0.,0.));
#2451=DIRECTION('center_axis',(0.,0.,-1.));
#2452=DIRECTION('ref_axis',(0.,1.,0.));
#2453=DIRECTION('',(0.,1.,0.));
#2454=DIRECTION('',(-1.,0.,0.));
#2455=DIRECTION('',(0.,1.,0.));
#2456=DIRECTION('center_axis',(0.,-1.,0.));
#2457=DIRECTION('ref_axis',(0.,0.,-1.));
#2458=DIRECTION('',(0.,0.,-1.));
#2459=DIRECTION('',(-1.,0.,0.));
#2460=DIRECTION('',(0.,0.,-1.));
#2461=DIRECTION('center_axis',(0.,0.,1.));
#2462=DIRECTION('ref_axis',(0.,-1.,0.));
#2463=DIRECTION('',(0.,-1.,0.));
#2464=DIRECTION('',(0.,-1.,0.));
#2465=DIRECTION('center_axis',(0.,1.,0.));
#2466=DIRECTION('ref_axis',(0.,0.,1.));
#2467=DIRECTION('',(0.,0.,1.));
#2468=DIRECTION('',(-1.,0.,0.));
#2469=DIRECTION('',(0.,0.,1.));
#2470=DIRECTION('',(1.,0.,0.));
#2471=DIRECTION('center_axis',(0.,-1.,0.));
#2472=DIRECTION('ref_axis',(0.,0.,-1.));
#2473=DIRECTION('',(0.,0.,-1.));
#2474=DIRECTION('',(-1.,0.,0.));
#2475=DIRECTION('',(0.,0.,-1.));
#2476=DIRECTION('',(1.,0.,0.));
#2477=DIRECTION('center_axis',(0.,0.,1.));
#2478=DIRECTION('ref_axis',(0.,-1.,0.));
#2479=DIRECTION('',(0.,-1.,0.));
#2480=DIRECTION('',(0.,-1.,0.));
#2481=DIRECTION('center_axis',(0.,0.,-1.));
#2482=DIRECTION('ref_axis',(0.,-1.,0.));
#2483=DIRECTION('',(0.,1.,0.));
#2484=DIRECTION('',(1.,0.,0.));
#2485=DIRECTION('',(0.,1.,0.));
#2486=DIRECTION('center_axis',(0.,0.,-1.));
#2487=DIRECTION('ref_axis',(0.,-1.,0.));
#2488=DIRECTION('',(0.,1.,0.));
#2489=DIRECTION('',(-1.,0.,0.));
#2490=DIRECTION('',(0.,1.,0.));
#2491=DIRECTION('center_axis',(-1.,0.,0.));
#2492=DIRECTION('ref_axis',(0.,-1.,0.));
#2493=DIRECTION('',(0.,0.,1.));
#2494=DIRECTION('',(0.,1.,0.));
#2495=DIRECTION('',(0.,0.,-1.));
#2496=DIRECTION('center_axis',(0.,1.,0.));
#2497=DIRECTION('ref_axis',(0.,0.,-1.));
#2498=DIRECTION('',(1.,0.,0.));
#2499=DIRECTION('',(0.,0.,1.));
#2500=DIRECTION('center_axis',(0.,0.,1.));
#2501=DIRECTION('ref_axis',(0.,1.,0.));
#2502=DIRECTION('',(1.,0.,0.));
#2503=DIRECTION('',(0.,-1.,0.));
#2504=DIRECTION('center_axis',(0.,-1.,0.));
#2505=DIRECTION('ref_axis',(0.,0.,1.));
#2506=DIRECTION('',(0.,0.,-1.));
#2507=DIRECTION('center_axis',(-1.,0.,0.));
#2508=DIRECTION('ref_axis',(0.,0.,1.));
#2509=CARTESIAN_POINT('',(0.,0.,0.));
#2510=CARTESIAN_POINT('Origin',(10.699999756366,-10.7000001594424,2.80000004172325));
#2511=CARTESIAN_POINT('',(10.899999756366,-10.7000001594424,4.00000005960464));
#2512=CARTESIAN_POINT('',(10.899999756366,-10.7000001594424,2.80000004172325));
#2513=CARTESIAN_POINT('',(10.899999756366,-10.7000001594424,5.02500002272427));
#2514=CARTESIAN_POINT('',(10.699999756366,-10.7000001594424,4.00000005960464));
#2515=CARTESIAN_POINT('',(10.699999756366,-10.7000001594424,4.00000005960464));
#2516=CARTESIAN_POINT('',(10.699999756366,-10.7000001594424,2.80000004172325));
#2517=CARTESIAN_POINT('',(10.699999756366,-10.7000001594424,5.02500002272427));
#2518=CARTESIAN_POINT('',(10.699999756366,-10.7000001594424,2.80000004172325));
#2519=CARTESIAN_POINT('Origin',(10.699999756366,-12.6000001877546,2.80000004172325));
#2520=CARTESIAN_POINT('',(10.899999756366,-12.6000001877546,2.80000004172325));
#2521=CARTESIAN_POINT('',(10.899999756366,-12.125000141561,2.80000004172325));
#2522=CARTESIAN_POINT('',(10.699999756366,-12.6000001877546,2.80000004172325));
#2523=CARTESIAN_POINT('',(10.699999756366,-12.125000141561,2.80000004172325));
#2524=CARTESIAN_POINT('',(10.699999756366,-12.6000001877546,2.80000004172325));
#2525=CARTESIAN_POINT('Origin',(10.699999756366,-12.6000001877546,4.00000005960464));
#2526=CARTESIAN_POINT('',(10.899999756366,-12.6000001877546,4.00000005960464));
#2527=CARTESIAN_POINT('',(10.899999756366,-12.6000001877546,5.62500003166497));
#2528=CARTESIAN_POINT('',(10.699999756366,-12.6000001877546,4.00000005960464));
#2529=CARTESIAN_POINT('',(10.699999756366,-12.6000001877546,5.62500003166497));
#2530=CARTESIAN_POINT('',(10.699999756366,-12.6000001877546,4.00000005960464));
#2531=CARTESIAN_POINT('Origin',(10.699999756366,-10.7000001594424,4.00000005960464));
#2532=CARTESIAN_POINT('',(10.899999756366,-11.1750001274049,4.00000005960464));
#2533=CARTESIAN_POINT('',(10.699999756366,-11.1750001274049,4.00000005960464));
#2534=CARTESIAN_POINT('Origin',(10.699999756366,-10.7000001594424,8.40000012516975));
#2535=CARTESIAN_POINT('',(10.899999756366,-10.7000001594424,9.60000014305115));
#2536=CARTESIAN_POINT('',(10.899999756366,-10.7000001594424,8.40000012516975));
#2537=CARTESIAN_POINT('',(10.899999756366,-10.7000001594424,7.82500006444752));
#2538=CARTESIAN_POINT('',(10.699999756366,-10.7000001594424,9.60000014305115));
#2539=CARTESIAN_POINT('',(10.699999756366,-10.7000001594424,9.60000014305115));
#2540=CARTESIAN_POINT('',(10.699999756366,-10.7000001594424,8.40000012516975));
#2541=CARTESIAN_POINT('',(10.699999756366,-10.7000001594424,7.82500006444752));
#2542=CARTESIAN_POINT('',(10.699999756366,-10.7000001594424,8.40000012516975));
#2543=CARTESIAN_POINT('Origin',(10.699999756366,-12.6000001877546,8.40000012516975));
#2544=CARTESIAN_POINT('',(10.899999756366,-12.6000001877546,8.40000012516975));
#2545=CARTESIAN_POINT('',(10.899999756366,-12.125000141561,8.40000012516975));
#2546=CARTESIAN_POINT('',(10.699999756366,-12.6000001877546,8.40000012516975));
#2547=CARTESIAN_POINT('',(10.699999756366,-12.125000141561,8.40000012516975));
#2548=CARTESIAN_POINT('',(10.699999756366,-12.6000001877546,8.40000012516975));
#2549=CARTESIAN_POINT('Origin',(10.699999756366,-12.6000001877546,9.60000014305115));
#2550=CARTESIAN_POINT('',(10.899999756366,-12.6000001877546,9.60000014305115));
#2551=CARTESIAN_POINT('',(10.899999756366,-12.6000001877546,8.42500007338822));
#2552=CARTESIAN_POINT('',(10.699999756366,-12.6000001877546,9.60000014305115));
#2553=CARTESIAN_POINT('',(10.699999756366,-12.6000001877546,8.42500007338822));
#2554=CARTESIAN_POINT('',(10.699999756366,-12.6000001877546,9.60000014305115));
#2555=CARTESIAN_POINT('Origin',(10.699999756366,-10.7000001594424,9.60000014305115));
#2556=CARTESIAN_POINT('',(10.899999756366,-11.1750001274049,9.60000014305115));
#2557=CARTESIAN_POINT('',(10.699999756366,-11.1750001274049,9.60000014305115));
#2558=CARTESIAN_POINT('Origin',(10.699999756366,-10.7000001594424,12.6000001877546));
#2559=CARTESIAN_POINT('',(10.899999756366,-10.7000001594424,13.800000205636));
#2560=CARTESIAN_POINT('',(10.899999756366,-10.7000001594424,12.6000001877546));
#2561=CARTESIAN_POINT('',(10.899999756366,-10.7000001594424,9.92500009573996));
#2562=CARTESIAN_POINT('',(10.699999756366,-10.7000001594424,13.800000205636));
#2563=CARTESIAN_POINT('',(10.699999756366,-10.7000001594424,13.800000205636));
#2564=CARTESIAN_POINT('',(10.699999756366,-10.7000001594424,12.6000001877546));
#2565=CARTESIAN_POINT('',(10.699999756366,-10.7000001594424,9.92500009573996));
#2566=CARTESIAN_POINT('',(10.699999756366,-10.7000001594424,12.6000001877546));
#2567=CARTESIAN_POINT('Origin',(10.699999756366,-12.6000001877546,12.6000001877546));
#2568=CARTESIAN_POINT('',(10.899999756366,-12.6000001877546,12.6000001877546));
#2569=CARTESIAN_POINT('',(10.899999756366,-12.125000141561,12.6000001877546));
#2570=CARTESIAN_POINT('',(10.699999756366,-12.6000001877546,12.6000001877546));
#2571=CARTESIAN_POINT('',(10.699999756366,-12.125000141561,12.6000001877546));
#2572=CARTESIAN_POINT('',(10.699999756366,-12.6000001877546,12.6000001877546));
#2573=CARTESIAN_POINT('Origin',(10.699999756366,-12.6000001877546,13.800000205636));
#2574=CARTESIAN_POINT('',(10.899999756366,-12.6000001877546,13.800000205636));
#2575=CARTESIAN_POINT('',(10.899999756366,-12.6000001877546,10.5250001046807));
#2576=CARTESIAN_POINT('',(10.699999756366,-12.6000001877546,13.800000205636));
#2577=CARTESIAN_POINT('',(10.699999756366,-12.6000001877546,10.5250001046807));
#2578=CARTESIAN_POINT('',(10.699999756366,-12.6000001877546,13.800000205636));
#2579=CARTESIAN_POINT('Origin',(10.699999756366,-10.7000001594424,13.800000205636));
#2580=CARTESIAN_POINT('',(10.899999756366,-11.1750001274049,13.800000205636));
#2581=CARTESIAN_POINT('',(10.699999756366,-11.1750001274049,13.800000205636));
#2582=CARTESIAN_POINT('Origin',(10.699999756366,-10.7000001594424,7.00000010430813));
#2583=CARTESIAN_POINT('',(10.899999756366,-10.7000001594424,8.20000012218952));
#2584=CARTESIAN_POINT('',(10.899999756366,-10.7000001594424,7.00000010430813));
#2585=CARTESIAN_POINT('',(10.899999756366,-10.7000001594424,7.12500005401671));
#2586=CARTESIAN_POINT('',(10.699999756366,-10.7000001594424,8.20000012218952));
#2587=CARTESIAN_POINT('',(10.699999756366,-10.7000001594424,8.20000012218952));
#2588=CARTESIAN_POINT('',(10.699999756366,-10.7000001594424,7.00000010430813));
#2589=CARTESIAN_POINT('',(10.699999756366,-10.7000001594424,7.12500005401671));
#2590=CARTESIAN_POINT('',(10.699999756366,-10.7000001594424,7.00000010430813));
#2591=CARTESIAN_POINT('Origin',(10.699999756366,-12.6000001877546,7.00000010430813));
#2592=CARTESIAN_POINT('',(10.899999756366,-12.6000001877546,7.00000010430813));
#2593=CARTESIAN_POINT('',(10.899999756366,-12.125000141561,7.00000010430813));
#2594=CARTESIAN_POINT('',(10.699999756366,-12.6000001877546,7.00000010430813));
#2595=CARTESIAN_POINT('',(10.699999756366,-12.125000141561,7.00000010430813));
#2596=CARTESIAN_POINT('',(10.699999756366,-12.6000001877546,7.00000010430813));
#2597=CARTESIAN_POINT('Origin',(10.699999756366,-12.6000001877546,8.20000012218952));
#2598=CARTESIAN_POINT('',(10.899999756366,-12.6000001877546,8.20000012218952));
#2599=CARTESIAN_POINT('',(10.899999756366,-12.6000001877546,7.72500006295741));
#2600=CARTESIAN_POINT('',(10.699999756366,-12.6000001877546,8.20000012218952));
#2601=CARTESIAN_POINT('',(10.699999756366,-12.6000001877546,7.72500006295741));
#2602=CARTESIAN_POINT('',(10.699999756366,-12.6000001877546,8.20000012218952));
#2603=CARTESIAN_POINT('Origin',(10.699999756366,-10.7000001594424,8.20000012218952));
#2604=CARTESIAN_POINT('',(10.899999756366,-11.1750001274049,8.20000012218952));
#2605=CARTESIAN_POINT('',(10.699999756366,-11.1750001274049,8.20000012218952));
#2606=CARTESIAN_POINT('Origin',(10.699999756366,-10.7000001594424,1.40000002086163));
#2607=CARTESIAN_POINT('',(10.899999756366,-10.7000001594424,2.60000003874302));
#2608=CARTESIAN_POINT('',(10.899999756366,-10.7000001594424,1.40000002086163));
#2609=CARTESIAN_POINT('',(10.899999756366,-10.7000001594424,4.32500001229346));
#2610=CARTESIAN_POINT('',(10.699999756366,-10.7000001594424,2.60000003874302));
#2611=CARTESIAN_POINT('',(10.699999756366,-10.7000001594424,2.60000003874302));
#2612=CARTESIAN_POINT('',(10.699999756366,-10.7000001594424,1.40000002086163));
#2613=CARTESIAN_POINT('',(10.699999756366,-10.7000001594424,4.32500001229346));
#2614=CARTESIAN_POINT('',(10.699999756366,-10.7000001594424,1.40000002086163));
#2615=CARTESIAN_POINT('Origin',(10.699999756366,-12.6000001877546,1.40000002086163));
#2616=CARTESIAN_POINT('',(10.899999756366,-12.6000001877546,1.40000002086163));
#2617=CARTESIAN_POINT('',(10.899999756366,-12.125000141561,1.40000002086163));
#2618=CARTESIAN_POINT('',(10.699999756366,-12.6000001877546,1.40000002086163));
#2619=CARTESIAN_POINT('',(10.699999756366,-12.125000141561,1.40000002086163));
#2620=CARTESIAN_POINT('',(10.699999756366,-12.6000001877546,1.40000002086163));
#2621=CARTESIAN_POINT('Origin',(10.699999756366,-12.6000001877546,2.60000003874302));
#2622=CARTESIAN_POINT('',(10.899999756366,-12.6000001877546,2.60000003874302));
#2623=CARTESIAN_POINT('',(10.899999756366,-12.6000001877546,4.92500002123415));
#2624=CARTESIAN_POINT('',(10.699999756366,-12.6000001877546,2.60000003874302));
#2625=CARTESIAN_POINT('',(10.699999756366,-12.6000001877546,4.92500002123415));
#2626=CARTESIAN_POINT('',(10.699999756366,-12.6000001877546,2.60000003874302));
#2627=CARTESIAN_POINT('Origin',(10.699999756366,-10.7000001594424,2.60000003874302));
#2628=CARTESIAN_POINT('',(10.899999756366,-11.1750001274049,2.60000003874302));
#2629=CARTESIAN_POINT('',(10.699999756366,-11.1750001274049,2.60000003874302));
#2630=CARTESIAN_POINT('Origin',(10.699999756366,-10.7000001594424,4.20000006258488));
#2631=CARTESIAN_POINT('',(10.899999756366,-10.7000001594424,5.40000008046627));
#2632=CARTESIAN_POINT('',(10.899999756366,-10.7000001594424,4.20000006258488));
#2633=CARTESIAN_POINT('',(10.899999756366,-10.7000001594424,5.72500003315508));
#2634=CARTESIAN_POINT('',(10.699999756366,-10.7000001594424,5.40000008046627));
#2635=CARTESIAN_POINT('',(10.699999756366,-10.7000001594424,5.40000008046627));
#2636=CARTESIAN_POINT('',(10.699999756366,-10.7000001594424,4.20000006258488));
#2637=CARTESIAN_POINT('',(10.699999756366,-10.7000001594424,5.72500003315508));
#2638=CARTESIAN_POINT('',(10.699999756366,-10.7000001594424,4.20000006258488));
#2639=CARTESIAN_POINT('Origin',(10.699999756366,-12.6000001877546,4.20000006258488));
#2640=CARTESIAN_POINT('',(10.899999756366,-12.6000001877546,4.20000006258488));
#2641=CARTESIAN_POINT('',(10.899999756366,-12.125000141561,4.20000006258488));
#2642=CARTESIAN_POINT('',(10.699999756366,-12.6000001877546,4.20000006258488));
#2643=CARTESIAN_POINT('',(10.699999756366,-12.125000141561,4.20000006258488));
#2644=CARTESIAN_POINT('',(10.699999756366,-12.6000001877546,4.20000006258488));
#2645=CARTESIAN_POINT('Origin',(10.699999756366,-12.6000001877546,5.40000008046627));
#2646=CARTESIAN_POINT('',(10.899999756366,-12.6000001877546,5.40000008046627));
#2647=CARTESIAN_POINT('',(10.899999756366,-12.6000001877546,6.32500004209578));
#2648=CARTESIAN_POINT('',(10.699999756366,-12.6000001877546,5.40000008046627));
#2649=CARTESIAN_POINT('',(10.699999756366,-12.6000001877546,6.32500004209578));
#2650=CARTESIAN_POINT('',(10.699999756366,-12.6000001877546,5.40000008046627));
#2651=CARTESIAN_POINT('Origin',(10.699999756366,-10.7000001594424,5.40000008046627));
#2652=CARTESIAN_POINT('',(10.899999756366,-11.1750001274049,5.40000008046627));
#2653=CARTESIAN_POINT('',(10.699999756366,-11.1750001274049,5.40000008046627));
#2654=CARTESIAN_POINT('Origin',(10.699999756366,-10.7000001594424,9.80000014603138));
#2655=CARTESIAN_POINT('',(10.899999756366,-10.7000001594424,11.0000001639128));
#2656=CARTESIAN_POINT('',(10.899999756366,-10.7000001594424,9.80000014603138));
#2657=CARTESIAN_POINT('',(10.899999756366,-10.7000001594424,8.52500007487833));
#2658=CARTESIAN_POINT('',(10.699999756366,-10.7000001594424,11.0000001639128));
#2659=CARTESIAN_POINT('',(10.699999756366,-10.7000001594424,11.0000001639128));
#2660=CARTESIAN_POINT('',(10.699999756366,-10.7000001594424,9.80000014603138));
#2661=CARTESIAN_POINT('',(10.699999756366,-10.7000001594424,8.52500007487833));
#2662=CARTESIAN_POINT('',(10.699999756366,-10.7000001594424,9.80000014603138));
#2663=CARTESIAN_POINT('Origin',(10.699999756366,-12.6000001877546,9.80000014603138));
#2664=CARTESIAN_POINT('',(10.899999756366,-12.6000001877546,9.80000014603138));
#2665=CARTESIAN_POINT('',(10.899999756366,-12.125000141561,9.80000014603138));
#2666=CARTESIAN_POINT('',(10.699999756366,-12.6000001877546,9.80000014603138));
#2667=CARTESIAN_POINT('',(10.699999756366,-12.125000141561,9.80000014603138));
#2668=CARTESIAN_POINT('',(10.699999756366,-12.6000001877546,9.80000014603138));
#2669=CARTESIAN_POINT('Origin',(10.699999756366,-12.6000001877546,11.0000001639128));
#2670=CARTESIAN_POINT('',(10.899999756366,-12.6000001877546,11.0000001639128));
#2671=CARTESIAN_POINT('',(10.899999756366,-12.6000001877546,9.12500008381903));
#2672=CARTESIAN_POINT('',(10.699999756366,-12.6000001877546,11.0000001639128));
#2673=CARTESIAN_POINT('',(10.699999756366,-12.6000001877546,9.12500008381903));
#2674=CARTESIAN_POINT('',(10.699999756366,-12.6000001877546,11.0000001639128));
#2675=CARTESIAN_POINT('Origin',(10.699999756366,-10.7000001594424,11.0000001639128));
#2676=CARTESIAN_POINT('',(10.899999756366,-11.1750001274049,11.0000001639128));
#2677=CARTESIAN_POINT('',(10.699999756366,-11.1750001274049,11.0000001639128));
#2678=CARTESIAN_POINT('Origin',(10.699999756366,-10.7000001594424,11.200000166893));
#2679=CARTESIAN_POINT('',(10.899999756366,-10.7000001594424,12.4000001847744));
#2680=CARTESIAN_POINT('',(10.899999756366,-10.7000001594424,11.200000166893));
#2681=CARTESIAN_POINT('',(10.899999756366,-10.7000001594424,9.22500008530915));
#2682=CARTESIAN_POINT('',(10.699999756366,-10.7000001594424,12.4000001847744));
#2683=CARTESIAN_POINT('',(10.699999756366,-10.7000001594424,12.4000001847744));
#2684=CARTESIAN_POINT('',(10.699999756366,-10.7000001594424,11.200000166893));
#2685=CARTESIAN_POINT('',(10.699999756366,-10.7000001594424,9.22500008530915));
#2686=CARTESIAN_POINT('',(10.699999756366,-10.7000001594424,11.200000166893));
#2687=CARTESIAN_POINT('Origin',(10.699999756366,-12.6000001877546,11.200000166893));
#2688=CARTESIAN_POINT('',(10.899999756366,-12.6000001877546,11.200000166893));
#2689=CARTESIAN_POINT('',(10.899999756366,-12.125000141561,11.200000166893));
#2690=CARTESIAN_POINT('',(10.699999756366,-12.6000001877546,11.200000166893));
#2691=CARTESIAN_POINT('',(10.699999756366,-12.125000141561,11.200000166893));
#2692=CARTESIAN_POINT('',(10.699999756366,-12.6000001877546,11.200000166893));
#2693=CARTESIAN_POINT('Origin',(10.699999756366,-12.6000001877546,12.4000001847744));
#2694=CARTESIAN_POINT('',(10.899999756366,-12.6000001877546,12.4000001847744));
#2695=CARTESIAN_POINT('',(10.899999756366,-12.6000001877546,9.82500009424984));
#2696=CARTESIAN_POINT('',(10.699999756366,-12.6000001877546,12.4000001847744));
#2697=CARTESIAN_POINT('',(10.699999756366,-12.6000001877546,9.82500009424984));
#2698=CARTESIAN_POINT('',(10.699999756366,-12.6000001877546,12.4000001847744));
#2699=CARTESIAN_POINT('Origin',(10.699999756366,-10.7000001594424,12.4000001847744));
#2700=CARTESIAN_POINT('',(10.899999756366,-11.1750001274049,12.4000001847744));
#2701=CARTESIAN_POINT('',(10.699999756366,-11.1750001274049,12.4000001847744));
#2702=CARTESIAN_POINT('Origin',(10.699999756366,-10.7000001594424,5.6000000834465));
#2703=CARTESIAN_POINT('',(10.899999756366,-10.7000001594424,6.8000001013279));
#2704=CARTESIAN_POINT('',(10.899999756366,-10.7000001594424,5.6000000834465));
#2705=CARTESIAN_POINT('',(10.899999756366,-10.7000001594424,6.4250000435859));
#2706=CARTESIAN_POINT('',(10.699999756366,-10.7000001594424,6.8000001013279));
#2707=CARTESIAN_POINT('',(10.699999756366,-10.7000001594424,6.8000001013279));
#2708=CARTESIAN_POINT('',(10.699999756366,-10.7000001594424,5.6000000834465));
#2709=CARTESIAN_POINT('',(10.699999756366,-10.7000001594424,6.4250000435859));
#2710=CARTESIAN_POINT('',(10.699999756366,-10.7000001594424,5.6000000834465));
#2711=CARTESIAN_POINT('Origin',(10.699999756366,-12.6000001877546,5.6000000834465));
#2712=CARTESIAN_POINT('',(10.899999756366,-12.6000001877546,5.6000000834465));
#2713=CARTESIAN_POINT('',(10.899999756366,-12.125000141561,5.6000000834465));
#2714=CARTESIAN_POINT('',(10.699999756366,-12.6000001877546,5.6000000834465));
#2715=CARTESIAN_POINT('',(10.699999756366,-12.125000141561,5.6000000834465));
#2716=CARTESIAN_POINT('',(10.699999756366,-12.6000001877546,5.6000000834465));
#2717=CARTESIAN_POINT('Origin',(10.699999756366,-12.6000001877546,6.8000001013279));
#2718=CARTESIAN_POINT('',(10.899999756366,-12.6000001877546,6.8000001013279));
#2719=CARTESIAN_POINT('',(10.899999756366,-12.6000001877546,7.02500005252659));
#2720=CARTESIAN_POINT('',(10.699999756366,-12.6000001877546,6.8000001013279));
#2721=CARTESIAN_POINT('',(10.699999756366,-12.6000001877546,7.02500005252659));
#2722=CARTESIAN_POINT('',(10.699999756366,-12.6000001877546,6.8000001013279));
#2723=CARTESIAN_POINT('Origin',(10.699999756366,-10.7000001594424,6.8000001013279));
#2724=CARTESIAN_POINT('',(10.899999756366,-11.1750001274049,6.8000001013279));
#2725=CARTESIAN_POINT('',(10.699999756366,-11.1750001274049,6.8000001013279));
#2726=CARTESIAN_POINT('Origin',(10.699999756366,-10.7000001594424,0.500000007450581));
#2727=CARTESIAN_POINT('',(10.899999756366,-10.7000001594424,1.20000001788139));
#2728=CARTESIAN_POINT('',(10.899999756366,-10.7000001594424,0.500000007450581));
#2729=CARTESIAN_POINT('',(10.899999756366,-10.7000001594424,3.87500000558794));
#2730=CARTESIAN_POINT('',(10.699999756366,-10.7000001594424,1.20000001788139));
#2731=CARTESIAN_POINT('',(10.699999756366,-10.7000001594424,1.20000001788139));
#2732=CARTESIAN_POINT('',(10.699999756366,-10.7000001594424,0.500000007450581));
#2733=CARTESIAN_POINT('',(10.699999756366,-10.7000001594424,3.87500000558794));
#2734=CARTESIAN_POINT('',(10.799999756366,-10.7000001594424,0.500000007450581));
#2735=CARTESIAN_POINT('Origin',(10.699999756366,-12.6000001877546,1.20000001788139));
#2736=CARTESIAN_POINT('',(10.899999756366,-12.6000001877546,0.500000007450581));
#2737=CARTESIAN_POINT('',(10.899999756366,-12.6000001877546,1.20000001788139));
#2738=CARTESIAN_POINT('',(10.899999756366,-12.6000001877546,4.22500001080334));
#2739=CARTESIAN_POINT('',(10.699999756366,-12.6000001877546,0.500000007450581));
#2740=CARTESIAN_POINT('',(10.799999756366,-12.6000001877546,0.500000007450581));
#2741=CARTESIAN_POINT('',(10.699999756366,-12.6000001877546,1.20000001788139));
#2742=CARTESIAN_POINT('',(10.699999756366,-12.6000001877546,4.22500001080334));
#2743=CARTESIAN_POINT('',(10.699999756366,-12.6000001877546,1.20000001788139));
#2744=CARTESIAN_POINT('Origin',(10.699999756366,-10.7000001594424,1.20000001788139));
#2745=CARTESIAN_POINT('',(10.899999756366,-11.1750001274049,1.20000001788139));
#2746=CARTESIAN_POINT('',(10.699999756366,-11.1750001274049,1.20000001788139));
#2747=CARTESIAN_POINT('Origin',(10.899999756366,-10.5,0.500000007450581));
#2748=CARTESIAN_POINT('',(10.699999756366,-10.5,0.500000007450581));
#2749=CARTESIAN_POINT('',(10.699999756366,-10.5,0.500000007450581));
#2750=CARTESIAN_POINT('',(10.899999756366,-10.5,0.500000007450581));
#2751=CARTESIAN_POINT('',(10.899999756366,-10.5,0.500000007450581));
#2752=CARTESIAN_POINT('',(10.899999756366,-10.5,0.500000007450581));
#2753=CARTESIAN_POINT('Origin',(10.899999756366,-10.5,0.500000007450581));
#2754=CARTESIAN_POINT('',(10.899999756366,-12.8000001907349,0.500000007450581));
#2755=CARTESIAN_POINT('',(10.899999756366,-10.5,0.500000007450581));
#2756=CARTESIAN_POINT('',(10.699999756366,-12.8000001907349,0.500000007450581));
#2757=CARTESIAN_POINT('',(10.899999756366,-12.8000001907349,0.500000007450581));
#2758=CARTESIAN_POINT('',(10.699999756366,-10.5,0.500000007450581));
#2759=CARTESIAN_POINT('Origin',(10.899999756366,-11.6500000953674,7.25000000372529));
#2760=CARTESIAN_POINT('',(10.899999756366,-10.5,14.));
#2761=CARTESIAN_POINT('',(10.899999756366,-10.5,14.));
#2762=CARTESIAN_POINT('',(10.899999756366,-12.8000001907349,14.));
#2763=CARTESIAN_POINT('',(10.899999756366,-10.5,14.));
#2764=CARTESIAN_POINT('',(10.899999756366,-12.8000001907349,0.500000007450581));
#2765=CARTESIAN_POINT('Origin',(10.899999756366,-10.5,14.));
#2766=CARTESIAN_POINT('',(10.699999756366,-10.5,14.));
#2767=CARTESIAN_POINT('',(10.699999756366,-10.5,14.));
#2768=CARTESIAN_POINT('',(10.899999756366,-10.5,14.));
#2769=CARTESIAN_POINT('Origin',(10.899999756366,-12.8000001907349,14.));
#2770=CARTESIAN_POINT('',(10.699999756366,-12.8000001907349,14.));
#2771=CARTESIAN_POINT('',(10.699999756366,-10.5,14.));
#2772=CARTESIAN_POINT('',(10.899999756366,-12.8000001907349,14.));
#2773=CARTESIAN_POINT('Origin',(10.899999756366,-12.8000001907349,0.500000007450581));
#2774=CARTESIAN_POINT('',(10.699999756366,-12.8000001907349,0.500000007450581));
#2775=CARTESIAN_POINT('Origin',(10.699999756366,-11.6500000953674,7.25000000372529));
#2776=CARTESIAN_POINT('Origin',(10.699999756366,-10.6500001594424,2.80000004172325));
#2777=CARTESIAN_POINT('',(10.849999756366,-10.6500001594424,4.05000005960464));
#2778=CARTESIAN_POINT('',(10.849999756366,-10.6500001594424,2.75000004172325));
#2779=CARTESIAN_POINT('',(10.849999756366,-10.6500001594424,5.02500002272427));
#2780=CARTESIAN_POINT('',(10.749999756366,-10.6500001594424,2.75000004172325));
#2781=CARTESIAN_POINT('',(10.699999756366,-10.6500001594424,2.75000004172325));
#2782=CARTESIAN_POINT('',(10.749999756366,-10.6500001594424,4.05000005960464));
#2783=CARTESIAN_POINT('',(10.749999756366,-10.6500001594424,5.02500002272427));
#2784=CARTESIAN_POINT('',(10.699999756366,-10.6500001594424,4.05000005960464));
#2785=CARTESIAN_POINT('Origin',(10.699999756366,-12.6000001877546,2.75000004172325));
#2786=CARTESIAN_POINT('',(10.849999756366,-12.6500001877546,2.75000004172325));
#2787=CARTESIAN_POINT('',(10.849999756366,-12.125000141561,2.75000004172325));
#2788=CARTESIAN_POINT('',(10.749999756366,-12.6500001877546,2.75000004172325));
#2789=CARTESIAN_POINT('',(10.699999756366,-12.6500001877546,2.75000004172325));
#2790=CARTESIAN_POINT('',(10.749999756366,-12.125000141561,2.75000004172325));
#2791=CARTESIAN_POINT('Origin',(10.699999756366,-12.6500001877546,4.00000005960464));
#2792=CARTESIAN_POINT('',(10.849999756366,-12.6500001877546,4.05000005960464));
#2793=CARTESIAN_POINT('',(10.849999756366,-12.6500001877546,5.62500003166497));
#2794=CARTESIAN_POINT('',(10.749999756366,-12.6500001877546,4.05000005960464));
#2795=CARTESIAN_POINT('',(10.699999756366,-12.6500001877546,4.05000005960464));
#2796=CARTESIAN_POINT('',(10.749999756366,-12.6500001877546,5.62500003166497));
#2797=CARTESIAN_POINT('Origin',(10.699999756366,-10.7000001594424,4.05000005960464));
#2798=CARTESIAN_POINT('',(10.849999756366,-11.1750001274049,4.05000005960465));
#2799=CARTESIAN_POINT('',(10.749999756366,-11.1750001274049,4.05000005960465));
#2800=CARTESIAN_POINT('Origin',(10.699999756366,-10.6500001594424,8.40000012516975));
#2801=CARTESIAN_POINT('',(10.849999756366,-10.6500001594424,9.65000014305115));
#2802=CARTESIAN_POINT('',(10.849999756366,-10.6500001594424,8.35000012516975));
#2803=CARTESIAN_POINT('',(10.849999756366,-10.6500001594424,7.82500006444752));
#2804=CARTESIAN_POINT('',(10.749999756366,-10.6500001594424,8.35000012516975));
#2805=CARTESIAN_POINT('',(10.699999756366,-10.6500001594424,8.35000012516975));
#2806=CARTESIAN_POINT('',(10.749999756366,-10.6500001594424,9.65000014305115));
#2807=CARTESIAN_POINT('',(10.749999756366,-10.6500001594424,7.82500006444752));
#2808=CARTESIAN_POINT('',(10.699999756366,-10.6500001594424,9.65000014305115));
#2809=CARTESIAN_POINT('Origin',(10.699999756366,-12.6000001877546,8.35000012516975));
#2810=CARTESIAN_POINT('',(10.849999756366,-12.6500001877546,8.35000012516975));
#2811=CARTESIAN_POINT('',(10.849999756366,-12.125000141561,8.35000012516975));
#2812=CARTESIAN_POINT('',(10.749999756366,-12.6500001877546,8.35000012516975));
#2813=CARTESIAN_POINT('',(10.699999756366,-12.6500001877546,8.35000012516975));
#2814=CARTESIAN_POINT('',(10.749999756366,-12.125000141561,8.35000012516975));
#2815=CARTESIAN_POINT('Origin',(10.699999756366,-12.6500001877546,9.60000014305115));
#2816=CARTESIAN_POINT('',(10.849999756366,-12.6500001877546,9.65000014305115));
#2817=CARTESIAN_POINT('',(10.849999756366,-12.6500001877546,8.42500007338822));
#2818=CARTESIAN_POINT('',(10.749999756366,-12.6500001877546,9.65000014305115));
#2819=CARTESIAN_POINT('',(10.699999756366,-12.6500001877546,9.65000014305115));
#2820=CARTESIAN_POINT('',(10.749999756366,-12.6500001877546,8.42500007338822));
#2821=CARTESIAN_POINT('Origin',(10.699999756366,-10.7000001594424,9.65000014305115));
#2822=CARTESIAN_POINT('',(10.849999756366,-11.1750001274049,9.65000014305115));
#2823=CARTESIAN_POINT('',(10.749999756366,-11.1750001274049,9.65000014305115));
#2824=CARTESIAN_POINT('Origin',(10.699999756366,-10.6500001594424,12.6000001877546));
#2825=CARTESIAN_POINT('',(10.849999756366,-10.6500001594424,13.850000205636));
#2826=CARTESIAN_POINT('',(10.849999756366,-10.6500001594424,12.5500001877546));
#2827=CARTESIAN_POINT('',(10.849999756366,-10.6500001594424,9.92500009573996));
#2828=CARTESIAN_POINT('',(10.749999756366,-10.6500001594424,12.5500001877546));
#2829=CARTESIAN_POINT('',(10.699999756366,-10.6500001594424,12.5500001877546));
#2830=CARTESIAN_POINT('',(10.749999756366,-10.6500001594424,13.850000205636));
#2831=CARTESIAN_POINT('',(10.749999756366,-10.6500001594424,9.92500009573996));
#2832=CARTESIAN_POINT('',(10.699999756366,-10.6500001594424,13.850000205636));
#2833=CARTESIAN_POINT('Origin',(10.699999756366,-12.6000001877546,12.5500001877546));
#2834=CARTESIAN_POINT('',(10.849999756366,-12.6500001877546,12.5500001877546));
#2835=CARTESIAN_POINT('',(10.849999756366,-12.125000141561,12.5500001877546));
#2836=CARTESIAN_POINT('',(10.749999756366,-12.6500001877546,12.5500001877546));
#2837=CARTESIAN_POINT('',(10.699999756366,-12.6500001877546,12.5500001877546));
#2838=CARTESIAN_POINT('',(10.749999756366,-12.125000141561,12.5500001877546));
#2839=CARTESIAN_POINT('Origin',(10.699999756366,-12.6500001877546,13.800000205636));
#2840=CARTESIAN_POINT('',(10.849999756366,-12.6500001877546,13.850000205636));
#2841=CARTESIAN_POINT('',(10.849999756366,-12.6500001877546,10.5250001046807));
#2842=CARTESIAN_POINT('',(10.749999756366,-12.6500001877546,13.850000205636));
#2843=CARTESIAN_POINT('',(10.699999756366,-12.6500001877546,13.850000205636));
#2844=CARTESIAN_POINT('',(10.749999756366,-12.6500001877546,10.5250001046807));
#2845=CARTESIAN_POINT('Origin',(10.699999756366,-10.7000001594424,13.850000205636));
#2846=CARTESIAN_POINT('',(10.849999756366,-11.1750001274049,13.850000205636));
#2847=CARTESIAN_POINT('',(10.749999756366,-11.1750001274049,13.850000205636));
#2848=CARTESIAN_POINT('Origin',(10.699999756366,-10.6500001594424,7.00000010430813));
#2849=CARTESIAN_POINT('',(10.849999756366,-10.6500001594424,8.25000012218952));
#2850=CARTESIAN_POINT('',(10.849999756366,-10.6500001594424,6.95000010430813));
#2851=CARTESIAN_POINT('',(10.849999756366,-10.6500001594424,7.12500005401671));
#2852=CARTESIAN_POINT('',(10.749999756366,-10.6500001594424,6.95000010430813));
#2853=CARTESIAN_POINT('',(10.699999756366,-10.6500001594424,6.95000010430813));
#2854=CARTESIAN_POINT('',(10.749999756366,-10.6500001594424,8.25000012218952));
#2855=CARTESIAN_POINT('',(10.749999756366,-10.6500001594424,7.12500005401671));
#2856=CARTESIAN_POINT('',(10.699999756366,-10.6500001594424,8.25000012218952));
#2857=CARTESIAN_POINT('Origin',(10.699999756366,-12.6000001877546,6.95000010430813));
#2858=CARTESIAN_POINT('',(10.849999756366,-12.6500001877546,6.95000010430813));
#2859=CARTESIAN_POINT('',(10.849999756366,-12.125000141561,6.95000010430813));
#2860=CARTESIAN_POINT('',(10.749999756366,-12.6500001877546,6.95000010430813));
#2861=CARTESIAN_POINT('',(10.699999756366,-12.6500001877546,6.95000010430813));
#2862=CARTESIAN_POINT('',(10.749999756366,-12.125000141561,6.95000010430813));
#2863=CARTESIAN_POINT('Origin',(10.699999756366,-12.6500001877546,8.20000012218952));
#2864=CARTESIAN_POINT('',(10.849999756366,-12.6500001877546,8.25000012218952));
#2865=CARTESIAN_POINT('',(10.849999756366,-12.6500001877546,7.72500006295741));
#2866=CARTESIAN_POINT('',(10.749999756366,-12.6500001877546,8.25000012218952));
#2867=CARTESIAN_POINT('',(10.699999756366,-12.6500001877546,8.25000012218952));
#2868=CARTESIAN_POINT('',(10.749999756366,-12.6500001877546,7.72500006295741));
#2869=CARTESIAN_POINT('Origin',(10.699999756366,-10.7000001594424,8.25000012218952));
#2870=CARTESIAN_POINT('',(10.849999756366,-11.1750001274049,8.25000012218952));
#2871=CARTESIAN_POINT('',(10.749999756366,-11.1750001274049,8.25000012218952));
#2872=CARTESIAN_POINT('Origin',(10.699999756366,-10.6500001594424,1.40000002086163));
#2873=CARTESIAN_POINT('',(10.849999756366,-10.6500001594424,2.65000003874302));
#2874=CARTESIAN_POINT('',(10.849999756366,-10.6500001594424,1.35000002086163));
#2875=CARTESIAN_POINT('',(10.849999756366,-10.6500001594424,4.32500001229346));
#2876=CARTESIAN_POINT('',(10.749999756366,-10.6500001594424,1.35000002086163));
#2877=CARTESIAN_POINT('',(10.699999756366,-10.6500001594424,1.35000002086163));
#2878=CARTESIAN_POINT('',(10.749999756366,-10.6500001594424,2.65000003874302));
#2879=CARTESIAN_POINT('',(10.749999756366,-10.6500001594424,4.32500001229346));
#2880=CARTESIAN_POINT('',(10.699999756366,-10.6500001594424,2.65000003874302));
#2881=CARTESIAN_POINT('Origin',(10.699999756366,-12.6000001877546,1.35000002086163));
#2882=CARTESIAN_POINT('',(10.849999756366,-12.6500001877546,1.35000002086163));
#2883=CARTESIAN_POINT('',(10.849999756366,-12.125000141561,1.35000002086163));
#2884=CARTESIAN_POINT('',(10.749999756366,-12.6500001877546,1.35000002086163));
#2885=CARTESIAN_POINT('',(10.699999756366,-12.6500001877546,1.35000002086163));
#2886=CARTESIAN_POINT('',(10.749999756366,-12.125000141561,1.35000002086163));
#2887=CARTESIAN_POINT('Origin',(10.699999756366,-12.6500001877546,2.60000003874302));
#2888=CARTESIAN_POINT('',(10.849999756366,-12.6500001877546,2.65000003874302));
#2889=CARTESIAN_POINT('',(10.849999756366,-12.6500001877546,4.92500002123415));
#2890=CARTESIAN_POINT('',(10.749999756366,-12.6500001877546,2.65000003874302));
#2891=CARTESIAN_POINT('',(10.699999756366,-12.6500001877546,2.65000003874302));
#2892=CARTESIAN_POINT('',(10.749999756366,-12.6500001877546,4.92500002123415));
#2893=CARTESIAN_POINT('Origin',(10.699999756366,-10.7000001594424,2.65000003874302));
#2894=CARTESIAN_POINT('',(10.849999756366,-11.1750001274049,2.65000003874302));
#2895=CARTESIAN_POINT('',(10.749999756366,-11.1750001274049,2.65000003874302));
#2896=CARTESIAN_POINT('Origin',(10.699999756366,-10.6500001594424,4.20000006258488));
#2897=CARTESIAN_POINT('',(10.849999756366,-10.6500001594424,5.45000008046627));
#2898=CARTESIAN_POINT('',(10.849999756366,-10.6500001594424,4.15000006258488));
#2899=CARTESIAN_POINT('',(10.849999756366,-10.6500001594424,5.72500003315508));
#2900=CARTESIAN_POINT('',(10.749999756366,-10.6500001594424,4.15000006258488));
#2901=CARTESIAN_POINT('',(10.699999756366,-10.6500001594424,4.15000006258488));
#2902=CARTESIAN_POINT('',(10.749999756366,-10.6500001594424,5.45000008046627));
#2903=CARTESIAN_POINT('',(10.749999756366,-10.6500001594424,5.72500003315508));
#2904=CARTESIAN_POINT('',(10.699999756366,-10.6500001594424,5.45000008046627));
#2905=CARTESIAN_POINT('Origin',(10.699999756366,-12.6000001877546,4.15000006258488));
#2906=CARTESIAN_POINT('',(10.849999756366,-12.6500001877546,4.15000006258488));
#2907=CARTESIAN_POINT('',(10.849999756366,-12.125000141561,4.15000006258488));
#2908=CARTESIAN_POINT('',(10.749999756366,-12.6500001877546,4.15000006258488));
#2909=CARTESIAN_POINT('',(10.699999756366,-12.6500001877546,4.15000006258488));
#2910=CARTESIAN_POINT('',(10.749999756366,-12.125000141561,4.15000006258488));
#2911=CARTESIAN_POINT('Origin',(10.699999756366,-12.6500001877546,5.40000008046627));
#2912=CARTESIAN_POINT('',(10.849999756366,-12.6500001877546,5.45000008046627));
#2913=CARTESIAN_POINT('',(10.849999756366,-12.6500001877546,6.32500004209578));
#2914=CARTESIAN_POINT('',(10.749999756366,-12.6500001877546,5.45000008046627));
#2915=CARTESIAN_POINT('',(10.699999756366,-12.6500001877546,5.45000008046627));
#2916=CARTESIAN_POINT('',(10.749999756366,-12.6500001877546,6.32500004209578));
#2917=CARTESIAN_POINT('Origin',(10.699999756366,-10.7000001594424,5.45000008046627));
#2918=CARTESIAN_POINT('',(10.849999756366,-11.1750001274049,5.45000008046627));
#2919=CARTESIAN_POINT('',(10.749999756366,-11.1750001274049,5.45000008046627));
#2920=CARTESIAN_POINT('Origin',(10.699999756366,-10.6500001594424,9.80000014603138));
#2921=CARTESIAN_POINT('',(10.849999756366,-10.6500001594424,11.0500001639128));
#2922=CARTESIAN_POINT('',(10.849999756366,-10.6500001594424,9.75000014603138));
#2923=CARTESIAN_POINT('',(10.849999756366,-10.6500001594424,8.52500007487833));
#2924=CARTESIAN_POINT('',(10.749999756366,-10.6500001594424,9.75000014603138));
#2925=CARTESIAN_POINT('',(10.699999756366,-10.6500001594424,9.75000014603138));
#2926=CARTESIAN_POINT('',(10.749999756366,-10.6500001594424,11.0500001639128));
#2927=CARTESIAN_POINT('',(10.749999756366,-10.6500001594424,8.52500007487833));
#2928=CARTESIAN_POINT('',(10.699999756366,-10.6500001594424,11.0500001639128));
#2929=CARTESIAN_POINT('Origin',(10.699999756366,-12.6000001877546,9.75000014603138));
#2930=CARTESIAN_POINT('',(10.849999756366,-12.6500001877546,9.75000014603138));
#2931=CARTESIAN_POINT('',(10.849999756366,-12.125000141561,9.75000014603138));
#2932=CARTESIAN_POINT('',(10.749999756366,-12.6500001877546,9.75000014603138));
#2933=CARTESIAN_POINT('',(10.699999756366,-12.6500001877546,9.75000014603138));
#2934=CARTESIAN_POINT('',(10.749999756366,-12.125000141561,9.75000014603138));
#2935=CARTESIAN_POINT('Origin',(10.699999756366,-12.6500001877546,11.0000001639128));
#2936=CARTESIAN_POINT('',(10.849999756366,-12.6500001877546,11.0500001639128));
#2937=CARTESIAN_POINT('',(10.849999756366,-12.6500001877546,9.12500008381903));
#2938=CARTESIAN_POINT('',(10.749999756366,-12.6500001877546,11.0500001639128));
#2939=CARTESIAN_POINT('',(10.699999756366,-12.6500001877546,11.0500001639128));
#2940=CARTESIAN_POINT('',(10.749999756366,-12.6500001877546,9.12500008381903));
#2941=CARTESIAN_POINT('Origin',(10.699999756366,-10.7000001594424,11.0500001639128));
#2942=CARTESIAN_POINT('',(10.849999756366,-11.1750001274049,11.0500001639128));
#2943=CARTESIAN_POINT('',(10.749999756366,-11.1750001274049,11.0500001639128));
#2944=CARTESIAN_POINT('Origin',(10.699999756366,-10.6500001594424,11.200000166893));
#2945=CARTESIAN_POINT('',(10.849999756366,-10.6500001594424,12.4500001847744));
#2946=CARTESIAN_POINT('',(10.849999756366,-10.6500001594424,11.150000166893));
#2947=CARTESIAN_POINT('',(10.849999756366,-10.6500001594424,9.22500008530915));
#2948=CARTESIAN_POINT('',(10.749999756366,-10.6500001594424,11.150000166893));
#2949=CARTESIAN_POINT('',(10.699999756366,-10.6500001594424,11.150000166893));
#2950=CARTESIAN_POINT('',(10.749999756366,-10.6500001594424,12.4500001847744));
#2951=CARTESIAN_POINT('',(10.749999756366,-10.6500001594424,9.22500008530915));
#2952=CARTESIAN_POINT('',(10.699999756366,-10.6500001594424,12.4500001847744));
#2953=CARTESIAN_POINT('Origin',(10.699999756366,-12.6000001877546,11.150000166893));
#2954=CARTESIAN_POINT('',(10.849999756366,-12.6500001877546,11.150000166893));
#2955=CARTESIAN_POINT('',(10.849999756366,-12.125000141561,11.150000166893));
#2956=CARTESIAN_POINT('',(10.749999756366,-12.6500001877546,11.150000166893));
#2957=CARTESIAN_POINT('',(10.699999756366,-12.6500001877546,11.150000166893));
#2958=CARTESIAN_POINT('',(10.749999756366,-12.125000141561,11.150000166893));
#2959=CARTESIAN_POINT('Origin',(10.699999756366,-12.6500001877546,12.4000001847744));
#2960=CARTESIAN_POINT('',(10.849999756366,-12.6500001877546,12.4500001847744));
#2961=CARTESIAN_POINT('',(10.849999756366,-12.6500001877546,9.82500009424984));
#2962=CARTESIAN_POINT('',(10.749999756366,-12.6500001877546,12.4500001847744));
#2963=CARTESIAN_POINT('',(10.699999756366,-12.6500001877546,12.4500001847744));
#2964=CARTESIAN_POINT('',(10.749999756366,-12.6500001877546,9.82500009424984));
#2965=CARTESIAN_POINT('Origin',(10.699999756366,-10.7000001594424,12.4500001847744));
#2966=CARTESIAN_POINT('',(10.849999756366,-11.1750001274049,12.4500001847744));
#2967=CARTESIAN_POINT('',(10.749999756366,-11.1750001274049,12.4500001847744));
#2968=CARTESIAN_POINT('Origin',(10.699999756366,-10.6500001594424,5.6000000834465));
#2969=CARTESIAN_POINT('',(10.849999756366,-10.6500001594424,6.8500001013279));
#2970=CARTESIAN_POINT('',(10.849999756366,-10.6500001594424,5.5500000834465));
#2971=CARTESIAN_POINT('',(10.849999756366,-10.6500001594424,6.4250000435859));
#2972=CARTESIAN_POINT('',(10.749999756366,-10.6500001594424,5.5500000834465));
#2973=CARTESIAN_POINT('',(10.699999756366,-10.6500001594424,5.5500000834465));
#2974=CARTESIAN_POINT('',(10.749999756366,-10.6500001594424,6.8500001013279));
#2975=CARTESIAN_POINT('',(10.749999756366,-10.6500001594424,6.4250000435859));
#2976=CARTESIAN_POINT('',(10.699999756366,-10.6500001594424,6.8500001013279));
#2977=CARTESIAN_POINT('Origin',(10.699999756366,-12.6000001877546,5.5500000834465));
#2978=CARTESIAN_POINT('',(10.849999756366,-12.6500001877546,5.5500000834465));
#2979=CARTESIAN_POINT('',(10.849999756366,-12.125000141561,5.5500000834465));
#2980=CARTESIAN_POINT('',(10.749999756366,-12.6500001877546,5.5500000834465));
#2981=CARTESIAN_POINT('',(10.699999756366,-12.6500001877546,5.5500000834465));
#2982=CARTESIAN_POINT('',(10.749999756366,-12.125000141561,5.5500000834465));
#2983=CARTESIAN_POINT('Origin',(10.699999756366,-12.6500001877546,6.8000001013279));
#2984=CARTESIAN_POINT('',(10.849999756366,-12.6500001877546,6.8500001013279));
#2985=CARTESIAN_POINT('',(10.849999756366,-12.6500001877546,7.02500005252659));
#2986=CARTESIAN_POINT('',(10.749999756366,-12.6500001877546,6.8500001013279));
#2987=CARTESIAN_POINT('',(10.699999756366,-12.6500001877546,6.8500001013279));
#2988=CARTESIAN_POINT('',(10.749999756366,-12.6500001877546,7.02500005252659));
#2989=CARTESIAN_POINT('Origin',(10.699999756366,-10.7000001594424,6.8500001013279));
#2990=CARTESIAN_POINT('',(10.849999756366,-11.1750001274049,6.8500001013279));
#2991=CARTESIAN_POINT('',(10.749999756366,-11.1750001274049,6.8500001013279));
#2992=CARTESIAN_POINT('Origin',(10.699999756366,-10.6500001594424,0.500000007450581));
#2993=CARTESIAN_POINT('',(10.849999756366,-10.6500001594424,1.25000001788139));
#2994=CARTESIAN_POINT('',(10.849999756366,-10.6500001594424,0.550000007450581));
#2995=CARTESIAN_POINT('',(10.849999756366,-10.6500001594424,3.87500000558794));
#2996=CARTESIAN_POINT('',(10.749999756366,-10.6500001594424,0.550000007450581));
#2997=CARTESIAN_POINT('',(10.799999756366,-10.6500001594424,0.550000007450581));
#2998=CARTESIAN_POINT('',(10.749999756366,-10.6500001594424,1.25000001788139));
#2999=CARTESIAN_POINT('',(10.749999756366,-10.6500001594424,3.87500000558794));
#3000=CARTESIAN_POINT('',(10.699999756366,-10.6500001594424,1.25000001788139));
#3001=CARTESIAN_POINT('Origin',(10.699999756366,-12.6500001877546,1.20000001788139));
#3002=CARTESIAN_POINT('',(10.849999756366,-12.6500001877546,0.550000007450581));
#3003=CARTESIAN_POINT('',(10.849999756366,-12.6500001877546,1.25000001788139));
#3004=CARTESIAN_POINT('',(10.849999756366,-12.6500001877546,4.22500001080334));
#3005=CARTESIAN_POINT('',(10.749999756366,-12.6500001877546,1.25000001788139));
#3006=CARTESIAN_POINT('',(10.699999756366,-12.6500001877546,1.25000001788139));
#3007=CARTESIAN_POINT('',(10.749999756366,-12.6500001877546,0.550000007450581));
#3008=CARTESIAN_POINT('',(10.749999756366,-12.6500001877546,4.22500001080334));
#3009=CARTESIAN_POINT('',(10.799999756366,-12.6500001877546,0.550000007450581));
#3010=CARTESIAN_POINT('Origin',(10.699999756366,-10.7000001594424,1.25000001788139));
#3011=CARTESIAN_POINT('',(10.849999756366,-11.1750001274049,1.25000001788139));
#3012=CARTESIAN_POINT('',(10.749999756366,-11.1750001274049,1.25000001788139));
#3013=CARTESIAN_POINT('Origin',(10.899999756366,-10.5,0.550000007450581));
#3014=CARTESIAN_POINT('',(10.849999756366,-10.55,0.550000007450581));
#3015=CARTESIAN_POINT('',(10.849999756366,-11.0750000476837,0.55000000745058));
#3016=CARTESIAN_POINT('',(10.749999756366,-10.55,0.550000007450581));
#3017=CARTESIAN_POINT('',(10.899999756366,-10.55,0.550000007450581));
#3018=CARTESIAN_POINT('',(10.749999756366,-11.0750000476837,0.55000000745058));
#3019=CARTESIAN_POINT('Origin',(10.899999756366,-10.5,0.550000007450581));
#3020=CARTESIAN_POINT('',(10.749999756366,-12.7500001907349,0.550000007450581));
#3021=CARTESIAN_POINT('',(10.749999756366,-11.0750000476837,0.55000000745058));
#3022=CARTESIAN_POINT('',(10.849999756366,-12.7500001907349,0.550000007450581));
#3023=CARTESIAN_POINT('',(10.899999756366,-12.7500001907349,0.550000007450581));
#3024=CARTESIAN_POINT('',(10.849999756366,-11.0750000476837,0.55000000745058));
#3025=CARTESIAN_POINT('Origin',(10.849999756366,-11.6500000953674,7.25000000372529));
#3026=CARTESIAN_POINT('',(10.849999756366,-12.7500001907349,13.95));
#3027=CARTESIAN_POINT('',(10.849999756366,-12.7500001907349,3.87500000558794));
#3028=CARTESIAN_POINT('',(10.849999756366,-10.55,13.95));
#3029=CARTESIAN_POINT('',(10.849999756366,-12.2250001430511,13.95));
#3030=CARTESIAN_POINT('',(10.849999756366,-10.55,10.6250000018626));
#3031=CARTESIAN_POINT('Origin',(10.899999756366,-10.55,14.));
#3032=CARTESIAN_POINT('',(10.749999756366,-10.55,13.95));
#3033=CARTESIAN_POINT('',(10.899999756366,-10.55,13.95));
#3034=CARTESIAN_POINT('',(10.749999756366,-10.55,10.6250000018626));
#3035=CARTESIAN_POINT('Origin',(10.899999756366,-12.8000001907349,13.95));
#3036=CARTESIAN_POINT('',(10.749999756366,-12.7500001907349,13.95));
#3037=CARTESIAN_POINT('',(10.899999756366,-12.7500001907349,13.95));
#3038=CARTESIAN_POINT('',(10.749999756366,-12.2250001430511,13.95));
#3039=CARTESIAN_POINT('Origin',(10.899999756366,-12.7500001907349,0.500000007450581));
#3040=CARTESIAN_POINT('',(10.749999756366,-12.7500001907349,3.87500000558794));
#3041=CARTESIAN_POINT('Origin',(10.749999756366,-11.6500000953674,7.25000000372529));
#3042=UNCERTAINTY_MEASURE_WITH_UNIT(LENGTH_MEASURE(0.001),#3046,
'DISTANCE_ACCURACY_VALUE',
'Maximum model space distance between geometric entities at asserted c
onnectivities');
#3043=UNCERTAINTY_MEASURE_WITH_UNIT(LENGTH_MEASURE(0.001),#3046,
'DISTANCE_ACCURACY_VALUE',
'Maximum model space distance between geometric entities at asserted c
onnectivities');
#3044=(
GEOMETRIC_REPRESENTATION_CONTEXT(3)
GLOBAL_UNCERTAINTY_ASSIGNED_CONTEXT((#3042))
GLOBAL_UNIT_ASSIGNED_CONTEXT((#3046,#3048,#3049))
REPRESENTATION_CONTEXT('','3D')
);
#3045=(
GEOMETRIC_REPRESENTATION_CONTEXT(3)
GLOBAL_UNCERTAINTY_ASSIGNED_CONTEXT((#3043))
GLOBAL_UNIT_ASSIGNED_CONTEXT((#3046,#3048,#3049))
REPRESENTATION_CONTEXT('','3D')
);
#3046=(
LENGTH_UNIT()
NAMED_UNIT(*)
SI_UNIT(.CENTI.,.METRE.)
);
#3047=(
LENGTH_UNIT()
NAMED_UNIT(*)
SI_UNIT($,.METRE.)
);
#3048=(
NAMED_UNIT(*)
PLANE_ANGLE_UNIT()
SI_UNIT($,.RADIAN.)
);
#3049=(
NAMED_UNIT(*)
SI_UNIT($,.STERADIAN.)
SOLID_ANGLE_UNIT()
);
#3050=SHAPE_DEFINITION_REPRESENTATION(#3051,#3052);
#3051=PRODUCT_DEFINITION_SHAPE('',$,#3054);
#3052=SHAPE_REPRESENTATION('',(#1966),#3044);
#3053=PRODUCT_DEFINITION_CONTEXT('part definition',#3058,'design');
#3054=PRODUCT_DEFINITION('2026-08-26-00-51-53-560','obroom',#3055,#3053);
#3055=PRODUCT_DEFINITION_FORMATION('',$,#3060);
#3056=PRODUCT_RELATED_PRODUCT_CATEGORY('obroom','obroom',(#3060));
#3057=APPLICATION_PROTOCOL_DEFINITION('international standard',
'automotive_design',2009,#3058);
#3058=APPLICATION_CONTEXT(
'Core Data for Automotive Mechanical Design Process');
#3059=PRODUCT_CONTEXT('part definition',#3058,'mechanical');
#3060=PRODUCT('2026-08-26-00-51-53-560','obroom',$,(#3059));
#3061=PRESENTATION_STYLE_ASSIGNMENT((#3068));
#3062=PRESENTATION_STYLE_ASSIGNMENT((#3069));
#3063=PRESENTATION_STYLE_ASSIGNMENT((#3070));
#3064=PRESENTATION_STYLE_ASSIGNMENT((#3071));
#3065=PRESENTATION_STYLE_ASSIGNMENT((#3072));
#3066=PRESENTATION_STYLE_ASSIGNMENT((#3073));
#3067=PRESENTATION_STYLE_ASSIGNMENT((#3074));
#3068=SURFACE_STYLE_USAGE(.BOTH.,#3075);
#3069=SURFACE_STYLE_USAGE(.BOTH.,#3076);
#3070=SURFACE_STYLE_USAGE(.BOTH.,#3077);
#3071=SURFACE_STYLE_USAGE(.BOTH.,#3078);
#3072=SURFACE_STYLE_USAGE(.BOTH.,#3079);
#3073=SURFACE_STYLE_USAGE(.BOTH.,#3080);
#3074=SURFACE_STYLE_USAGE(.BOTH.,#3081);
#3075=SURFACE_SIDE_STYLE('',(#3082));
#3076=SURFACE_SIDE_STYLE('',(#3083));
#3077=SURFACE_SIDE_STYLE('',(#3084));
#3078=SURFACE_SIDE_STYLE('',(#3085));
#3079=SURFACE_SIDE_STYLE('',(#3086));
#3080=SURFACE_SIDE_STYLE('',(#3087));
#3081=SURFACE_SIDE_STYLE('',(#3088));
#3082=SURFACE_STYLE_FILL_AREA(#3089);
#3083=SURFACE_STYLE_FILL_AREA(#3090);
#3084=SURFACE_STYLE_FILL_AREA(#3091);
#3085=SURFACE_STYLE_FILL_AREA(#3092);
#3086=SURFACE_STYLE_FILL_AREA(#3093);
#3087=SURFACE_STYLE_FILL_AREA(#3094);
#3088=SURFACE_STYLE_FILL_AREA(#3095);
#3089=FILL_AREA_STYLE('Steel - Satin',(#3096));
#3090=FILL_AREA_STYLE('PEEK',(#3097));
#3091=FILL_AREA_STYLE('Paek (Beige)',(#3098));
#3092=FILL_AREA_STYLE('Paint - Metallic (Yellow)',(#3099));
#3093=FILL_AREA_STYLE('Plastic - Translucent Glossy (Blue)',(#3100));
#3094=FILL_AREA_STYLE('Granite - Black and White',(#3101));
#3095=FILL_AREA_STYLE('Paint - Metallic (Silver)',(#3102));
#3096=FILL_AREA_STYLE_COLOUR('Steel - Satin',#3103);
#3097=FILL_AREA_STYLE_COLOUR('PEEK',#3104);
#3098=FILL_AREA_STYLE_COLOUR('Paek (Beige)',#3105);
#3099=FILL_AREA_STYLE_COLOUR('Paint - Metallic (Yellow)',#3106);
#3100=FILL_AREA_STYLE_COLOUR('Plastic - Translucent Glossy (Blue)',#3107);
#3101=FILL_AREA_STYLE_COLOUR('Granite - Black and White',#3108);
#3102=FILL_AREA_STYLE_COLOUR('Paint - Metallic (Silver)',#3109);
#3103=COLOUR_RGB('Steel - Satin',0.627450980392157,0.627450980392157,0.627450980392157);
#3104=COLOUR_RGB('PEEK',0.6,0.509803921568627,0.368627450980392);
#3105=COLOUR_RGB('Paek (Beige)',0.898039215686275,0.792156862745098,0.619607843137255);
#3106=COLOUR_RGB('Paint - Metallic (Yellow)',0.909803921568627,0.67843137254902,
0.137254901960784);
#3107=COLOUR_RGB('Plastic - Translucent Glossy (Blue)',0.188235294117647,
0.231372549019608,0.588235294117647);
#3108=COLOUR_RGB('Granite - Black and White',0.,0.,0.);
#3109=COLOUR_RGB('Paint - Metallic (Silver)',0.984313725490196,0.980392156862745,
0.96078431372549);
ENDSEC;
END-ISO-10303-21;
